address,type,x-text
0x1022cf40,string,Fonts/comics.fnt
0x1022cfec,string,Exception caught in onEvent. %s
0x1022d02c,string,rbx_thread
0x1022d038,string,Crashed via C++ exception in run_in_background:
0x1022d0f8,string,ftp
0x1022d0fc,string,gopher
0x1022d104,string,http
0x1022d10c,string,https
0x1022d114,string,file
0x1022d11c,string,news
0x1022d124,string,mailto
0x1022d12c,string,socks
0x1022d134,string,"%s, %s"
0x1022d13c,string,"%s, err=0x%X"
0x1022d1cc,string,no read access
0x1022d1dc,string,no random access
0x1022d1f0,string,putback buffer full
0x1022d204,string,no write access
0x1022d214,string,InternetReadFile failed
0x1022d22c,string,already open
0x1022d3e8,string,chain complete
0x1022d404,string,gzip error
0x1022d410,string,jscript:
0x1022d41c,string,javascript:
0x1022d428,string,roblox.com
0x1022d434,string,googlesyndication.com
0x1022d44c,string,res:
0x1022d454,string,about:blank
0x1022d460,string,Software/Roblox
0x1022d470,string,SkipTrustCheck
0x1022d480,string,Software/ROBLOX Corporation/Roblox
0x1022d568,string,HttpQueryInfo failed
0x1022d580,string,HttpSendRequest failed
0x1022d598,string,Roblox
0x1022d5a0,string,trust check failed for %s
0x1022d5f4,string,"Upload GZip error %d, ZLib error %d, '%s'"
0x1022d620,string,"ZLib error %d, '%s'"
0x1022d634,string,"GZip error %d, ZLib error %d, '%s'"
0x1022d658,string,statusCode = %d
0x1022d668,string,gzip
0x1022d670,string,HttpEndRequest failed
0x1022d688,string,Failed to upload content
0x1022d6a4,string,InternetWriteFile failed
0x1022d6c0,string,HttpSendRequestEx failed
0x1022d6dc,string,Roblox-Content-Hash: %s
0x1022d6f8,string,Roblox-Content-Last: %d
0x1022d714,string,Roblox-Content-First: %d
0x1022d730,string,Roblox-Content-Size: %d
0x1022d74c,string,Content-Encoding: gzip
0x1022d768,string,Accept-Encoding: gzip
0x1022d780,string,HttpAddRequestHeaders failed
0x1022d7a0,string,HttpOpenRequest failed for %s
0x1022d7c0,string,'%s' is missing a hostName
0x1022d7dc,string,empty url
0x1022d7e8,string,"httpGet failed, trying again"
0x1022d808,string,RBX
0x1022d80c,string,%d
0x1022d810,string,%s_%d
0x1022d820,string,%dGB
0x1022d828,string,%dMB
0x1022d830,string,%dKB
0x1022d838,string,%dB
0x1022d83c,string,%.3gms
0x1022d858,string,%.3gs
0x1022d860,string,0s
0x1022d864,string,%02u:%02u.%03u
0x1022d874,string,%02u.%02u.%u
0x1022d884,string,Log '
0x1022d88c,string,'
0x1022d898,string,End Log
0x1022d8a4,string,Error:
0x1022d8b0,string,Warning:
0x1022d8bc,string,
0x1022d8e8,string,SHGetKnownFolderPath
0x1022d900,string,Shell32.dll
0x1022d90c,string,Roblox/
0x1022d914,string,/Roblox/
0x1022d920,widechar,{F1B32785-6FBA-4FCF-9D55-7B8E7F157091}
0x1022d970,widechar,{A520A1A4-1780-4FF6-BD18-167343C5AF16}
0x1022d9c0,string,Roblox/Cache
0x1022d9d0,widechar,{352481E8-33BE-4251-BA85-6007CAEDCF9D
0x1022dae4,string,Object
0x1022daec,string,Instance
0x1022daf8,string,Objects
0x1022db00,string,bool
0x1022db08,string,Content
0x1022db10,string,Vector3
0x1022db18,string,Color3
0x1022db20,string,Table
0x1022db28,string,Unable to cast value to Objects
0x1022db48,string,Unable to cast value to ValueCollection
0x1022db70,string,BrickColor
0x1022db8c,string,Unable to cast %s to %s
0x1022dba4,string,Unable to cast value to std::string
0x1022dbc8,string,Unable to cast value to Object
0x1022dbe8,string,Left
0x1022dbf0,string,Right
0x1022dbf8,string,Front
0x1022dc00,string,Back
0x1022dc08,string,Bottom
0x1022dc10,string,Top
0x1022dc1c,string,NormalId
0x1022dc40,string,bad lexical cast: source type value could not be interpreted as target
0x1022de00,string,not-a-date-time
0x1022de10,string,-infinity
0x1022de1c,string,+infinity
0x1022de28,string,:
0x1022e054,string,Lighting
0x1022e06c,string,14:00:00
0x1022e160,string,LightingChanged
0x1022e170,string,skyboxChanged
0x1022e180,string,TopAmbientV9
0x1022e190,string,Appearance
0x1022e19c,string,BottomAmbientV9
0x1022e1ac,string,SpotLightV9
0x1022e1b8,string,ClearColor
0x1022e1c4,string,TimeOfDay
0x1022e1d0,string,Data
0x1022e1d8,string,GeographicLatitude
0x1022e1ec,string,GetMoonPhase
0x1022e1fc,string,GetMoonDirection
0x1022e210,string,GetSunDirection
0x1022e220,string,GetMinutesAfterMidnight
0x1022e238,string,SetMinutesAfterMidnight
0x1022e250,string,minutes
0x1022e268,string,<<<ROOT>>>
0x1022e29c,string,Ref
0x1022e2d4,string,can't set value
0x1022e52c,string,archivable
0x1022e538,string,Behavior
0x1022e544,string,FindFirstChild
0x1022e554,string,recursive
0x1022e560,string,Clone
0x1022e568,string,Remove
0x1022e570,string,children
0x1022e57c,string,GetChildren
0x1022e588,string,IsDescendentOf
0x1022e598,string,ancestor
0x1022e5a4,string,IsAncestorOf
0x1022e5b4,string,descendent
0x1022e5c0,string,className
0x1022e5cc,string,Parent
0x1022e5d4,string,ChildAdded
0x1022e5e0,string,child
0x1022e5e8,string,ChildRemoved
0x1022e5f8,string,DescendentAdded
0x1022e608,string,DescendentRemoving
0x1022e61c,string,AncestryChanged
0x1022e62c,string,Changed
0x1022e634,string,property
0x1022e674,string,Day of month value is out of range 1..31
0x1022e6ac,string,Year is out of valid range: 1400..10000
0x1022e6e0,string,Month number is out of range 1..12
0x1022e704,string,file://
0x1022e70c,string,rbxasset://
0x1022e718,string,https://
0x1022e724,string,http://
0x1022e740,string,Error during CryptCreateHash. GetLastError = %d
0x1022e770,string,Error during CryptAcquireContext. GetLastError = %d
0x1022e7bc,string,Error during CryptHashData. GetLastError = %d
0x1022e7ec,string,Day of month is not valid for year
0x1022e810,string,%02x
0x1022e818,string,Error during CryptGetHashParam. GetLastError = %d
0x1022e84c,string,The path '%s' does not exist
0x1022e86c,string,The path '%s' is a relative path
0x1022e890,string,setAssetFolder %s
0x1022e8a4,string,Content failed for %s because %s
0x1022e8c8,string,Unable to load %s
0x1022e8f4,string,rbx_content
0x1022e900,string,Failed to get asset folder
0x1022ecb0,string,Run Service
0x1022ecc0,string,rbx_runProc
0x1022eccc,string,Stepped
0x1022ecd4,string,step
0x1022ecdc,string,Heartbeat
0x1022ece8,string,interval
0x1022ecf4,string,Run
0x1022ecf8,string,Pause
0x1022ed00,string,Reset
0x1022ed20,string,'%s' is not a valid Service name
0x1022ed50,string,service
0x1022ed58,string,GetService
0x1022f1bc,string,PhysicalCharacter
0x1022f1d0,string,Model
0x1022f204,string,ModelInPrimary
0x1022f214,string,PrimaryPart
0x1022f220,string,BreakJoints
0x1022f22c,string,MakeJoints
0x1022f238,string,move
0x1022f240,string,location
0x1022f24c,string,MoveTo
0x1022f260,string,_ds.png
0x1022f268,string,_dn.png
0x1022f270,string,_ovr.png
0x1022f27c,string,.png
0x1022f284,string,Textures/
0x1022f51c,string,Selection
0x1022f528,string,Get
0x1022f52c,string,Set
0x1022f530,string,selection
0x1022f548,string,The current security context cannot perform the requested operation
0x1022f58c,string,The current security context cannot %s
0x1022f5b4,string,ThreadRef
0x1022f5c0,string,__index
0x1022f68c,string,invalid vector<T> subscript
0x1022f8d8,string,Signal
0x1022f8e0,string,delay function requires 2 arguments
0x1022f904,string,'tostring' must return a string to 'print'
0x1022f930,string,
0x1022f934,string,tostring
0x1022f968,string,__unm
0x1022f970,string,__div
0x1022f978,string,__mul
0x1022f980,string,__sub
0x1022f988,string,__add
0x1022f990,string,__tostring
0x1022f99c,string,__eq
0x1022f9a4,string,__gc
0x1022f9ac,string,__newindex
0x1022f9b8,string,inverse
0x1022f9c0,string,Unprotected error in call to Lua API (%s)
0x1022f9f4,string,v
0x1022f9f8,string,stack end
0x1022fa08,string,"stack %s, line %d: %s %s"
0x1022fa24,string,nSlu
0x1022fd4c,string,Stats
0x1022ffa0,string,"Script memory leaks: %d bytes, %d blocks"
0x1022ffcc,string,"Script Heap Stats: Max Size = %d bytes, Max Count = %d blocks"
0x1023000c,string,Exception thrown while cleaning up Lua: %s
0x10230038,string,Script Context
0x10230124,string,loadfile
0x10230130,string,dofile
0x10230138,string,threads
0x10230140,string,disabled
0x1023014c,string,Lua
0x10230150,string,stats
0x10230158,string,trustedThread
0x10230168,string,delay
0x10230170,string,wait
0x10230178,string,tick
0x10230180,string,print
0x10230188,string,shared
0x10230190,string,workspace
0x1023019c,string,game
0x102301a4,string,math
0x102301ac,string,Failed to create Lua state
0x102301c8,string,settings
0x102301d4,string,io
0x102301d8,string,=
0x102301dc,string,Unable to create a new thread for %s. It did not execute
0x10230218,string,Script
0x10230220,string,Unable to create a new thread
0x10230240,string,ScriptContext::execute: Unable to create a new thread
0x10230278,string,Unable to create trusted sandbox thread
0x102302a0,string,ScriptsDisabled
0x102302b0,string,State
0x1023055c,string,print('Hello world!')
0x1023083c,string,LocalScript
0x10230848,string,Source
0x10230850,string,LinkedSource
0x10230860,string,Disabled
0x10230f98,string,Workspace
0x10230fa4,string,Run Thread
0x10230fb0,string,RunService Heartbeat
0x10230fc8,string,RunService Stepped
0x10230fdc,string,DataModel Step
0x10231000,string,Points
0x10231008,string,Constraints
0x10231014,string,Bodies
0x1023101c,string,Kernel
0x10231024,string,Max Bucket Size
0x10231034,string,Hash Nodes Out
0x10231044,string,# link(p)
0x10231050,string,MaxTreeDepth
0x10231060,string,TouchingCtcts
0x10231070,string,SteppingCtcts
0x10231080,string,CtctStageCtcts
0x10231090,string,Contacts
0x1023109c,string,Joints
0x102310a4,string,Primitives
0x102310b0,string,World
0x102310b8,string,FPS
0x10231180,string,InsertContent
0x10231190,string,objects
0x10231198,string,SetPhysicsThrottleEnabled
0x102311b4,string,ZoomToExtents
0x102311c4,string,CurrentCamera
0x102311e0,string,void
0x102311f0,string,Function
0x10231214,string,[[[progress]]]
0x10231224,string,Couldn't find Exit Verb
0x1023123c,string,Exit
0x10231244,string,%s (%.3gfps)
0x10231474,string,LockPlayMode
0x10231484,string,NetworkClient
0x10231494,string,?
0x10231498,string,energyTotal
0x102314a4,string,energyConnector
0x102314b4,string,energyBody
0x102314c0,string,numPoints
0x102314cc,string,numConstraints
0x102314dc,string,numBodies
0x102314e8,string,maxBucketSize
0x102314f8,string,numHashNodes
0x10231508,string,numLinkCalls
0x10231518,string,contactPairHitRatio
0x1023152c,string,maxTreeDepth
0x1023153c,string,numTouchingContacts
0x10231550,string,numSteppingContacts
0x10231564,string,numContactsInCollisionStage
0x10231580,string,numContacts
0x1023158c,string,numJoints
0x10231598,string,numPrimitives
0x102315a8,string,GfxTime
0x102315b0,string,videoMemory
0x102315bc,string,bevels
0x102315c4,string,antiAliasing
0x102315d4,string,Shadows
0x102315dc,string,FRM
0x102315e0,string,graphicsMode
0x102315f0,string,drawId
0x102315f8,string,simDC
0x10231600,string,%.3g
0x10231608,string,timer
0x10231610,string,DataModel Loading %s
0x10231704,string,JointsService
0x10231ddc,string,Level
0x10231de4,string,rbx_httpGet
0x10231df0,string,rbx_httpPost
0x10231e00,string,get
0x10231e04,string,GetObjects
0x10231e10,string,Load
0x10231e18,string,Save
0x10231e20,string,HttpGet
0x10231e28,string,synchronous
0x10231e34,string,HttpPost
0x10231e40,string,data
0x10231e48,string,ClearContent
0x10231e58,string,SetMessage
0x10231e64,string,message
0x10231e6c,string,ClearMessage
0x10231e7c,string,SetMessageBrickCount
0x10231eb0,string,Unknown error.
0x10231ec0,string,No errors.
0x10231ecc,string,The version number of this file format is not supported.
0x10231f08,string,An error caused by System::update occured.
0x10231f38,string,A command issued was not supported by this object.  Possibly a plugin 
0x10231fa8,string,This command failed because System::init or System::setDriver was not 
0x10231ff8,string,Something in FMOD hasn't been implemented when it should be! contact s
0x10232048,string,The sound created exceeds the allowable input channel count.  This can
0x102320e0,string,The specified tag could not be found or there are no tags.
0x10232120,string,"This subsound is already being used by another sound, you cannot have "
0x102321b8,string,The error occured because the sound referenced contains subsounds.  (i
0x10232250,string,Specified Instance in FMOD_REVERB_PROPERTIES couldn't be set. Most lik
0x102322d4,string,An error occured trying to initialize the recording device.
0x10232318,string,A resource that the plugin requires cannot be found. (ie the DLS file 
0x10232374,string,"A requested output, dsp unit type or codec was not available."
0x102323b8,string,The number of allowed instances of a plugin has been exceeded.
0x102323f8,string,An unspecified error has been returned from a 3rd party plugin.
0x1023243c,string,Panning only works with mono or stereo sound sources.
0x10232478,string,Attempted to create a software sound but no software channels were spe
0x102324d8,string,FMOD_HARDWARE was specified but the sound card does not have the resou
0x1023253c,string,Error initializing output device.
0x10232560,string,Soundcard does not support the minimum features needed for this sounds
0x102325c8,string,"A call to a standard soundcard driver failed, which could possibly mea"
0x10232650,string,Error creating hardware sound buffer.
0x10232678,string,"Error initializing output device, but more specifically, the output de"
0x102326f0,string,Operation could not be performed because specified sound is not ready.
0x10232738,string,Operation on a non-blocking socket could not complete immediately.
0x1023277c,string,The specified URL couldn't be resolved.
0x102327a8,string,A socket error occurred.  This is a catch-all for socket-related error
0x10232808,string,Couldn't connect to the specified host.
0x10232838,string,Tried to use a feature that requires the software engine.  Software en
0x102328f8,string,Tried to use a feature that requires hardware support.  (ie trying to 
0x10232970,string,Tried to call a command on a 2d sound when the command was meant for 3
0x102329c0,string,Tried to call a command on a 3d sound when the command was meant for 2
0x10232a10,string,Not enough memory or resources on console sound ram.
0x10232a48,string,PS2 only.  Not enough memory or resources on PlayStation 2 IOP ram.
0x10232a90,string,"Can't use FMOD_OPENMEMORY_POINT on non PCM source data, or non mp3/xma"
0x10232b0c,string,Not enough memory or resources.
0x10232b30,string,Reached maximum audible playback count for this sound's soundgroup.
0x10232b78,string,PS2 only.  fmodex.irx failed to initialize.  This is most likely becau
0x10232bdc,string,"The vectors passed in are not unit length, or perpendicular."
0x10232c20,string,An invalid speaker was passed to this function based on the current sp
0x10232c74,string,An invalid parameter was passed to this function.
0x10232ca8,string,An invalid object handle was used.
0x10232ccc,string,"Value passed in was a NaN, Inf or denormalized float."
0x10232d08,string,"On Xbox 360, this memory address passed to FMOD must be physical, (ie "
0x10232d70,string,An error occured that wasn't supposed to.  Contact support.
0x10232db0,string,Cannot call this command after System::init.
0x10232de0,string,FMOD was not initialized correctly to support this function.
0x10232e20,string,The HTTP request timed out.
0x10232e40,string,A HTTP server error occurred.
0x10232e60,string,Proxy authentication is required to access the specified resource.
0x10232ea8,string,The specified resource requires authentication or is forbidden.
0x10232ef0,string,A HTTP error occurred. This is a catch-all for HTTP errors not listed 
0x10232f44,string,Unsupported file or audio format.
0x10232f68,string,Unwanted file access occured.
0x10232f88,string,File not found.
0x10232fa0,string,End of file unexpectedly reached while trying to read essential data (
0x10232ffc,string,Media was ejected while reading.
0x10233020,string,Couldn't perform seek operation.  This is a limitation of the medium (
0x1023308c,string,Error loading file.
0x102330a8,string,"The requested event, event group, event category or event property cou"
0x10233100,string,A category with the same name already exists.
0x10233130,string,FSB mis-matches the FEV it was compiled with.
0x10233160,string,Event failed because 'Max streams' was hit when FMOD_INIT_FAIL_ON_MAXS
0x102331c0,string,An error occured that wasn't supposed to.  See debug log for reason.
0x10233208,string,Can't execute this command on an EVENT_INFOONLY event.
0x10233240,string,"An Event failed to be retrieved, most likely due to 'just fail' being "
0x102332b0,string,DSP connection error.  The unit being connected to or disconnected sho
0x10233318,string,DSP error.  Cannot perform this operation while the network is in the 
0x102333d4,string,DSP connection error.  Couldn't find the DSP unit specified.
0x10233418,string,DSP Format error.  A DSP unit may have attempted to connect to this ne
0x10233480,string,DSP connection error.  Connection possibly caused a cyclic dependancy.
0x102334c8,string,DMA Failure.  See debug output for more information.
0x10233500,string,A Win32 COM related error occured. COM failed to initialize or a Query
0x10233598,string,The specified channel has been reused to play another sound.
0x102335d8,string,Error trying to allocate a channel.
0x10233600,string,A CDDA read error occurred.
0x10233620,string,No disc present in the specified drive.
0x1023364c,string,No CD/DVD devices were found.
0x1023366c,string,No audio tracks on the specified disc.
0x10233694,string,Couldn't find the specified device.
0x102336bc,string,An error occurred while initialising the CDDA subsystem.
0x102336f8,string,Neither NTSCSI nor ASPI could be initialised.
0x10233728,string,Tried to call a function on a data type that does not allow this type 
0x102337b0,string,Tried to call lock a second time before unlock was called.
0x10233a00,string,FMOD %d: %s
0x10233d88,string,The speaker mode selected isn't supported by this soundcard.  Using St
0x10233dd8,string,The acceleration slider in the Sound Control Panel set to 'off'
0x10233e18,string,No active sound driver detected
0x10233e38,string,Incorrect FMODEX DLL version
0x10233f3c,string,UnderWater
0x10233f48,string,SewerPipe
0x10233f54,string,ParkingLot
0x10233f60,string,Plain
0x10233f68,string,Quarry
0x10233f70,string,Mountains
0x10233f7c,string,City
0x10233f84,string,Forest
0x10233f8c,string,Alley
0x10233f94,string,StoneCorridor
0x10233fa4,string,Hallway
0x10233fac,string,CarpettedHallway
0x10233fc0,string,Hangar
0x10233fc8,string,Arena
0x10233fd0,string,Cave
0x10233fd8,string,ConcertHall
0x10233fe4,string,Auditorium
0x10233ff0,string,StoneRoom
0x10233ffc,string,LivingRoom
0x10234008,string,Bathroom
0x10234014,string,Room
0x1023401c,string,PaddedCell
0x10234028,string,GenericReverb
0x10234038,string,NoReverb
0x10234044,string,ReverbType
0x102342e8,string,Soundscape
0x102342f4,string,Sound
0x102343c0,string,# Unused
0x102343cc,string,# Sounds
0x102343d8,string,Max
0x102343dc,string,Current
0x102344a8,string,-disabled-
0x102344c0,string,fmod %08x
0x1023466c,string,Sounds/victory.wav
0x10234680,string,Sounds/swoosh.wav
0x10234694,string,Sounds/flashbulb.wav
0x102346ac,string,Sounds/SWITCH3.wav
0x102346c0,string,Sounds/splat.wav
0x102346d4,string,Sounds/snap.wav
0x102346e4,string,Sounds/electronicpingshort.wav
0x10234704,string,Sounds/pageturn.wav
0x10234718,string,Sounds/Rubber band sling shot.wav
0x1023473c,string,Sounds/clickfast.wav
0x10234754,string,Sounds/switch.wav
0x10234768,string,Sounds/glassbreak.wav
0x10234780,string,Sounds/collide.wav
0x10234794,string,Sounds/bass.wav
0x102347a4,string,DopplerScale
0x102347b4,string,DistanceFactor
0x102347c4,string,RolloffScale
0x102347d4,string,AmbientReverb
0x102347e4,string,SoundId
0x102347ec,string,Volume
0x102347f4,string,PlayCount
0x10234800,string,Looped
0x10234808,string,IsPlaying
0x10234814,string,IsPaused
0x10234820,string,PlayOnRemove
0x10234830,string,Play
0x10234838,string,Stop
0x10234878,string,/>
0x1023487c,string,Expected '>' but got EOF in Xml stream
0x102348a4,string,Expected '<' but got EOF in Xml stream
0x102348cc,string,tag expected after Byte-Order-Mark
0x102348f0,string,tag expected
0x10234900,string,apos
0x10234908,string,quot
0x10234910,string,amp
0x10234914,string,gt
0x10234918,string,lt
0x1023491c,string,&#%d;
0x10234924,string,&apos;
0x1023492c,string,&quot;
0x10234934,string,&amp;
0x1023493c,string,&gt;
0x10234944,string,&lt;
0x1023494c,string,='
0x10234958,string,</hash>
0x10234960,string,<hash>
0x10234968,string,<null></null>
0x10234978,string,</url>
0x10234980,string,<url>
0x10234988,string,</binary>
0x10234994,string,<binary xmime:contentType='
0x102349b0,string,<binary>
0x102349bc,string,TextXmlParser::parse - Unknown tag '%s'.
0x102349e8,string,TextXmlParser::parse - '%s' should be a closing tag
0x10234a1c,string,TextXmlParser::parse - Got close tag %s without open tag.
0x10234a58,string,binary
0x10234a60,string,<?
0x10234a64,string,TextXmlParser::parse empty file
0x10235254,string,Value
0x10235550,string,zlib error
0x1023555c,string,1.2.3
0x10235570,string,RBX%d
0x10235578,string,null
0x10235580,string,nil
0x10235584,string,xsi:nil
0x1023558c,string,xsi:type
0x10235598,string,xmlns:xsi
0x102355a4,string,root
0x102355ac,string,referent
0x102355b8,string,DeleteItem
0x102355c4,string,roblox
0x102355cc,string,External
0x102355d8,string,Refs
0x102355e0,string,X
0x102355e4,string,Y
0x102355e8,string,Z
0x102355ec,string,R00
0x102355f0,string,R01
0x102355f4,string,R02
0x102355f8,string,R10
0x102355fc,string,R11
0x10235600,string,R12
0x10235604,string,R20
0x10235608,string,R21
0x1023560c,string,R22
0x10235610,string,R
0x10235614,string,G
0x10235618,string,class
0x10235620,string,Item
0x10235628,string,Properties
0x10235634,string,Feature
0x1023563c,string,hash
0x10235644,string,mimeType
0x10235650,string,xsi:noNamespaceSchemaLocation
0x10235670,string,FALSE
0x10235678,string,False
0x10235680,string,TRUE
0x10235688,string,True
0x10235690,string,%u
0x10235694,string,%.9g
0x1023569c,string,NAN
0x102356a8,string,",;"
0x102356ac,string,"%g, %g, %g"
0x102356b8,string,0x
0x102356cc,string,Medium lilac
0x102356dc,string,Dove blue
0x102356e8,string,Cool yellow
0x102356f4,string,Warm yellowish orange
0x1023570c,string,Light brick yellow
0x10235720,string,Light pink
0x1023572c,string,Light purple
0x1023573c,string,Bright purple
0x1023574c,string,Light lilac
0x10235758,string,Lilac
0x10235760,string,Reddish lilac
0x10235770,string,Brown
0x10235778,string,Rust
0x10235780,string,Medium Royal blue
0x10235794,string,Light Royal blue
0x102357a8,string,Turquoise
0x102357b4,string,Faded green
0x102357c0,string,Dark Curry
0x102357cc,string,Light stone grey
0x102357e0,string,Lemon metalic
0x102357f0,string,Dark stone grey
0x10235800,string,Bright reddish lilac
0x10235818,string,Dark Royal blue
0x10235828,string,Royal blue
0x10235834,string,Medium stone grey
0x10235848,string,Flame reddish orange
0x10235860,string,Reddish brown
0x10235870,string,Flame yellowish orange
0x10235888,string,Fire Yellow
0x10235894,string,Curry
0x1023589c,string,Silver flip/flop
0x102358b0,string,Yellow flip/flop
0x102358c4,string,Red flip/flop
0x102358d4,string,Gun metallic
0x102358e4,string,Tr. Flu. Red
0x102358f4,string,Tr. Flu. Yellow
0x10235904,string,Dark red
0x10235910,string,Sand red
0x1023591c,string,Sand green
0x10235928,string,Light grey metallic
0x1023593c,string,Black metallic
0x1023594c,string,Dark grey metallic
0x10235960,string,Sand yellow metallic
0x10235978,string,Sand violet metallic
0x10235990,string,Sand blue metallic
0x102359a4,string,Tr. Flu. Blue
0x102359b4,string,Earth green
0x102359c0,string,Earth blue
0x102359cc,string,Sand yellow
0x102359d8,string,Medium orange
0x102359e8,string,Sand violet
0x102359f4,string,Sand blue
0x10235a00,string,Neon green
0x10235a0c,string,Neon orange
0x10235a18,string,Silver
0x10235a20,string,Dark nougat
0x10235a2c,string,Gold
0x10235a34,string,Tr. Bright bluish violet
0x10235a50,string,Light orange
0x10235a60,string,Bright reddish violet
0x10235a78,string,Br. reddish orange
0x10235a8c,string,Med. yellowish orange
0x10235aa4,string,Lig. yellowish green
0x10235abc,string,Br. yellowish green
0x10235ad0,string,Light bluish green
0x10235ae4,string,Med. bluish green
0x10235af8,string,Med. yellowish green
0x10235b10,string,Tr. Medi. reddish violet
0x10235b2c,string,Medium bluish violet
0x10235b44,string,Tr. Brown
0x10235b50,string,Bright bluish violet
0x10235b68,string,Earth yellow
0x10235b78,string,Bright bluish green
0x10235b8c,string,Bright orange
0x10235b9c,string,Br. yellowish orange
0x10235bb4,string,Bright violet
0x10235bc4,string,Light grey
0x10235bd0,string,Medium blue
0x10235bdc,string,Medium red
0x10235be8,string,Light red
0x10235bf4,string,Phosph. White
0x10235c04,string,Tr. Flu. Green
0x10235c14,string,Tr. Green
0x10235c20,string,Tr. Flu. Reddish orange
0x10235c38,string,Light blue
0x10235c44,string,Tr. Yellow
0x10235c50,string,Tr. Blue
0x10235c5c,string,Tr. Lg blue
0x10235c68,string,Tr. Red
0x10235c70,string,Transparent
0x10235c7c,string,Light bluish violet
0x10235c90,string,Dark orange
0x10235c9c,string,Bright green
0x10235cac,string,Lig. Yellowich orange
0x10235cc4,string,Medium green
0x10235cd4,string,Dark green
0x10235ce0,string,Dark grey
0x10235cec,string,Black
0x10235cf4,string,Earth orange
0x10235d04,string,Bright yellow
0x10235d14,string,Bright blue
0x10235d20,string,Med. reddish violet
0x10235d34,string,Bright red
0x10235d40,string,Nougat
0x10235d48,string,Light orange brown
0x10235d5c,string,Pastel Blue
0x10235d68,string,Light reddish violet
0x10235d80,string,Light green (Mint)
0x10235d94,string,Brick yellow
0x10235da4,string,Light yellow
0x10235db4,string,Grey
0x10235dbc,string,White
0x10235dd0,string,Property
0x10235df8,string,skybox images have different numbers of channels
0x10235e2c,string,skybox images have different heights
0x10235e54,string,skybox images have different widths
0x10235f6c,string,null_plainsky512_*.jpg
0x10235f84,string,Sky/
0x102360c4,string,Sky/null_plainsky512_dn.jpg
0x102360e0,string,Sky/null_plainsky512_ft.jpg
0x102360fc,string,Sky/null_plainsky512_bk.jpg
0x10236118,string,Sky/null_plainsky512_rt.jpg
0x10236134,string,Sky/null_plainsky512_lf.jpg
0x10236150,string,Sky/null_plainsky512_up.jpg
0x1023616c,string,Sky
0x10236234,string,SkyboxUp
0x10236240,string,SkyboxLf
0x1023624c,string,SkyboxRt
0x10236258,string,SkyboxBk
0x10236264,string,SkyboxFt
0x10236270,string,SkyboxDn
0x1023627c,string,StarCount
0x10236288,string,CelestialBodiesShown
0x102362bc,string,Signals
0x102362d0,string,http://www.roblox.com/roblox.xsd
0x102362f4,string,http://www.w3.org/2001/XMLSchema-instance
0x10236320,string,http://www.w3.org/2005/05/xmlmime
0x10236344,string,xmlns:xmime
0x10236368,string,Version 1.0 - 3.0 model files not supported - all future version will 
0x102363bc,string,Unknown object class '%s' while reading XML
0x102363e8,string,SerializerV2::loadXML ill-formed XML. No Roblox tag
0x1023641c,string,SerializerV2::loadXML schemaVersionLoading<4
0x1023644c,string,SerializerV2::loadXML no version number
0x10236474,string,SerializerV2::load error reading compound file (6)
0x102364a8,string,SerializerV2::load error reading compound file (4)
0x102364dc,string,SerializerV2::load error reading compound file (3)
0x10236510,string,SerializerV2::load error reading compound file (2)
0x10236544,string,SerializerV2::load error reading compound file (1)
0x10236578,string,SerializerV2::load error reading compound file (5)
0x102365ac,string,SerializerV2::load can't read contentPos
0x102365d8,string,SerializerV2::load canfileFormatVersion!=1
0x10236604,string,SerializerV2::load can't read old fileFormatVersion
0x10236638,string,RBX_
0x10236640,string,SerializerV2::load can't read header
0x1023669c,string,Part
0x102366b4,string,can't get value
0x10236778,string,CoordinateFrame
0x10236788,string,ControllerFlagShown
0x1023679c,string,Controller
0x102368d4,string,Torso
0x10236b24,string,Block
0x10236b2c,string,Plate
0x10236b34,string,Brick
0x10236b3c,string,Symmetric
0x10236b48,string,FormFactor
0x10236df4,string,CFrame
0x10236dfc,string,Position
0x10236e08,string,Velocity
0x10236e14,string,RotVelocity
0x10236e20,string,GetMass
0x10236e28,string,shape
0x10236e30,string,Shape
0x10236e38,string,Color
0x10236e40,string,Transparency
0x10236e50,string,Reflectance
0x10236e5c,string,Locked
0x10236e64,string,Anchored
0x10236e70,string,CanCollide
0x10236e7c,string,RenderImportance
0x10236e90,string,Size
0x10236e98,string,size
0x10236ea0,string,formFactor
0x10236eac,string,Elasticity
0x10236eb8,string,Friction
0x10236ec4,string,Touched
0x10236ecc,string,part
0x10236ed4,string,DraggingV1
0x10236f1c,string,Head
0x10236ff8,string,Right Arm
0x102371ac,string,FilteredSelection
0x1023728c,string,Left Leg
0x10237298,string,Right Leg
0x102372a4,string,Left Arm
0x102372b0,string,Right Shoulder
0x102372c0,string,RightGrip
0x102372d0,string,Neck
0x102372d8,string,Left Hip
0x102372e4,string,Right Hip
0x102372f0,string,Left Shoulder
0x102374bc,string,Humanoid
0x102374d8,string,Argument error: A Part is required
0x102374fc,string,LeftLeg
0x10237504,string,RightLeg
0x10237510,string,WalkToPart
0x1023751c,string,Control
0x10237524,string,WalkToPoint
0x10237530,string,WalkDirection
0x10237540,string,WalkRotationalVelocity
0x10237558,string,Jump
0x10237560,string,TargetPoint
0x1023756c,string,Sit
0x10237570,string,Health
0x10237578,string,Game
0x10237580,string,MaxHealth
0x1023758c,string,TakeDamage
0x10237598,string,amount
0x102375a0,string,Died
0x102375a8,string,Running
0x102375b0,string,speed
0x102375b8,string,Climbing
0x102375c4,string,Jumping
0x102375cc,string,active
0x102375d4,string,FreeFalling
0x102375e0,string,GettingUp
0x102375ec,string,FallingDown
0x102375f8,string,Seated
0x102376bc,string,no calling environment
0x102376d4,string,no value
0x102376f4,string,%s:%d:
0x102376fc,string,Sl
0x10237700,string,stack overflow (%s)
0x10237714,string,
0x10237718,string,cannot %s %s: %s
0x1023772c,string,read
0x10237734,string,open
0x1023773c,string,r
0x10237740,string,@%s
0x10237744,string,reopen
0x1023774c,string,rb
0x10237750,string,=stdin
0x10237758,string,bad argument #%d to '%s' (%s)
0x10237778,string,calling '%s' on bad self (%s)
0x10237798,string,method
0x102377a0,string,n
0x102377a4,string,bad argument #%d (%s)
0x102377bc,string,"%s expected, got %s"
0x102377d0,string,value expected
0x102377e0,string,name conflict for module '%s'
0x10237800,string,_LOADED
0x10237808,string,invalid option '%s'
0x1023781c,string,new
0x10237838,string,__mode
0x1023784c,string,"Unable to get property %s, type %s"
0x10237870,string,Object %s is not an Instance
0x10237890,string,"Unable to set property %s, type %s"
0x102378b4,string,%s should not be a child of %s
0x102378d4,string,%s is not a valid member of %s
0x102378f4,string,The object has been deleted
0x10237948,string,Did you forget a semicolon?  The first argument of member function %s 
0x102379a0,string,The function %s is not a member of '%s'
0x102379c8,string,fromAxisAngle
0x102379d8,string,fromEulerAnglesXYZ
0x102379ec,string,Blue
0x102379f4,string,Green
0x102379fc,string,Yellow
0x10237a04,string,Red
0x10237a08,string,DarkGray
0x10237a14,string,Gray
0x10237a1c,string,Random
0x10237a24,string,New
0x10237a28,string,random
0x10237af0,string,%s is not a valid member
0x10237b0c,string,b
0x10237b10,string,g
0x10237b14,string,%s cannot be assigned to
0x10237b30,string,lerp
0x10237b38,string,magnitude
0x10237b44,string,unit
0x10237b4c,string,z
0x10237b50,string,y
0x10237b54,string,x
0x10237b58,string,Number
0x10237b60,string,number
0x10237b68,string,Invalid number of arguments: %d
0x10237b88,string,components
0x10237b94,string,toEulerAnglesXYZ
0x10237ba8,string,vectorToObjectSpace
0x10237bbc,string,vectorToWorldSpace
0x10237bd0,string,pointToObjectSpace
0x10237be4,string,pointToWorldSpace
0x10237bf8,string,toObjectSpace
0x10237c08,string,toWorldSpace
0x10237c18,string,lookVector
0x10237c24,string,p
0x10237c28,string,RBXScriptConnection
0x10237c3c,string,RBXScriptSignal
0x10237c6c,string,The %s event has been deleted
0x10237c8c,string,connected
0x10237c98,string,disconnect
0x10237cbc,string,lua_newthread failed
0x10237cd4,string,maximum event re-entrancy depth exceeded
0x10237d00,string,Exception caught in TGenericSlotWrapper. %s
0x10237d30,string,Event:disconnect() has been deprecated. Use connection object returned
0x10237d84,string,connect
0x10237d8c,string,shared_ptr<ThreadRef::Node>
0x10237ef0,string,%.3g%%
0x10237ef8,string,"%s, %.3gfps (%.3g%%)"
0x10237fe8,string,GetValueString
0x10237ff8,string,GetValue
0x10238020,string,%d.%d.%d.%d
0x1023802c,string,drv=
0x10238034,string,/DriverVersion
0x10238044,string,HKEY_LOCAL_MACHINE/SYSTEM/CurrentControlSet/Control/Class/
0x10238080,string,unknown
0x1023834c,string,Report
0x10238354,string,Prompt
0x1023835c,string,DontReport
0x10238368,string,ErrorReporting
0x10238378,string,IgnoreAssert
0x10238388,string,CrashOnAssert
0x10238398,string,AssertAction
0x10238644,string,Diagnostics
0x10238650,string,ShaderModel
0x1023865c,string,Profile
0x10238664,string,VideoMemory
0x10238670,string,CpuSpeed
0x1023867c,string,OsPlatformId
0x1023868c,string,OsVer
0x10238694,string,GlVendor
0x102386a0,string,GfxCard
0x102386a8,string,CPU
0x102386ac,string,RAM
0x102386b0,string,Resolution
0x102386bc,string,SoundWarnings
0x102386cc,string,Errors
0x102386d4,string,stackTracingEnabled
0x102386e8,string,Scripts
0x102386f0,string,ioEnabled
0x102386fc,string,ShowAnchors
0x10238708,string,Display
0x10238710,string,ShowPartCoords
0x10238720,string,ShowUnalignedParts
0x10238734,string,ShowModelCoords
0x10238744,string,ShowWorldCoords
0x10238754,string,DisableEnvironmentalThrottle
0x10238774,string,ValidatingDebug
0x10238784,string,errorReporting
0x102387b4,string,error in error handling
0x102387cc,string,not enough memory
0x102387ec,string,call
0x102387f4,string,attempt to yield across metamethod/C-call boundary
0x10238828,string,stack overflow
0x10238838,string,C stack overflow
0x1023884c,string,cannot resume non-suspended coroutine
0x10238874,string,cannot resume dead coroutine
0x10238b94,string,Global Settings
0x10238ba4,string,(*temporary)
0x10238bb4,string,main
0x10238bbc,string,C
0x10238bc0,string,=[C]
0x10238bc8,string,tail
0x10238bd0,string,=(tail call)
0x10238be0,string,upvalue
0x10238be8,string,field
0x10238bf0,string,global
0x10238bf8,string,local
0x10238c00,string,%s:%d: %s
0x10238c0c,string,attempt to %s %s '%s' (a %s value)
0x10238c30,string,attempt to %s a %s value
0x10238c4c,string,concatenate
0x10238c58,string,perform arithmetic on
0x10238c70,string,attempt to compare %s with %s
0x10238c90,string,attempt to compare two %s values
0x10238cb4,string,sort
0x10238cbc,string,setn
0x10238cc4,string,remove
0x10238ccc,string,insert
0x10238cd4,string,maxn
0x10238cdc,string,getn
0x10238ce4,string,foreachi
0x10238cf0,string,foreach
0x10238cf8,string,concat
0x10238d50,string,'setn' is obsolete
0x10238d64,string,wrong number of arguments to 'insert'
0x10238d8c,string,table contains non-strings
0x10238da8,string,invalid order function for sorting
0x10238dcc,string,tan
0x10238dd0,string,tanh
0x10238dd8,string,sqrt
0x10238de0,string,sin
0x10238de4,string,sinh
0x10238dec,string,randomseed
0x10238df8,string,rad
0x10238dfc,string,pow
0x10238e00,string,modf
0x10238e08,string,min
0x10238e0c,string,max
0x10238e10,string,log
0x10238e14,string,log10
0x10238e1c,string,ldexp
0x10238e24,string,frexp
0x10238e2c,string,fmod
0x10238e34,string,floor
0x10238e3c,string,exp
0x10238e40,string,deg
0x10238e44,string,cos
0x10238e48,string,cosh
0x10238e50,string,ceil
0x10238e58,string,atan
0x10238e60,string,atan2
0x10238e68,string,asin
0x10238e70,string,acos
0x10238e78,string,abs
0x10238f78,string,interval is empty
0x10238f8c,string,wrong number of arguments
0x10238fb0,string,huge
0x10238fb8,string,pi
0x10238fc8,string,upper
0x10238fd0,string,sub
0x10238fd4,string,reverse
0x10238fdc,string,rep
0x10238fe0,string,match
0x10238fe8,string,lower
0x10238ff0,string,len
0x10238ff4,string,gsub
0x10238ffc,string,gmatch
0x10239004,string,gfind
0x1023900c,string,format
0x10239014,string,find
0x1023901c,string,dump
0x10239024,string,char
0x102390b0,string,string slice too long
0x102390c8,string,invalid value
0x102390d8,string,unable to dump given function
0x102390f8,string,invalid capture index
0x10239110,string,invalid pattern capture
0x10239128,string,malformed pattern (ends with '%%')
0x1023914c,string,malformed pattern (missing ']')
0x1023916c,string,unbalanced pattern
0x10239180,string,too many captures
0x10239194,string,missing '[' after '%%f' in pattern
0x102391b8,string,unfinished capture
0x102391cc,string,^$*+?.([%-
0x102391d8,string,'string.gfind' was renamed to 'string.gmatch'
0x10239208,string,string/function/table expected
0x10239228,string,invalid replacement value (a %s)
0x1023924c,string,/000
0x10239254,string,/r
0x10239258,string,invalid format (width or precision too long)
0x10239288,string,invalid format (repeated flags)
0x102392a8,string,-+ #0
0x102392b0,string,invalid option '%%%c' to 'format'
0x102392d4,string,yield
0x102392dc,string,wrap
0x102392e4,string,status
0x102392ec,string,running
0x102392f4,string,resume
0x102392fc,string,create
0x10239304,string,xpcall
0x1023930c,string,unpack
0x10239314,string,tonumber
0x10239320,string,setmetatable
0x10239330,string,setfenv
0x10239338,string,select
0x10239340,string,rawset
0x10239348,string,rawget
0x10239350,string,rawequal
0x1023935c,string,pcall
0x10239364,string,next
0x1023936c,string,loadstring
0x10239378,string,load
0x10239380,string,getmetatable
0x10239390,string,getfenv
0x10239398,string,gcinfo
0x102393a0,string,error
0x102393a8,string,collectgarbage
0x102393b8,string,assert
0x102394c0,string,base out of range
0x102394d4,string,__metatable
0x102394e0,string,cannot change a protected metatable
0x10239504,string,nil or table expected
0x1023951c,string,no function environment for tail call at level %d
0x10239550,string,f
0x10239554,string,invalid level
0x10239564,string,level must be non-negative
0x10239580,string,'setfenv' cannot change environment of given object
0x102395dc,string,collect
0x10239604,string,stop
0x1023960c,string,restart
0x10239614,string,setpause
0x10239620,string,setstepmul
0x1023962c,string,reader function must return a string
0x10239654,string,too many nested functions
0x10239670,string,=(load)
0x10239678,string,assertion failed!
0x1023968c,string,table too big to unpack
0x102396a4,string,index out of range
0x102396b8,string,%s: %p
0x102396c0,string,boolean or proxy expected
0x102396dc,string,too many results to resume
0x102396f8,string,too many arguments to resume
0x10239718,string,coroutine expected
0x1023972c,string,Lua function expected
0x10239744,string,suspended
0x10239750,string,normal
0x10239758,string,dead
0x10239760,string,newproxy
0x1023976c,string,kv
0x10239770,string,pairs
0x10239778,string,ipairs
0x10239780,string,_VERSION
0x1023978c,string,Lua 5.1
0x10239794,string,_G
0x10239798,string,coroutine
0x102397a4,string,setvbuf
0x102397ac,string,seek
0x102397b4,string,write
0x102397bc,string,tmpfile
0x102397c4,string,popen
0x102397cc,string,lines
0x102397d4,string,flush
0x102397dc,string,close
0x102397e4,string,output
0x102397ec,string,input
0x102398b0,string,%s: %s
0x102398b8,string,closed file
0x102398c4,string,FILE*
0x102398cc,string,attempt to use a closed file
0x102398ec,string,__close
0x102398f4,string,file (%p)
0x10239900,string,file (closed)
0x10239910,string,standard %s file is closed
0x1023992c,string,w
0x10239930,string,%lf
0x10239934,string,invalid format
0x10239944,string,invalid option
0x10239954,string,too many arguments
0x10239968,string,file is already closed
0x10239980,string,%.14g
0x10239994,string,cur
0x102399a8,string,set
0x102399ac,string,end
0x102399cc,string,no
0x102399d0,string,full
0x102399d8,string,line
0x102399e0,string,stderr
0x102399e8,string,stdout
0x102399f0,string,stdin
0x10239d04,string,Score
0x10239d0c,string,TeamColor
0x10239d18,string,AutoAssignable
0x10239d28,string,AutoColorCharacters
0x10239dbc,string,ArrowCursor
0x10239dd0,string,DragCursor
0x1023a080,string,Put this tool into the starter pack (otherwise drop into the 3d view)?
0x1023a0c8,string,Inserting Tool
0x1023a0d8,string,Team
0x1023a21c,string,Custom
0x1023a224,string,Follow
0x1023a22c,string,Track
0x1023a234,string,Attach
0x1023a23c,string,Watch
0x1023a244,string,Fixed
0x1023a24c,string,CameraType
0x1023a3c0,string,Camera
0x1023a4a0,string,Focus
0x1023a4a8,string,CameraSubject
0x1023a4c0,string,ArrowFarCursor
0x1023aeb8,string,StarterPack - these items will be given to each new player
0x1023b100,string,Laser
0x1023b108,string,Rocket
0x1023b110,string,Slingshot
0x1023b11c,string,Hammer
0x1023b124,string,Grab
0x1023b12c,string,GameTool
0x1023b138,string,BinType
0x1023b2d4,string,Tool
0x1023b910,string,HopperBin
0x1023b91c,string,TextureId
0x1023b928,string,Selected
0x1023b934,string,mouse
0x1023b93c,string,Deselected
0x1023b948,string,Command
0x1023b950,string,TextureName
0x1023b970,string,ActivationState
0x1023b980,string,BackendToolState
0x1023b994,string,Handle
0x1023c098,string,Grip
0x1023c0a0,string,GripPos
0x1023c0a8,string,GripForward
0x1023c0b4,string,GripUp
0x1023c0bc,string,GripRight
0x1023c0c8,string,Enabled
0x1023c0d0,string,Equipped
0x1023c0dc,string,Unequipped
0x1023c0e8,string,Activated
0x1023c0f4,string,Deactivated
0x1023c56c,string,Broadphase
0x1023c578,string,UI Step
0x1023c580,string,World Step
0x1023c5b8,string,RelativePanel
0x1023c5d8,string,Unnamed GuiItem
0x1023c7c8,string,GuiRoot
0x1023c7d8,string,vector<bool> too long
0x1023e24c,string,Snap
0x1023e764,string,Motor
0x1023e76c,string,Part0
0x1023e774,string,Part1
0x1023e77c,string,C1
0x1023e780,string,C0
0x1023e784,string,MaxVelocity
0x1023e790,string,DesiredAngle
0x1023e7a0,string,CurrentAngle
0x1023eaa0,string,Backpack
0x1023ed1c,string,RebalanceTeams
0x1023ed2c,string,GetTeams
0x1023ed54,string,BackendAccoutrementState
0x1023f074,string,HeadWeld
0x1023f3dc,string,AttachmentPoint
0x1023f3ec,string,AttachmentPos
0x1023f3fc,string,AttachmentForward
0x1023f410,string,AttachmentUp
0x1023f420,string,AttachmentRight
0x1023f438,string,Fullscreen
0x1023f444,string,ReportAbuse
0x1023f450,string,
0x1023f454,string,Chat
0x1023f45c,string,Message
0x1023f7b4,string,Game Options
0x1023f7c4,string,AnimatedCharacter
0x1023f7d8,string,ChatHistory
0x1023f7e4,string,Online
0x1023f7ec,string,ChatScrollLength
0x1023f800,string,SoundEnabled
0x1023f810,string,SoftwareSound
0x1023f850,string,Victory
0x1023f858,string,Swoosh
0x1023f860,string,StepOn
0x1023f868,string,Step
0x1023f870,string,Splat
0x1023f878,string,Ping
0x1023f880,string,Page
0x1023f888,string,Clock
0x1023f890,string,Break
0x1023f898,string,Bomb
0x1023f8a0,string,Boing
0x1023f8a8,string,NoSound
0x1023f8b0,string,SoundType
0x1023fed0,string,Shirt Graphic
0x1023ffa8,string,Skin
0x10240078,string,Body Colors
0x10240210,string,Shirt
0x102402e0,string,Graphic
0x102402e8,string,LeftSleeveColor
0x102402f8,string,RightSleeveColor
0x1024030c,string,TorsoColor
0x10240318,string,SkinColor
0x10240324,string,HeadColor
0x10240330,string,LeftArmColor
0x10240340,string,RightArmColor
0x10240350,string,LeftLegColor
0x10240360,string,RightLegColor
0x102405b0,string,Explosion
0x102406a4,string,BlastRadius
0x102406b0,string,BlastPressure
0x102406c0,string,Hit
0x102406c4,string,distance
0x10240c90,string,Center
0x10240c98,string,TopBottom
0x10240ca4,string,LeftRight
0x10240cb0,string,Inset
0x10240cb8,string,Edge
0x10240cc0,string,InOut
0x10240eb4,string,VelocityMotor
0x10241260,string,Hole
0x10241348,string,MotorFeature
0x10241358,string,FaceId
0x10241a28,string,FlagCaptured
0x10241a38,string,Player
0x10241cac,string,ForceField
0x10241f10,string,Rocket:Fire may not be called from a client
0x10241f40,string,Rocket:Fire may only be called when the Rocket is in the Workspace
0x10243230,string,Target
0x10243238,string,Goals
0x10243240,string,TargetOffset
0x10243250,string,TargetRadius
0x10243260,string,MaxSpeed
0x1024326c,string,Thrust
0x10243274,string,MaxThrust
0x10243280,string,ThrustP
0x10243288,string,ThrustD
0x10243290,string,TurnP
0x10243298,string,Turn
0x102432a0,string,TurnD
0x102432a8,string,MaxTorque
0x102432b4,string,CartoonFactor
0x102432c4,string,Fire
0x102432cc,string,Abort
0x102432d4,string,ReachedTarget
0x102432e4,string,P
0x102432e8,string,maxTorque
0x102432f4,string,cframe
0x102432fc,string,maxForce
0x10243308,string,position
0x10243314,string,lastForce
0x10243320,string,GetLastForce
0x10243330,string,velocity
0x1024333c,string,force
0x1024352c,string,Text
0x10244bb4,string,ping %s failed: %s
0x10244d70,string,NoVisit
0x10244d78,string,rbx_visit
0x10244d84,string,SetUploadUrl
0x10244d94,string,GetUploadUrl
0x10244da4,string,SetPing
0x10244dac,string,pingUrl
0x10245048,string,DebrisService MaxItems must be greater than 0
0x10245078,string,MaxItems
0x10245084,string,AddItem
0x1024508c,string,item
0x10245094,string,lifetime
0x1024546c,string,SeatWeld
0x10245a8c,string,SpawnPlayer couldn't get the workspace
0x10245e38,string,Duration
0x10245e44,string,Forcefield
0x10245e50,string,Neutral
0x10245e58,string,Teams
0x10245e60,string,AllowTeamChangeOnTouch
0x1024616c,string,Decal
0x102462f4,string,Texture
0x102463bc,string,Specular
0x102463c8,string,Shiny
0x102463d0,string,StudsPerTileU
0x102463e0,string,StudsPerTileV
0x102463f8,string,Sin
0x102463fc,string,Constant
0x10246408,string,Action5
0x10246410,string,Action4
0x10246418,string,Action3
0x10246420,string,Action2
0x10246428,string,Action1
0x10246430,string,UpDown
0x10246438,string,Throtle
0x10246440,string,Steer
0x10246448,string,RightTread
0x10246454,string,LeftTread
0x10246460,string,NoInput
0x10246470,string,InputType
0x1024647c,string,None
0x10246484,string,Flee
0x1024648c,string,Chase
0x10246494,string,Joypad2
0x1024649c,string,Joypad1
0x102464a4,string,KeyboardLeft
0x102464b4,string,KeyboardRight
0x102464c4,string,ControllerType
0x102464e0,string,Surface
0x102464e8,string,Complex
0x10246ac8,string,TopSurface
0x10246ad4,string,TopSurfaceInput
0x10246ae4,string,Surface Inputs
0x10246af4,string,TopParamA
0x10246b00,string,TopParamB
0x10246b0c,string,BottomSurface
0x10246b1c,string,BottomSurfaceInput
0x10246b30,string,BottomParamA
0x10246b40,string,BottomParamB
0x10246b50,string,LeftSurface
0x10246b5c,string,LeftSurfaceInput
0x10246b70,string,LeftParamA
0x10246b7c,string,LeftParamB
0x10246b88,string,RightSurface
0x10246b98,string,RightSurfaceInput
0x10246bac,string,RightParamA
0x10246bb8,string,RightParamB
0x10246bc4,string,FrontSurface
0x10246bd4,string,FrontSurfaceInput
0x10246be8,string,FrontParamA
0x10246bf4,string,FrontParamB
0x10246c00,string,BackSurface
0x10246c0c,string,BackSurfaceInput
0x10246c20,string,BackParamA
0x10246c2c,string,BackParamB
0x10246c68,string,Constraint
0x10246c74,string,ParamB
0x10246c7c,string,ParamA
0x10246c84,string,SurfaceInput
0x10246c94,string,Type
0x10246cd0,string,Cylinder
0x10246cdc,string,Ball
0x10246ce4,string,PartType
0x10247100,string,%
0x10247104,string,%p
0x10247108,string,(null)
0x10247110,string,']
0x10247114,string,[string '
0x10247120,string,
0x10247124,string,...
0x10247128,string,upval
0x10247130,string,proto
0x10247138,string,thread
0x10247140,string,function
0x1024714c,string,userdata
0x102471cc,string,__mod
0x102471d4,string,__pow
0x102471dc,string,__len
0x102471e4,string,__lt
0x102471ec,string,__le
0x102471f4,string,__concat
0x10247200,string,__call
0x10247208,string,loop in gettable
0x1024721c,string,index
0x10247224,string,loop in settable
0x10247238,string,string length overflow
0x10247250,string,'for' step must be a number
0x1024726c,string,'for' initial value must be a number
0x10247294,string,'for' limit must be a number
0x102472b4,string,get length of
0x102472e8,string,invalid key to 'next'
0x10247300,string,table overflow
0x10247310,string,table index is NaN
0x10247324,string,table index is nil
0x10247338,string,memory allocation error: block too big
0x10247380,string,'%s' expected
0x10247390,string,function at line %d has more than %d %s
0x102473b8,string,main function has more than %d %s
0x102473dc,string,'%s' expected (to close '%s' at line %d)
0x10247408,string,too many local variables
0x10247424,string,local variables
0x10247434,string,upvalues
0x10247440,string,chunk has too many syntax levels
0x10247464,string,constant table overflow
0x1024747c,string,items in a constructor
0x10247494,string,<name> or '...' expected
0x102474b0,string,self
0x102474b8,string,ambiguous syntax (function call x new statement)
0x102474ec,string,function arguments expected
0x10247508,string,unexpected symbol
0x1024751c,string,cannot use '...' outside a vararg function
0x10247548,string,syntax error
0x10247558,string,no loop to break
0x1024756c,string,(for step)
0x10247578,string,(for limit)
0x10247584,string,(for index)
0x10247590,string,(for control)
0x102475a0,string,(for state)
0x102475ac,string,(for generator)
0x102475bc,string,'=' or 'in' expected
0x102475d4,string,%s: %s in precompiled chunk
0x102475f0,string,unexpected end
0x10247600,string,bad integer
0x1024760c,string,bad constant
0x1024761c,string,bad code
0x10247628,string,bad header
0x10247634,string,=?
0x10247638,string,binary string
0x10247648,string,VARARG
0x10247650,string,CLOSURE
0x10247658,string,CLOSE
0x10247660,string,SETLIST
0x10247668,string,TFORLOOP
0x10247674,string,FORPREP
0x1024767c,string,FORLOOP
0x10247684,string,RETURN
0x1024768c,string,TAILCALL
0x10247698,string,CALL
0x102476a0,string,TESTSET
0x102476a8,string,TEST
0x102476b0,string,LE
0x102476b4,string,LT
0x102476b8,string,EQ
0x102476bc,string,JMP
0x102476c0,string,CONCAT
0x102476c8,string,LEN
0x102476cc,string,NOT
0x102476d0,string,UNM
0x102476d4,string,POW
0x102476d8,string,MOD
0x102476dc,string,DIV
0x102476e0,string,MUL
0x102476e4,string,SUB
0x102476e8,string,ADD
0x102476ec,string,SELF
0x102476f4,string,NEWTABLE
0x10247700,string,SETTABLE
0x1024770c,string,SETUPVAL
0x10247718,string,SETGLOBAL
0x10247724,string,GETTABLE
0x10247730,string,GETGLOBAL
0x1024773c,string,GETUPVAL
0x10247748,string,LOADNIL
0x10247750,string,LOADBOOL
0x1024775c,string,LOADK
0x10247764,string,MOVE
0x10247834,string,<eof>
0x1024783c,string,<string>
0x10247848,string,<name>
0x10247850,string,<number>
0x1024785c,string,~=
0x10247860,string,<=
0x10247864,string,>=
0x10247868,string,==
0x1024786c,string,..
0x10247870,string,until
0x10247878,string,then
0x10247880,string,repeat
0x10247888,string,or
0x1024788c,string,not
0x10247890,string,in
0x10247894,string,for
0x10247898,string,elseif
0x102478a0,string,do
0x102478a4,string,break
0x102478ac,string,and
0x10247930,string,lexical element too long
0x1024794c,string,%c
0x10247950,string,char(%d)
0x1024795c,string,%s near '%s'
0x1024796c,string,chunk has too many lines
0x10247988,string,malformed number
0x1024799c,string,+-
0x102479a0,string,Ee
0x102479a4,string,unfinished long comment
0x102479bc,string,unfinished long string
0x102479d4,string,escape sequence too large
0x102479f0,string,unfinished string
0x10247a04,string,invalid long string delimiter
0x10247b70,string,This Mouse is no longer active
0x10247d18,string,Move
0x10247d20,string,Idle
0x10247d28,string,Button1Down
0x10247d34,string,Button2Down
0x10247d40,string,Button1Up
0x10247d4c,string,Button2Up
0x10247d58,string,WheelForward
0x10247d68,string,WheelBackward
0x10247d78,string,KeyDown
0x10247d80,string,Key
0x10247d84,string,Origin
0x10247d8c,string,ViewSizeX
0x10247d98,string,ViewSizeY
0x10247da4,string,Icon
0x10247e14,string,Sleep
0x10247e1c,string,Wake
0x10247e24,string,Collision
0x10247fe4,string,Weld
0x10247fec,string,Glue
0x10248170,string,;
0x10248180,string,Team
0x102481a8,string,Character
0x102481d0,string,utterance
0x10248320,string,Face
0x10248330,string,Bumps
0x10248338,string,SteppingMotor
0x10248348,string,Hinge
0x10248350,string,Spawn
0x10248358,string,Inlet
0x10248360,string,Studs
0x10248368,string,Smooth
0x10248370,string,SurfaceType
0x10248460,string,control structure too long
0x1024847c,string,function or expression too complex
0x102484a0,string,code size overflow
0x1024851c,string,GrabRotateCursor
0x102487e4,string,FileMesh
0x102487f0,string,Sphere
0x102487f8,string,Wedge
0x10248800,string,MeshType
0x10248984,string,Mesh
0x10248a4c,string,Scale
0x10248a54,string,MeshId
0x10248a5c,string,VertexColor
0x10248a78,string,Start: %s
0x10248a84,string,Application Log
0x10248aa0,string,log.txt
0x10248aa8,string,###    %s    ###
0x10248ac0,string,_____________________________________________________
0x10248af8,string,%s
0x10248afc,string,[Error getting time]
0x10248b14,string,Closing log file
0x10248b28,string,Shutdown
0x10248b34,string,%s%s%sExpression: %s%s%s:%d%s%s%s
0x10248b58,string,-
0x10248b5c,string,Last Error (0x%08X): %s
0x10248b78,string,Last error code does not exist.
0x10248b98,string,**************************
0x10248bb8,string,Assertion Failure
0x10248bcc,string,Debug
0x10248bd4,string,Ignore
0x10248bdc,string,Ignore Always
0x10248bec,string,Error
0x10248bf4,string,'.
0x10248bf8,string,An internal error has occured in your program and it will now close.  
0x10248c70,string,Critical Error
0x10248c80,string,Ok
0x10248e94,string,Cannot getCArray for a huge file
0x10248eb8,string,Cannot resize huge files to be shorter.
0x10248ee0,string,temp != NULL
0x10248ef0,string,./g3dcpp/GImage.cpp
0x10248f04,string,Out of memory
0x10248f14,string,TRUEVISION-XFILE
0x10248f28,string,PNG
0x10248f2c,string,Unsupported number of channels for PNG.
0x10248f54,string,Unable to initialize PNG encoder.
0x10248f78,string,1.2.7
0x10248f80,string,Unsupported PNG height.
0x10248f98,string,P6 %d %d 255
0x10248fa8,string,TGA files must be 24 or 32 bit.
0x10248fc8,string,TGA images must be type 2 (Uncompressed truecolor)
0x10248ffc,string,Not a TGA file
0x1024900c,string,TRUEVISION-XFILE
0x10249020,string,Not a bitmap!
0x10249030,string,32 bit bitmaps not supported
0x10249050,string,16-bit bitmaps not supported
0x10249070,string,BMP images must be uncompressed
0x10249090,string,Not a BMP file
0x102490a0,string,BM
0x102490a4,string,Unexpected number6 of channels.
0x102490c4,string,Unsupported PNG bit-depth or type.
0x102490e8,string,Unsupported PNG color type - PNG_COLOR_TYPE_GRAY_ALPHA.
0x10249120,string,Unable to initialize PNG decoder.
0x10249144,string,PPM
0x10249148,string,ICO
0x1024914c,string,PCX
0x10249150,string,BMP
0x10249154,string,TGA
0x10249158,string,JPEG
0x10249160,string,JPG
0x10249164,string,PCX file is corrupted
0x1024917c,string,Only 8-bit paletted and 24-bit PCX files supported.
0x102491b0,string,Unsupported PCX file type.
0x102491d0,string,Warning: Corrupted PCX file (palette marker byte was missing) '%s' Loa
0x10249224,string,*********************
0x1024923c,string,JFIF
0x10249258,string,Bad number of channels in input image
0x10249280,string,%d %d %d%c
0x1024928c,string,P3 %d %d 255
0x1024929c,string,Invalid PPM Header.
0x102492b0,string,Invalid PPM size in header.
0x102492cc,string,File not found.
0x102492e8,string,Unsupported ICO color count.
0x10249308,string,P1
0x1024930c,string,P3
0x10249310,string,P2
0x10249320,string,Windows
0x10249328,string,Windows %d.%d build %d Platform %d %s
0x10249350,string,%d x %d-bit %s processor
0x1024936c,string,Unknown
0x10249374,string,Power PC
0x10249380,string,Alpha
0x10249388,string,MIPS
0x10249390,string,Intel
0x10249398,string,AMD Processor
0x102493a8,string,Cyrix Processor
0x102493b8,string,Intel Processor
0x102493c8,string,Unknown Processor Vendor
0x102493e4,string,G3D %d.%02d
0x102493f0,string,isPow2(alignment)
0x10249404,string,./g3dcpp/System.cpp
0x10249418,string,alignment must be a power of 2
0x10249440,string,wb
0x10249444,string,ab
0x10249448,string,Out of memory while writing to disk in BinaryOutput (could not create 
0x102494a8,string,Out of memory while writing to memory in BinaryOutput (no RAM left).
0x102494f0,string,<memory>
0x102495b0,string,! inBetween
0x102495bc,string,./g3dcpp/Stopwatch.cpp
0x102495d4,string,Stopwatch::tick() called twice in a row.
0x10249600,string,inBetween
0x1024960c,string,Stopwatch::tock() called without matching tick.
0x102496a8,string,"Sphere(<%g, %g, %g>, %g)"
0x102496f0,string,HKEY_PERFORMANCE_TEXT
0x10249708,string,HKEY_PERFORMANCE_NLSTEXT
0x10249724,string,HKEY_PERFORMANCE_DATA
0x1024973c,string,HKEY_LOCAL_MACHINE
0x10249750,string,HKEY_CURRENT_USER
0x10249764,string,HKEY_CURRENT_CONFIG
0x10249778,string,HKEY_CLASSES_ROOT
0x102497b8,string,Courier New
0x102497c4,string,Press any key...
0x102497d8,string,Press any key for '%s'...
0x102497f4,string,'%d' is not a valid choice.
0x10249810,string,>
0x10249814,string,(%d) %s
0x10249820,string,(%d) %s
0x1024982c,string,Choose an option by number:
0x10249848,string,___________________________________________________
0x10249880,string,Edit
0x10249888,string,Tahoma
0x102498a0,string,Tried to read a larger memory chunk than could fit in memory. (2)
0x102498ec,string,File not found: '%s'
0x10249904,string,Not enough memory to load compressed file. (2)
0x10249934,string,Not enough memory to load compressed file. (1)
0x10249964,string,MNG features are not allowed in a PNG datastream
0x10249998,string,Unable to write international text
0x102499bc,string,Valid palette required for paletted images
0x102499e8,string,No IDATs written into file
0x10249a04,string,png_write_info was never called before png_write_row.
0x10249a48,string,Unknown filter heuristic method
0x10249a68,string,Incompatible libpng version in application and library
0x10249aa0,string,Application  is  running with png.c from libpng-%.20s
0x10249ad8,string,Application was compiled with png.h from libpng-%.20s
0x10249b10,string,Ignoring attempt to set negative chromaticity value
0x10249b44,string,Ignoring attempt to set chromaticity value exceeding 21474.83
0x10249ba0,string,Setting gamma=0
0x10249bb0,string,Limiting gamma to 21474.83
0x10249bcc,string,Setting negative gamma to zero
0x10249bec,string,Insufficient memory for hIST chunk data.
0x10249c18,string,"Palette size 0, hIST allocation skipped."
0x10249c44,string,Invalid filter method in IHDR
0x10249c64,string,Unknown filter method in IHDR
0x10249c84,string,Unknown compression method in IHDR
0x10249ca8,string,Unknown interlace method in IHDR
0x10249ccc,string,Invalid color type/bit depth combination in IHDR
0x10249d00,string,Invalid color type in IHDR
0x10249d1c,string,Invalid bit depth in IHDR
0x10249d38,string,Width is too large for libpng to process pixels
0x10249d68,string,Invalid image size in IHDR
0x10249d84,string,image size exceeds user limits in IHDR
0x10249dac,string,Image width or height is zero in IHDR
0x10249dd4,string,Insufficient memory for pCAL parameter.
0x10249dfc,string,Insufficient memory for pCAL params.
0x10249e24,string,Insufficient memory for pCAL units.
0x10249e48,string,Insufficient memory for pCAL purpose.
0x10249eb8,string,Insufficient memory to process iCCP profile.
0x10249ee8,string,Insufficient memory to process iCCP chunk.
0x10249f14,string,iTXt chunk not supported.
0x10249f30,string,No memory for sPLT palettes.
0x10249f50,string,Out of memory processing unknown chunk.
0x10249f78,string,Out of memory while processing unknown chunk.
0x10249fa8,string,Call to NULL write function
0x10249fc4,string,Write Error
0x10249fd0,string,the same structure.  Resetting read_data_fn to NULL.
0x1024a008,string,Attempted to set both read_data_fn and write_data_fn in
0x1024a1dc,string,Potential overflow in png_zalloc()
0x1024a200,string,Application transferred too many scanlines
0x1024a22c,string,Invalid SOS parameters for sequential JPEG
0x1024a258,string,Corrupt JPEG data: found marker 0x%02x instead of RST%d
0x1024a290,string,Premature end of JPEG file
0x1024a2ac,string,Warning: unknown JFIF revision number %d.%02d
0x1024a2dc,string,Corrupt JPEG data: bad Huffman code
0x1024a300,string,Corrupt JPEG data: premature end of data segment
0x1024a334,string,Corrupt JPEG data: %u extraneous bytes before marker 0x%02x
0x1024a370,string,Inconsistent progression sequence for component %d coefficient %d
0x1024a3b4,string,Unknown Adobe color transform code %d
0x1024a3dc,string,Obtained XMS handle %u
0x1024a3f4,string,Freed XMS handle %u
0x1024a408,string,"Unrecognized component IDs %d %d %d, assuming YCbCr"
0x1024a43c,string,"JFIF extension marker: RGB thumbnail image, length %u"
0x1024a474,string,"JFIF extension marker: palette thumbnail image, length %u"
0x1024a4b0,string,"JFIF extension marker: JPEG-compressed thumbnail image, length %u"
0x1024a4f4,string,Opened temporary file %s
0x1024a510,string,Closed temporary file %s
0x1024a52c,string,"Ss=%d, Se=%d, Ah=%d, Al=%d"
0x1024a54c,string,Component %d: dc=%d ac=%d
0x1024a56c,string,Start Of Scan: %d components
0x1024a58c,string,Start of Image
0x1024a59c,string,Component %d: %dhx%dv q=%d
0x1024a5bc,string,"Start Of Frame 0x%02x: width=%u, height=%u, components=%d"
0x1024a5f8,string,Smoothing not supported with nonstandard sampling ratios
0x1024a634,string,RST%d
0x1024a63c,string,"At marker 0x%02x, recovery action %d"
0x1024a664,string,Selected %d colors for quantization
0x1024a688,string,Quantizing to %d colors
0x1024a6a0,string,Quantizing to %d = %d*%d*%d colors
0x1024a6c4,string,%4u %4u %4u %4u %4u %4u %4u %4u
0x1024a6ec,string,Unexpected marker 0x%02x
0x1024a708,string,"Miscellaneous marker 0x%02x, length %u"
0x1024a730,string,with %d x %d thumbnail image
0x1024a754,string,"JFIF extension marker: type 0x%02x, length %u"
0x1024a784,string,Warning: thumbnail image size does not match data length %u
0x1024a7c0,string,"JFIF APP0 marker: version %d.%02d, density %dx%d  %d"
0x1024a7f8,string,%3d %3d %3d %3d %3d %3d %3d %3d
0x1024a820,string,End Of Image
0x1024a830,string,Obtained EMS handle %u
0x1024a848,string,Freed EMS handle %u
0x1024a85c,string,Define Restart Interval %u
0x1024a878,string,Define Quantization Table %d  precision %d
0x1024a8a4,string,Define Huffman Table 0x%02x
0x1024a8c0,string,Define Arithmetic Table 0x%02x: 0x%02x
0x1024a8e8,string,"Unknown APP14 marker (not Adobe), length %u"
0x1024a914,string,"Unknown APP0 marker (not JFIF), length %u"
0x1024a940,string,"Adobe APP14 marker: version %d, flags 0x%04x 0x%04x, transform %d"
0x1024a984,string,Caution: quantization tables are too coarse for baseline JPEG
0x1024a9c4,string,6b  27-Mar-1998
0x1024a9d4,string,"Copyright (C) 1998, Thomas G. Lane"
0x1024a9f8,string,Write to XMS failed
0x1024aa0c,string,Read from XMS failed
0x1024aa24,string,Image too wide for this implementation
0x1024aa4c,string,Virtual array controller messed up
0x1024aa70,string,Unsupported marker type 0x%02x
0x1024aa90,string,Application transferred too few scanlines
0x1024aabc,string,Write failed on temporary file --- out of disk space?
0x1024aaf4,string,Seek failed on temporary file
0x1024ab14,string,Read failed on temporary file
0x1024ab34,string,Failed to create temporary file %s
0x1024ab58,string,Invalid JPEG file structure: SOS before SOF
0x1024ab84,string,Invalid JPEG file structure: two SOI markers
0x1024abb4,string,Unsupported JPEG process: SOF type 0x%02x
0x1024abe0,string,Invalid JPEG file structure: missing SOS marker
0x1024ac10,string,Invalid JPEG file structure: two SOF markers
0x1024ac40,string,Cannot quantize to more than %d colors
0x1024ac68,string,Cannot quantize to fewer than %d colors
0x1024ac90,string,Cannot quantize more than %d color components
0x1024acc0,string,Insufficient memory (case %d)
0x1024ace0,string,Not a JPEG file: starts with 0x%02x 0x%02x
0x1024ad0c,string,Quantization table 0x%02x was not defined
0x1024ad38,string,JPEG datastream contains no image
0x1024ad5c,string,Huffman table 0x%02x was not defined
0x1024ad84,string,Backing store not supported
0x1024ada0,string,Requested feature was omitted at compile time
0x1024add0,string,Not implemented yet
0x1024ade4,string,Invalid color quantization mode change
0x1024ae0c,string,Scan script does not transmit all data
0x1024ae34,string,Cannot transcode due to multiple use of quantization table %d
0x1024ae74,string,Premature end of input file
0x1024ae90,string,Empty input file
0x1024aea4,string,Maximum supported image dimension is %u pixels
0x1024aed4,string,Missing Huffman code table entry
0x1024aef8,string,Huffman code size table overflow
0x1024af1c,string,Fractional sampling not implemented yet
0x1024af44,string,Output file write error --- out of disk space?
0x1024af74,string,Input file read error
0x1024af8c,string,Didn't expect more than one scan
0x1024afb0,string,Write to EMS failed
0x1024afc4,string,Read from EMS failed
0x1024afdc,string,Empty JPEG image (DNL not supported)
0x1024b004,string,Bogus DQT index %d
0x1024b018,string,Bogus DHT index %d
0x1024b02c,string,Bogus DAC value 0x%x
0x1024b044,string,Bogus DAC index %d
0x1024b058,string,Unsupported color conversion request
0x1024b080,string,"Too many color components: %d, max %d"
0x1024b0a8,string,CCIR601 sampling not implemented yet
0x1024b0d0,string,Suspension not allowed here
0x1024b0ec,string,Buffer passed to JPEG library is too small
0x1024b118,string,Bogus virtual array access
0x1024b138,string,"JPEG parameter struct mismatch: library thinks size is %u, caller expe"
0x1024b188,string,Improper call to JPEG library in state %d
0x1024b1b4,string,Invalid scan script at entry %d
0x1024b1d4,string,Bogus sampling factors
0x1024b1ec,string,Invalid progressive parameters at scan script entry %d
0x1024b224,string,Invalid progressive parameters Ss=%d Se=%d Ah=%d Al=%d
0x1024b25c,string,Unsupported JPEG data precision %d
0x1024b280,string,Invalid memory pool code %d
0x1024b29c,string,Sampling factors too large for interleaved scan
0x1024b2cc,string,"Wrong JPEG library version: library is %d, caller expects %d"
0x1024b30c,string,Bogus marker length
0x1024b320,string,Bogus JPEG colorspace
0x1024b338,string,Bogus input colorspace
0x1024b350,string,Bogus Huffman table definition
0x1024b370,string,IDCT output block size %d not supported
0x1024b398,string,DCT coefficient out of range
0x1024b3b8,string,Invalid component ID %d in SOS
0x1024b3d8,string,Bogus buffer control mode
0x1024b3f4,string,"MAX_ALLOC_CHUNK is wrong, please fix"
0x1024b41c,string,"ALIGN_TYPE is wrong, please fix"
0x1024b43c,string,"Sorry, there are legal restrictions on arithmetic coding"
0x1024b478,string,Bogus message code %d
0x1024b684,string,Unknown zlib error
0x1024b698,string,zlib version error
0x1024b6ac,string,zlib memory error
0x1024b6c0,string,Missing PLTE before IDAT
0x1024b6dc,string,Missing IHDR before IDAT
0x1024b6f8,string,PNG file corrupted by ASCII conversion
0x1024b720,string,Not a PNG file
0x1024b730,string,Ignoring extra png_read_update_info() call; row buffer not reallocated
0x1024b778,string,Extra compressed data
0x1024b790,string,Decompression error
0x1024b7a4,string,Not enough image data
0x1024b7bc,string,Invalid attempt to read row data
0x1024b7e0,string,Too many IDAT's found
0x1024b810,string,png_do_dither returned rowbytes=0
0x1024b834,string,png_do_rgb_to_gray found nongray pixel
0x1024b85c,string,"NULL row buffer for row %ld, pass %d"
0x1024b884,string,Width too large for libpng to process image data.
0x1024b8b8,string,Invalid image height
0x1024b8d0,string,Invalid image width
0x1024b8e4,string,Invalid color type
0x1024b8f8,string,Invalid bit depth
0x1024b90c,string,Call to NULL read function
0x1024b928,string,Read Error
0x1024b934,string,same structure.  Resetting write_data_fn to NULL.
0x1024b968,string,It's an error to set both read_data_fn and write_data_fn in the
0x1024bd80,string,%lg
0x1024bd84,string,%x
0x1024bd88,string,-1.#INF00
0x1024bd94,string,1.#INF00
0x1024bda0,string,-1.#IND00
0x1024bdb4,string,%s(%d) :
0x1024bdc0,string,Token::END
0x1024bdcc,string,Token::NUMBER
0x1024bddc,string,Token::STRING
0x1024bdec,string,Token::SYMBOL
0x1024bdfc,string,"Expected token of type %s, found type %s."
0x1024be38,string,"Expected symbol '%s', found symbol '%s'."
0x1024be6c,string,Incorrect floating-point special (inf ornan) format.
0x1024bea4,string,#IN
0x1024bea8,string,Incorrect floating-point special (inf or nan) format.
0x1024bee0,string,-
0x1024bee4,string,...'
0x1024beec,string,+
0x1024c478,string,Unable to create a temporary file; robustTmpfile returning NULL
0x1024c4bc,string,tmp%d
0x1024c4c4,string,c:/temp
0x1024c4cc,string,/tmp
0x1024c4d4,string,%s/tmp%d
0x1024c4e0,string,c:/tmp
0x1024c4e8,string,./
0x1024c4ec,string,c:/temp/
0x1024c4f8,string,c:/tmp/
0x1024c500,string,t
0x1024c504,string,w+
0x1024c508,string,Unknown compression type %d
0x1024c524,string,Ignoring request to write a PLTE chunk in grayscale PNG
0x1024c55c,string,Invalid number of colors in palette
0x1024c580,string,Invalid number of histogram entries specified
0x1024c5b0,string,zero length keyword
0x1024c5c4,string,keyword length must be 1 - 79 characters
0x1024c5f0,string,Zero length keyword
0x1024c604,string,extra interior spaces removed from keyword
0x1024c630,string,leading spaces removed from keyword
0x1024c654,string,trailing spaces removed from keyword
0x1024c67c,string,invalid keyword character 0x%02X
0x1024c6a0,string,Out of memory while procesing keyword
0x1024c6c8,string,Empty keyword in tEXt chunk
0x1024c6e4,string,Empty keyword in zTXt chunk
0x1024c700,string,Unrecognized equation type for pCAL chunk
0x1024c72c,string,%12.12e
0x1024c734,string,Invalid interlace type specified
0x1024c758,string,Invalid filter type specified
0x1024c778,string,Invalid compression type specified
0x1024c79c,string,Invalid image color type specified
0x1024c7c0,string,Invalid bit depth for RGBA image
0x1024c7e4,string,Invalid bit depth for grayscale+alpha image
0x1024c810,string,Invalid bit depth for paletted image
0x1024c838,string,Invalid bit depth for RGB image
0x1024c858,string,Invalid bit depth for grayscale image
0x1024c880,string,Invalid zlib compression method or flags in IDAT
0x1024c8b4,string,Invalid sRGB rendering intent specified
0x1024c8dc,string,Empty keyword in iCCP chunk
0x1024c8f8,string,Unknown compression type in iCCP chunk
0x1024c920,string,Empty keyword in sPLT chunk
0x1024c93c,string,Invalid sBIT depth specified
0x1024c95c,string,"white_x=%f, white_y=%f"
0x1024c974,string,Invalid cHRM white point specified
0x1024c998,string,Invalid cHRM red point specified
0x1024c9bc,string,Invalid cHRM green point specified
0x1024c9e0,string,Invalid cHRM blue point specified
0x1024ca10,string,Can't write tRNS with an alpha channel
0x1024ca38,string,Ignoring attempt to write 16-bit tRNS chunk when bit_depth is 8
0x1024ca78,string,Ignoring attempt to write tRNS chunk out-of-range for bit_depth
0x1024cab8,string,Invalid number of transparent colors specified
0x1024cae8,string,Ignoring attempt to write bKGD chunk out-of-range for bit_depth
0x1024cb28,string,Ignoring attempt to write 16-bit bKGD chunk when bit_depth is 8
0x1024cb68,string,Invalid background palette index
0x1024cb8c,string,Unrecognized unit type for oFFs chunk
0x1024cbb4,string,Unrecognized unit type for pHYs chunk
0x1024cbdc,string,Invalid time specified for tIME chunk
0x1024cc14,string,libpng error: %s
0x1024cc28,string,"libpng error: %s, offset=%d"
0x1024cc48,string,libpng error no. %s: %s
0x1024cc64,string,libpng warning: %s
0x1024cc78,string,libpng warning no. %s: %s
0x1024cc94,string,Out of Memory!
0x1024ccb4,string,%ld%c
0x1024ccbc,string,JPEGMEM
0x1024ccc4,string,Unknown zTXt compression type %d
0x1024cce8,string,Not enough memory for text.
0x1024cd04,string,Incomplete compressed datastream in %s chunk
0x1024cd34,string,Data error in compressed datastream in %s chunk
0x1024cd64,string,Buffer error in compressed datastream in %s chunk
0x1024cd98,string,Not enough memory to decompress chunk
0x1024cdc0,string,Not enough memory to decompress chunk..
0x1024cde8,string,Not enough memory to decompress chunk.
0x1024ce10,string,invalid chunk type
0x1024ce24,string,Ignoring bad adaptive filter type
0x1024ce48,string,Row has too many bytes to allocate in memory.
0x1024ce78,string,PNG unsigned integer out of range.
0x1024ce9c,string,CRC error
0x1024cea8,string,Invalid IHDR chunk
0x1024cebc,string,Out of place IHDR
0x1024ced0,string,Truncating incorrect info tRNS chunk length
0x1024cefc,string,Truncating incorrect tRNS chunk length
0x1024cf24,string,Invalid palette chunk
0x1024cf3c,string,Ignoring PLTE chunk in grayscale PNG
0x1024cf64,string,Duplicate PLTE chunk
0x1024cf7c,string,Invalid PLTE after IDAT
0x1024cf94,string,Missing IHDR before PLTE
0x1024cfb0,string,Incorrect IEND chunk length
0x1024cfcc,string,No image in file
0x1024cfe0,string,gamma = (%d/100000)
0x1024cff8,string,Ignoring incorrect gAMA value when sRGB is also present
0x1024d030,string,Ignoring gAMA chunk with gamma=0
0x1024d054,string,Incorrect gAMA chunk length
0x1024d070,string,Duplicate gAMA chunk
0x1024d088,string,Out of place gAMA chunk
0x1024d0a0,string,Invalid gAMA after IDAT
0x1024d0b8,string,Missing IHDR before gAMA
0x1024d0d4,string,Incorrect sBIT chunk length
0x1024d0f0,string,Duplicate sBIT chunk
0x1024d108,string,Out of place sBIT chunk
0x1024d120,string,Invalid sBIT after IDAT
0x1024d138,string,Missing IHDR before sBIT
0x1024d154,string,Invalid cHRM white point
0x1024d170,string,Invalid cHRM red point
0x1024d188,string,Invalid cHRM green point
0x1024d1a4,string,Invalid cHRM blue point
0x1024d1bc,string,"gx=%f, gy=%f, bx=%f, by=%f"
0x1024d1d8,string,"wx=%f, wy=%f, rx=%f, ry=%f"
0x1024d1f4,string,Ignoring incorrect cHRM value when sRGB is also present
0x1024d22c,string,Incorrect cHRM chunk length
0x1024d248,string,Duplicate cHRM chunk
0x1024d260,string,Missing PLTE before cHRM
0x1024d27c,string,Invalid cHRM after IDAT
0x1024d294,string,Missing IHDR before cHRM
0x1024d2b0,string,incorrect gamma=(%d/100000)
0x1024d2d0,string,Unknown sRGB intent
0x1024d2e4,string,Incorrect sRGB chunk length
0x1024d300,string,Duplicate sRGB chunk
0x1024d318,string,Out of place sRGB chunk
0x1024d330,string,Invalid sRGB after IDAT
0x1024d348,string,Missing IHDR before sRGB
0x1024d364,string,Profile size field missing from iCCP chunk
0x1024d390,string,Ignoring truncated iCCP profile.
0x1024d3b4,string,Ignoring nonzero compression type in iCCP chunk
0x1024d3e4,string,Malformed iCCP chunk
0x1024d3fc,string,Duplicate iCCP chunk
0x1024d414,string,Out of place iCCP chunk
0x1024d42c,string,Invalid iCCP after IDAT
0x1024d444,string,Missing IHDR before iCCP
0x1024d460,string,sPLT chunk requires too much memory
0x1024d484,string,sPLT chunk too long
0x1024d498,string,sPLT chunk has bad length
0x1024d4b4,string,malformed sPLT chunk
0x1024d4cc,string,Invalid sPLT after IDAT
0x1024d4e4,string,Missing IHDR before sPLT
0x1024d500,string,tRNS chunk not allowed with alpha channel
0x1024d52c,string,Zero length tRNS chunk
0x1024d544,string,Missing PLTE before tRNS
0x1024d560,string,Duplicate tRNS chunk
0x1024d578,string,Invalid tRNS after IDAT
0x1024d590,string,Incorrect tRNS chunk length
0x1024d5ac,string,Missing IHDR before tRNS
0x1024d5c8,string,Incorrect bKGD chunk index value
0x1024d5ec,string,Incorrect bKGD chunk length
0x1024d608,string,Duplicate bKGD chunk
0x1024d620,string,Missing PLTE before bKGD
0x1024d63c,string,Invalid bKGD after IDAT
0x1024d654,string,Missing IHDR before bKGD
0x1024d670,string,Incorrect hIST chunk length
0x1024d68c,string,Duplicate hIST chunk
0x1024d6a4,string,Missing PLTE before hIST
0x1024d6c0,string,Invalid hIST after IDAT
0x1024d6d8,string,Missing IHDR before hIST
0x1024d6f4,string,Duplicate pHYs chunk
0x1024d70c,string,Invalid pHYs after IDAT
0x1024d724,string,Incorrect pHYs chunk length
0x1024d740,string,Missing IHDR before pHYs
0x1024d75c,string,Duplicate oFFs chunk
0x1024d774,string,Invalid oFFs after IDAT
0x1024d78c,string,Incorrect oFFs chunk length
0x1024d7a8,string,Missing IHDR before oFFs
0x1024d7c4,string,No memory for pCAL params.
0x1024d7e0,string,Invalid pCAL parameters for equation type
0x1024d80c,string,Invalid pCAL data
0x1024d820,string,Duplicate pCAL chunk
0x1024d838,string,Invalid pCAL after IDAT
0x1024d850,string,No memory for pCAL purpose.
0x1024d86c,string,Missing IHDR before pCAL
0x1024d888,string,Invalid sCAL data
0x1024d89c,string,malformed height string in sCAL chunk
0x1024d8c4,string,malformed width string in sCAL chunk
0x1024d8ec,string,Duplicate sCAL chunk
0x1024d904,string,Invalid sCAL after IDAT
0x1024d91c,string,Out of memory while processing sCAL chunk
0x1024d948,string,Missing IHDR before sCAL
0x1024d964,string,Duplicate tIME chunk
0x1024d97c,string,Incorrect tIME chunk length
0x1024d998,string,Out of place tIME chunk
0x1024d9b0,string,Insufficient memory to process text chunk.
0x1024d9dc,string,Not enough memory to process text chunk.
0x1024da08,string,No memory to process text chunk.
0x1024da2c,string,Missing IHDR before tEXt
0x1024da48,string,Insufficient memory to store zTXt chunk.
0x1024da74,string,Not enough memory to process zTXt chunk.
0x1024daa0,string,Unknown compression type in zTXt chunk
0x1024dac8,string,Zero length zTXt chunk
0x1024dae0,string,Out of memory processing zTXt chunk.
0x1024db08,string,Missing IHDR before zTXt
0x1024db24,string,unknown critical chunk
0x1024db3c,string,Extra compression data
0x1024db54,string,Extra compressed data.
0x1024db6c,string,Decompression Error
0x1024df88,string,"Failed to load texture '%s', unknown exception"
0x1024dfb8,string,"Failed to load texture '%s', %s"
0x1024dfd8,string,"Generated bump texture, color = (%3.1f, %3.1f, %3.1f)"
0x1024e010,string,%g%g%g%s
0x1024e028,string,GL_NV_register_combiners
0x1024e044,string,GL_NV_texture_shader3
0x1024e05c,string,GL_ATI_texture_env_combine3
0x1024e078,string,GL_NV_fragement_program
0x1024e090,string,GL_ATI_fragment_shader
0x1024e0a8,string,Could not determine CPU name
0x1024e0c8,string,HKEY_LOCAL_MACHINE/HARDWARE/DESCRIPTION/System/CentralProcessor/0/Proc
0x1024e120,string,HKEY_LOCAL_MACHINE/HARDWARE/DESCRIPTION/System/CentralProcessor/0/~MHz
0x1024e168,string,ATI
0x1024e21c,string,Failed to load sky box
0x1024e234,string,Failed to load sky box. %s
0x1024e37c,string,MegaTexture
0x1024e388,string,textures/SurfacesStrip.png
0x1024e3a4,string,textures/JohnTex.png
0x1024e3bc,string,textures/surfaces.png
0x1024e588,string,"[%f,%f,%f][%f,%f,%f][%f,%f,%f]"
0x1024e5a8,string,%d
0x1024e5ac,string,version 1.00
0x1024e5d0,string,.dmp
0x1024e5d8,string,%s %s
0x1024e5e0,string,Crash Reporter
0x1024e5f0,string,%s has crashed. Generate a report?
0x1024e614,string,SetUnhandledExceptionFilter
0x1024e630,string,kernel32.dll
0x1024e780,string,Attempt to add a non-CharacterAppearance/Accoutrement object to a char
0x1024e820,string,RemoveCharacterAppearance can only be called by the backend server
0x1024e930,string,rebuildBackpack can only be called by the backend server
0x1024ea70,string,RemoveCharacter can only be called by the backend server
0x1024eb8c,string,set a Player's name
0x1024eba0,string,create a Player
0x1024ebb0,string,;
0x1024ebb8,string,LoadCharacterAppearance can only be called by the backend server
0x1024ec00,string,fonts/humanoidAnimate.rbxm
0x1024ec1c,string,fonts/humanoidHealth.rbxm
0x1024ec38,string,fonts/humanoidSound.rbxm
0x1024ec54,string,character.rbxm should contain a humanoid
0x1024ec80,string,character.rbxm should contain a Character model
0x1024ecb0,string,fonts/character.rbxm
0x1024ecc8,string,LoadCharacter can only be called by the backend server
0x1024ed00,string,LoadCharacter can only be called when Player is in the world
0x1024ed40,string,LoadCharacter
0x1024ed50,string,RemoveCharacter
0x1024ed60,string,SetUnder13
0x1024ed6c,string,SetSuperSafeChat
0x1024ed80,string,CharacterAppearance
0x1024ed94,string,userId
0x1024ed9c,string,Under13
0x1024eda4,string,SuperSafeChat
0x1024edb4,string,Chatted
0x1024edbc,string,recipient
0x1024edc8,string,Idled
0x1024ef10,string,userID
0x1024f170,string,Players
0x1024f178,string,Unable to post abuse report to %s. %s
0x1024f1a0,string,Posted abuse report to %s
0x1024f1bc,string,messages
0x1024f1c8,string,comment
0x1024f1d0,string,report
0x1024f1d8,string,Can't report abuse: Not in a networked game
0x1024f204,string,Sending abuse report to game server via Raknet
0x1024f234,string,Submitting abuse report from %s
0x1024f254,string,[[[anonymous]]]
0x1024f264,string,No local Player to chat from
0x1024f284,string,Local player already exists
0x1024f2a0,string,Chat message from unknown Player %s %s
0x1024f2c8,string,Players::OnReceive packet %d: %s
0x1024f2ec,string,rbx_abusereporter
0x1024f300,string,NumPlayers
0x1024f30c,string,MaxPlayers
0x1024f318,string,LocalPlayer
0x1024f324,string,GetPlayerByID
0x1024f334,string,player
0x1024f33c,string,players
0x1024f344,string,GetPlayers
0x1024f350,string,CreateLocalPlayer
0x1024f364,string,SetAbuseReportUrl
0x1024f378,string,playerFromCharacter
0x1024f38c,string,character
0x1024f398,string,GetPlayerFromCharacter
0x1024f3b0,string,PlayerAdded
0x1024f3bc,string,PlayerRemoving
0x1024f644,string,Connecting to %s:%d
0x1024f658,string,Failed to connect to server
0x1024f674,string,Failed to start network client
0x1024f7f4,string,Invalid version from %s
0x1024f80c,string,Failed to connect to %s. %s
0x1024f82c,string,Client::OnReceive packet %d: %s
0x1024f84c,string,Connection accepted from %s
0x1024f86c,string,Connect
0x1024f874,string,server
0x1024f87c,string,serverPort
0x1024f888,string,clientPort
0x1024f894,string,threadSleepTime
0x1024f8a4,string,Disconnect
0x1024f8b0,string,blockDuration
0x1024f8c0,string,ConnectionAccepted
0x1024f8d4,string,peer
0x1024f8dc,string,replicator
0x1024f8e8,string,ConnectionRejected
0x1024f8fc,string,ConnectionFailed
0x1024f910,string,code
0x1024fc34,string,IP addresses:
0x1024fc44,string,Starting network server on port %d
0x1024fc68,string,Failed to start network server
0x1024fc88,string,Replicator::ClientProxy::OnReceive packet %d: %s
0x1024fcbc,string,Couldn't resolve remotePlayer %s from %s
0x1024fce8,string,remotePlayer is NULL
0x1024fd00,string,Received remotePlayer %s from %s
0x1024fe58,string,Server::OnReceive packet %d: %s
0x1024fe78,string,New connection from %s
0x1024fe90,string,Start
0x1024fe98,string,port
0x1024fea0,string,GetClientCount
0x1024feb0,string,IncommingConnection
0x10250214,string,Network
0x1025021c,string,LogPackets
0x10250228,string,PrintInstances
0x10250238,string,PrintProperties
0x10250248,string,PrintPacketBuffer
0x1025025c,string,PrintPhysicsErrors
0x10250270,string,MaxSendBPS
0x1025027c,string,Simulator
0x10250288,string,MinExtraPing
0x10250298,string,ExtraPingVariance
0x102502ac,string,MaxDataModelSendBuffer
0x102502c4,string,Replication
0x102502d0,string,DataPacketSize
0x102502e0,string,SendRate
0x10250448,string,Failed to create log file %s
0x10250468,string,Logging packets to %s
0x10250480,string,wt
0x10250484,string,PacketLog%i.csv
0x10250610,string,Replication: Sending marker %d to %s
0x10250660,string,"Replication: ~%s >> %s, %s"
0x1025067c,string,Replication: ~%s:%s >> %s
0x10250698,string,Replication: ~NULL >> %s
0x102506b4,string,Replicator: Requesting character for %s
0x102506dc,string,Attempting to send a Character request without a local Player
0x1025071c,string,Replication ~??? << %s
0x10250734,string,Replication: ~%s:%d << %s
0x10250784,string,Packets Thread
0x10250794,string,Physics-in of unidentified %s
0x102507b8,string,Physics-in dropping old packet
0x102507d8,string,Physics-in of anchored primitive %s
0x102507fc,string,Physics-in of primitive with no assembly %s
0x10250828,string,Physics-in of part not in workspace %s
0x10250850,string,SendBuffer = %d
0x10250860,string,Waiting Refs
0x10250870,string,Instance size (In)
0x10250884,string,Packet Loss
0x10250890,string,Bandwidth Exceeded
0x102508a4,string,Bytes/s
0x10250970,string,%.1g%%
0x10250978,string,%d avg:%d best:%d
0x1025098c,string,Replication: Can't create default object of type %s
0x102509c0,string,Replication: %s:%s.%s >> %s
0x102509dc,string,Replication: Can't create object of type %s
0x10250a08,string,"Replication: Bad re-binding %s-%s << %s, %s-%s"
0x10250a38,string,Replication: %s:%s << %s
0x10250a54,string,Received marker %d from %s
0x10250a70,string,ID_CHANGEPROPERTY bad property %s-%s.%s from %s
0x10250aa0,string,Replication: %s-%s.%s << %s
0x10250ac4,string,"%s %s, %d bits"
0x10250ad8,string,"%s %s, 1 bit (default)"
0x10250af4,string,"%s %s, %d bit"
0x10250b08,string,Replicator::OnReceive packet %d: %s
0x10250b2c,string,Remote peer is running in the same process
0x10250b58,string,Disconnect from %s
0x10250b6c,string,Lost connection to %s
0x10250b84,string,Replication: %s:%s >> %s
0x10250ba8,string,Replicator: Requesting Marker %d of %s
0x10250f1c,string,Physics Out
0x10250f28,string,Physics In
0x10250f34,string,Data Out
0x10250f40,string,Data In
0x10250f48,string,Data Listening
0x10250f58,string,Disconnection
0x10250f68,string,lostConnection
0x10250f78,string,SendMarker
0x10250f84,string,RequestCharacter
0x10250f98,string,CloseConnection
0x10250fa8,string,GetPlayer
0x10250fb4,string,Received
0x1025100c,string,127.0.0.1
0x10251018,string,localhost
0x10251078,string,"S|R,Typ,Pckt#,Frm #,PktID,BitLn,Time     ,Local IP:Port   ,RemoteIP:Po"
0x102510c4,string,ID_READY_EVENT_QUERY
0x102510dc,string,ID_READY_EVENT_ALL_SET
0x102510f4,string,ID_READY_EVENT_UNSET
0x1025110c,string,ID_READY_EVENT_SET
0x10251120,string,ID_DATABASE_INCORRECT_PASSWORD
0x10251140,string,ID_DATABASE_UNKNOWN_TABLE
0x1025115c,string,ID_DATABASE_QUERY_REPLY
0x10251174,string,ID_DATABASE_REMOVE_ROW
0x1025118c,string,ID_DATABASE_UPDATE_ROW
0x102511a4,string,ID_DATABASE_QUERY_REQUEST
0x102511c0,string,ID_NAT_SEND_OFFLINE_MESSAGE_AT_TIME
0x102511e4,string,ID_NAT_CONNECT_AT_TIME
0x102511fc,string,ID_NAT_TARGET_CONNECTION_LOST
0x1025121c,string,ID_NAT_TARGET_NOT_CONNECTED
0x10251238,string,ID_NAT_PUNCHTHROUGH_REQUEST
0x10251254,string,ID_AUTOPATCHER_RESTART_APPLICATION
0x10251278,string,ID_AUTOPATCHER_FINISHED
0x10251290,string,ID_AUTOPATCHER_FINISHED_INTERNAL
0x102512b4,string,ID_AUTOPATCHER_REPOSITORY_FATAL_ERROR
0x102512dc,string,ID_AUTOPATCHER_PATCH_LIST
0x102512f8,string,ID_AUTOPATCHER_GET_PATCH
0x10251314,string,ID_AUTOPATCHER_DELETION_LIST
0x10251334,string,ID_AUTOPATCHER_CREATION_LIST
0x10251354,string,ID_AUTOPATCHER_GET_CHANGELIST_SINCE_DATE
0x10251380,string,ID_RAKVOICE_DATA
0x10251394,string,ID_RAKVOICE_CLOSE_CHANNEL
0x102513b0,string,ID_RAKVOICE_OPEN_CHANNEL_REPLY
0x102513d0,string,ID_RAKVOICE_OPEN_CHANNEL_REQUEST
0x102513f4,string,ID_ROUTE_AND_MULTICAST
0x1025140c,string,ID_CONNECTION_GRAPH_DISCONNECTION_NOTIFICATION
0x1025143c,string,ID_CONNECTION_GRAPH_CONNECTION_LOST
0x10251460,string,ID_CONNECTION_GRAPH_NEW_CONNECTION
0x10251484,string,ID_CONNECTION_GRAPH_UPDATE
0x102514a0,string,ID_CONNECTION_GRAPH_REPLY
0x102514bc,string,ID_CONNECTION_GRAPH_REQUEST
0x102514d8,string,ID_REPLICA_MANAGER_DOWNLOAD_COMPLETE
0x10251500,string,ID_REPLICA_MANAGER_SERIALIZE
0x10251520,string,ID_REPLICA_MANAGER_SCOPE_CHANGE
0x10251540,string,ID_REPLICA_MANAGER_DESTRUCTION
0x10251560,string,ID_REPLICA_MANAGER_CONSTRUCTION
0x10251580,string,ID_TRANSPORT_STRING
0x10251594,string,ID_DDT_DOWNLOAD_REQUEST
0x102515ac,string,ID_FILE_LIST_TRANSFER_FILE
0x102515c8,string,ID_FILE_LIST_TRANSFER_HEADER
0x102515e8,string,ID_DOWNLOAD_PROGRESS
0x10251600,string,ID_REMOTE_NEW_INCOMING_CONNECTION
0x10251624,string,ID_REMOTE_CONNECTION_LOST
0x10251640,string,ID_REMOTE_DISCONNECTION_NOTIFICATION
0x10251668,string,ID_ADVERTISE_SYSTEM
0x1025167c,string,ID_PONG
0x10251684,string,ID_TIMESTAMP
0x10251694,string,ID_MODIFIED_PACKET
0x102516a8,string,ID_INVALID_PASSWORD
0x102516bc,string,ID_CONNECTION_BANNED
0x102516d4,string,ID_RSA_PUBLIC_KEY_MISMATCH
0x102516f0,string,ID_CONNECTION_LOST
0x10251704,string,ID_DISCONNECTION_NOTIFICATION
0x10251724,string,ID_NO_FREE_INCOMING_CONNECTIONS
0x10251744,string,ID_NEW_INCOMING_CONNECTION
0x10251760,string,ID_ALREADY_CONNECTED
0x10251778,string,ID_CONNECTION_ATTEMPT_FAILED
0x10251798,string,ID_CONNECTION_REQUEST_ACCEPTED
0x102517b8,string,ID_RPC_REPLY
0x102517c8,string,ID_RPC
0x102517d0,string,ID_OPEN_CONNECTION_REPLY
0x102517ec,string,ID_OPEN_CONNECTION_REQUEST
0x10251808,string,ID_DETECT_LOST_CONNECTIONS
0x10251824,string,ID_RPC_MAPPING
0x10251834,string,ID_SECURED_CONNECTION_CONFIRMATION
0x10251858,string,ID_SECURED_CONNECTION_RESPONSE
0x10251878,string,ID_CONNECTION_REQUEST
0x10251890,string,ID_CONNECTED_PONG
0x102518a4,string,ID_PING_OPEN_CONNECTIONS
0x102518c0,string,ID_PING
0x102518c8,string,ID_INTERNAL_PING
0x102518dc,string,"%sSnd,Raw,NIL,NIL,%s,%i,%i,%u:%i,%u:%i%s"
0x10251908,string,"%sSnd,Raw,  NIL,  NIL,%5i,%5i,%i,%u:%i,%u:%i%s"
0x10251938,string,"%sRcv,Raw,NIL,NIL,%s,%i,%i,%u:%i,%u:%i%s"
0x10251964,string,"%sRcv,Raw,  NIL,  NIL,%5i,%5i,%i,%u:%i,%u:%i%s"
0x10251994,string,"%s%s,Rpc,%5i,%5i,%s,%5i,%i,%u:%i,%u:%i%s"
0x102519c0,string,"%s%s,RpT,%5i,%5i,%s,%5i,%i,%u:%i,%u:%i%s"
0x102519ec,string,"%s%s,Nrm,%i,%i,%s,%i,%i,%u:%i,%u:%i%s"
0x10251a14,string,"%s%s,Nrm,%5i,%5i,%5i,%5i,%i,%u:%i,%u:%i%s"
0x10251a40,string,"%s%s,Tms,%i,%i,%s,%i,%i,%u:%i,%u:%i%s"
0x10251a68,string,"%s%s,Tms,%5i,%5i,%5i,%5i,%i,%u:%i,%u:%i%s"
0x10251ef0,string,[UNKNOWN]
0x10251efc,string,0.0.0.0
0x10251f20,string,
0x10251f40,string,UNSUPPORTED
0x10251f4c,string,ok
0x10251f50,string,GL_EXT_blend_minmax
0x10251f64,string,GL_ARB_texture_env_dot3
0x10251f7c,string,GL_ARB_texture_env_combine
0x10251f98,string,GL_EXT_texture_env_add
0x10251fb8,string,(b >= BUFFER_CURRENT) && (b <= BUFFER_COLOR15)
0x10251fe8,string,Visible buffers cannot be specified for application-created framebuffe
0x10252034,string,(b >= BUFFER_NONE) && (b <= BUFFER_CURRENT)
0x10252060,string,./glg3dcpp/RenderDevice.cpp
0x10252080,string,Drawing to a color buffer is only supported by application-created fra
0x102520d4,string,s->ok()
0x102520dc,string,currentVARArea.isNull() || (v.area == currentVARArea)
0x10252118,string,All vertex arrays used within a single begin/endIndexedPrimitive block
0x1025217c,string,VAR Milestone
0x102521a4,string,Setting initial rendering state.
0x102521c8,string,Done setting initial state.
0x102521e8,string,GL_NV_multisample_filter_hint
0x10252208,string,GL_ARB_multisample
0x10252220,string,"Cannot enable separate specular lighting, extension not supported."
0x10252264,string,Enabling separate specular lighting.
0x1025228c,string,GL_EXT_separate_specular_color
0x102522ac,string,Brightness set.
0x102522bc,string,Setting brightness to %g
0x102522d8,string,wglSwapIntervalEXT(1);
0x102522f0,string,wglSwapIntervalEXT(0);
0x10252308,string,Deleting window.
0x1025231c,string,Freeing all VAR memory
0x10252334,string,Restoring gamma.
0x10252348,string,Shutting down RenderDevice.
0x10252364,string,3D
0x10252368,string,Done initializing RenderDevice.
0x10252390,string,Capability    Minimum   Desired   Received  Ok? ----------------------
0x102525c0,string,Windowed
0x102525cc,string,Video Status
0x102525dc,string,GL extensions: '%s'
0x102525f4,string,Driver version: %s
0x1025260c,string,GL Version:     %s
0x10252620,string,GL Renderer:    %s
0x10252634,string,GL Vendor:      %s
0x10252648,string,Processor Architecture: %s
0x10252668,string,Operating System: %s
0x10252680,string,********************************************************* * WARNING: T
0x10252854,string,GDI Generic
0x10252860,string,Setting video mode
0x10252878,string,numTextureCoords                      = %d numTextures                
0x10252950,string,No GL_ARB_multitexture support: forcing number of texture units to no 
0x102529a4,string,GL_NV_fragment_program
0x102529bc,string,Initialization
0x102529d8,string,n != NULL
0x102529e8,string,c:/Roblox/Releases/2007.12.20/Client/Rendering/g3d/include/G3D/Table.h
0x10252a30,string,Tried to remove a key that was not in the table.
0x10252a64,string,CheckCacheSize is removing %s
0x10252a88,string,texture != NULL
0x10252a98,string,./glg3dcpp/TextureManager.cpp
0x10252ab8,string,Texture not found
0x10252b20,string,lf
0x10252b24,string,rt
0x10252b28,string,dn
0x10252b2c,string,up
0x10252b30,string,bk
0x10252b34,string,ft
0x10252b58,string,GL_SGIS_generate_mipmap
0x10252b70,string,GL_EXT_texture_filter_anisotropic
0x10252b94,string,GL_EXT_texture_lod
0x10252ba8,string,./glg3dcpp/Texture.cpp
0x10252bc0,string,Illegal interpolate mode
0x10252be0,string,Cube map filenames must contain '*' as a placeholder for up/lf/rt/bk/f
0x10252c2c,string,*
0x10252c30,string,glGetError() != GL_INVALID_OPERATION
0x10252c58,string,GL_INVALID_OPERATION: Probably caused by invoking glGenTextures betwee
0x10252cb4,string,e == GL_NONE
0x10252cc4,string,Error encountered during glBindTexture:
0x10252cf8,string,GImage has an unexpected number of channels (%d)
0x10252d2c,string,Alpha
0x10252d34,string,DDS
0x10252d38,string,**************************  Loading '%s' failed. %s
0x102557c8,string,incorrect length check
0x102557e0,string,incorrect data check
0x102557f8,string,invalid distance too far back
0x10255818,string,invalid distance code
0x10255830,string,invalid literal/length code
0x1025584c,string,invalid distances set
0x10255864,string,invalid bit length repeat
0x10255880,string,invalid literal/lengths set
0x1025589c,string,too many length or distance symbols
0x102558c0,string,invalid code lengths set
0x102558dc,string,invalid stored block lengths
0x102558fc,string,invalid block type
0x10255910,string,header crc mismatch
0x10255924,string,unknown header flags set
0x10255940,string,incorrect header check
0x10255958,string,invalid window size
0x1025596c,string,unknown compression method
0x10255a90,string,real.str
0x10255a9c,string,sun-rays.jpg
0x10255aac,string,lensflare.jpg
0x10255abc,string,sun.jpg
0x10255ac4,string,moon.jpg
0x10255ad0,string,moon-alpha.jpg
0x10255b10,string,./glg3dcpp/VAR.cpp
0x10255b24,string,Fell through switch
0x10255b38,string,newAlignedSize <= area->freeSize()
0x10255b60,string,VARArea too small to hold new VAR (possibly due to rounding to 8-byte 
0x10255bb4,string,! _area.isNull()
0x10255bc8,string,Bad VARArea
0x10255be0,string,./glg3dcpp/VARArea.cpp
0x10255bf8,string,Fell through switch.
0x10255c28,string,_initialized
0x10255c38,string,./glg3dcpp/GLCaps.cpp
0x10255c50,string,GLCaps has not been initialized.
0x10255d98,string,GL_EXT_texture_cube_map
0x10255db8,string,_loadedExtensions
0x10255dcc,string,Cannot call GLCaps::glVersion before GLCaps::init().
0x10255e04,string,Cannot call GLCaps::vendor before GLCaps::init().
0x10255e38,string,Cannot call GLCaps::renderer before GLCaps::init().
0x10255e6c,string,MOBILITY RADEON 7500
0x10255e84,string,GL_ARB_vertex_buffer_object
0x10255ea0,string,Brian Paul
0x10255eac,string,NVIDIA Corporation
0x10255ec0,string,ATI Technologies Inc.
0x10255ed8,string,Unknown (No information)
0x10255ef4,string,Unknown (Can't find driver)
0x10255f10,string,/ati2dvag.dll
0x10255f20,string,/nv4_disp.dll
0x10255f30,string,Unknown (Unknown vendor)
0x10255f4c,string,Unknown (can't find Windows directory)
0x10255f74,string,Unknown (bad MESA driver string)
0x10255f98,string,Cannot call GLCaps::driverVersion before GLCaps::init().
0x10255fd4,string,Intel 854G
0x10255fe0,string,Intel 845G
0x10255fec,string,MOBILITY RADEON 57
0x10256000,string,MOBILITY RADEON 90
0x10256014,string,Cannot check for OpenGL bugs before extensions are loaded.
0x10256050,string,WARNING: This ATI Radeon Mobility card has a known bug with cube maps.
0x102560f4,string,6.14.10.6
0x10256100,string,MOBILITY RADEON
0x10256110,string,GL_NV_texture_rectangle
0x10256128,string,GL_EXT_framebuffer_object
0x10256144,string,GL_ARB_vertex_shader
0x1025615c,string,GL_ARB_fragment_shader
0x10256174,string,GL_ARB_shading_language_100
0x10256190,string,GL_ARB_shader_objects
0x102561a8,string,GL_ARB_shadow
0x102561b8,string,GL_EXT_texture_compression_s3tc
0x102561d8,string,GL_ATI_separate_stencil
0x102561f0,string,GL_EXT_stencil_two_side
0x10256208,string,GL_EXT_stencil_wrap
0x1025621c,string,GL_ARB_multitexture
0x10256230,string,GL_ARB_fragment_program
0x10256248,string,GL_EXT_texture_3D
0x1025625c,string,GL_ARB_texture_border_clamp
0x10256278,string,GL_EXT_texture_edge_clamp
0x10256294,string,GL_NV_vertex_program2
0x102562ac,string,GL_ARB_vertex_program
0x102562c4,string,GL_EXT_texture_rectangle
0x102562e0,string,GL_ARB_texture_non_power_of_two
0x10256300,string,glIsQueryARB
0x10256310,string,glGetQueryObjectuivARB
0x10256328,string,glGetQueryObjectivARB
0x10256340,string,glGetQueryivARB
0x10256350,string,glGenQueriesARB
0x10256360,string,glEndQueryARB
0x10256370,string,glDeleteQueriesARB
0x10256384,string,glBeginQueryARB
0x10256394,string,glGenerateMipmapEXT
0x102563a8,string,glGetFramebufferAttachmentParameterivEXT
0x102563d4,string,glFramebufferRenderbufferEXT
0x102563f4,string,glFramebufferTexture3DEXT
0x10256410,string,glFramebufferTexture2DEXT
0x1025642c,string,glFramebufferTexture1DEXT
0x10256448,string,glCheckFramebufferStatusEXT
0x10256464,string,glGenFramebuffersEXT
0x1025647c,string,glDeleteFramebuffersEXT
0x10256494,string,glBindFramebufferEXT
0x102564ac,string,glIsFramebufferEXT
0x102564c0,string,glGetRenderbufferParameterivEXT
0x102564e0,string,glRenderbufferStorageEXT
0x102564fc,string,glGenRenderbuffersEXT
0x10256514,string,glDeleteRenderbuffersEXT
0x10256530,string,glBindRenderbufferEXT
0x10256548,string,glIsRenderBufferEXT
0x1025655c,string,wglDestroyPbufferEXT
0x10256574,string,wglCreatePbufferEXT
0x10256588,string,wglEnableGenlockI3D
0x1025659c,string,glStencilOpSeparateATI
0x102565b4,string,glStencilFuncSeparateATI
0x102565d0,string,glTexImage3DEXT
0x102565e0,string,glDrawBuffersARB
0x102565f4,string,glAlphaFragmentOp3ATI
0x1025660c,string,glAlphaFragmentOp2ATI
0x10256624,string,glAlphaFragmentOp1ATI
0x1025663c,string,glColorFragmentOp3ATI
0x10256654,string,glColorFragmentOp2ATI
0x1025666c,string,glColorFragmentOp1ATI
0x10256684,string,glSetFragmentShaderConstantATI
0x102566a4,string,glSampleMapATI
0x102566b4,string,glPassTexCoordATI
0x102566c8,string,glEndFragmentShaderATI
0x102566e0,string,glBeginFragmentShaderATI
0x102566fc,string,glBindFragmentShaderATI
0x10256714,string,glDeleteFragmentShaderATI
0x10256730,string,glGenFragmentShadersATI
0x10256748,string,glGetActiveUniformARB
0x10256760,string,glGetObjectParameterivARB
0x1025677c,string,glGetAttribLocationARB
0x10256794,string,glGetUniformLocationARB
0x102567ac,string,glGetInfoLogARB
0x102567bc,string,glUniformMatrix4fvARB
0x102567d4,string,glUniformMatrix3fvARB
0x102567ec,string,glUniformMatrix2fvARB
0x10256804,string,glUniform4iARB
0x10256814,string,glUniform3iARB
0x10256824,string,glUniform2iARB
0x10256834,string,glUniform1iARB
0x10256844,string,glUniform4fvARB
0x10256854,string,glUniform3fvARB
0x10256864,string,glUniform2fvARB
0x10256874,string,glUniform1fvARB
0x10256884,string,glValidateProgramARB
0x1025689c,string,glUseProgramObjectARB
0x102568b4,string,glLinkProgramARB
0x102568c8,string,glAttachObjectARB
0x102568dc,string,glCreateProgramObjectARB
0x102568f8,string,glCompileShaderARB
0x1025690c,string,glShaderSourceARB
0x10256920,string,glCreateShaderObjectARB
0x10256938,string,glDetachObjectARB
0x1025694c,string,glGetHandleARB
0x1025695c,string,glDeleteObjectARB
0x10256970,string,glDrawRangeElements
0x10256984,string,glGetBufferPointervARB
0x1025699c,string,glGetBufferParameterivARB
0x102569b8,string,glUnmapBufferARB
0x102569cc,string,glMapBufferARB
0x102569dc,string,glGetBufferSubDataARB
0x102569f4,string,glBufferSubDataARB
0x10256a08,string,glBufferDataARB
0x10256a18,string,glIsBufferARB
0x10256a28,string,glGenBuffersARB
0x10256a38,string,glDeleteBuffersARB
0x10256a4c,string,glBindBufferARB
0x10256a5c,string,glGetProgramParameterdvNV
0x10256a78,string,glGetProgramParameterfvNV
0x10256a94,string,glActiveStencilFaceEXT
0x10256aac,string,glProgramParameter4fvNV
0x10256ac4,string,glTrackMatrixNV
0x10256ad4,string,glLoadProgramNV
0x10256ae4,string,glBindProgramNV
0x10256af4,string,glDeleteProgramsNV
0x10256b08,string,glGenProgramsNV
0x10256b18,string,glGetCombinerStageParameterfvNV
0x10256b38,string,glCombinerStageParameterfvNV
0x10256b58,string,glGetFinalCombinerInputParameterivNV
0x10256b80,string,glGetFinalCombinerInputParameterfvNV
0x10256ba8,string,glGetCombinerOutputParameterivNV
0x10256bcc,string,glGetCombinerOutputParameterfvNV
0x10256bf0,string,glGetCombinerInputParameterivNV
0x10256c10,string,glGetCombinerInputParameterfvNV
0x10256c30,string,glFinalCombinerInputNV
0x10256c48,string,glCombinerOutputNV
0x10256c5c,string,glCombinerInputNV
0x10256c70,string,glCombinerParameteriNV
0x10256c88,string,glCombinerParameterivNV
0x10256ca0,string,glCombinerParameterfNV
0x10256cb8,string,glCombinerParameterfvNV
0x10256cd0,string,glMultiDrawElementsEXT
0x10256ce8,string,glMultiDrawArraysEXT
0x10256d00,string,glPointParameterfvARB
0x10256d18,string,glPointParameterfARB
0x10256d30,string,glDisableVertexAttribArrayARB
0x10256d50,string,glEnableVertexAttribArrayARB
0x10256d70,string,glVertexAttribPointerARB
0x10256d8c,string,glProgramLocalParameter4dvARB
0x10256dac,string,glProgramEnvParameter4dvARB
0x10256dc8,string,glProgramLocalParameter4fvARB
0x10256de8,string,glProgramLocalParameter4fARB
0x10256e08,string,glProgramEnvParameter4fARB
0x10256e24,string,glProgramStringARB
0x10256e38,string,glDeleteProgramsARB
0x10256e4c,string,glBindProgramARB
0x10256e60,string,glGenProgramsARB
0x10256e74,string,glFinishFenceNV
0x10256e84,string,glFlushVertexArrayRangeNV
0x10256ea0,string,glSetFenceNV
0x10256eb0,string,glDeleteFencesNV
0x10256ec4,string,glGenFencesNV
0x10256ed4,string,glGetCompressedTexImageARB
0x10256ef0,string,glCompressedTexImage2DARB
0x10256f0c,string,glVertexArrayRangeNV
0x10256f24,string,wglFreeMemoryNV
0x10256f34,string,wglAllocateMemoryNV
0x10256f48,string,wglChoosePixelFormatARB
0x10256f60,string,wglSwapIntervalEXT
0x10256f74,string,glBlendEquationEXT
0x10256f88,string,glClientActiveTextureARB
0x10256fa4,string,glActiveTextureARB
0x10256fb8,string,glMultiTexCoord4dvARB
0x10256fd0,string,glMultiTexCoord3dvARB
0x10256fe8,string,glMultiTexCoord2dvARB
0x10257000,string,glMultiTexCoord1dARB
0x10257018,string,glMultiTexCoord4fvARB
0x10257030,string,glMultiTexCoord3fvARB
0x10257048,string,glMultiTexCoord2fvARB
0x10257060,string,glMultiTexCoord1fARB
0x10257078,string,glMultiTexCoord2fARB
0x10257090,string,! _initialized
0x102570a0,string,Internal error.
0x10257108,string,sampler2DRectShadow
0x1025711c,string,sampler2DShadow
0x1025712c,string,sampler2DRect
0x1025713c,string,samplerCube
0x10257148,string,sampler3D
0x10257154,string,sampler2D
0x10257160,string,sampler1D
0x1025716c,string,mat4
0x10257174,string,mat3
0x1025717c,string,mat2
0x10257184,string,vec4
0x1025718c,string,vec3
0x10257194,string,vec2
0x102571a0,string,Variable %s was declared as type %s (%s) and the value provided at run
0x10257200,string,No value provided for VertexAndPixelShader uniform variable %s of type
0x10257250,string,No value provided for VertexAndPixelShader uniform variable %s.
0x10257290,string,Extra VertexAndPixelShader uniform variable provided at runtime:
0x102572d4,string,g3d_sz2D_
0x102572e0,string,./glg3dcpp/Shader.cpp
0x102572f8,string,Unsupported argument type: %s
0x10257318,string,gl_
0x1025731c,string,uniform vec4
0x1025732c,string,.zw)
0x10257334,string,(
0x10257340,string,g3d_sampler2DInvSize(
0x10257358,string,nameEnd != std::string::npos
0x10257378,string,) expression
0x10257388,string,Could not find the end of
0x102573a4,string,.xy)
0x102573ac,string,(
0x102573b4,string,g3d_sampler2DSize(
0x102573c8,string,ok()
0x102573d0,string,[Line numbers in the following shader errors are shifted by one.]
0x10257414,string,Could not load shader file '%s'.
0x10257438,string,This graphics card does not support pixel shaders.
0x1025746c,string,This graphics card does not support vertex shaders.
0x102574a0,string,uniform mat4 g3d_WorldToObjectMatrix; uniform mat4 g3d_ObjectToWorldMa
0x10257598,string,g3d_NumTextures
0x102575a8,string,g3d_ObjectLight0
0x102575bc,string,g3d_NumLights
0x102575cc,string,g3d_WorldToCameraMatrix
0x102575e4,string,g3d_WorldToObjectMatrix
0x102575fc,string,g3d_CameraToWorldMatrix
0x10257614,string,g3d_ObjectToWorldMatrix
0x1025762c,string,const
0x10257634,string,uniform
0x1025763c,string,_ok
0x10257640,string,Linking
0x1025764c,string,Compiling
0x10257658,string,Pixel Shader
0x10257668,string,Vertex Shader
0x10257678,string,This graphics card does not support GL_ARB_shader_objects.
0x10257830,string,?0x%x?
0x10257838,string,GL_EVAL_BIT
0x10257844,string,GL_SAMPLER_2D_RECT_SHADOW_ARB
0x10257864,string,GL_SAMPLER_2D_RECT_ARB
0x1025787c,string,GL_SAMPLER_2D_SHADOW_ARB
0x10257898,string,GL_SAMPLER_1D_SHADOW_ARB
0x102578b4,string,GL_SAMPLER_CUBE_ARB
0x102578c8,string,GL_SAMPLER_3D_ARB
0x102578dc,string,GL_SAMPLER_2D_ARB
0x102578f0,string,GL_SAMPLER_1D_ARB
0x10257904,string,GL_FLOAT_MAT4_ARB
0x10257918,string,GL_FLOAT_MAT3_ARB
0x1025792c,string,GL_FLOAT_MAT2_ARB
0x10257940,string,GL_BOOL_VEC4_ARB
0x10257954,string,GL_BOOL_VEC3_ARB
0x10257968,string,GL_BOOL_VEC2_ARB
0x1025797c,string,GL_BOOL_ARB
0x10257988,string,GL_INT_VEC4_ARB
0x10257998,string,GL_INT_VEC3_ARB
0x102579a8,string,GL_INT_VEC2_ARB
0x102579b8,string,GL_FLOAT_VEC4_ARB
0x102579cc,string,GL_FLOAT_VEC3_ARB
0x102579e0,string,GL_FLOAT_VEC2_ARB
0x102579f4,string,GL_SHADER_OBJECT_ARB
0x10257a0c,string,GL_INCR_WRAP_EXT
0x10257a20,string,GL_DECR_WRAP_EXT
0x10257a34,string,GL_TEXTURE_RECTANGLE_EXT
0x10257a50,string,GL_TEXTURE_BINDING_3D
0x10257a68,string,GL_TEXTURE_BINDING_2D
0x10257a80,string,GL_TEXTURE_BINDING_1D
0x10257a98,string,GL_TEXTURE_3D
0x10257aa8,string,GL_FOG_SPECULAR_TEXTURE_WIN
0x10257ac4,string,GL_PHONG_HINT_WIN
0x10257ad8,string,GL_PHONG_WIN
0x10257ae8,string,GL_EDGE_FLAG_ARRAY_POINTER_EXT
0x10257b08,string,GL_TEXTURE_COORD_ARRAY_POINTER_EXT
0x10257b2c,string,GL_INDEX_ARRAY_POINTER_EXT
0x10257b48,string,GL_COLOR_ARRAY_POINTER_EXT
0x10257b64,string,GL_NORMAL_ARRAY_POINTER_EXT
0x10257b80,string,GL_VERTEX_ARRAY_POINTER_EXT
0x10257b9c,string,GL_EDGE_FLAG_ARRAY_COUNT_EXT
0x10257bbc,string,GL_EDGE_FLAG_ARRAY_STRIDE_EXT
0x10257bdc,string,GL_TEXTURE_COORD_ARRAY_COUNT_EXT
0x10257c00,string,GL_TEXTURE_COORD_ARRAY_STRIDE_EXT
0x10257c24,string,GL_TEXTURE_COORD_ARRAY_TYPE_EXT
0x10257c44,string,GL_TEXTURE_COORD_ARRAY_SIZE_EXT
0x10257c64,string,GL_INDEX_ARRAY_COUNT_EXT
0x10257c80,string,GL_COLOR_ARRAY_COUNT_EXT
0x10257c9c,string,GL_NORMAL_ARRAY_COUNT_EXT
0x10257cb8,string,GL_VERTEX_ARRAY_COUNT_EXT
0x10257cd4,string,GL_INDEX_ARRAY_STRIDE
0x10257cec,string,GL_INDEX_ARRAY_TYPE
0x10257d00,string,GL_COLOR_ARRAY_STRIDE
0x10257d18,string,GL_COLOR_ARRAY_TYPE
0x10257d2c,string,GL_COLOR_ARRAY_SIZE
0x10257d40,string,GL_NORMAL_ARRAY_STRIDE
0x10257d58,string,GL_NORMAL_ARRAY_TYPE
0x10257d70,string,GL_VERTEX_ARRAY_STRIDE
0x10257d88,string,GL_VERTEX_ARRAY_TYPE
0x10257da0,string,GL_VERTEX_ARRAY_SIZE
0x10257db8,string,GL_EDGE_FLAG_ARRAY
0x10257dcc,string,GL_TEXTURE_COORD_ARRAY
0x10257de4,string,GL_INDEX_ARRAY
0x10257df4,string,GL_COLOR_ARRAY
0x10257e04,string,GL_NORMAL_ARRAY
0x10257e14,string,GL_VERTEX_ARRAY
0x10257e24,string,GL_POLYGON_OFFSET_FILL
0x10257e3c,string,GL_POLYGON_OFFSET_FACTOR
0x10257e58,string,GL_CLAMP_TO_EDGE
0x10257e6c,string,GL_TEXTURE_WRAP_R
0x10257e80,string,GL_HINT_BIT
0x10257e8c,string,GL_LIGHT7
0x10257e98,string,GL_LIGHT6
0x10257ea4,string,GL_LIGHT5
0x10257eb0,string,GL_LIGHT4
0x10257ebc,string,GL_LIGHT3
0x10257ec8,string,GL_LIGHT2
0x10257ed4,string,GL_LIGHT1
0x10257ee0,string,GL_LIGHT0
0x10257eec,string,GL_CLIP_PLANE5
0x10257efc,string,GL_CLIP_PLANE4
0x10257f0c,string,GL_CLIP_PLANE3
0x10257f1c,string,GL_CLIP_PLANE2
0x10257f2c,string,GL_CLIP_PLANE1
0x10257f3c,string,GL_CLIP_PLANE0
0x10257f4c,string,GL_POLYGON_OFFSET_LINE
0x10257f64,string,GL_POLYGON_OFFSET_POINT
0x10257f7c,string,GL_REPEAT
0x10257f88,string,GL_POLYGON_OFFSET_UNITS
0x10257fa0,string,GL_CLAMP
0x10257fac,string,GL_TEXTURE_MIN_FILTER
0x10257fc4,string,GL_TEXTURE_WRAP_S
0x10257fd8,string,GL_TEXTURE_WRAP_T
0x10257fec,string,GL_TEXTURE_MAG_FILTER
0x10258004,string,GL_LINEAR_MIPMAP_NEAREST
0x10258020,string,GL_NEAREST_MIPMAP_LINEAR
0x1025803c,string,GL_LINEAR_MIPMAP_LINEAR
0x10258054,string,GL_NEAREST_MIPMAP_NEAREST
0x10258070,string,GL_LINEAR
0x1025807c,string,GL_NEAREST
0x10258088,string,GL_TEXTURE_GEN_MODE
0x1025809c,string,GL_OBJECT_PLANE
0x102580ac,string,GL_EYE_PLANE
0x102580bc,string,GL_SPHERE_MAP
0x102580cc,string,GL_OBJECT_LINEAR
0x102580e0,string,GL_EYE_LINEAR
0x102580f0,string,GL_TEXTURE_ENV_COLOR
0x10258108,string,GL_TEXTURE_ENV
0x10258118,string,GL_TEXTURE_ENV_MODE
0x1025812c,string,GL_MODULATE
0x10258138,string,GL_DECAL
0x10258144,string,GL_Q
0x1025814c,string,GL_T
0x10258154,string,GL_R
0x1025815c,string,GL_ENABLE_BIT
0x1025816c,string,GL_RENDERER
0x10258178,string,GL_VERSION
0x10258184,string,GL_EXTENSIONS
0x10258194,string,GL_VENDOR
0x102581a0,string,GL_REPLACE
0x102581ac,string,GL_INCR
0x102581b4,string,GL_DECR
0x102581bc,string,GL_KEEP
0x102581c4,string,GL_SMOOTH
0x102581d0,string,GL_FLAT
0x102581d8,string,GL_FEEDBACK
0x102581e4,string,GL_SELECT
0x102581f0,string,GL_RENDER
0x102581fc,string,GL_POINT
0x10258208,string,GL_LINE
0x10258210,string,GL_FILL
0x10258218,string,GL_BITMAP
0x10258224,string,GL_LUMINANCE_ALPHA
0x10258238,string,GL_LUMINANCE
0x10258248,string,GL_RGBA
0x10258250,string,GL_RGB
0x10258258,string,GL_ALPHA
0x10258264,string,GL_BLUE
0x1025826c,string,GL_GREEN
0x10258278,string,GL_RED
0x10258280,string,GL_DEPTH_COMPONENT
0x10258294,string,GL_STENCIL_INDEX
0x102582a8,string,GL_COLOR_INDEX
0x102582b8,string,GL_STENCIL
0x102582c4,string,GL_DEPTH
0x102582d0,string,GL_TEXTURE
0x102582dc,string,GL_COLOR
0x102582e8,string,GL_PROJECTION
0x102582f8,string,GL_MODELVIEW
0x10258308,string,GL_COLOR_INDEXES
0x1025831c,string,GL_SHININESS
0x1025832c,string,GL_AMBIENT_AND_DIFFUSE
0x10258344,string,GL_EMISSION
0x10258350,string,GL_SET
0x10258358,string,GL_NAND
0x10258360,string,GL_OR_INVERTED
0x10258370,string,GL_COPY_INVERTED
0x10258384,string,GL_OR_REVERSE
0x10258394,string,GL_INVERT
0x102583a0,string,GL_EQUIV
0x102583ac,string,GL_NOR
0x102583b4,string,GL_OR
0x102583bc,string,GL_XOR
0x102583c4,string,GL_NOOP
0x102583cc,string,GL_AND_INVERTED
0x102583dc,string,GL_COPY
0x102583e4,string,GL_AND_REVERSE
0x102583f4,string,GL_AND
0x102583fc,string,GL_CLEAR
0x10258408,string,GL_DOUBLE
0x10258414,string,GL_4_BYTES
0x10258420,string,GL_3_BYTES
0x1025842c,string,GL_2_BYTES
0x10258438,string,GL_FLOAT
0x10258444,string,GL_UNSIGNED_INT
0x10258454,string,GL_INT
0x1025845c,string,GL_UNSIGNED_SHORT
0x10258470,string,GL_SHORT
0x1025847c,string,GL_UNSIGNED_BYTE
0x10258490,string,GL_BYTE
0x10258498,string,GL_COMPILE_AND_EXECUTE
0x102584b0,string,GL_COMPILE
0x102584bc,string,GL_CONSTANT_ATTENUATION
0x102584d4,string,GL_SPOT_CUTOFF
0x102584e4,string,GL_SPOT_EXPONENT
0x102584f8,string,GL_SPOT_DIRECTION
0x1025850c,string,GL_POSITION
0x10258518,string,GL_SPECULAR
0x10258524,string,GL_DIFFUSE
0x10258530,string,GL_AMBIENT
0x1025853c,string,GL_FASTEST
0x10258548,string,GL_NICEST
0x10258554,string,GL_DONT_CARE
0x10258564,string,GL_TEXTURE_BORDER
0x10258578,string,GL_TEXTURE_BORDER_COLOR
0x10258590,string,GL_TEXTURE_INTERNAL_FORMAT
0x102585ac,string,GL_TEXTURE_HEIGHT
0x102585c0,string,GL_TRANSFORM_BIT
0x102585d4,string,GL_TEXTURE_2D
0x102585e4,string,GL_TEXTURE_1D
0x102585f4,string,GL_MAP2_VERTEX_4
0x10258608,string,GL_MAP2_VERTEX_3
0x1025861c,string,GL_MAP2_TEXTURE_COORD_4
0x10258634,string,GL_MAP2_TEXTURE_COORD_3
0x1025864c,string,GL_MAP2_TEXTURE_COORD_2
0x10258664,string,GL_MAP2_TEXTURE_COORD_1
0x1025867c,string,GL_MAP2_NORMAL
0x1025868c,string,GL_MAP2_INDEX
0x1025869c,string,GL_MAP2_COLOR_4
0x102586ac,string,GL_MAP1_VERTEX_4
0x102586c0,string,GL_MAP1_VERTEX_3
0x102586d4,string,GL_MAP1_TEXTURE_COORD_4
0x102586ec,string,GL_MAP1_TEXTURE_COORD_3
0x10258704,string,GL_MAP1_TEXTURE_COORD_2
0x1025871c,string,GL_MAP1_TEXTURE_COORD_1
0x10258734,string,GL_MAP1_NORMAL
0x10258744,string,GL_MAP1_INDEX
0x10258754,string,GL_MAP1_COLOR_4
0x10258764,string,GL_AUTO_NORMAL
0x10258774,string,GL_TEXTURE_GEN_T
0x10258788,string,GL_TEXTURE_GEN_R
0x1025879c,string,GL_TEXTURE_GEN_Q
0x102587b0,string,GL_MAX_PIXEL_MAP_TABLE
0x102587c8,string,GL_MAX_TEXTURE_SIZE
0x102587dc,string,GL_MAX_CLIP_PLANES
0x102587f0,string,GL_MAX_LIGHTS
0x10258800,string,GL_MAX_EVAL_ORDER
0x10258814,string,GL_DEPTH_BIAS
0x10258824,string,GL_DEPTH_SCALE
0x10258834,string,GL_ALPHA_BIAS
0x10258844,string,GL_ALPHA_SCALE
0x10258854,string,GL_BLUE_BIAS
0x10258864,string,GL_BLUE_SCALE
0x10258874,string,GL_GREEN_BIAS
0x10258884,string,GL_GREEN_SCALE
0x10258894,string,GL_ZOOM_Y
0x102588a0,string,GL_ZOOM_X
0x102588ac,string,GL_RED_BIAS
0x102588b8,string,GL_TEXTURE_GEN_S
0x102588cc,string,GL_SCISSOR_TEST
0x102588dc,string,GL_INDEX_LOGIC_OP
0x102588f0,string,GL_FOG
0x102588f8,string,GL_DITHER
0x10258904,string,GL_CULL_FACE
0x10258914,string,GL_LINE_STIPPLE
0x10258924,string,GL_POLYGON_SMOOTH
0x10258938,string,GL_POLYGON_STIPPLE
0x1025894c,string,GL_STENCIL_TEST
0x1025895c,string,GL_NORMALIZE
0x1025896c,string,GL_DEPTH_TEST
0x1025897c,string,GL_ALPHA_TEST
0x1025898c,string,GL_BLEND_SRC
0x1025899c,string,GL_BLEND_DST
0x102589ac,string,GL_BLEND
0x102589b8,string,GL_COLOR_MATERIAL
0x102589cc,string,GL_COLOR_LOGIC_OP
0x102589e0,string,GL_LINE_WIDTH
0x102589f0,string,GL_LINE_SMOOTH
0x10258a00,string,GL_POINT_SIZE_GRANULARITY
0x10258a1c,string,GL_POINT_SIZE_RANGE
0x10258a30,string,GL_POINT_SIZE
0x10258a40,string,GL_POINT_SMOOTH
0x10258a50,string,GL_CURRENT_RASTER_DISTANCE
0x10258a6c,string,GL_CURRENT_RASTER_POSITION_VALID
0x10258a90,string,GL_CURRENT_RASTER_POSITION
0x10258aac,string,GL_CURRENT_RASTER_TEXTURE_COORDS
0x10258ad0,string,GL_CURRENT_RASTER_INDEX
0x10258ae8,string,GL_CURRENT_RASTER_COLOR
0x10258b00,string,GL_CURRENT_TEXTURE_COORDS
0x10258b1c,string,GL_CURRENT_NORMAL
0x10258b30,string,GL_CURRENT_INDEX
0x10258b44,string,GL_LIGHTING
0x10258b50,string,GL_CURRENT_COLOR
0x10258b64,string,GL_EXP2
0x10258b6c,string,GL_CW
0x10258b74,string,GL_CCW
0x10258b7c,string,GL_VIEWPORT_BIT
0x10258b8c,string,GL_4D_COLOR_TEXTURE
0x10258ba0,string,GL_3D_COLOR_TEXTURE
0x10258bb4,string,GL_3D_COLOR
0x10258bc0,string,GL_3D
0x10258bc8,string,GL_2D
0x10258bd0,string,GL_OUT_OF_MEMORY
0x10258be4,string,GL_STACK_UNDERFLOW
0x10258bf8,string,GL_STACK_OVERFLOW
0x10258c0c,string,GL_INVALID_OPERATION
0x10258c24,string,GL_INVALID_VALUE
0x10258c38,string,GL_INVALID_ENUM
0x10258c48,string,GL_FRONT_AND_BACK
0x10258c5c,string,GL_RIGHT
0x10258c68,string,GL_LEFT
0x10258c70,string,GL_BACK
0x10258c78,string,GL_FRONT
0x10258c84,string,GL_BACK_RIGHT
0x10258c94,string,GL_BACK_LEFT
0x10258ca4,string,GL_FRONT_RIGHT
0x10258cb4,string,GL_STENCIL_BUFFER_BIT
0x10258ccc,string,GL_ONE_MINUS_SRC_COLOR
0x10258ce4,string,GL_SRC_ALPHA
0x10258cf4,string,GL_ONE_MINUS_SRC_ALPHA
0x10258d0c,string,GL_SRC_COLOR
0x10258d1c,string,GL_ALWAYS
0x10258d28,string,GL_GEQUAL
0x10258d34,string,GL_NOTEQUAL
0x10258d40,string,GL_GREATER
0x10258d4c,string,GL_LEQUAL
0x10258d58,string,GL_EQUAL
0x10258d64,string,GL_LESS
0x10258d6c,string,GL_NEVER
0x10258d78,string,GL_ADD
0x10258d80,string,GL_MULT
0x10258d88,string,GL_RETURN
0x10258d94,string,GL_LOAD
0x10258d9c,string,GL_ACCUM
0x10258da8,string,GL_ONE
0x10258db0,string,GL_ZERO
0x10258db8,string,GL_POLYGON
0x10258dc4,string,GL_QUADS
0x10258dd0,string,GL_TRIANGLE_FAN
0x10258de0,string,GL_TRIANGLE_STRIP
0x10258df4,string,GL_TRIANGLES
0x10258e04,string,GL_LINE_STRIP
0x10258e14,string,GL_FOG_BIT
0x10258e20,string,GL_LIGHTING_BIT
0x10258e30,string,GL_PIXEL_MODE_BIT
0x10258e44,string,GL_POLYGON_STIPPLE_BIT
0x10258e5c,string,GL_POLYGON_BIT
0x10258e6c,string,GL_POINT_BIT
0x10258e88,string,Loading '%s' failed. Unknown DDS format.
0x10258eb4,string,Loading '%s' failed. Unsupported RGBA DDS format.
0x10258ee8,string,Loading '%s' failed. Unsupported DDS FourCC format.
0x10258f20,string,Loading '%s' failed. Not a DDS file.
0x10258f48,string,DDS
0x10259988,string,incompatible version
0x102599a0,string,buffer error
0x102599b0,string,insufficient memory
0x102599c4,string,data error
0x102599d0,string,stream error
0x102599e0,string,file error
0x102599ec,string,stream end
0x102599f8,string,need dictionary
0x10259ba8,string,boost::lock_error
0x10259bbc,string,boost::thread_resource_error
0x10259bdc,string,2AC1A572DB6944B0A65C38C4140AF2F4
0x10259dc8,string,color
0x10259dd0,string,depth
0x10259dd8,string,Color Buffer
0x10259de8,string,Depth Buffer
0x10259e18,string,uniform sampler2D depth; uniform sampler2D color; void main(void) { fl
0x1025a1d8,string,B Gamma
0x1025a1e0,string,RG Gamma
0x1025a1f8,string,Bloom map
0x1025a204,string,Bloom map intermediate
0x1025a21c,string,Copied Screen Image
0x1025a230,string,gamma
0x1025a238,string,oldBloom
0x1025a244,string,bloomImage
0x1025a250,string,screenImage
0x1025a260,string,uniform sampler2D screenImage; uniform sampler2D bloomImage; uniform s
0x1025a4a0,string,uniform sampler2D bloomImage; uniform sampler2D oldBloom; vec3 sample(
0x1025a718,string,const int kernelSize = 17;         const float gaussCoef[kernelSize] =
0x1025a870,string,uniform sampler2D screenImage; vec3 threshold(vec3 v) { const float T 
0x1025ab20,string,/* Amount to brighten the bloom*/          const float scale = 3.0;   
0x1025ad58,string,GL_NV_texture_shader
0x1025ad70,string,GL_ARB_texture_env_crossbar
0x1025ad8c,string,?filename=
0x1025ad98,string,Empty!!!
0x1025ada4,string,deque<T> too long
0x1025adb8,string,call to empty boost::function
0x1025add8,string,logs
0x1025ade0,string,log_
0x1025ade8,string,.txt
0x1025adf0,string,_%s_%d
0x1025adf8,string,ROBLOX Crash
0x1025ae08,string,An unexpected error occurred and ROBLOX needs to quit.  We're sorry!
0x1025ae50,string,Pure Call Error
0x1025ae60,string,/
0x1025ae64,string,error/
0x1025ae6c,string,archive/
0x1025ae78,string,_G3D.txt
0x1025ae84,string,*.dmp
0x1025ae8c,string,*.*
0x1025ae90,string,Assertion failed: %s  Message: %s  %s(%d)
0x1025aebc,string,Assertion failed: %s %s(%d)
0x1025aed8,string,G3D Error: %s  Message: %s  %s(%d)
0x1025aefc,string,G3D Error: %s %s(%d)
0x1025af14,string,%s
0x1025af18,string,vector<T> too long
0x1025af2c,string,list<T> too long
0x1025af74,string,Unknown Error
0x1025af84,string,bad allocation
0x1025af94,string,gDay
0x1025af9c,widechar,gDay
0x1025afa8,string,gMonthDay
0x1025afb4,widechar,gMonthDay
0x1025afc8,string,gYear
0x1025afd0,widechar,gYear
0x1025afdc,string,gYearMonth
0x1025afe8,widechar,gYearMonth
0x1025b000,string,gMonth
0x1025b008,widechar,gMonth
0x1025b018,string,date
0x1025b020,widechar,date
0x1025b02c,string,time
0x1025b034,widechar,time
0x1025b040,string,dateTime
0x1025b04c,widechar,dateTime
0x1025b060,string,positiveInteger
0x1025b070,widechar,positiveInteger
0x1025b090,string,unsignedByte
0x1025b0a0,widechar,unsignedByte
0x1025b0bc,string,unsignedShort
0x1025b0cc,widechar,unsignedShort
0x1025b0e8,string,unsignedInt
0x1025b0f4,widechar,unsignedInt
0x1025b10c,string,unsignedLong
0x1025b11c,widechar,unsignedLong
0x1025b138,string,nonNegativeInteger
0x1025b14c,widechar,nonNegativeInteger
0x1025b174,string,byte
0x1025b17c,widechar,byte
0x1025b188,string,short
0x1025b190,widechar,short
0x1025b19c,string,int
0x1025b1a0,widechar,int
0x1025b1a8,string,long
0x1025b1b0,widechar,long
0x1025b1bc,string,negativeInteger
0x1025b1cc,widechar,negativeInteger
0x1025b1ec,string,nonPositiveInteger
0x1025b200,widechar,nonPositiveInteger
0x1025b228,string,integer
0x1025b230,widechar,integer
0x1025b240,string,NCName
0x1025b248,widechar,NCName
0x1025b258,string,Name
0x1025b260,widechar,Name
0x1025b26c,string,NMTOKENS
0x1025b278,widechar,NMTOKENS
0x1025b28c,string,NMTOKEN
0x1025b294,widechar,NMTOKEN
0x1025b2a4,string,ENTITIES
0x1025b2b0,widechar,ENTITIES
0x1025b2c4,string,IDREFS
0x1025b2cc,widechar,IDREFS
0x1025b2dc,string,language
0x1025b2e8,widechar,language
0x1025b2fc,string,token
0x1025b304,widechar,token
0x1025b310,string,normalizedString
0x1025b324,widechar,normalizedString
0x1025b348,string,QName
0x1025b350,widechar,QName
0x1025b35c,string,NOTATION
0x1025b368,widechar,NOTATION
0x1025b37c,string,ENTITY
0x1025b384,widechar,ENTITY
0x1025b394,string,IDREF
0x1025b39c,widechar,IDREF
0x1025b3a8,string,ID
0x1025b3ac,widechar,ID
0x1025b3b4,string,anyURI
0x1025b3bc,widechar,anyURI
0x1025b3cc,string,base64Binary
0x1025b3dc,widechar,base64Binary
0x1025b3f8,string,hexBinary
0x1025b404,widechar,hexBinary
0x1025b418,string,duration
0x1025b424,widechar,duration
0x1025b438,string,decimal
0x1025b440,widechar,decimal
0x1025b450,string,double
0x1025b458,widechar,double
0x1025b468,string,float
0x1025b470,widechar,float
0x1025b47c,string,boolean
0x1025b484,widechar,boolean
0x1025b494,string,string
0x1025b49c,widechar,string
0x1025b4b0,widechar,SOAP Server Application Faulted
0x1025b4f0,widechar,Server
0x1025b500,widechar,SOAP Invalid Request
0x1025b52c,widechar,Client
0x1025b53c,widechar,SOAP Must Understand Error
0x1025b574,widechar,MustUnderstand
0x1025b594,widechar,SOAP Version Mismatch Error
0x1025b5cc,widechar,VersionMismatch
0x1025b5ec,string,POST
0x1025b5f4,string,GET
0x1025b5f8,string,.dll
0x1025b600,string,.srf
0x1025b608,string,Close
0x1025b610,string,Delete
0x1025b618,string,NoRemove
0x1025b624,string,ForceRemove
0x1025b630,string,Val
0x1025b634,string,B
0x1025b638,string,D
0x1025b63c,string,M
0x1025b640,string,S
0x1025b8bc,string,tr1::bad_weak_ptr
0x1025b8d0,string,nodefault
0x1025b8e0,string,c:/Roblox/Releases/2007.12.20/Client/Rendering/g3d/include/glg3d/GWind
0x1025b930,string,This GWindow implementation failed to overwrite runMainLoop even thoug
0x1025b994,string,requiresMainLoop() == false
0x1025b9c4,string,hideSky
0x1025b9cc,string,height
0x1025b9d4,string,width
0x1025b9dc,string,fileType
0x1025b9e8,string,Click
0x1025b9f0,string,textureId
0x1025b9fc,string,ClickTexture
0x1025ba0c,string,shared OSMesaCreateContext failed
0x1025ba30,string,OSMesaCreateContext failed
0x1025ba4c,string,OSMesaMakeCurrent failed
0x1025ba68,string,OSContext unimplemented method
0x1025ba88,string,"ThumbnailGenerator::clickTexture(%s, %s, %d, %d)"
0x1025babc,string,ThumbnailGenerator::click() success
0x1025bae0,string,"ThumbnailGenerator::click(%s, %d, %d, %s)"
0x1025bb0c,string,invalid map/set<T> iterator
0x1025bb28,string,map/set<T> too long
0x1025bec0,string,
0x1025bec4,string,true
0x1025becc,string,false
0x1025bed4,string,bad cast
0x1025bee0,string,/VarFileInfo/Translation
0x1025befc,string,/StringFileInfo/%04x%04x/%s
0x1025bf18,string,FileVersion
0x1025bf24,string,GetNamespace
0x1025bf54,string,HTTP Version Not Supported
0x1025bf70,string,Gateway Timeout
0x1025bf80,string,Service Unavailable
0x1025bf94,string,Bad Gateway
0x1025bfa0,string,Not Implemented
0x1025bfb0,string,Internal Server Error
0x1025bfc8,string,Expectation Failed
0x1025bfdc,string,Requested Range Not Satisfiable
0x1025bffc,string,Unsupported Media Type
0x1025c014,string,Request-URI Too Long
0x1025c02c,string,Request Entity Too Long
0x1025c044,string,Precondition Failed
0x1025c058,string,Length Required
0x1025c068,string,Gone
0x1025c070,string,Conflict
0x1025c07c,string,Request Timeout
0x1025c08c,string,Proxy Authentication Required
0x1025c0ac,string,Not Acceptable
0x1025c0bc,string,Method Not Allowed
0x1025c0d0,string,Not Found
0x1025c0dc,string,Forbidden
0x1025c0e8,string,Payment Required
0x1025c0fc,string,Unauthorized
0x1025c10c,string,Bad Request
0x1025c118,string,Temporary Redirect
0x1025c12c,string,(Unused)
0x1025c138,string,Use Proxy
0x1025c144,string,Not Modified
0x1025c154,string,See Other
0x1025c160,string,Found
0x1025c168,string,Moved Permanently
0x1025c17c,string,Multiple Choices
0x1025c190,string,Partial Content
0x1025c1a0,string,Reset Content
0x1025c1b0,string,Could not attach to process
0x1025c1cc,string,Could not CoCreate the debugger
0x1025c1ec,string,DebugSessionID corrupted or not provided
0x1025c218,string,Requested DebugSessionID does not match current DebugSessionID
0x1025c258,string,Not currently debugging a process
0x1025c27c,string,Already being debugged by another user
0x1025c2a4,string,No Content
0x1025c2b0,string,Non-Authoritative Information
0x1025c2d0,string,Accepted
0x1025c2dc,string,Created
0x1025c2e4,string,OK
0x1025c348,widechar,GetStandardOutMessages
0x1025c378,string,GetStandardOutMessages
0x1025c390,widechar,maxCount
0x1025c3a4,string,maxCount
0x1025c3b0,widechar,GetAllJobs
0x1025c3c8,string,GetAllJobs
0x1025c3d4,widechar,CloseTimedoutJobs
0x1025c3f8,string,CloseTimedoutJobs
0x1025c40c,widechar,CloseAllJobs
0x1025c428,string,CloseAllJobs
0x1025c438,widechar,CloseOrphanedJobs
0x1025c45c,string,CloseOrphanedJobs
0x1025c470,widechar,activeJobs
0x1025c488,string,activeJobs
0x1025c494,widechar,GetTimeout
0x1025c4ac,string,GetTimeout
0x1025c4b8,widechar,BatchJob
0x1025c4cc,string,BatchJob
0x1025c4d8,widechar,CloseJob
0x1025c4ec,string,CloseJob
0x1025c4f8,widechar,Execute
0x1025c508,string,Execute
0x1025c510,widechar,TouchJob
0x1025c524,string,TouchJob
0x1025c530,widechar,OpenJob
0x1025c540,string,OpenJob
0x1025c548,widechar,timeout
0x1025c558,string,timeout
0x1025c560,widechar,jobID
0x1025c56c,string,jobID
0x1025c574,widechar,Update
0x1025c584,string,Update
0x1025c58c,widechar,url
0x1025c594,string,url
0x1025c598,widechar,GetStatus
0x1025c5ac,string,GetStatus
0x1025c5b8,widechar,GetVersion
0x1025c5d0,string,GetVersion
0x1025c5dc,widechar,result
0x1025c5ec,string,result
0x1025c5f4,widechar,HelloWorld
0x1025c60c,string,HelloWorld
0x1025c618,widechar,bstrOutput
0x1025c630,string,bstrOutput
0x1025c63c,widechar,StandardOutMessages
0x1025c664,string,StandardOutMessages
0x1025c678,widechar,StandardOutMessage
0x1025c6a0,string,StandardOutMessage
0x1025c6b4,widechar,text
0x1025c6c0,string,text
0x1025c6c8,widechar,Strings
0x1025c6d8,string,Strings
0x1025c6e0,widechar,ScriptExecution
0x1025c700,string,ScriptExecution
0x1025c710,widechar,arguments
0x1025c724,string,arguments
0x1025c730,widechar,script
0x1025c740,string,script
0x1025c748,widechar,name
0x1025c754,string,name
0x1025c75c,widechar,LuaArguments
0x1025c778,string,LuaArguments
0x1025c788,widechar,items
0x1025c794,string,items
0x1025c79c,widechar,count
0x1025c7a8,string,count
0x1025c7b0,widechar,LuaValue1
0x1025c7c4,string,LuaValue1
0x1025c7d0,widechar,LuaValue2
0x1025c7e4,string,LuaValue2
0x1025c7f0,widechar,LuaValue3
0x1025c804,string,LuaValue3
0x1025c810,widechar,LuaValue4
0x1025c824,string,LuaValue4
0x1025c830,widechar,LuaValue5
0x1025c844,string,LuaValue5
0x1025c850,widechar,LuaValue6
0x1025c864,string,LuaValue6
0x1025c870,widechar,LuaValue7
0x1025c884,string,LuaValue7
0x1025c890,widechar,LuaValue8
0x1025c8a4,string,LuaValue8
0x1025c8b0,widechar,LuaValue9
0x1025c8c4,string,LuaValue9
0x1025c8d0,widechar,table
0x1025c8dc,string,table
0x1025c8e4,widechar,tableLength
0x1025c8fc,string,tableLength
0x1025c908,widechar,LuaValue10
0x1025c920,string,LuaValue10
0x1025c92c,widechar,value
0x1025c938,string,value
0x1025c940,widechar,type
0x1025c94c,string,type
0x1025c954,widechar,Status
0x1025c964,string,Status
0x1025c96c,widechar,environmentCount
0x1025c990,string,environmentCount
0x1025c9a4,widechar,version
0x1025c9b4,string,version
0x1025c9bc,widechar,MessageType
0x1025c9d4,string,MessageType
0x1025c9e0,widechar,MESSAGE_OUTPUT
0x1025ca00,string,MESSAGE_OUTPUT
0x1025ca10,widechar,MESSAGE_INFO
0x1025ca2c,string,MESSAGE_INFO
0x1025ca3c,widechar,MESSAGE_WARNING
0x1025ca5c,string,MESSAGE_WARNING
0x1025ca6c,widechar,MESSAGE_ERROR
0x1025ca88,string,MESSAGE_ERROR
0x1025ca98,widechar,urn:Roblox
0x1025cab0,string,urn:Roblox
0x1025cabc,widechar,LuaType
0x1025cacc,string,LuaType
0x1025cad4,widechar,LUA_TNIL
0x1025cae8,string,LUA_TNIL
0x1025caf4,widechar,LUA_TBOOLEAN
0x1025cb10,string,LUA_TBOOLEAN
0x1025cb20,widechar,LUA_TNUMBER
0x1025cb38,string,LUA_TNUMBER
0x1025cb44,widechar,LUA_TSTRING
0x1025cb5c,string,LUA_TSTRING
0x1025cb68,widechar,LUA_TTABLE
0x1025cb80,string,LUA_TTABLE
0x1025cb8c,string,WSDL
0x1025cb94,string,Default
0x1025cba0,string,<?xml version='1.0'?>  <!-- ATL Server generated Web Service Descripti
0x1025f100,string,boost::bad_any_cast: failed conversion using boost::any_cast
0x1025f140,string,rbx_erroruploader
0x1025f154,string,Roblox Web Service
0x1025f168,string,Intializing Roblox Web Service
0x1025f188,string,Roblox/content/
0x1025f198,string,Unable to find CSIDL_COMMON_APPDATA/Roblox/content
0x1025f1cc,string,",."
0x1025f1d0,string,http://www.roblox.com/Error/Grid.ashx
0x102616b0,string,Service
0x102616b8,widechar,Hello World!
0x102616d4,string,ROBLOX Web Service
0x102616e8,string,Opened Job %s
0x102616f8,string,Closed Job %s
0x10261708,string,Job %s not found
0x1026171c,string,Update not implemented
0x10261734,string,text/xml
0x10261740,string,HTTP_SOAPACTION
0x10261750,widechar,Application Error
0x10261774,string,VC Server Classes
0x10261788,string,Unknown Error %d
0x1026179c,string,<html><body>A server error has occurred.</body></html>
0x102617d4,string,500 %s
0x102617e0,string,A critical error has occurred initializing the ISAPI extension: %s
0x102623d0,widechar,&#x%04X;
0x102623e4,widechar,&#x%06X;
0x102623f8,widechar,&amp;
0x10262414,widechar,true
0x10262420,string,TFR
0x10262424,widechar,<
0x10262428,widechar,>
0x1026242c,widechar,</
0x10262434,widechar,id
0x10262864,string,APPL_PHYSICAL_PATH
0x10262878,string,URL
0x1026287c,string,.
0x10262880,string,Content-Type
0x10262890,string,200 OK
0x10262898,string,:
0x1026289c,string,
0x102628a0,string,SERVER_PROTOCOL
0x102628b0,string,HTTP/1.0
0x102628bc,string,Keep-Alive
0x102628c8,string,Connection
0x102628d4,string,Content-Length
0x102628e4,string,_InitializeAtlHandlers@8
0x10262900,string,_GetAtlHandlerByName@12
0x10262918,string,_UninitializeAtlHandlers@0
0x10262934,string,handler
0x10262954,string,Handler=
0x10262960,string,endwhile
0x1026296c,string,while
0x10262974,string,endif
0x1026297c,string,else
0x10262984,string,if
0x10262988,string,locale
0x10262990,string,codepage
0x1026299c,widechar,false
0x102629a8,widechar,INF
0x102629b0,widechar,NaN
0x102629b8,widechar,-INF
0x102629c4,string,NaN
0x102629c8,string,-INF
0x102629d0,string,INF
0x102629d4,string,-0
0x102629d8,widechar,
0x102629dc,widechar,='
0x102629e4,widechar,'
0x102629e8,widechar,http://schemas.xmlsoap.org/soap/encoding/
0x10262a3c,widechar,arrayType
0x10262a50,widechar,Header
0x10262a60,widechar,Body
0x10262a6c,widechar,Envelope
0x10262a80,widechar,http://schemas.xmlsoap.org/soap/envelope/
0x10262ad8,string,<SOAP:Envelope xmlns:SOAP='http://schemas.xmlsoap.org/soap/envelope/'>
0x10262bb8,string,</faultactor>
0x10262bc8,string,<faultactor>
0x10262bd8,string,<soap:Envelope xmlns:soap='http://schemas.xmlsoap.org/soap/envelope/' 
0x10262cbc,string,<soap:Header
0x10262ccc,string,xmlns='
0x10262cd8,string,'>
0x10262cdc,string,>
0x10262ce0,string,</soap:Header>
0x10262cf0,string,<soap:Body>
0x10262cfc,string,</soap:Body>
0x10262d0c,string,</soap:Envelope>
0x10262d20,string,<
0x10262d24,string,snp:
0x10262d2c,string,return
0x10262d34,string,xmlns:snp='
0x10262d44,string,'
0x10262d48,string,soap:mustUnderstand='1'
0x10262d64,string,</
0x10262d68,string,Response
0x10262d78,string,<soap:Body soap:encodingStyle='http://schemas.xmlsoap.org/soap/encodin
0x10262dc4,string,<snp:
0x10262dcc,string,</snp:
0x10262dd4,widechar,mustUnderstand
0x10262df4,widechar,href
0x10262e00,widechar,http://www.w3.org/2001/XMLSchema-instance
0x10262e54,widechar,nil
0x10262e5c,string,soapenc:arrayType='xsd:
0x10262e78,string,xmlns:q1='
0x10262e84,string,soapenc:arrayType='q1:
0x10262e9c,string,[
0x10262ea0,string,","
0x10262ea4,string,]'
0x10262ea8,string,xsi:nil='1'
0x10262eb8,string,xsi:nil='1'/>
0x10262ec8,string,]
0x10262ecc,string,SERVER_NAME
0x10262ed8,string,HTTPS
0x10262ee0,string,ON
0x10262ee4,string,SERVER_PORT
0x10262ef0,string,s
0x10262ef4,string,http%s://%s:%s%s?Handler=%s
0x10262f10,string,GetFieldSizeIsName
0x10262f24,string,IsFieldDynamicArray
0x10262f38,string,IsRpcEncoded
0x10262f48,string,IsDocumentLiteral
0x10262f5c,string,IsRequiredHeader
0x10262f70,string,IsOutHeader
0x10262f7c,string,IsInHeader
0x10262f88,string,GetFunctionHeaderName
0x10262fa0,string,GetNextFunctionHeader
0x10262fb8,string,GetHeaderArraySoapDims
0x10262fd0,string,GetHeaderArraySize
0x10262fe4,string,IsHeaderOneDimensional
0x10262ffc,string,GetHeaderSoapType
0x10263010,string,IsHeaderUDT
0x1026301c,string,IsArrayHeader
0x1026302c,string,NotIsArrayHeader
0x10263040,string,GetHeaderName
0x10263050,string,GetNextHeader
0x10263060,string,GetURL
0x10263068,string,GetServiceName
0x10263078,string,GetFieldArraySoapDims
0x10263090,string,GetFieldArraySize
0x102630a4,string,IsFieldOneDimensional
0x102630bc,string,IsArrayField
0x102630cc,string,GetStructFieldSoapType
0x102630e4,string,IsFieldUDT
0x102630f0,string,NotIsArrayField
0x10263100,string,GetStructFieldName
0x10263114,string,GetNextStructField
0x10263128,string,GetStructName
0x10263138,string,GetNextStruct
0x10263148,string,GetEnumElementName
0x1026315c,string,GetNextEnumElement
0x10263170,string,GetEnumName
0x1026317c,string,GetNextEnum
0x10263188,string,IsOutParameter
0x10263198,string,GetParameterArraySoapDims
0x102631b4,string,GetParameterArraySize
0x102631cc,string,IsParameterOneDimensional
0x102631e8,string,IsArrayParameter
0x102631fc,string,IsParameterDynamicArray
0x10263214,string,GetParameterSoapType
0x1026322c,string,IsParameterUDT
0x1026323c,string,NotIsArrayParameter
0x10263250,string,GetParameterName
0x10263264,string,IsInParameter
0x10263274,string,GetNextParameter
0x10263288,string,GetFunctionName
0x10263298,string,GetNextFunction
0x102632a8,widechar,APPID
0x102632b4,string,
