address,type,size
10001000,function,52
10001040,function,34
10001070,function,89
100010d0,function,33
10001100,function,592
10001350,function,962
10001720,function,22
10001740,function,5
10001750,function,33
10001780,function,71
100017d0,function,40
10001800,function,340
10001960,function,36
10001990,function,25
100019b0,function,102
10001a20,function,98
10001a90,function,14
10001aa0,function,12
10001ab0,function,37
10001ae0,function,26
10001b00,function,48
10001b30,function,27
10001b50,function,95
10001bb0,function,101
10001c20,function,117
10001ca0,function,27
10001cc0,function,3
10001cd0,function,176
10001d80,function,40
10001db0,function,30
10001dd0,function,30
10001df0,function,161
10001ea0,function,299
10001fd0,function,230
100020c0,function,207
10002190,function,38
100021c0,function,275
100022e0,function,84
10002340,function,325
10002490,function,156
10002530,function,371
100026b0,function,30
100026d0,function,319
10002810,function,36
10002840,function,950
10002c00,function,641
10002e90,function,325
10002fe0,function,280
10003100,function,226
100031f0,function,236
100032e0,function,345
10003440,function,103
100034b0,function,214
10003590,function,127
10003610,function,216
100036f0,function,105
10003760,function,95
100037c0,function,10
100037d0,function,170
10003880,function,5
10003890,function,135
10003920,function,124
100039a0,function,31
100039c0,function,128
10003a40,function,188
10003b00,function,60
10003b40,function,26
10003b60,function,71
10003bb0,function,17
10003bd0,function,827
10003f10,function,102
10003f80,function,58
10003fc0,function,132
10004050,function,160
100040f0,function,41
10004120,function,39
10004150,function,43
10004180,function,81
100041e0,function,120
10004260,function,244
10004360,function,160
10004400,function,88
10004460,function,84
100044c0,function,173
10004570,function,165
10004620,function,214
10004700,function,195
100047d0,function,238
100048c0,function,125
10004940,function,17
10004960,function,49
100049a0,function,112
10004a10,function,106
10004a80,function,104
10004af0,function,15
10004b00,function,83
10004b60,function,46
10004b90,function,25
10004bc0,function,101
10004c30,function,48
10004c60,function,153
10004d00,function,96
10004d60,function,140
10004df0,function,105
10004e60,function,11
10004e70,function,65
10004ec0,function,170
10004f70,function,117
10004ff0,function,104
10005060,function,198
10005130,function,122
100051b0,function,24
100051d0,function,76
10005220,function,55
10005260,function,36
10005290,function,34
100052c0,function,143
10005350,function,154
100053f0,function,59
10005430,function,97
100054a0,function,20
100054c0,function,142
10005550,function,31
10005570,function,95
100055d0,function,32
100055f0,function,27
10005610,function,10
10005620,function,17
10005640,function,15
10005650,function,22
10005670,function,17
10005690,function,18
100056b0,function,194
10005780,function,147
10005820,function,6
10005830,function,13
10005840,function,49
10005880,function,89
100058e0,function,117
10005960,function,6
10005970,function,31
10005990,function,31
100059b0,function,7
100059c0,function,88
10005a20,function,81
10005a80,function,103
10005af0,function,35
10005b20,function,15
10005b30,function,7
10005b40,function,31
10005b60,function,103
10005bd0,function,228
10005cc0,function,59
10005d00,function,7
10005d10,function,37
10005d40,function,38
10005d70,function,23
10005d90,function,30
10005db0,function,107
10005e20,function,108
10005e90,function,5
10005ea0,function,56
10005ee0,function,56
10005f20,function,56
10005f60,function,56
10005fa0,function,41
10005fd0,function,244
100060d0,function,50
10006110,function,70
10006160,function,7
10006170,function,31
10006190,function,9
100061a0,function,50
100061e0,function,86
10006240,function,30
10006260,function,101
100062d0,function,6
100062e0,function,39
10006310,function,14
10006320,function,5
10006330,function,16
10006340,function,102
100063b0,function,32
100063d0,function,154
10006470,function,84
100064d0,function,195
100065a0,function,190
10006660,function,213
10006740,function,137
100067d0,function,140
10006860,function,103
100068d0,function,4
100068e0,function,4
100068f0,function,3
10006900,function,34
10006930,function,94
10006990,function,31
100069b0,function,146
10006a50,function,158
10006af0,function,1374
10007050,function,279
10007170,function,756
10007470,function,1094
100078c0,function,42
100078f0,function,6
10007900,function,19
10007920,function,42
10007950,function,154
100079f0,function,80
10007a40,function,23
10007a60,function,183
10007b20,function,187
10007be0,function,187
10007ca0,function,187
10007d60,function,187
10007e20,function,187
10007ee0,function,187
10007fa0,function,187
10008060,function,52
100080a0,function,189
10008160,function,448
10008320,function,189
100083e0,function,448
100085a0,function,23
100085c0,function,22
100085e0,function,15
100085f0,function,106
10008660,function,36
10008690,function,53
100086d0,function,31
100086f0,function,62
10008730,function,60
10008770,function,165
10008820,function,94
10008880,function,159
10008920,function,159
100089c0,function,108
10008a30,function,131
10008ac0,function,69
10008b10,function,114
10008b90,function,85
10008bf0,function,280
10008d10,function,5
10008d20,function,47
10008d50,function,114
10008dd0,function,98
10008e40,function,42
10008e70,function,805
100091a0,function,65
100091f0,function,65
10009240,function,376
100093c0,function,130
10009450,function,134
100094e0,function,134
10009570,function,136
10009600,function,134
10009690,function,134
10009720,function,134
100097b0,function,134
10009840,function,203
10009910,function,231
10009a00,function,26
10009a20,function,16
10009a30,function,41
10009a60,function,142
10009af0,function,135
10009b80,function,113
10009c00,function,452
10009dd0,function,211
10009eb0,function,94
10009f10,function,42
10009f40,function,186
1000a000,function,711
1000a2d0,function,559
1000a500,function,53
1000a540,function,78
1000a590,function,28
1000a5b0,function,27
1000a5d0,function,82
1000a630,function,63
1000a670,function,55
1000a6b0,function,132
1000a740,function,108
1000a7b0,function,252
1000a8b0,function,515
1000aac0,function,35
1000aaf0,function,156
1000ab90,function,161
1000ac40,function,161
1000acf0,function,161
1000ada0,function,161
1000ae50,function,161
1000af00,function,161
1000afb0,function,161
1000b060,function,56
1000b0a0,function,5
1000b0b0,function,116
1000b130,function,5
1000b140,function,116
1000b1c0,function,5
1000b1d0,function,116
1000b250,function,5
1000b260,function,116
1000b2e0,function,5
1000b2f0,function,116
1000b370,function,5
1000b380,function,116
1000b400,function,5
1000b410,function,116
1000b490,function,5
1000b4a0,function,116
1000b520,function,5
1000b530,function,116
1000b5b0,function,279
1000b6d0,function,42
1000b700,function,42
1000b730,function,127
1000b7b0,function,766
1000bab0,function,27
1000bad0,function,51
1000bb10,function,515
1000bd20,function,143
1000bdb0,function,143
1000be40,function,143
1000bed0,function,143
1000bf60,function,143
1000bff0,function,143
1000c080,function,143
1000c110,function,143
1000c1a0,function,61
1000c1e0,function,41
1000c210,function,76
1000c260,function,41
1000c290,function,31
1000c2b0,function,35
1000c2e0,function,5
1000c2f0,function,106
1000c360,function,5
1000c370,function,106
1000c3e0,function,101
1000c450,function,113
1000c4d0,function,76
1000c520,function,61
1000c560,function,89
1000c5c0,function,6
1000c5d0,function,109
1000c640,function,100
1000c6b0,function,124
1000c730,function,124
1000c7b0,function,61
1000c870,function,25
1000c890,function,42
1000c8c0,function,205
1000c990,function,400
1000cb20,function,325
1000cc70,function,138
1000cd00,function,6
1000cd10,function,38
1000cd40,function,164
1000cdf0,function,279
1000cf10,function,98
1000cf80,function,53
1000cfc0,function,5
1000cfd0,function,53
1000d010,function,242
1000d110,function,284
1000d230,function,264
1000d340,function,31
1000d360,function,5
1000d370,function,9
1000d380,function,1424
1000d910,function,90
1000d970,function,8
1000d980,function,89
1000d9e0,function,124
1000da60,function,137
1000daf0,function,121
1000db70,function,130
1000dc00,function,128
1000dc80,function,49
1000dcc0,function,6
1000dcd0,function,6
1000dce0,function,4
1000dcf0,function,604
1000df50,function,6
1000df60,function,6
1000df70,function,6
1000df80,function,35
1000dfb0,function,44
1000dfe0,function,144
1000e070,function,22
1000e090,function,58
1000e0d0,function,55
1000e110,function,22
1000e130,function,25
1000e150,function,32
1000e170,function,6
1000e180,function,365
1000e2f0,function,65
1000e340,function,47
1000e370,function,5
1000e380,function,29
1000e3a0,function,5
1000e3b0,function,273
1000e4d0,function,380
1000e650,function,213
1000e730,function,578
1000e980,function,587
1000ebd0,function,549
1000ee00,function,725
1000f0e0,function,497
1000f2e0,function,215
1000f3c0,function,280
1000f4e0,function,1191
1000f990,function,82
1000f9f0,function,179
1000fab0,function,64
1000faf0,function,138
1000fb80,function,612
1000fdf0,function,187
1000feb0,function,187
1000ff70,function,35
1000ffa0,function,167
10010050,function,162
10010100,function,170
100101b0,function,285
100102d0,function,259
100103e0,function,805
10010710,function,118
10010790,function,53
100107d0,function,46
10010800,function,106
10010870,function,37
100108a0,function,215
10010980,function,65
100109d0,function,245
10010ad0,function,736
10010db0,function,102
10010e20,function,641
100110b0,function,6
100110c0,function,46
100110f0,function,20
10011110,function,1
10011120,function,36
10011150,function,6
10011160,function,95
100111c0,function,105
10011230,function,25
10011250,function,32
10011270,function,36
100112a0,function,352
10011400,function,141
10011490,function,331
100115e0,function,31
10011600,function,11
10011610,function,18
10011630,function,6
10011640,function,4
10011650,function,6
10011660,function,6
10011670,function,11
10011680,function,20
100116a0,function,6
100116b0,function,663
10011950,function,409
10011af0,function,195
10011bc0,function,712
10011e90,function,244
10011f90,function,724
10012270,function,1094
100126c0,function,256
100127c0,function,357
10012930,function,329
10012a80,function,338
10012be0,function,52
10012c20,function,82
10012c80,function,61
10012cc0,function,67
10012d10,function,30
10012d30,function,16
10012d40,function,30
10012d60,function,136
10012df0,function,130
10012e80,function,498
10013080,function,131
10013110,function,119
10013190,function,126
10013210,function,130
100132a0,function,359
10013410,function,16
10013420,function,23
10013440,function,25
10013460,function,26
10013480,function,159
10013520,function,290
10013650,function,624
100138c0,function,47
100138f0,function,188
100139b0,function,52
100139f0,function,79
10013a40,function,19
10013a60,function,204
10013b30,function,17
10013b50,function,16
10013b60,function,30
10013b80,function,16
10013b90,function,30
10013bb0,function,15
10013bc0,function,16
10013bd0,function,16
10013be0,function,29
10013c00,function,23
10013c20,function,26
10013c40,function,384
10013dc0,function,190
10013e80,function,39
10013eb0,function,69
10013f00,function,77
10013f50,function,19
10013f70,function,204
10014040,function,15
10014050,function,29
10014070,function,39
100140a0,function,63
100140e0,function,27
10014100,function,30
10014120,function,57
10014160,function,127
100141e0,function,25
10014200,function,118
10014280,function,5
10014290,function,32
100142b0,function,25
100142d0,function,30
100142f0,function,76
10014340,function,131
100143d0,function,76
10014420,function,58
10014460,function,92
100144c0,function,130
10014550,function,82
100145b0,function,139
10014640,function,37
10014670,function,22
10014690,function,125
10014710,function,134
100147a0,function,154
10014840,function,569
10014a80,function,200
10014b50,function,122
10014bd0,function,62
10014c10,function,557
10014e40,function,76
10014e90,function,28
10014eb0,function,80
10014f00,function,56
10014f40,function,624
100151b0,function,648
10015440,function,355
100155b0,function,401
10015750,function,200
10015820,function,237
10015910,function,19
10015930,function,268
10015a40,function,206
10015b10,function,181
10015bd0,function,213
10015cb0,function,176
10015d60,function,641
10015ff0,function,96
10016050,function,106
100160c0,function,190
10016180,function,141
10016210,function,150
100162b0,function,110
10016320,function,501
10016520,function,44
10016550,function,112
100165c0,function,58
10016600,function,198
100166d0,function,78
10016720,function,50
10016760,function,92
100167c0,function,209
100168a0,function,560
10016ad0,function,174
10016b80,function,61
10016bc0,function,196
10016c90,function,78
10016ce0,function,161
10016d90,function,176
10016e40,function,77
10016e90,function,36
10016ec0,function,97
10016f30,function,138
10016fc0,function,178
10017080,function,78
100170d0,function,83
10017130,function,19
10017150,function,49
10017190,function,32
100171b0,function,124
10017230,function,67
10017280,function,8
10017290,function,97
10017300,function,20
10017320,function,39
10017350,function,29
10017370,function,17
10017390,function,44
100173c0,function,29
100173e0,function,8
100173f0,function,101
10017460,function,91
100174c0,function,30
100174e0,function,50
10017520,function,104
10017590,function,113
10017610,function,181
100176d0,function,69
10017720,function,340
10017880,function,90
100178e0,function,176
10017990,function,70
100179e0,function,198
10017ab0,function,69
10017b00,function,226
10017bf0,function,158
10017c90,function,107
10017d00,function,71
10017d50,function,14
10017d60,function,121
10017de0,function,201
10017eb0,function,161
10017f60,function,211
10018040,function,60
10018080,function,224
10018160,function,201
10018230,function,197
10018300,function,63
10018340,function,99
100183b0,function,705
10018680,function,87
100186e0,function,43
10018710,function,64
10018750,function,20
10018770,function,18
10018790,function,86
100187f0,function,111
10018860,function,87
100188c0,function,55
10018900,function,275
10018a20,function,117
10018aa0,function,304
10018bd0,function,131
10018c60,function,79
10018cb0,function,86
10018d10,function,177
10018dd0,function,154
10018e70,function,109
10018ee0,function,116
10018f60,function,140
10018ff0,function,121
10019070,function,269
10019180,function,167
10019230,function,60
10019270,function,269
10019380,function,177
10019440,function,104
100194b0,function,104
10019520,function,106
10019590,function,79
100195e0,function,680
10019890,function,992
10019c70,function,134
10019d00,function,134
10019d90,function,150
10019e30,function,128
10019eb0,function,95
10019f10,function,103
10019f80,function,177
1001a040,function,597
1001a2a0,function,72
1001a2f0,function,82
1001a350,function,100
1001a3c0,function,1620
1001aa20,function,33
1001aa50,function,63
1001aa90,function,82
1001aaf0,function,92
1001ab50,function,76
1001aba0,function,85
1001ac00,function,14
1001ac10,function,57
1001ac50,function,93
1001acb0,function,145
1001ad50,function,221
1001ae30,function,202
1001af00,function,75
1001af50,function,41
1001af80,function,229
1001b070,function,79
1001b0c0,function,80
1001b110,function,80
1001b160,function,55
1001b1a0,function,79
1001b1f0,function,90
1001b250,function,138
1001b2e0,function,35
1001b310,function,520
1001b520,function,319
1001b660,function,110
1001b6d0,function,349
1001b830,function,135
1001b8c0,function,42
1001b8f0,function,203
1001b9c0,function,302
1001baf0,function,319
1001bc30,function,153
1001bcd0,function,247
1001bdd0,function,174
1001be80,function,140
1001bf10,function,126
1001bf90,function,58
1001bfd0,function,612
1001c240,function,252
1001c340,function,196
1001c410,function,18
1001c430,function,18
1001c450,function,18
1001c470,function,920
1001c810,function,161
1001c8c0,function,161
1001c970,function,5
1001c980,function,116
1001ca00,function,5
1001ca10,function,116
1001ca90,function,47
1001cac0,function,67
1001cb10,function,111
1001cb80,function,144
1001cc10,function,35
1001cc40,function,92
1001cca0,function,72
1001ccf0,function,28
1001cd10,function,25
1001cd30,function,5
1001cd40,function,86
1001cda0,function,152
1001ce40,function,190
1001cf00,function,182
1001cfc0,function,351
1001d120,function,319
1001d260,function,129
1001d2f0,function,121
1001d370,function,612
1001d5e0,function,515
1001d7f0,function,146
1001d890,function,883
1001dc10,function,143
1001dca0,function,143
1001dd30,function,122
1001ddb0,function,6
1001ddc0,function,99
1001de30,function,31
1001de50,function,31
1001de70,function,200
1001df40,function,288
1001e060,function,101
1001e0d0,function,612
1001e340,function,5
1001e350,function,106
1001e3c0,function,146
1001e460,function,42
1001e490,function,920
1001e830,function,116
1001e8b0,function,26
1001e8d0,function,88
1001e930,function,6
1001e940,function,109
1001e9b0,function,99
1001ea20,function,219
1001eb00,function,91
1001eb60,function,612
1001edd0,function,883
1001f150,function,47
1001f180,function,51
1001f1c0,function,48
1001f1f0,function,47
1001f220,function,129
1001f2b0,function,612
1001f520,function,920
1001f8c0,function,612
1001fb30,function,883
1001feb0,function,146
1001ff50,function,612
100201c0,function,920
10020560,function,660
10020800,function,879
10020b70,function,565
10020db0,function,727
10021310,function,85
10021370,function,6
10021380,function,6
10021390,function,6
100213a0,function,4
100213b0,function,201
10021480,function,57
100214c0,function,109
10021530,function,19
10021550,function,7
10021560,function,25
10021580,function,38
100215b0,function,24
100215d0,function,5
100215e0,function,255
100216e0,function,36
10021710,function,138
100217a0,function,115
10021820,function,24
10021840,function,24
10021860,function,24
10021880,function,24
100218a0,function,24
100218c0,function,24
100218e0,function,24
10021900,function,24
10021920,function,24
10021940,function,24
10021960,function,24
10021980,function,78
100219d0,function,4
100219e0,function,11
100219f0,function,11
10021a00,function,9
10021a10,function,13
10021a20,function,8
10021a30,function,218
10021b10,function,1527
10022110,function,37
10022140,function,32
10022160,function,45
10022190,function,133
10022220,function,45
10022250,function,126
100222d0,function,40
10022300,function,57
10022340,function,144
100223d0,function,45
10022400,function,45
10022430,function,43
10022460,function,59
100224a0,function,104
10022510,function,41
10022540,function,174
100225f0,function,45
10022620,function,87
10022680,function,54
100226c0,function,87
10022720,function,72
10022770,function,77
100227c0,function,54
10022800,function,71
10022850,function,152
100228f0,function,59
10022930,function,57
10022970,function,73
100229c0,function,55
10022a00,function,37
10022a30,function,534
10022c50,function,454
10022e20,function,613
10023090,function,83
100230f0,function,84
10023150,function,211
10023230,function,999
10023620,function,112
10023690,function,57
100236d0,function,38
10023700,function,43
10023730,function,53
10023770,function,131
10023800,function,41
10023830,function,55
10023870,function,35
100238a0,function,69
100238f0,function,63
10023930,function,45
10023960,function,45
10023990,function,45
100239c0,function,26
100239e0,function,26
10023a00,function,59
10023a40,function,85
10023aa0,function,551
10023cd0,function,66
10023d20,function,102
10023d90,function,91
10023df0,function,467
10023fd0,function,79
10024020,function,232
10024110,function,36
10024140,function,123
100241c0,function,163
10024270,function,142
10024300,function,39
10024330,function,151
100243d0,function,337
10024530,function,34
10024560,function,284
10024680,function,34
100246b0,function,169
10024760,function,102
100247d0,function,224
100248b0,function,145
10024950,function,117
100249d0,function,177
10024a90,function,125
10024b10,function,959
10024ed0,function,191
10024f90,function,414
10025130,function,347
10025290,function,47
100252c0,function,383
10025440,function,197
10025510,function,130
100255a0,function,57
100255e0,function,488
100257d0,function,115
10025850,function,65
100258a0,function,121
10025920,function,59
10025960,function,63
100259a0,function,60
100259e0,function,65
10025a30,function,121
10025ab0,function,59
10025af0,function,104
10025b60,function,63
10025ba0,function,60
10025be0,function,133
10025c70,function,222
10025d50,function,140
10025de0,function,192
10025ea0,function,8
10025eb0,function,326
10026000,function,205
100260d0,function,5
100260e0,function,290
10026210,function,34
10026240,function,419
100263f0,function,233
100264e0,function,63
10026520,function,510
10026720,function,138
100267b0,function,77
10026800,function,53
10026840,function,93
100268a0,function,133
10026930,function,45
10026960,function,248
10026a60,function,319
10026ba0,function,223
10026c80,function,376
10026e00,function,138
10026e90,function,86
10026ef0,function,91
10026f50,function,90
10026fb0,function,376
10027130,function,138
100271c0,function,69
10027210,function,78
10027260,function,77
100272b0,function,29
100272d0,function,587
10027520,function,103
10027590,function,106
10027600,function,246
10027700,function,21
10027720,function,112
10027790,function,500
10027990,function,588
10027be0,function,115
10027c60,function,253
10027d60,function,186
10027e20,function,334
10027f70,function,399
10028100,function,102
10028170,function,138
10028200,function,106
10028270,function,60
100282b0,function,147
10028350,function,247
10028450,function,171
10028500,function,443
100286c0,function,496
100288b0,function,185
10028970,function,41
100289a0,function,477
10028b80,function,192
10028c40,function,102
10028cb0,function,215
10028d90,function,117
10028e10,function,5
10028e20,function,32
10028e40,function,66
10028e90,function,164
10028f40,function,119
10028fc0,function,95
10029020,function,77
10029070,function,96
100290d0,function,79
10029120,function,53
10029160,function,123
100291e0,function,89
10029240,function,300
10029370,function,55
100293b0,function,79
10029400,function,80
10029450,function,78
100294a0,function,69
100294f0,function,24
10029510,function,69
10029560,function,122
100295e0,function,103
10029650,function,46
10029680,function,81
100296e0,function,123
10029760,function,30
10029780,function,79
100297d0,function,336
10029920,function,197
100299f0,function,30
10029a10,function,24
10029a30,function,24
10029a50,function,24
10029a70,function,24
10029a90,function,24
10029ab0,function,24
10029ad0,function,24
10029af0,function,24
10029b10,function,24
10029b30,function,24
10029b50,function,46
10029b80,function,102
10029bf0,function,59
10029c30,function,99
10029ca0,function,242
10029da0,function,251
10029ea0,function,15
10029eb0,function,840
1002a200,function,68
1002a250,function,100
1002a2c0,function,267
1002a3d0,function,79
1002a420,function,173
1002a4d0,function,7
1002a4e0,function,31
1002a500,function,68
1002a550,function,119
1002a5d0,function,55
1002a610,function,19
1002a630,function,21
1002a650,function,90
1002a6b0,function,72
1002a700,function,465
1002a8e0,function,68
1002a930,function,379
1002aab0,function,24
1002aad0,function,26
1002aaf0,function,39
1002ab20,function,23
1002ab40,function,37
1002ab80,function,79
1002abd0,function,148
1002ac70,function,31
1002ac90,function,20
1002acb0,function,276
1002add0,function,269
1002aee0,function,467
1002b0c0,function,59
1002b100,function,127
1002b180,function,125
1002b200,function,277
1002b320,function,91
1002b380,function,145
1002b420,function,278
1002b540,function,114
1002b5c0,function,6
1002b5d0,function,7
1002b5e0,function,4
1002b5f0,function,3
1002b600,function,149
1002b6a0,function,5
1002b6b0,function,100
1002b720,function,30
1002b740,function,86
1002b7a0,function,623
1002ba10,function,229
1002bb00,function,78
1002bb50,function,29
1002bb70,function,17
1002bb90,function,44
1002bbc0,function,30
1002bbe0,function,89
1002bc40,function,1526
1002c240,function,23
1002c260,function,22
1002c280,function,91
1002c2e0,function,281
1002c400,function,10
1002c410,function,279
1002c530,function,25
1002c550,function,33
1002c580,function,122
1002c600,function,37
1002c630,function,53
1002c670,function,40
1002c6a0,function,510
1002c8a0,function,76
1002c8f0,function,171
1002c9a0,function,325
1002caf0,function,189
1002cbb0,function,156
1002cc50,function,523
1002ce60,function,78
1002ceb0,function,209
1002cf90,function,72
1002cfe0,function,122
1002d060,function,45
1002d090,function,252
1002d190,function,174
1002d240,function,457
1002d410,function,212
1002d4f0,function,578
1002d740,function,561
1002d980,function,408
1002db20,function,217
1002dc00,function,112
1002dc70,function,619
1002dee0,function,386
1002e070,function,113
1002e0f0,function,98
1002e160,function,15
1002e170,function,8
1002e180,function,8
1002e190,function,8
1002e1a0,function,8
1002e1b0,function,8
1002e1c0,function,8
1002e1d0,function,173
1002e280,function,127
1002e300,function,356
1002e470,function,162
1002e520,function,135
1002e5b0,function,274
1002e6d0,function,449
1002e8a0,function,130
1002e930,function,98
1002e9a0,function,115
1002ea20,function,367
1002eb90,function,291
1002ecc0,function,19
1002ece0,function,30
1002ed00,function,5
1002ed10,function,139
1002eda0,function,393
1002ef30,function,213
1002f010,function,97
1002f080,function,135
1002f110,function,231
1002f200,function,126
1002f280,function,426
1002f430,function,150
1002f4d0,function,125
1002f550,function,93
1002f5b0,function,358
1002f720,function,121
1002f7a0,function,78
1002f7f0,function,12
1002f800,function,20
1002f820,function,24
1002f840,function,56
1002f880,function,20
1002f8a0,function,51
1002f8e0,function,198
1002f9b0,function,30
1002f9d0,function,23
1002f9f0,function,100
1002fa60,function,383
1002fbe0,function,137
1002fc70,function,234
1002fd60,function,121
1002fde0,function,85
1002fe40,function,77
1002fe90,function,132
1002ff20,function,8
1002ff30,function,13
1002ff40,function,43
1002ff70,function,61
1002ffb0,function,79
10030000,function,17
10030020,function,60
10030060,function,21
10030080,function,21
100300a0,function,21
100300c0,function,21
100300e0,function,4
100300f0,function,21
10030110,function,21
10030130,function,21
10030150,function,21
10030170,function,65
100301c0,function,57
10030200,function,65
10030250,function,65
100302a0,function,60
100302e0,function,78
10030330,function,93
10030390,function,164
10030440,function,70
10030490,function,60
100304d0,function,141
10030560,function,84
100305c0,function,83
10030620,function,43
10030650,function,87
100306b0,function,30
100306d0,function,125
10030750,function,97
100307c0,function,38
100307f0,function,125
10030870,function,142
10030900,function,197
100309d0,function,136
10030a60,function,27
10030a80,function,21
10030aa0,function,182
10030b60,function,31
10030b80,function,7
10030b90,function,80
10030be0,function,74
10030c30,function,94
10030c90,function,20
10030cb0,function,8
10030cc0,function,8
10030cd0,function,91
10030d30,function,99
10030da0,function,30
10030dc0,function,8
10030dd0,function,38
10030e00,function,44
10030e30,function,7
10030e40,function,51
10030e80,function,33
10030eb0,function,33
10030ee0,function,38
10030f10,function,91
10030f70,function,45
10030fa0,function,9
10030fb0,function,25
10030fd0,function,111
10031040,function,232
10031130,function,290
10031260,function,153
10031300,function,152
100313a0,function,184
10031460,function,127
100314e0,function,7
100314f0,function,31
10031510,function,58
10031550,function,334
100316a0,function,286
100317c0,function,367
10031930,function,134
100319c0,function,155
10031a60,function,130
10031af0,function,335
10031c40,function,187
10031d00,function,132
10031d90,function,163
10031e40,function,407
10031fe0,function,90
10032040,function,145
100320e0,function,173
10032190,function,30
100321b0,function,131
10032240,function,231
10032330,function,5
10032340,function,72
10032390,function,78
100323e0,function,23
10032400,function,98
10032470,function,83
100324d0,function,90
10032530,function,97
100325a0,function,178
10032660,function,110
100326d0,function,96
10032730,function,334
10032880,function,119
10032900,function,239
100329f0,function,123
10032a70,function,132
10032b00,function,11
10032b10,function,109
10032b80,function,235
10032c70,function,192
10032d30,function,114
10032db0,function,41
10032de0,function,54
10032e20,function,100
10032e90,function,5
10032ea0,function,199
10032f70,function,97
10032fe0,function,232
100330d0,function,80
10033120,function,5
10033130,function,8
10033140,function,289
10033270,function,163
10033320,function,144
100333b0,function,80
10033400,function,8
10033410,function,269
10033520,function,122
100335a0,function,176
10033650,function,122
100336d0,function,50
10033710,function,124
10033790,function,176
10033840,function,122
100338c0,function,124
10033940,function,180
10033a00,function,122
10033a80,function,157
10033b20,function,50
10033b60,function,243
10033c60,function,50
10033ca0,function,150
10033d40,function,114
10033dc0,function,118
10033e40,function,108
10033eb0,function,114
10033f30,function,95
10033f90,function,165
10034040,function,53
10034080,function,225
10034170,function,187
10034230,function,108
100342a0,function,111
10034310,function,187
100343d0,function,111
10034440,function,184
10034500,function,372
10034680,function,80
100346d0,function,332
10034820,function,85
10034880,function,88
100348e0,function,123
10034960,function,88
100349c0,function,88
10034a20,function,85
10034a80,function,174
10034b30,function,10
10034b40,function,242
10034c40,function,79
10034c90,function,31
10034cb0,function,135
10034d40,function,121
10034dc0,function,153
10034e60,function,6
10034e70,function,24
10034e90,function,10
10034ea0,function,77
10034ef0,function,77
10034f40,function,92
10034fa0,function,92
10035000,function,24
10035020,function,215
10035100,function,7
10035110,function,7
10035120,function,124
100351a0,function,57
100351e0,function,67
10035230,function,43
10035260,function,31
10035280,function,11
10035290,function,92
100352f0,function,163
100353a0,function,11
100353b0,function,154
10035450,function,92
100354b0,function,119
10035530,function,119
100355b0,function,119
10035630,function,6
10035640,function,10
10035650,function,25
10035670,function,25
10035690,function,10
100356a0,function,109
10035710,function,32
10035730,function,41
10035760,function,94
100357c0,function,166
10035870,function,92
100358d0,function,119
10035950,function,179
10035a10,function,6
10035a20,function,66
10035a70,function,165
10035b20,function,66
10035b70,function,27
10035b90,function,27
10035bb0,function,37
10035be0,function,128
10035c60,function,154
10035d00,function,103
10035d70,function,185
10035e30,function,185
10035ef0,function,99
10035f60,function,99
10035fd0,function,6
10035fe0,function,25
10036000,function,85
10036060,function,109
100360d0,function,32
100360f0,function,166
100361a0,function,6
100361b0,function,10
100361c0,function,32
100361e0,function,66
10036230,function,172
100362e0,function,42
10036310,function,103
10036380,function,185
10036440,function,185
10036500,function,132
10036590,function,132
10036620,function,172
100366d0,function,23
100366f0,function,136
10036780,function,26
100367a0,function,26
100367c0,function,136
10036850,function,57
10036890,function,978
10036c70,function,133
10036d00,function,92
10036d60,function,137
10036df0,function,137
10036e80,function,116
10036f00,function,120
10036f80,function,120
10037000,function,30
10037020,function,30
10037040,function,50
10037080,function,135
10037110,function,129
100371a0,function,28
100371c0,function,124
10037240,function,120
100372c0,function,124
10037340,function,124
100373c0,function,120
10037440,function,30
10037460,function,30
10037480,function,5
10037490,function,158
10037530,function,158
100375d0,function,152
10037670,function,28
10037690,function,50
100376d0,function,135
10037760,function,202
10037830,function,129
100378c0,function,42
100378f0,function,132
10037980,function,144
10037a10,function,270
10037b20,function,115
10037bb0,function,115
10037c40,function,5
10037c50,function,124
10037cd0,function,185
10037d90,function,124
10037e10,function,209
10037ef0,function,373
10038070,function,373
100381f0,function,61
10038230,function,5
10038240,function,152
100382e0,function,5
100382f0,function,31
10038310,function,31
10038330,function,92
10038390,function,92
100383f0,function,39
10038420,function,39
10038450,function,59
10038490,function,72
100384e0,function,72
10038530,function,59
10038570,function,59
100385b0,function,179
10038670,function,179
10038730,function,140
100387c0,function,160
10038860,function,134
100388f0,function,23
10038910,function,20
10038930,function,20
10038950,function,6
10038960,function,13
10038970,function,31
10038990,function,13
100389a0,function,121
10038a20,function,75
10038a70,function,46
10038aa0,function,90
10038b00,function,55
10038b40,function,48
10038b70,function,37
10038ba0,function,127
10038c20,function,278
10038d40,function,200
10038e10,function,4
10038e20,function,139
10038eb0,function,93
10038f10,function,60
10038f50,function,28
10038f70,function,50
10038fb0,function,355
10039120,function,171
100391d0,function,129
10039260,function,130
100392f0,function,27
10039310,function,91
10039370,function,6
10039380,function,13
10039390,function,31
100393b0,function,13
100393c0,function,121
10039440,function,75
10039490,function,89
100394f0,function,128
10039570,function,188
10039630,function,48
10039660,function,26
10039680,function,115
10039700,function,135
10039790,function,59
100397d0,function,77
10039820,function,154
100398c0,function,139
10039950,function,355
10039ac0,function,259
10039bd0,function,28
10039bf0,function,50
10039c30,function,100
10039ca0,function,39
10039cd0,function,389
10039e60,function,372
10039fe0,function,44
1003a010,function,72
1003a060,function,231
1003a150,function,544
1003a370,function,159
1003a410,function,84
1003a470,function,129
1003a500,function,129
1003a590,function,188
1003a650,function,188
1003a710,function,196
1003a7e0,function,163
1003a890,function,328
1003a9e0,function,302
1003ab10,function,377
1003ac90,function,789
1003afb0,function,246
1003b0b0,function,288
1003b1d0,function,169
1003b280,function,154
1003b320,function,126
1003b3a0,function,169
1003b450,function,154
1003b4f0,function,126
1003b570,function,30
1003b590,function,30
1003b5b0,function,518
1003b7c0,function,83
1003b820,function,96
1003b880,function,96
1003b8e0,function,372
1003ba60,function,372
1003bbe0,function,135
1003bc70,function,89
1003bcd0,function,86
1003bd30,function,175
1003bde0,function,106
1003be50,function,26
1003be70,function,367
1003bfe0,function,27
1003c000,function,27
1003c020,function,94
1003c080,function,105
1003c0f0,function,238
1003c1e0,function,132
1003c270,function,132
1003c300,function,26
1003c320,function,26
1003c340,function,230
1003c430,function,150
1003c4d0,function,150
1003c570,function,166
1003c630,function,59
1003c670,function,166
1003c730,function,59
1003c770,function,230
1003c860,function,128
1003c8e0,function,128
1003c960,function,2394
1003d2c0,function,81
1003d320,function,238
1003d410,function,201
1003d4e0,function,16
1003d4f0,function,70
1003d540,function,135
1003d5d0,function,140
1003d660,function,116
1003d6e0,function,24
1003d700,function,46
1003d730,function,324
1003d880,function,10
1003d890,function,153
1003d930,function,163
1003d9e0,function,25
1003da00,function,131
1003da90,function,103
1003db00,function,446
1003dcc0,function,403
1003de60,function,138
1003def0,function,165
1003dfa0,function,115
1003e020,function,286
1003e140,function,30
1003e160,function,15
1003e170,function,264
1003e280,function,998
1003e670,function,547
1003e8a0,function,5
1003e8b0,function,124
1003e930,function,28
1003e950,function,105
1003e9c0,function,109
1003ea30,function,7
1003ea40,function,41
1003ea70,function,13
1003ea80,function,12
1003ea90,function,113
1003eb10,function,28
1003eb30,function,57
1003eb70,function,57
1003ebb0,function,57
1003ebf0,function,57
1003ec30,function,57
1003ec70,function,57
1003ecb0,function,57
1003ecf0,function,6
1003ed00,function,35
1003ed30,function,6
1003ed40,function,35
1003ed70,function,6
1003ed80,function,35
1003edb0,function,6
1003edc0,function,35
1003edf0,function,89
1003ee50,function,6
1003ee60,function,96
1003eec0,function,6
1003eed0,function,135
1003ef60,function,100
1003efd0,function,100
1003f040,function,100
1003f0b0,function,100
1003f120,function,100
1003f190,function,100
1003f200,function,100
1003f270,function,100
1003f2e0,function,100
1003f350,function,100
1003f3c0,function,100
1003f430,function,100
1003f4a0,function,144
1003f530,function,144
1003f5c0,function,105
1003f630,function,18
1003f650,function,18
1003f670,function,6
1003f680,function,110
1003f6f0,function,70
1003f740,function,89
1003f7a0,function,88
1003f800,function,47
1003f830,function,88
1003f890,function,73
1003f8e0,function,136
1003f970,function,58
1003f9b0,function,136
1003fa40,function,273
1003fb60,function,136
1003fbf0,function,58
1003fc30,function,273
1003fd50,function,58
1003fd90,function,273
1003feb0,function,58
1003fef0,function,273
10040010,function,287
10040130,function,47
10040160,function,337
100402c0,function,154
10040360,function,80
100403b0,function,57
100403f0,function,30
10040410,function,32
10040430,function,25
10040450,function,54
10040490,function,57
100404d0,function,54
10040510,function,57
10040550,function,57
10040590,function,66
100405e0,function,54
10040620,function,57
10040660,function,59
100406a0,function,80
100406f0,function,135
10040780,function,37
100407b0,function,61
100407f0,function,52
10040830,function,61
10040870,function,58
100408b0,function,67
10040900,function,48
10040930,function,61
10040970,function,48
100409a0,function,162
10040a50,function,339
10040bb0,function,301
10040ce0,function,300
10040e10,function,299
10040f40,function,301
10041070,function,5
10041080,function,187
10041140,function,746
10041430,function,59
10041470,function,66
100414c0,function,229
100415b0,function,102
10041620,function,73
10041670,function,55
100416b0,function,152
10041750,function,124
100417d0,function,113
10041850,function,501
10041a50,function,125
10041ad0,function,437
10041c90,function,579
10041ee0,function,183
10041fa0,function,292
100420d0,function,141
10042160,function,131
100421f0,function,381
10042370,function,428
10042520,function,30
10042540,function,6
10042550,function,12
10042560,function,37
10042590,function,33
100425c0,function,33
100425f0,function,33
10042620,function,7
10042630,function,7
10042640,function,33
10042670,function,46
100426a0,function,46
100426d0,function,36
10042700,function,80
10042750,function,10
10042760,function,87
100427c0,function,27
100427e0,function,26
10042800,function,26
10042820,function,39
10042850,function,38
10042880,function,58
100428c0,function,101
10042930,function,40
10042960,function,6
10042970,function,91
100429e0,function,31
10042a40,function,97
10042ab0,function,23
10042ad0,function,240
10042bc0,function,108
10042c30,function,123
10042cb0,function,316
10042df0,function,5
10042e00,function,62
10042e40,function,57
10042e80,function,128
10042f00,function,57
10042f40,function,278
10043060,function,286
10043180,function,5
10043190,function,5
100431a0,function,42
100431d0,function,154
10043270,function,200
10043340,function,127
100433c0,function,108
10043430,function,108
100434a0,function,54
100434e0,function,108
10043550,function,280
10043670,function,91
100436d0,function,91
10043730,function,91
10043790,function,244
10043890,function,67
100438e0,function,50
10043920,function,162
100439d0,function,146
10043a70,function,111
10043ae0,function,62
10043b20,function,135
10043bb0,function,138
10043c40,function,49
10043c80,function,23
10043ca0,function,801
10043fd0,function,50
10044010,function,107
10044080,function,56
100440c0,function,1244
100445a0,function,9
100445b0,function,193
10044680,function,90
100446e0,function,255
100447e0,function,30
10044800,function,6
10044810,function,24
10044830,function,132
100448c0,function,221
100449a0,function,76
100449f0,function,27
10044a10,function,35
10044a40,function,95
10044aa0,function,6
10044ab0,function,96
10044b10,function,91
10044b70,function,86
10044bd0,function,136
10044c60,function,171
10044d10,function,62
10044d50,function,89
10044db0,function,30
10044dd0,function,275
10044ef0,function,27
10044f10,function,50
10044f50,function,42
10044f80,function,100
10044ff0,function,132
10045080,function,26
100450a0,function,57
100450e0,function,167
10045190,function,110
10045200,function,132
10045290,function,171
10045340,function,120
100453c0,function,175
10045470,function,237
10045560,function,101
100455d0,function,101
10045640,function,158
100456e0,function,158
10045780,function,158
10045820,function,426
100459d0,function,15
100459e0,function,143
10045aa0,function,194
10045b70,function,102
10045be0,function,108
10045c50,function,83
10045cb0,function,90
10045d10,function,108
10045d80,function,79
10045dd0,function,102
10045e40,function,108
10045eb0,function,67
10045f00,function,89
10045f60,function,90
10045fc0,function,159
10046060,function,216
10046140,function,65
10046190,function,465
100463f0,function,122
10046470,function,31
10046490,function,219
10046570,function,227
10046660,function,181
10046720,function,291
10046850,function,167
10046900,function,238
100469f0,function,160
10046a90,function,198
10046b60,function,169
10046c10,function,169
10046cc0,function,146
10046d60,function,248
10046e60,function,85
10046ec0,function,160
10046f60,function,243
10047060,function,169
10047110,function,103
10047180,function,156
10047220,function,72
10047270,function,43
100472a0,function,173
10047350,function,219
10047430,function,12
10047440,function,48
10047470,function,90
100474d0,function,30
100474f0,function,87
10047550,function,141
100475e0,function,281
10047700,function,92
10047760,function,160
10047800,function,158
100478a0,function,30
100478c0,function,245
100479c0,function,148
10047a60,function,16
10047a70,function,31
10047a90,function,19
10047ab0,function,44
10047ae0,function,7
10047af0,function,20
10047b10,function,5
10047b20,function,32
10047b40,function,38
10047b70,function,85
10047bd0,function,27
10047bf0,function,82
10047c50,function,108
10047cd0,function,40
10047d00,function,144
10047d90,function,40
10047dc0,function,7
10047dd0,function,53
10047e10,function,161
10047ec0,function,115
10047f40,function,270
10048050,function,142
100480e0,function,56
10048120,function,35
10048150,function,171
10048200,function,138
10048290,function,144
10048320,function,29
10048340,function,43
10048370,function,114
100483f0,function,156
10048490,function,32
100484b0,function,42
100484e0,function,53
10048520,function,57
10048560,function,59
100485a0,function,279
100486c0,function,279
100487e0,function,270
100488f0,function,203
100489c0,function,174
10048a70,function,74
10048ac0,function,37
10048af0,function,224
10048bd0,function,108
10048c40,function,77
10048c90,function,91
10048cf0,function,91
10048d50,function,166
10048e00,function,61
10048e40,function,182
10048f00,function,33
10048f30,function,114
10048fb0,function,284
100490d0,function,284
100491f0,function,41
10049220,function,215
10049300,function,215
100493e0,function,224
100494c0,function,156
10049560,function,66
100495b0,function,50
100495f0,function,206
100496c0,function,696
10049980,function,203
10049a50,function,61
10049a90,function,63
10049ad0,function,85
10049b30,function,321
10049c80,function,184
10049d40,function,314
10049e80,function,186
10049f40,function,203
1004a010,function,195
1004a0e0,function,242
1004a1e0,function,149
1004a280,function,109
1004a2f0,function,65
1004a340,function,301
1004a470,function,17
1004a490,function,52
1004a4d0,function,63
1004a510,function,97
1004a580,function,220
1004a660,function,93
1004a6c0,function,749
1004a9b0,function,5
1004a9c0,function,316
1004ab00,function,149
1004aba0,function,95
1004ac00,function,6
1004ac10,function,96
1004ac70,function,136
1004ad00,function,89
1004ad60,function,275
1004ae80,function,50
1004aec0,function,6
1004aed0,function,35
1004af00,function,95
1004af60,function,6
1004af70,function,96
1004afd0,function,273
1004b0f0,function,136
1004b180,function,89
1004b1e0,function,167
1004b290,function,275
1004b3b0,function,50
1004b3f0,function,96
1004b450,function,207
1004b520,function,76
1004b570,function,83
1004b5d0,function,141
1004b660,function,206
1004b730,function,43
1004b760,function,153
1004b800,function,158
1004b8a0,function,162
1004b950,function,68
1004b9a0,function,168
1004ba50,function,52
1004ba90,function,153
1004bb30,function,203
1004bc00,function,132
1004bc90,function,77
1004bce0,function,331
1004be30,function,237
1004bf20,function,273
1004c040,function,194
1004c110,function,194
1004c1e0,function,131
1004c270,function,177
1004c330,function,190
1004c3f0,function,282
1004c510,function,108
1004c580,function,152
1004c620,function,90
1004c680,function,108
1004c6f0,function,84
1004c750,function,108
1004c7c0,function,6
1004c7d0,function,57
1004c810,function,80
1004c860,function,152
1004c900,function,90
1004c960,function,159
1004ca00,function,67
1004ca50,function,123
1004cad0,function,206
1004cba0,function,30
1004cbc0,function,149
1004cc60,function,101
1004ccd0,function,101
1004cd40,function,148
1004cde0,function,15
1004cdf0,function,35
1004ce20,function,5
1004ce30,function,405
1004cfd0,function,102
1004d040,function,102
1004d0b0,function,467
1004d290,function,127
1004d310,function,181
1004d3d0,function,181
1004d490,function,505
1004d690,function,167
1004d740,function,167
1004d7f0,function,167
1004d8a0,function,238
1004d990,function,238
1004da80,function,814
1004ddb0,function,303
1004dee0,function,101
1004df50,function,240
1004e040,function,57
1004e080,function,99
1004e0f0,function,689
1004e3b0,function,160
1004e450,function,160
1004e4f0,function,236
1004e5e0,function,255
1004e6e0,function,67
1004e730,function,113
1004e7b0,function,9
1004e7c0,function,156
1004e860,function,156
1004e900,function,71
1004e950,function,87
1004e9b0,function,173
1004ea60,function,173
1004eb10,function,340
1004ec70,function,342
1004edd0,function,219
1004eeb0,function,219
1004ef90,function,107
1004f000,function,107
1004f070,function,27
1004f090,function,107
1004f100,function,76
1004f150,function,101
1004f1c0,function,101
1004f230,function,101
1004f2a0,function,54
1004f2e0,function,33
1004f310,function,6
1004f320,function,6
1004f330,function,6
1004f340,function,167
1004f3f0,function,215
1004f4d0,function,22
1004f4f0,function,27
1004f510,function,27
1004f530,function,27
1004f550,function,28
1004f570,function,78
1004f5c0,function,28
1004f5e0,function,27
1004f600,function,82
1004f660,function,108
1004f6d0,function,108
1004f740,function,160
1004f7e0,function,60
1004f820,function,82
1004f880,function,84
1004f8e0,function,78
1004f930,function,48
1004f960,function,25
1004f980,function,341
1004fae0,function,100
1004fb50,function,42
1004fb80,function,185
1004fc40,function,172
1004fcf0,function,86
1004fd50,function,23
1004fd70,function,70
1004fdc0,function,25
1004fde0,function,25
1004fe00,function,29
1004fe20,function,378
1004ffa0,function,263
100500b0,function,90
10050110,function,28
10050130,function,170
100501e0,function,25
10050200,function,25
10050220,function,77
10050270,function,26
10050290,function,87
100502f0,function,184
100503b0,function,135
10050440,function,154
100504e0,function,55
10050520,function,84
10050580,function,132
10050610,function,62
10050650,function,27
10050670,function,82
100506d0,function,28
100506f0,function,178
100507b0,function,104
10050820,function,135
100508b0,function,41
100508e0,function,50
10050920,function,105
10050990,function,105
10050a00,function,63
10050a40,function,148
10050ae0,function,110
10050b50,function,109
10050bc0,function,11
10050bd0,function,522
10050de0,function,29
10050e00,function,52
10050e40,function,211
10050f20,function,255
10051020,function,508
10051220,function,739
10051510,function,740
10051800,function,130
10051890,function,67
100518e0,function,5
100518f0,function,5
10051900,function,203
100519d0,function,8
100519e0,function,129
10051a70,function,243
10051b70,function,179
10051c30,function,149
10051cd0,function,302
10051e00,function,296
10051f30,function,503
10052130,function,264
10052240,function,518
10052450,function,203
10052520,function,203
100525f0,function,600
10052850,function,128
100528d0,function,227
100529c0,function,250
10052ac0,function,354
10052c30,function,212
10052d10,function,124
10052d90,function,689
10053050,function,1198
10053500,function,237
100535f0,function,358
10053760,function,34
10053790,function,34
100537c0,function,52
10053800,function,245
10053900,function,56
10053940,function,118
100539c0,function,182
10053a80,function,474
10053c60,function,115
10053ce0,function,410
10053e80,function,116
10053f00,function,318
10054040,function,513
10054250,function,80
100542a0,function,87
10054320,function,43
10054350,function,78
100543a0,function,5
100543b0,function,30
100543d0,function,25
100543f0,function,189
100544b0,function,189
10054570,function,189
10054630,function,185
100546f0,function,237
100547e0,function,161
10054890,function,152
10054930,function,152
100549d0,function,152
10054a70,function,149
10054b10,function,245
10054c10,function,158
10054cb0,function,785
10054fd0,function,249
100550d0,function,23
100550f0,function,73
10055140,function,58
10055180,function,52
100551c0,function,8
100551d0,function,341
10055330,function,77
10055380,function,482
10055630,function,161
100556e0,function,52
10055720,function,31
10055740,function,179
10055800,function,74
10055850,function,50
10055890,function,95
100558f0,function,6
10055900,function,96
10055960,function,136
100559f0,function,142
10055a80,function,89
10055ae0,function,275
10055c00,function,50
10055c40,function,95
10055ca0,function,6
10055cb0,function,96
10055d10,function,136
10055da0,function,89
10055e00,function,275
10055f20,function,50
10055f60,function,326
100560b0,function,237
100561a0,function,101
10056210,function,101
10056280,function,101
100562f0,function,167
100563a0,function,28
100563c0,function,18
100563e0,function,143
100564d0,function,31
100564f0,function,296
10056620,function,102
10056690,function,194
10056760,function,102
100567d0,function,108
10056840,function,84
100568a0,function,172
10056950,function,478
10056b30,function,235
10056c20,function,224
10056d00,function,238
10056df0,function,181
10056eb0,function,181
10056f70,function,302
100570a0,function,291
100571d0,function,173
10057280,function,167
10057330,function,167
100573e0,function,500
100575e0,function,38
10057610,function,238
10057700,function,238
100577f0,function,97
10057860,function,107
100578d0,function,160
10057970,function,160
10057a10,function,156
10057ab0,function,156
10057b50,function,173
10057c00,function,173
10057cb0,function,219
10057d90,function,219
10057e70,function,82
10057ed0,function,90
10057f30,function,5
10057f40,function,696
10058200,function,105
10058270,function,185
10058330,function,203
10058400,function,446
100585c0,function,127
10058640,function,129
100586d0,function,218
100587b0,function,129
10058840,function,482
10058a30,function,157
10058ad0,function,202
10058ba0,function,119
10058c20,function,12
10058c30,function,31
10058c50,function,28
10058c70,function,19
10058c90,function,33
10058cc0,function,216
10058da0,function,282
10058ec0,function,282
10058fe0,function,215
100590c0,function,215
100591a0,function,197
10059270,function,161
10059320,function,118
100593a0,function,181
10059460,function,237
10059550,function,272
10059660,function,120
100596e0,function,101
10059750,function,191
10059810,function,159
100598b0,function,177
10059970,function,206
10059a40,function,38
10059a70,function,40
10059aa0,function,39
10059ad0,function,90
10059b30,function,147
10059bd0,function,7
10059be0,function,46
10059c10,function,36
10059c40,function,80
10059c90,function,130
10059d20,function,3
10059d30,function,130
10059dc0,function,87
10059e20,function,101
10059e90,function,101
10059f00,function,163
1005a010,function,45
1005a040,function,117
1005a0c0,function,86
1005a120,function,121
1005a1a0,function,25
1005a1c0,function,42
1005a1f0,function,350
1005a350,function,88
1005a3b0,function,168
1005a460,function,319
1005a5a0,function,16
1005a5b0,function,92
1005a610,function,115
1005a690,function,5
1005a6a0,function,5
1005a6b0,function,85
1005a710,function,54
1005a750,function,152
1005a7f0,function,53
1005a830,function,66
1005a880,function,5
1005a890,function,365
1005aa00,function,7
1005aa10,function,69
1005ab00,function,68
1005ab50,function,68
1005abb0,function,218
1005ac90,function,175
1005ad40,function,136
1005add0,function,79
1005ae20,function,84
1005ae80,function,134
1005af10,function,215
1005aff0,function,127
1005b070,function,108
1005b0e0,function,27
1005b100,function,105
1005b170,function,105
1005b1e0,function,44
1005b220,function,11
1005b230,function,134
1005b2c0,function,146
1005b360,function,81
1005b3c0,function,11
1005b3d0,function,81
1005b430,function,11
1005b440,function,52
1005b480,function,114
1005b520,function,31
1005b540,function,23
1005b560,function,411
1005b700,function,132
1005b790,function,171
1005b840,function,122
1005b8c0,function,175
1005b970,function,132
1005ba00,function,171
1005bab0,function,122
1005bb30,function,175
1005bbe0,function,101
1005bc50,function,101
1005bcc0,function,188
1005bd80,function,192
1005be40,function,49
1005be80,function,68
1005bed0,function,219
1005bfe0,function,31
1005c000,function,549
1005c230,function,115
1005c2b0,function,68
1005c300,function,101
1005c370,function,166
1005c420,function,246
1005c520,function,342
1005c680,function,152
1005c720,function,1078
1005cb60,function,321
1005ccb0,function,292
1005cde0,function,18
1005ce00,function,80
1005ce50,function,87
1005cec0,function,31
1005cf20,function,215
1005d000,function,5
1005d010,function,273
1005d130,function,33
1005d160,function,224
1005d240,function,114
1005d2c0,function,377
1005d440,function,377
1005d5c0,function,23
1005d5e0,function,297
1005d7b0,function,31
1005d7d0,function,19
1005d7f0,function,101
1005d860,function,119
1005d8e0,function,505
1005dae0,function,415
1005dc80,function,352
1005dde0,function,1027
1005e1f0,function,511
1005e3f0,function,143
1005e4b0,function,108
1005e520,function,90
1005e580,function,159
1005e620,function,243
1005e720,function,329
1005e870,function,80
1005e8c0,function,92
1005e920,function,157
1005e9c0,function,190
1005ea80,function,19
1005eaa0,function,81
1005eb00,function,51
1005eb40,function,30
1005eb60,function,23
1005eb80,function,246
1005ec80,function,80
1005ecd0,function,3
1005ece0,function,5
1005ecf0,function,25
1005ed10,function,116
1005ed90,function,25
1005edb0,function,116
1005ee30,function,113
1005eeb0,function,87
1005ef10,function,48
1005ef40,function,46
1005ef70,function,25
1005ef90,function,116
1005f010,function,25
1005f030,function,116
1005f0b0,function,87
1005f110,function,152
1005f1b0,function,76
1005f200,function,76
1005f250,function,63
1005f290,function,92
1005f2f0,function,7
1005f300,function,101
1005f370,function,101
1005f3e0,function,101
1005f450,function,94
1005f4b0,function,94
1005f510,function,76
1005f560,function,6
1005f570,function,96
1005f5d0,function,91
1005f630,function,100
1005f6a0,function,6
1005f6b0,function,96
1005f710,function,6
1005f720,function,47
1005f750,function,6
1005f760,function,35
1005f790,function,15
1005f7f0,function,139
1005f880,function,60
1005f8c0,function,70
1005f910,function,70
1005f960,function,53
1005f9a0,function,19
1005f9c0,function,318
1005fb00,function,98
1005fb70,function,442
1005fd30,function,24
1005fd50,function,31
1005fd70,function,48
1005fda0,function,46
1005fdd0,function,121
1005fe50,function,24
1005fe70,function,31
1005fe90,function,48
1005fec0,function,46
1005fef0,function,109
1005ff60,function,31
1005ff80,function,40
1005ffb0,function,48
1005ffe0,function,46
10060010,function,69
10060060,function,40
10060090,function,48
100600c0,function,46
100600f0,function,24
10060110,function,31
10060130,function,48
10060160,function,46
10060190,function,109
10060200,function,24
10060220,function,31
10060240,function,48
10060270,function,46
100602a0,function,64
100602e0,function,82
10060340,function,31
10060360,function,48
10060390,function,46
100603c0,function,18
100603e0,function,18
10060400,function,18
10060420,function,18
10060440,function,18
10060460,function,46
10060490,function,155
10060530,function,18
10060550,function,184
10060610,function,184
100606d0,function,5
100606e0,function,5
100606f0,function,5
10060700,function,89
10060760,function,132
100607f0,function,124
10060870,function,132
10060900,function,154
100609a0,function,87
10060a00,function,89
10060a60,function,5
10060a70,function,132
10060b00,function,132
10060b90,function,124
10060c10,function,6
10060c20,function,57
10060c60,function,31
10060c80,function,132
10060d10,function,78
10060d60,function,86
10060dc0,function,83
10060e20,function,362
10060f90,function,330
100610e0,function,80
10061130,function,213
10061210,function,5
10061220,function,196
100612f0,function,275
10061410,function,196
100614e0,function,196
100615b0,function,78
10061600,function,64
10061640,function,275
10061760,function,78
100617b0,function,78
10061800,function,91
10061860,function,162
10061910,function,249
10061a10,function,110
10061a80,function,30
10061aa0,function,134
10061b30,function,136
10061bc0,function,134
10061c50,function,134
10061ce0,function,134
10061d70,function,134
10061e00,function,134
10061e90,function,134
10061f20,function,134
10061fb0,function,134
10062040,function,172
100620f0,function,171
100621a0,function,61
100621e0,function,171
10062290,function,113
10062310,function,171
100623c0,function,171
10062470,function,171
10062520,function,82
10062580,function,82
100625e0,function,50
10062620,function,82
10062680,function,196
10062750,function,161
10062800,function,56
10062840,function,34
10062870,function,120
100628f0,function,56
10062930,function,79
10062980,function,67
100629d0,function,80
10062a20,function,17
10062a40,function,1196
10062ef0,function,92
10062f50,function,23
10062f70,function,23
10062f90,function,23
10062fb0,function,266
100630c0,function,119
10063140,function,119
100631c0,function,119
10063240,function,119
100632c0,function,307
10063400,function,136
10063490,function,102
10063500,function,76
10063550,function,129
100635e0,function,76
10063630,function,61
10063670,function,15
10063680,function,15
10063690,function,18
100636b0,function,552
100638e0,function,131
10063970,function,135
10063a00,function,97
10063a70,function,76
10063ac0,function,27
10063ae0,function,63
10063b20,function,51
10063b60,function,144
10063bf0,function,220
10063cd0,function,97
10063d40,function,127
10063dc0,function,41
10063df0,function,27
10063e10,function,88
10063e70,function,732
10064150,function,290
10064280,function,124
10064300,function,124
10064380,function,124
10064400,function,50
10064440,function,156
100644e0,function,47
10064510,function,253
10064610,function,141
100646a0,function,31
100646c0,function,63
10064700,function,175
100647b0,function,103
10064820,function,101
10064890,function,426
10064a40,function,131
10064ad0,function,161
10064b80,function,101
10064bf0,function,101
10064c60,function,210
10064d40,function,234
10064e30,function,180
10064ef0,function,844
10065240,function,213
10065320,function,150
100653c0,function,150
10065470,function,157
10065510,function,162
100655c0,function,36
10065600,function,92
10065660,function,143
10065740,function,31
10065760,function,143
100657f0,function,125
10065870,function,81
100658d0,function,243
100659d0,function,120
10065a50,function,155
10065af0,function,10
10065b00,function,150
10065ba0,function,234
10065c90,function,117
10065d50,function,79
10065da0,function,34
10065dd0,function,224
10065ec0,function,34
10065ef0,function,109
10065f60,function,31
10065f80,function,635
10066200,function,446
10066460,function,441
10066620,function,118
100666a0,function,65
100666f0,function,125
10066770,function,215
10066850,function,90
100668b0,function,113
10066930,function,49
10066970,function,31
10066990,function,98
10066a00,function,271
10066b10,function,355
10066c80,function,91
10066ce0,function,252
10066de0,function,42
10066e10,function,267
10066f20,function,246
10067020,function,286
10067140,function,646
100673d0,function,249
100674d0,function,1869
10067c20,function,129
10067cb0,function,326
10067e00,function,1041
10068220,function,1053
10068640,function,282
10068760,function,17
10068780,function,79
100687d0,function,163
10068880,function,209
10068960,function,7
10068970,function,80
100689c0,function,101
10068a30,function,101
10068aa0,function,94
10068b10,function,31
10068b70,function,7
10068b80,function,5
10068b90,function,5
10068ba0,function,60
10068be0,function,5
10068bf0,function,214
10068d50,function,181
10068e10,function,80
10068e80,function,31
10068ea0,function,108
10068f10,function,91
10068f70,function,91
10068fd0,function,31
10068ff0,function,5
10069000,function,98
10069070,function,23
10069090,function,23
100690b0,function,132
10069140,function,171
100691f0,function,120
10069270,function,175
10069320,function,132
100693b0,function,171
10069460,function,120
100694e0,function,175
10069590,function,101
10069600,function,158
100696a0,function,158
10069740,function,206
10069810,function,101
10069880,function,150
10069950,function,65
100699a0,function,254
10069aa0,function,160
10069b40,function,49
10069b80,function,87
10069be0,function,143
10069cd0,function,184
10069e10,function,80
10069e60,function,31
10069e80,function,144
10069f10,function,130
10069fa0,function,46
10069fd0,function,5
10069fe0,function,12
10069ff0,function,5
1006a000,function,4
1006a010,function,4
1006a020,function,33
1006a050,function,62
1006a090,function,20
1006a0b0,function,5
1006a0c0,function,36
1006a0f0,function,13
1006a100,function,29
1006a120,function,31
1006a140,function,91
1006a1a0,function,40
1006a1d0,function,16
1006a1e0,function,101
1006a250,function,101
1006a2c0,function,101
1006a330,function,101
1006a3a0,function,101
1006a410,function,101
1006a480,function,101
1006a4f0,function,101
1006a560,function,35
1006a590,function,91
1006a5f0,function,91
1006a650,function,91
1006a6b0,function,65
1006a700,function,14
1006a710,function,120
1006a790,function,30
1006a7b0,function,4
1006a7c0,function,47
1006a7f0,function,53
1006a830,function,76
1006a880,function,42
1006a8b0,function,172
1006a960,function,103
1006a9d0,function,284
1006ab60,function,8
1006ab70,function,256
1006ac70,function,256
1006ad70,function,188
1006ae30,function,115
1006aeb0,function,5
1006aec0,function,5
1006aed0,function,5
1006aee0,function,5
1006aef0,function,5
1006af00,function,5
1006af10,function,5
1006af20,function,5
1006af30,function,132
1006afc0,function,132
1006b050,function,132
1006b0e0,function,132
1006b170,function,5
1006b180,function,5
1006b190,function,132
1006b220,function,5
1006b230,function,78
1006b280,function,78
1006b2d0,function,16
1006b2e0,function,11
1006b2f0,function,49
1006b330,function,115
1006b3b0,function,328
1006b500,function,185
1006b5c0,function,185
1006b680,function,127
1006b700,function,127
1006b780,function,105
1006b7f0,function,171
1006b8a0,function,171
1006b950,function,171
1006ba00,function,171
1006bab0,function,171
1006bb60,function,82
1006bbc0,function,50
1006bc00,function,50
1006bc40,function,149
1006bce0,function,149
1006bd80,function,120
1006be00,function,80
1006be50,function,120
1006bed0,function,120
1006bf50,function,54
1006bf90,function,54
1006bfd0,function,242
1006c0d0,function,23
1006c0f0,function,30
1006c110,function,23
1006c130,function,156
1006c1d0,function,156
1006c270,function,110
1006c2e0,function,364
1006c450,function,15
1006c460,function,45
1006c490,function,83
1006c4f0,function,189
1006c5b0,function,159
1006c650,function,159
1006c6f0,function,406
1006c890,function,322
1006c9e0,function,276
1006cb00,function,424
1006ccb0,function,85
1006cd10,function,42
1006cd40,function,16
1006cd50,function,21
1006cd70,function,856
1006d0d0,function,29
1006d230,function,22
1006d250,function,33
1006d280,function,390
1006d410,function,43
1006d440,function,19
1006d460,function,98
1006d4d0,function,31
1006d4f0,function,124
1006d570,function,426
1006d720,function,426
1006d8d0,function,175
1006d980,function,175
1006da30,function,132
1006dac0,function,171
1006db70,function,120
1006dbf0,function,175
1006dca0,function,175
1006dd50,function,132
1006dde0,function,171
1006de90,function,120
1006df10,function,175
1006dfc0,function,31
1006dfe0,function,132
1006e070,function,171
1006e120,function,122
1006e1a0,function,175
1006e250,function,132
1006e2e0,function,171
1006e390,function,122
1006e410,function,175
1006e4c0,function,426
1006e670,function,234
1006e760,function,234
1006e850,function,103
1006e8c0,function,103
1006e930,function,234
1006ea20,function,83
1006ea80,function,65
1006ead0,function,65
1006eb20,function,65
1006eb70,function,65
1006ebc0,function,5
1006ebd0,function,47
1006ec00,function,51
1006ec40,function,49
1006ec80,function,201
1006ed50,function,351
1006eeb0,function,383
1006f030,function,15
1006f040,function,520
1006f250,function,186
1006f310,function,101
1006f380,function,416
1006f520,function,101
1006f590,function,192
1006f650,function,68
1006f6a0,function,52
1006f6e0,function,676
1006f990,function,224
1006fa80,function,38
1006fab0,function,340
1006fc30,function,166
1006fce0,function,210
1006fdc0,function,206
1006fe90,function,166
1006ff40,function,260
10070050,function,30
10070070,function,166
10070120,function,229
10070210,function,115
10070290,function,101
10070300,function,215
100703e0,function,1024
100707e0,function,193
100708b0,function,355
10070a20,function,1314
10070f60,function,130
10070ff0,function,390
10071180,function,39
100711b0,function,100
10071220,function,21
10071240,function,26
10071260,function,171
10071310,function,36
10071340,function,103
100713b0,function,108
10071420,function,80
10071470,function,18
10071490,function,18
100714b0,function,38
100714e0,function,27
10071500,function,86
10071560,function,178
10071620,function,180
100716e0,function,281
10071800,function,141
10071890,function,223
10071970,function,87
100719d0,function,31
100719f0,function,85
10071a50,function,118
10071ad0,function,87
10071b30,function,92
10071b90,function,81
10071bf0,function,101
10071c60,function,98
10071cd0,function,101
10071d40,function,101
10071db0,function,101
10071e20,function,101
10071e90,function,101
10071f00,function,101
10071f70,function,101
10071fe0,function,101
10072050,function,101
100720c0,function,101
10072130,function,101
100721a0,function,101
10072210,function,101
10072280,function,101
100722f0,function,91
10072350,function,91
100723b0,function,91
10072410,function,63
10072450,function,91
100724b0,function,91
10072510,function,63
10072560,function,7
10072570,function,78
100725c0,function,115
10072640,function,450
10072810,function,73
10072860,function,1060
10072c90,function,78
10072ce0,function,185
10072da0,function,83
10072e00,function,98
10072e70,function,138
10072f00,function,5
10072f10,function,5
10072f20,function,5
10072f30,function,5
10072f40,function,5
10072f50,function,5
10072f60,function,5
10072f70,function,5
10072f80,function,5
10072f90,function,5
10072fa0,function,5
10072fb0,function,5
10072fc0,function,5
10072fd0,function,5
10072fe0,function,5
10072ff0,function,5
10073000,function,51
10073040,function,132
100730d0,function,132
10073160,function,132
100731f0,function,5
10073200,function,5
10073210,function,5
10073220,function,132
100732b0,function,93
10073310,function,132
100733a0,function,5
100733b0,function,5
100733c0,function,132
10073450,function,5
10073460,function,331
100735b0,function,149
10073650,function,86
100736b0,function,145
10073750,function,171
10073800,function,171
100738b0,function,171
10073960,function,132
100739f0,function,171
10073aa0,function,171
10073b50,function,171
10073c00,function,155
10073ca0,function,131
10073d30,function,163
10073de0,function,128
10073e60,function,8
10073e70,function,151
10073f10,function,120
10073f90,function,151
10074030,function,222
10074110,function,120
10074190,function,43
100741c0,function,158
10074260,function,120
100742e0,function,44
10074310,function,44
10074340,function,81
100743a0,function,80
100743f0,function,145
10074490,function,23
100744b0,function,23
100744d0,function,709
100747a0,function,62
100747e0,function,151
10074880,function,31
100748a0,function,27
100748c0,function,31
100748e0,function,36
10074910,function,749
10074c00,function,104
10074c70,function,106
10074ce0,function,54
10074d20,function,155
10074dc0,function,124
10074e40,function,122
10074ec0,function,249
10074fc0,function,36
10075090,function,81
100750f0,function,31
10075110,function,71
10075160,function,203
10075230,function,41
10075260,function,153
10075300,function,120
10075380,function,176
10075430,function,176
100754e0,function,123
10075560,function,122
100755e0,function,5
100755f0,function,203
100756c0,function,754
100759c0,function,123
10075a40,function,124
10075ac0,function,115
10075b40,function,273
10075c60,function,294
10075d90,function,50
10075dd0,function,50
10075e10,function,95
10075e70,function,6
10075e80,function,96
10075ee0,function,136
10075f70,function,89
10075fd0,function,275
100760f0,function,50
10076130,function,137
100761c0,function,132
10076250,function,171
10076300,function,120
10076380,function,175
10076430,function,175
100764e0,function,132
10076570,function,171
10076620,function,120
100766a0,function,175
10076750,function,132
100767e0,function,171
10076890,function,120
10076910,function,175
100769c0,function,132
10076a50,function,171
10076b00,function,120
10076b80,function,175
10076c30,function,132
10076cc0,function,171
10076d70,function,120
10076df0,function,175
10076ea0,function,132
10076f30,function,171
10076fe0,function,120
10077060,function,175
10077110,function,132
100771a0,function,171
10077250,function,120
100772d0,function,175
10077380,function,132
10077410,function,171
100774c0,function,120
10077540,function,175
100775f0,function,132
10077680,function,171
10077730,function,120
100777b0,function,175
10077860,function,132
100778f0,function,171
100779a0,function,120
10077a20,function,175
10077ad0,function,132
10077b60,function,171
10077c10,function,122
10077c90,function,175
10077d40,function,132
10077dd0,function,171
10077e80,function,122
10077f00,function,175
10077fb0,function,426
10078160,function,426
10078310,function,426
100784c0,function,426
10078670,function,426
10078820,function,114
100788a0,function,9
100788b0,function,103
10078920,function,123
100789a0,function,101
10078a10,function,252
10078b10,function,234
10078c00,function,234
10078cf0,function,234
10078de0,function,234
10078ed0,function,117
10078f50,function,270
10079060,function,114
100790e0,function,53
10079120,function,486
10079310,function,149
100793b0,function,138
10079440,function,102
100794b0,function,101
10079520,function,143
100795b0,function,110
10079620,function,196
100796f0,function,108
10079760,function,146
10079800,function,181
100798c0,function,116
10079940,function,299
10079a70,function,382
10079bf0,function,500
10079df0,function,89
10079e50,function,159
10079ef0,function,191
10079fb0,function,206
1007a080,function,159
1007a120,function,238
1007a210,function,177
1007a2d0,function,177
1007a390,function,282
1007a4b0,function,30
1007a4d0,function,195
1007a5a0,function,218
1007a680,function,358
1007a7f0,function,30
1007a810,function,108
1007a880,function,84
1007a8e0,function,159
1007a980,function,224
1007aa60,function,302
1007ab90,function,36
1007abe0,function,209
1007acc0,function,190
1007ad80,function,187
1007ae40,function,167
1007aef0,function,5
1007af00,function,5
1007af10,function,117
1007af90,function,101
1007b020,function,5
1007b030,function,23
1007b050,function,286
1007b170,function,113
1007b1f0,function,111
1007b260,function,238
1007b350,function,50
1007b390,function,30
1007b3b0,function,160
1007b450,function,705
1007b720,function,10
1007b730,function,4
1007b740,function,43
1007b770,function,39
1007b7a0,function,39
1007b8a0,function,53
1007b8e0,function,173
1007b9b0,function,156
1007ba50,function,204
1007bb20,function,418
1007bcd0,function,572
1007bf10,function,31
1007bf30,function,120
1007bfb0,function,173
1007c060,function,184
1007c120,function,168
1007c1d0,function,219
1007c2b0,function,290
1007c3e0,function,177
1007c4a0,function,514
1007c6b0,function,620
1007c920,function,62
1007c960,function,57
1007c9a0,function,7
1007c9b0,function,7
1007c9c0,function,23
1007c9e0,function,872
1007cd50,function,39
1007cd80,function,37
1007cdb0,function,44
1007cde0,function,7
1007cdf0,function,11
1007ce00,function,80
1007ce50,function,80
1007cea0,function,69
1007cef0,function,28
1007cf10,function,21
1007cf30,function,5
1007cf40,function,108
1007cfb0,function,42
1007cfe0,function,87
1007d040,function,87
1007d0a0,function,132
1007d130,function,132
1007d1c0,function,101
1007d230,function,101
1007d2b0,function,31
1007d2e0,function,31
1007d380,function,152
1007d420,function,112
1007d490,function,216
1007d570,function,193
1007d640,function,120
1007d6c0,function,61
1007d700,function,91
1007d760,function,77
1007d7b0,function,5
1007d7c0,function,5
1007d7d0,function,66
1007d820,function,132
1007d8b0,function,132
1007d940,function,132
1007d9d0,function,132
1007da60,function,5
1007da70,function,125
1007daf0,function,5
1007db00,function,224
1007dc70,function,90
1007dcd0,function,37
1007dd00,function,94
1007dd60,function,223
1007de40,function,108
1007deb0,function,108
1007df20,function,171
1007dfd0,function,171
1007e080,function,91
1007e0e0,function,91
1007e140,function,91
1007e1a0,function,91
1007e200,function,171
1007e2b0,function,171
1007e360,function,82
1007e3c0,function,124
1007e440,function,113
1007e4c0,function,180
1007e580,function,31
1007e5a0,function,124
1007e620,function,50
1007e660,function,85
1007e6c0,function,136
1007e750,function,120
1007e7d0,function,5
1007e7e0,function,23
1007e800,function,104
1007e870,function,23
1007e890,function,266
1007e9a0,function,23
1007e9c0,function,508
1007ebc0,function,18
1007ebe0,function,215
1007ecc0,function,3880
1007fbf0,function,56
1007fc30,function,132
1007fcc0,function,29
1007fce0,function,137
1007fd70,function,116
1007fdf0,function,398
1007ff80,function,708
10080250,function,61
10080290,function,185
10080350,function,241
10080450,function,58
10080490,function,652
10080720,function,37
10080750,function,209
10080830,function,58
10080870,function,97
100808e0,function,446
10080aa0,function,514
10080cb0,function,203
10080d80,function,225
10080e70,function,237
10080f60,function,201
10081030,function,27
10081050,function,132
100810e0,function,124
10081160,function,26
10081180,function,52
100811c0,function,52
10081200,function,371
10081410,function,428
100815c0,function,175
10081670,function,633
100818f0,function,30
10081910,function,31
10081930,function,490
10081b20,function,101
10081b90,function,101
10081c00,function,101
10081c70,function,90
10081cd0,function,210
10081db0,function,158
10081e50,function,17
10081e70,function,10
10081e80,function,56
10081ec0,function,116
10081f40,function,158
10081fe0,function,158
10082080,function,158
10082120,function,158
100821c0,function,153
10082260,function,206
10082330,function,15
10082340,function,143
100823f0,function,63
10082430,function,31
10082450,function,95
100824b0,function,58
100824f0,function,69
10082540,function,69
10082590,function,295
100826c0,function,143
10082790,function,428
10082940,function,108
100829b0,function,84
10082a10,function,30
10082a30,function,404
10082bd0,function,434
10082d90,function,296
10082ec0,function,94
10082f20,function,44
10082f50,function,117
10082fe0,function,34
10083010,function,90
10083070,function,97
100830e0,function,125
10083160,function,271
10083270,function,65
100832c0,function,289
10083410,function,293
10083540,function,567
10083780,function,153
100838a0,function,31
100838c0,function,125
10083940,function,172
10083a00,function,44
10083a30,function,221
10083b10,function,125
10083b90,function,61
10083bd0,function,71
10083c20,function,70
10083c70,function,99
10083ce0,function,120
10083d60,function,321
10083eb0,function,436
10084070,function,74
100840c0,function,175
10084170,function,469
10084350,function,386
100844e0,function,19
10084500,function,242
10084600,function,206
100846d0,function,19
100846f0,function,38
10084720,function,35
10084750,function,83
100847b0,function,29
100847d0,function,26
100847f0,function,559
10084a20,function,40
10084a50,function,103
10084ac0,function,103
10084b30,function,130
10084bc0,function,132
10084c50,function,64
10084c90,function,389
10084e20,function,199
10084ef0,function,610
10085160,function,200
10085230,function,154
100852d0,function,336
10085420,function,82
10085480,function,132
10085510,function,83
10085570,function,127
100855f0,function,127
10085670,function,94
100856d0,function,51
10085710,function,52
10085750,function,44
10085780,function,61
100857c0,function,70
10085810,function,89
10085870,function,117
100858f0,function,148
10085990,function,151
10085a30,function,1102
10085e80,function,924
10086220,function,233
10086310,function,635
10086590,function,15
100865a0,function,508
100867a0,function,241
100868a0,function,104
10086910,function,105
10086980,function,98
100869f0,function,243
10086af0,function,413
10086c90,function,32
10086cb0,function,326
10086e00,function,904
10087190,function,518
100873a0,function,346
10087500,function,207
100875d0,function,117
10087650,function,2283
10087f40,function,59
10087f80,function,101
10087ff0,function,101
10088060,function,101
100880d0,function,101
10088140,function,101
100881b0,function,101
10088220,function,101
10088290,function,101
10088300,function,101
10088370,function,101
100883e0,function,101
10088450,function,101
100884c0,function,101
10088530,function,101
100885a0,function,101
10088610,function,101
10088680,function,101
100886f0,function,101
10088760,function,101
100887d0,function,101
10088840,function,101
100888b0,function,101
10088920,function,101
10088990,function,101
10088a00,function,101
10088a70,function,101
10088ae0,function,101
10088b50,function,5
10088b60,function,5
10088b70,function,5
10088b80,function,5
10088b90,function,5
10088ba0,function,5
10088bb0,function,5
10088bc0,function,5
10088bd0,function,5
10088be0,function,5
10088bf0,function,5
10088c00,function,5
10088c10,function,5
10088c20,function,5
10088c30,function,5
10088c40,function,5
10088c50,function,5
10088c60,function,5
10088c70,function,5
10088c80,function,5
10088c90,function,5
10088ca0,function,5
10088cb0,function,5
10088cc0,function,5
10088cd0,function,5
10088ce0,function,5
10088cf0,function,5
10088d00,function,101
10088d70,function,101
10088de0,function,101
10088e50,function,101
10088ec0,function,101
10088f30,function,101
10088fa0,function,101
10089010,function,101
10089080,function,101
100890f0,function,101
10089160,function,101
100891d0,function,101
10089240,function,101
100892b0,function,101
10089320,function,101
10089390,function,101
10089400,function,101
10089470,function,101
100894e0,function,101
10089550,function,101
100895c0,function,101
10089630,function,101
100896a0,function,101
10089710,function,101
10089780,function,101
100897f0,function,132
10089880,function,171
10089930,function,120
100899b0,function,175
10089a60,function,132
10089af0,function,171
10089ba0,function,120
10089c20,function,175
10089cd0,function,132
10089d60,function,171
10089e10,function,120
10089e90,function,175
10089f40,function,132
10089fd0,function,171
1008a080,function,120
1008a100,function,175
1008a1b0,function,132
1008a240,function,171
1008a2f0,function,120
1008a370,function,175
1008a420,function,132
1008a4b0,function,171
1008a560,function,120
1008a5e0,function,175
1008a690,function,132
1008a720,function,171
1008a7d0,function,120
1008a850,function,175
1008a900,function,132
1008a990,function,171
1008aa40,function,120
1008aac0,function,175
1008ab70,function,132
1008ac00,function,171
1008acb0,function,122
1008ad30,function,175
1008ade0,function,132
1008ae70,function,171
1008af20,function,120
1008afa0,function,175
1008b050,function,132
1008b0e0,function,171
1008b190,function,120
1008b210,function,175
1008b2c0,function,132
1008b350,function,171
1008b400,function,120
1008b480,function,175
1008b530,function,132
1008b5c0,function,171
1008b670,function,120
1008b6f0,function,175
1008b7a0,function,132
1008b830,function,171
1008b8e0,function,120
1008b960,function,175
1008ba10,function,132
1008baa0,function,171
1008bb50,function,120
1008bbd0,function,175
1008bc80,function,132
1008bd10,function,171
1008bdc0,function,120
1008be40,function,175
1008bef0,function,132
1008bf80,function,171
1008c030,function,120
1008c0b0,function,175
1008c160,function,132
1008c1f0,function,171
1008c2a0,function,120
1008c320,function,175
1008c3d0,function,132
1008c460,function,171
1008c510,function,120
1008c590,function,175
1008c640,function,80
1008c690,function,31
1008c6f0,function,5
1008c700,function,132
1008c790,function,103
1008c800,function,97
1008c890,function,171
1008c940,function,90
1008c9a0,function,23
1008c9c0,function,23
1008c9e0,function,80
1008ca30,function,87
1008caa0,function,31
1008caf0,function,132
1008cb80,function,5
1008cb90,function,171
1008cc40,function,23
1008cc60,function,101
1008ccd0,function,132
1008cd60,function,171
1008ce10,function,120
1008ce90,function,175
1008cf40,function,132
1008cfd0,function,171
1008d080,function,120
1008d100,function,175
1008d1b0,function,132
1008d240,function,171
1008d2f0,function,120
1008d370,function,175
1008d420,function,132
1008d4b0,function,171
1008d560,function,122
1008d5e0,function,175
1008d690,function,132
1008d720,function,171
1008d7d0,function,122
1008d850,function,175
1008d900,function,132
1008d990,function,171
1008da40,function,120
1008dac0,function,175
1008db70,function,101
1008dbe0,function,101
1008dc50,function,101
1008dcc0,function,101
1008dd30,function,101
1008dda0,function,101
1008de10,function,153
1008ded0,function,101
1008df40,function,101
1008dfb0,function,101
1008e020,function,101
1008e090,function,101
1008e100,function,101
1008e170,function,101
1008e1e0,function,101
1008e250,function,101
1008e2c0,function,143
1008e390,function,101
1008e400,function,97
1008e4b0,function,31
1008e4d0,function,199
1008e620,function,122
1008e6a0,function,31
1008e6c0,function,217
1008e7a0,function,120
1008e820,function,120
1008e8a0,function,175
1008e950,function,175
1008ea00,function,91
1008ea60,function,152
1008eb00,function,152
1008eba0,function,167
1008ec50,function,181
1008ed10,function,120
1008ed90,function,90
1008edf0,function,33
1008ee20,function,27
1008ee40,function,40
1008ee70,function,95
1008eed0,function,16
1008eee0,function,16
1008eef0,function,56
1008ef30,function,116
1008efb0,function,48
1008efe0,function,60
1008f020,function,10
1008f030,function,10
1008f040,function,30
1008f060,function,32
1008f080,function,32
1008f0a0,function,57
1008f0e0,function,32
1008f100,function,143
1008f190,function,98
1008f200,function,286
1008f320,function,86
1008f380,function,86
1008f3e0,function,86
1008f440,function,86
1008f4a0,function,102
1008f510,function,289
1008f640,function,62
1008f680,function,102
1008f6f0,function,87
1008f750,function,508
1008f950,function,235
1008fa40,function,498
1008fc40,function,248
1008fd40,function,298
1008fe70,function,436
10090030,function,46
10090060,function,129
100900f0,function,64
10090130,function,64
10090170,function,193
10090240,function,193
10090310,function,278
10090430,function,281
10090550,function,281
10090670,function,106
100906e0,function,106
10090750,function,258
10090860,function,258
10090970,function,209
10090a50,function,190
10090b10,function,267
10090c20,function,37
10090c50,function,83
10090cb0,function,836
10091000,function,9
10091010,function,81
10091070,function,157
10091110,function,53
10091150,function,508
10091350,function,508
10091550,function,696
10091810,function,105
10091880,function,185
10091940,function,105
100919b0,function,185
10091a70,function,105
10091ae0,function,446
10091ca0,function,203
10091d70,function,709
10092040,function,62
10092080,function,151
10092120,function,203
100921f0,function,363
10092360,function,70
100923b0,function,52
100923f0,function,329
10092540,function,52
10092580,function,294
100926b0,function,5628
10093cb0,function,90
10093d10,function,9
10093d20,function,19
10093d40,function,174
10093df0,function,95
10093e50,function,288
10093f70,function,135
10094000,function,65
10094050,function,94
100940b0,function,40
100940e0,function,56
10094120,function,7
10094130,function,100
100941a0,function,170
10094250,function,89
100942b0,function,192
10094370,function,30
10094390,function,124
10094410,function,127
10094490,function,303
100945c0,function,80
10094610,function,87
10094680,function,31
100946f0,function,5
10094700,function,1356
10094c50,function,108
10094cc0,function,145
10094d60,function,23
10094d80,function,101
10094df0,function,206
10094ec0,function,206
10094f90,function,206
10095060,function,143
10095110,function,1319
100956c0,function,165
10095770,function,31
10095790,function,7
100957a0,function,17
100957c0,function,132
10095850,function,508
10095a50,function,121
10095ad0,function,185
10095b90,function,102
10095c00,function,76
10095c50,function,499
10095e50,function,33
10095e80,function,69
10095ed0,function,76
10095f20,function,82
10095f80,function,28
10095fa0,function,27
10095fc0,function,108
10096030,function,88
10096090,function,53
100960d0,function,120
10096150,function,70
100961a0,function,78
100961f0,function,26
10096210,function,55
10096250,function,118
100962d0,function,85
10096330,function,138
100963c0,function,401
10096560,function,189
10096620,function,74
10096670,function,105
100966e0,function,76
10096730,function,317
10096870,function,708
10096b40,function,61
10096b80,function,27
10096ba0,function,446
10096d60,function,203
10096e30,function,237
10096f20,function,207
10096ff0,function,64
10097030,function,7
10097040,function,7
10097050,function,139
100970e0,function,128
10097160,function,73
100971b0,function,73
10097200,function,340
10097360,function,73
100973b0,function,55
100973f0,function,41
10097420,function,724
10097700,function,64
10097740,function,307
10097880,function,143
10097910,function,52
10097950,function,131
100979e0,function,467
10097bc0,function,130
10097c50,function,132
10097ce0,function,154
10097d80,function,88
10097de0,function,136
10097e70,function,508
10098070,function,243
10098170,function,518
10098380,function,195
10098450,function,167
10098500,function,99
10098570,function,162
10098620,function,525
10098830,function,164
100988e0,function,142
10098970,function,442
10098b30,function,1085
10098f70,function,8
10098f80,function,125
10099000,function,17
10099020,function,23
10099040,function,37
10099070,function,5
10099080,function,31
100990a0,function,7
100990b0,function,7
100990c0,function,53
10099100,function,190
100991c0,function,56
10099200,function,186
100992c0,function,63
10099300,function,37
10099330,function,25
10099350,function,43
10099380,function,54
100993c0,function,49
10099400,function,70
10099450,function,128
100994d0,function,133
10099560,function,187
10099620,function,27
10099640,function,84
100996a0,function,105
10099710,function,105
10099780,function,85
100997e0,function,136
10099870,function,150
10099910,function,133
100999a0,function,155
10099a40,function,428
10099bf0,function,30
10099c10,function,168
10099cc0,function,188
10099d80,function,90
10099de0,function,188
10099ea0,function,573
1009a0e0,function,63
1009a120,function,31
1009a140,function,95
1009a1a0,function,58
1009a1e0,function,69
1009a230,function,69
1009a280,function,295
1009a3b0,function,228
1009a4a0,function,53
1009a4e0,function,34
1009a510,function,84
1009a570,function,7
1009a580,function,31
1009a5a0,function,50
1009a5e0,function,7
1009a5f0,function,31
1009a610,function,107
1009a680,function,128
1009a700,function,140
1009a790,function,7
1009a7a0,function,7
1009a7b0,function,7
1009a7c0,function,7
1009a7d0,function,15
1009a7e0,function,23
1009a800,function,7
1009a810,function,78
1009a860,function,102
1009a8d0,function,5
1009a8e0,function,7
1009a8f0,function,130
1009a980,function,19
1009a9a0,function,132
1009aa30,function,131
1009aac0,function,78
1009ab10,function,163
1009abc0,function,97
1009ac30,function,31
1009acb0,function,45
1009ace0,function,50
1009ad20,function,123
1009ada0,function,48
1009add0,function,43
1009ae00,function,63
1009ae40,function,80
1009ae90,function,24
1009aeb0,function,32
1009aed0,function,32
1009aef0,function,82
1009af50,function,50
1009af90,function,81
1009aff0,function,34
1009b020,function,83
1009b080,function,11
1009b090,function,25
1009b0b0,function,16
1009b0c0,function,25
1009b0e0,function,25
1009b100,function,13
1009b110,function,36
1009b140,function,13
1009b150,function,30
1009b170,function,20
1009b190,function,13
1009b1a0,function,13
1009b1b0,function,23
1009b1d0,function,75
1009b220,function,100
1009b290,function,80
1009b2e0,function,84
1009b340,function,71
1009b390,function,56
1009b3d0,function,59
1009b410,function,57
1009b450,function,82
1009b4b0,function,5
1009b4c0,function,215
1009b5a0,function,112
1009b610,function,193
1009b6e0,function,155
1009b780,function,151
1009b820,function,138
1009b8b0,function,104
1009b920,function,69
1009b970,function,192
1009ba30,function,108
1009baa0,function,108
1009bb10,function,9
1009bb20,function,105
1009bb90,function,105
1009bc00,function,105
1009bc70,function,105
1009bce0,function,105
1009bd50,function,105
1009bdc0,function,105
1009be30,function,105
1009bea0,function,105
1009bf10,function,61
1009bf50,function,74
1009bfa0,function,78
1009bff0,function,154
1009c090,function,40
1009c0c0,function,33
1009c0f0,function,201
1009c1c0,function,503
1009c3c0,function,867
1009c730,function,155
1009c7d0,function,62
1009c810,function,299
1009c940,function,508
1009cb40,function,76
1009cb90,function,61
1009cbd0,function,52
1009cc10,function,32
1009cc30,function,186
1009ccf0,function,23
1009cd10,function,235
1009ce00,function,181
1009cec0,function,51
1009cf00,function,27
1009cf20,function,498
1009d120,function,41
1009d150,function,398
1009d2e0,function,7
1009d3b0,function,7
1009d3c0,function,52
1009d410,function,49
1009d450,function,124
1009d4d0,function,41
1009d500,function,717
1009d7d0,function,28
1009d7f0,function,31
1009d810,function,141
1009d8b0,function,131
1009d940,function,428
1009daf0,function,398
1009dc80,function,30
1009dca0,function,320
1009dde0,function,90
1009de40,function,151
1009dee0,function,428
1009e090,function,30
1009e0b0,function,188
1009e170,function,188
1009e230,function,188
1009e2f0,function,188
1009e3b0,function,188
1009e470,function,188
1009e530,function,188
1009e5f0,function,188
1009e6b0,function,111
1009e720,function,63
1009e760,function,31
1009e780,function,95
1009e7e0,function,58
1009e820,function,69
1009e870,function,69
1009e8c0,function,295
1009e9f0,function,194
1009eac0,function,115
1009eb40,function,101
1009ebb0,function,115
1009ec30,function,102
1009eca0,function,90
1009ed00,function,90
1009ed60,function,188
1009ee20,function,219
1009ef30,function,25
1009ef50,function,63
1009ef90,function,31
1009efb0,function,95
1009f010,function,58
1009f050,function,69
1009f0a0,function,69
1009f0f0,function,295
1009f220,function,821
1009f560,function,163
1009f610,function,167
1009f6c0,function,195
1009f790,function,189
1009f850,function,185
1009f910,function,223
1009f9f0,function,170
1009faa0,function,43
1009fad0,function,45
1009fb00,function,63
1009fb40,function,49
1009fb80,function,34
1009fbb0,function,45
1009fbe0,function,45
1009fc10,function,45
1009fc40,function,47
1009fc70,function,34
1009fca0,function,246
1009fda0,function,93
1009fe00,function,89
1009fe60,function,85
1009fec0,function,159
1009ff60,function,1264
100a0450,function,138
100a04e0,function,182
100a05b0,function,23
100a05d0,function,55
100a0610,function,90
100a0670,function,38
100a06a0,function,95
100a0700,function,7
100a0710,function,3
100a0720,function,31
100a0740,function,7
100a0750,function,7
100a0760,function,33
100a0790,function,7
100a07a0,function,7
100a07b0,function,9
100a07c0,function,12
100a07d0,function,7
100a07e0,function,7
100a07f0,function,61
100a0830,function,151
100a08d0,function,44
100a0900,function,41
100a0930,function,87
100a0990,function,26
100a09b0,function,80
100a0a00,function,16
100a0a10,function,85
100a0a70,function,87
100a0ad0,function,91
100a0b40,function,31
100a0ba0,function,7
100a0bb0,function,22
100a0bd0,function,115
100a0c50,function,90
100a0cb0,function,136
100a0d40,function,28
100a0d60,function,50
100a0da0,function,258
100a0eb0,function,71
100a0f00,function,57
100a0f40,function,49
100a0f80,function,59
100a0fc0,function,142
100a1050,function,5
100a1060,function,132
100a10f0,function,5
100a1100,function,687
100a13b0,function,7
100a1480,function,20
100a14a0,function,105
100a1510,function,105
100a1580,function,105
100a15f0,function,105
100a1660,function,105
100a16d0,function,105
100a1740,function,37
100a1770,function,171
100a1820,function,31
100a1840,function,16
100a1850,function,227
100a1940,function,19
100a19e0,function,27
100a1a00,function,250
100a1b00,function,169
100a1bb0,function,23
100a1bd0,function,270
100a1ce0,function,31
100a1d00,function,367
100a1e70,function,285
100a1f90,function,120
100a2010,function,246
100a2110,function,246
100a2210,function,246
100a2310,function,246
100a2410,function,246
100a2510,function,246
100a2610,function,131
100a26a0,function,19
100a26c0,function,19
100a26e0,function,19
100a2700,function,22
100a2720,function,33
100a2750,function,107
100a27c0,function,97
100a2840,function,1832
100a2f70,function,337
100a30d0,function,25
100a30f0,function,19
100a3110,function,158
100a31b0,function,294
100a32e0,function,179
100a33a0,function,103
100a3410,function,426
100a35c0,function,192
100a3680,function,45
100a36b0,function,188
100a3770,function,188
100a3830,function,188
100a38f0,function,188
100a39b0,function,188
100a3a70,function,234
100a3b60,function,143
100a3c20,function,194
100a3cf0,function,194
100a3dc0,function,166
100a3e70,function,231
100a3f60,function,150
100a4000,function,167
100a40b0,function,282
100a41d0,function,30
100a41f0,function,65
100a4240,function,65
100a4290,function,552
100a44c0,function,325
100a4610,function,123
100a4690,function,712
100a4960,function,88
100a49c0,function,186
100a4a80,function,367
100a4bf0,function,340
100a4d50,function,304
100a4e80,function,41
100a4eb0,function,57
100a4ef0,function,261
100a5000,function,43
100a5030,function,138
100a50c0,function,226
100a51b0,function,53
100a51f0,function,58
100a5230,function,210
100a5310,function,236
100a5400,function,178
100a54c0,function,178
100a5580,function,178
100a5640,function,119
100a56c0,function,166
100a5770,function,301
100a58a0,function,204
100a5970,function,7
100a5980,function,31
100a59a0,function,154
100a5a40,function,14
100a5a50,function,89
100a5ab0,function,620
100a5d20,function,90
100a5d80,function,91
100a5de0,function,92
100a5e40,function,110
100a5eb0,function,178
100a5f70,function,95
100a5fd0,function,106
100a6040,function,191
100a6100,function,203
100a61d0,function,619
100a6440,function,536
100a6660,function,86
100a66c0,function,98
100a6730,function,43
100a6760,function,44
100a6790,function,104
100a6800,function,196
100a68d0,function,16
100a68e0,function,114
100a6960,function,16
100a6970,function,166
100a6a20,function,47
100a6a50,function,143
100a6ae0,function,40
100a6b10,function,88
100a6b70,function,347
100a6cd0,function,114
100a6d50,function,314
100a6e90,function,109
100a6f00,function,109
100a6f70,function,246
100a7070,function,263
100a7180,function,369
100a7300,function,313
100a7440,function,270
100a7550,function,112
100a75c0,function,147
100a7660,function,30
100a7680,function,24
100a76a0,function,5
100a76b0,function,31
100a76d0,function,100
100a7740,function,6
100a7750,function,4
100a7760,function,25
100a7780,function,4
100a7790,function,24
100a77b0,function,25
100a77d0,function,21
100a77f0,function,4
100a7800,function,30
100a7820,function,25
100a7840,function,125
100a78c0,function,155
100a7960,function,103
100a79d0,function,11
100a79e0,function,48
100a7a10,function,125
100a7a90,function,15
100a7aa0,function,15
100a7ab0,function,37
100a7ae0,function,39
100a7b10,function,84
100a7b70,function,50
100a7bb0,function,50
100a7bf0,function,101
100a7c60,function,105
100a7cd0,function,8
100a7ce0,function,213
100a7dc0,function,27
100a7de0,function,68
100a7e30,function,72
100a7e80,function,188
100a7f40,function,103
100a7fb0,function,4
100a7fc0,function,4
100a7fd0,function,21
100a7ff0,function,103
100a8060,function,17
100a8080,function,64
100a80c0,function,74
100a8110,function,74
100a8160,function,99
100a81d0,function,102
100a8240,function,10
100a8250,function,203
100a8320,function,129
100a83b0,function,63
100a83f0,function,153
100a8490,function,19
100a84b0,function,178
100a8570,function,458
100a8740,function,30
100a8760,function,165
100a8810,function,179
100a88d0,function,103
100a8940,function,163
100a89f0,function,34
100a8a20,function,114
100a8aa0,function,55
100a8ae0,function,126
100a8b60,function,34
100a8b90,function,83
100a8bf0,function,79
100a8c40,function,18
100a8c60,function,14
100a8c70,function,75
100a8cc0,function,65
100a8d10,function,80
100a8d60,function,182
100a8e20,function,41
100a8e50,function,28
100a8e70,function,23
100a8e90,function,36
100a8ec0,function,52
100a8f00,function,42
100a8f30,function,63
100a8f70,function,64
100a8fb0,function,51
100a8ff0,function,64
100a9030,function,39
100a9060,function,110
100a90d0,function,108
100a9140,function,34
100a9170,function,38
100a91a0,function,25
100a91c0,function,108
100a9230,function,19
100a9250,function,25
100a9270,function,25
100a9290,function,64
100a92d0,function,104
100a9340,function,46
100a9370,function,46
100a93a0,function,151
100a9440,function,30
100a9460,function,25
100a9480,function,34
100a94b0,function,36
100a94e0,function,93
100a9540,function,58
100a9580,function,57
100a95c0,function,64
100a9600,function,86
100a9660,function,104
100a96d0,function,43
100a9700,function,96
100a9760,function,103
100a97d0,function,106
100a9840,function,161
100a98f0,function,128
100a9970,function,58
100a99b0,function,25
100a99d0,function,111
100a9a40,function,64
100a9a80,function,56
100a9ac0,function,9
100a9ad0,function,240
100a9bc0,function,16
100a9bd0,function,51
100a9c10,function,117
100a9c90,function,82
100a9cf0,function,135
100a9d80,function,174
100a9e30,function,132
100a9ec0,function,11
100a9ed0,function,110
100a9f40,function,154
100a9fe0,function,81
100aa040,function,68
100aa090,function,104
100aa100,function,48
100aa130,function,91
100aa190,function,44
100aa1c0,function,90
100aa220,function,86
100aa280,function,231
100aa370,function,118
100aa3f0,function,50
100aa430,function,93
100aa490,function,64
100aa4d0,function,130
100aa560,function,24
100aa580,function,172
100aa630,function,85
100aa690,function,96
100aa6f0,function,65
100aa740,function,524
100aa950,function,30
100aa970,function,48
100aa9a0,function,183
100aaa60,function,138
100aaaf0,function,80
100aab40,function,43
100aab70,function,88
100aabd0,function,89
100aac30,function,114
100aacb0,function,97
100aad20,function,44
100aad50,function,283
100aae70,function,171
100aaf20,function,26
100aaf40,function,37
100aaf70,function,68
100aafc0,function,101
100ab030,function,101
100ab0a0,function,116
100ab120,function,76
100ab170,function,33
100ab1a0,function,16
100ab1b0,function,106
100ab220,function,129
100ab2b0,function,5
100ab2c0,function,5
100ab2d0,function,16
100ab2e0,function,84
100ab340,function,84
100ab3a0,function,93
100ab400,function,93
100ab460,function,93
100ab4c0,function,93
100ab520,function,93
100ab580,function,132
100ab610,function,84
100ab670,function,84
100ab6d0,function,98
100ab740,function,98
100ab7b0,function,93
100ab810,function,90
100ab870,function,93
100ab8d0,function,93
100ab930,function,98
100ab9a0,function,98
100aba10,function,93
100aba70,function,93
100abad0,function,93
100abb30,function,93
100abb90,function,93
100abbf0,function,93
100abc50,function,93
100abcb0,function,93
100abd10,function,50
100abd50,function,1378
100ac2c0,function,60
100ac300,function,277
100ac420,function,1420
100ac9b0,function,738
100acca0,function,132
100acd30,function,171
100acde0,function,120
100ace60,function,175
100acf10,function,132
100acfa0,function,171
100ad050,function,120
100ad0d0,function,175
100ad180,function,315
100ad2c0,function,28
100ad2e0,function,451
100ad4b0,function,1096
100ad900,function,131
100ad990,function,79
100ad9e0,function,79
100ada30,function,142
100adac0,function,202
100adb90,function,81
100adbf0,function,129
100adc80,function,172
100add30,function,143
100addc0,function,143
100ade50,function,214
100adf30,function,247
100ae030,function,122
100ae0b0,function,172
100ae160,function,175
100ae210,function,357
100ae380,function,61
100ae3c0,function,61
100ae400,function,61
100ae440,function,61
100ae480,function,61
100ae4c0,function,61
100ae500,function,61
100ae540,function,61
100ae580,function,447
100ae740,function,74
100ae790,function,437
100ae950,function,609
100aebc0,function,118
100aec40,function,118
100aecc0,function,100
100aed30,function,251
100aee30,function,233
100aef20,function,314
100af060,function,312
100af1a0,function,403
100af340,function,138
100af3d0,function,108
100af440,function,451
100af610,function,159
100af6b0,function,146
100af750,function,769
100afa60,function,142
100afaf0,function,240
100afbe0,function,150
100afc80,function,151
100afd20,function,131
100afdb0,function,118
100afe30,function,31
100afe50,function,27
100afe70,function,99
100afee0,function,202
100affb0,function,132
100b0040,function,26
100b0060,function,76
100b00b0,function,40
100b00e0,function,157
100b0180,function,136
100b0210,function,172
100b02c0,function,136
100b0350,function,136
100b03e0,function,96
100b0440,function,806
100b0770,function,130
100b0800,function,101
100b0870,function,76
100b08c0,function,96
100b0920,function,545
100b0b50,function,134
100b0be0,function,193
100b0cb0,function,202
100b0d80,function,127
100b0e00,function,132
100b0e90,function,101
100b0f00,function,280
100b1020,function,135
100b10b0,function,307
100b11f0,function,330
100b1340,function,44
100b1370,function,81
100b13d0,function,27
100b13f0,function,80
100b1440,function,101
100b14b0,function,100
100b1520,function,27
100b1540,function,132
100b15d0,function,26
100b15f0,function,294
100b1720,function,227
100b1810,function,145
100b18b0,function,261
100b19c0,function,125
100b1a40,function,115
100b1ac0,function,121
100b1b40,function,103
100b1bb0,function,103
100b1c20,function,139
100b1cb0,function,27
100b1cd0,function,36
100b1d00,function,132
100b1d90,function,26
100b1db0,function,338
100b1f10,function,18
100b1f30,function,45
100b1f60,function,128
100b1fe0,function,114
100b2060,function,37
100b2090,function,38
100b20c0,function,48
100b20f0,function,62
100b2130,function,132
100b21c0,function,132
100b2250,function,171
100b2300,function,171
100b23b0,function,108
100b2420,function,138
100b24b0,function,90
100b2510,function,108
100b2580,function,90
100b25e0,function,99
100b2650,function,344
100b27f0,function,31
100b2810,function,120
100b2890,function,125
100b2910,function,94
100b2980,function,24
100b29a0,function,193
100b2a70,function,296
100b2ba0,function,125
100b2c20,function,271
100b2d30,function,6
100b2d40,function,6
100b2d50,function,7
100b2d60,function,6
100b2d70,function,6
100b2d80,function,6
100b2d90,function,6
100b2da0,function,6
100b2db0,function,6
100b2dc0,function,107
100b2e30,function,38
100b2e60,function,38
100b2e90,function,107
100b2f00,function,55
100b2f40,function,126
100b2fc0,function,1034
100b33d0,function,126
100b3450,function,38
100b3480,function,126
100b3500,function,6
100b3510,function,108
100b3580,function,132
100b3610,function,39
100b3640,function,87
100b36a0,function,36
100b36d0,function,91
100b3730,function,105
100b37a0,function,41
100b37d0,function,57
100b3810,function,80
100b38c0,function,31
100b38e0,function,87
100b3940,function,55
100b3980,function,77
100b39d0,function,77
100b3a20,function,77
100b3a70,function,91
100b3ad0,function,91
100b3b30,function,5
100b3b40,function,90
100b3bc0,function,23
100b3be0,function,428
100b3d90,function,428
100b3f40,function,339
100b40a0,function,30
100b40c0,function,325
100b4210,function,30
100b4230,function,90
100b4290,function,90
100b42f0,function,101
100b4360,function,153
100b4400,function,153
100b44a0,function,153
100b4540,function,206
100b4610,function,158
100b46b0,function,158
100b4750,function,50
100b4790,function,105
100b4800,function,220
100b48e0,function,158
100b4980,function,63
100b49c0,function,31
100b49e0,function,95
100b4a40,function,58
100b4a80,function,69
100b4ad0,function,69
100b4b20,function,295
100b4c50,function,63
100b4c90,function,31
100b4cb0,function,95
100b4d10,function,58
100b4d50,function,69
100b4da0,function,69
100b4df0,function,295
100b4f20,function,143
100b4fd0,function,190
100b5090,function,212
100b51d0,function,31
100b51f0,function,33
100b5220,function,33
100b5250,function,33
100b5280,function,33
100b52b0,function,33
100b52e0,function,33
100b5310,function,33
100b5340,function,33
100b5370,function,34
100b53a0,function,70
100b53f0,function,31
100b5410,function,94
100b5470,function,27
100b5490,function,132
100b5520,function,26
100b5540,function,135
100b55d0,function,136
100b5660,function,125
100b56e0,function,73
100b5730,function,95
100b5790,function,131
100b5820,function,86
100b5880,function,73
100b58d0,function,43
100b5900,function,54
100b5940,function,89
100b59a0,function,41
100b59d0,function,239
100b5ac0,function,819
100b5e00,function,22
100b5e20,function,174
100b5ed0,function,161
100b5f80,function,161
100b6030,function,416
100b61d0,function,21
100b61f0,function,120
100b6270,function,17
100b6290,function,98
100b6300,function,30
100b6320,function,197
100b63f0,function,142
100b6480,function,89
100b64e0,function,123
100b6560,function,41
100b6590,function,216
100b6670,function,106
100b66e0,function,144
100b6770,function,82
100b67d0,function,139
100b6860,function,118
100b68e0,function,50
100b6920,function,218
100b6a00,function,111
100b6a70,function,116
100b6af0,function,47
100b6b20,function,61
100b6b60,function,447
100b6d20,function,113
100b6da0,function,123
100b6e20,function,126
100b6ea0,function,252
100b6fa0,function,99
100b7010,function,132
100b70a0,function,171
100b7150,function,117
100b71d0,function,101
100b7270,function,5
100b7280,function,23
100b72a0,function,31
100b72c0,function,173
100b7370,function,214
100b7470,function,120
100b74f0,function,183
100b75b0,function,67
100b7600,function,46
100b7630,function,8
100b7640,function,9
100b7650,function,8
100b7660,function,121
100b76e0,function,102
100b7750,function,65
100b77a0,function,76
100b77f0,function,116
100b7870,function,143
100b7900,function,40
100b7930,function,76
100b7980,function,1128
100b7df0,function,29
100b7e10,function,38
100b7e40,function,376
100b7fc0,function,156
100b8060,function,110
100b80d0,function,135
100b8160,function,38
100b8190,function,334
100b82e0,function,167
100b8390,function,140
100b8420,function,31
100b8440,function,56
100b8480,function,81
100b84e0,function,16
100b84f0,function,9
100b8500,function,38
100b8530,function,67
100b8580,function,121
100b8600,function,55
100b8640,function,81
100b86a0,function,86
100b8700,function,63
100b8740,function,36
100b8770,function,63
100b87b0,function,36
100b87e0,function,394
100b8970,function,92
100b89d0,function,25
100b89f0,function,125
100b8a70,function,119
100b8af0,function,144
100b8b80,function,150
100b8c20,function,12
100b8c30,function,147
100b8cd0,function,144
100b8d60,function,436
100b8f20,function,131
100b8fb0,function,131
100b9040,function,150
100b90e0,function,40
100b9110,function,44
100b9140,function,165
100b91f0,function,126
100b9270,function,227
100b9360,function,1015
100b9760,function,92
100b97c0,function,29
100b97e0,function,34
100b9810,function,34
100b9840,function,43
100b9870,function,34
100b98a0,function,43
100b98d0,function,36
100b9900,function,43
100b9930,function,43
100b9960,function,43
100b9990,function,36
100b99c0,function,61
100b9a00,function,41
100b9a30,function,40
100b9a60,function,67
100b9ab0,function,79
100b9b00,function,34
100b9b30,function,67
100b9b80,function,38
100b9bb0,function,38
100b9be0,function,54
100b9c20,function,38
100b9c50,function,38
100b9c80,function,63
100b9cc0,function,57
100b9d00,function,116
100b9d80,function,116
100b9e00,function,271
100b9f10,function,25
100b9f30,function,94
100b9f90,function,41
100b9fc0,function,157
100ba060,function,147
100ba100,function,148
100ba1a0,function,148
100ba240,function,118
100ba2c0,function,199
100ba390,function,155
100ba430,function,26
100ba450,function,106
100ba4c0,function,109
100ba530,function,282
100ba650,function,155
100ba6f0,function,106
100ba760,function,152
100ba800,function,137
100ba890,function,69
100ba8e0,function,89
100ba940,function,204
100baa10,function,714
100bace0,function,254
100bade0,function,120
100bae60,function,75
100baeb0,function,419
100bb060,function,17
100bb080,function,17
100bb0a0,function,279
100bb1c0,function,64
100bb200,function,19
100bb220,function,220
100bb300,function,284
100bb420,function,349
100bb580,function,345
100bb6e0,function,229
100bb7d0,function,760
100bbad0,function,83
100bbb30,function,36
100bbb60,function,205
100bbc30,function,275
100bbd50,function,83
100bbdb0,function,67
100bbe00,function,115
100bbe80,function,156
100bbf20,function,64
100bbf60,function,147
100bc000,function,48
100bc030,function,49
100bc070,function,57
100bc0b0,function,32
100bc0d0,function,162
100bc180,function,45
100bc1b0,function,61
100bc1f0,function,50
100bc230,function,66
100bc280,function,52
100bc2c0,function,88
100bc320,function,62
100bc360,function,124
100bc3e0,function,95
100bc440,function,77
100bc490,function,70
100bc4e0,function,138
100bc570,function,126
100bc5f0,function,72
100bc640,function,74
100bc690,function,244
100bc790,function,212
100bc870,function,173
100bc920,function,118
100bc9a0,function,95
100bca00,function,89
100bca60,function,34
100bca90,function,23
100bcab0,function,206
100bcb80,function,21
100bcba0,function,241
100bcca0,function,36
100bccd0,function,58
100bcd10,function,149
100bcdb0,function,124
100bce30,function,125
100bceb0,function,42
100bcee0,function,115
100bcf60,function,70
100bcfb0,function,70
100bd000,function,202
100bd0d0,function,202
100bd1a0,function,120
100bd220,function,205
100bd2f0,function,20
100bd310,function,20
100bd330,function,64
100bd370,function,205
100bd440,function,153
100bd4e0,function,415
100bd680,function,71
100bd6d0,function,58
100bd710,function,161
100bd7c0,function,241
100bd8c0,function,73
100bd910,function,62
100bd950,function,176
100bda00,function,173
100bdab0,function,152
100bdb50,function,141
100bdbe0,function,442
100bdda0,function,79
100bddf0,function,215
100bded0,function,15
100bdee0,function,7
100bdef0,function,80
100bdf40,function,87
100bdfa0,function,31
100be000,function,5
100be010,function,80
100be0e0,function,91
100be140,function,91
100be1a0,function,91
100be200,function,31
100be220,function,23
100be240,function,101
100be2b0,function,158
100be350,function,158
100be3f0,function,158
100be490,function,206
100be560,function,143
100be630,function,222
100be710,function,23
100be730,function,23
100be750,function,23
100be770,function,82
100be7d0,function,123
100be850,function,5
100be860,function,92
100be8c0,function,78
100be910,function,173
100be9c0,function,260
100bead0,function,23
100beaf0,function,127
100beb70,function,161
100bec20,function,138
100becb0,function,57
100becf0,function,51
100bed30,function,51
100bed70,function,45
100beda0,function,34
100bedd0,function,109
100bee40,function,313
100bef80,function,109
100beff0,function,33
100bf020,function,137
100bf0b0,function,48
100bf0e0,function,7
100bf0f0,function,30
100bf110,function,45
100bf140,function,27
100bf160,function,101
100bf1d0,function,91
100bf230,function,5
100bf240,function,95
100bf2a0,function,95
100bf300,function,5
100bf310,function,132
100bf3a0,function,148
100bf440,function,95
100bf4a0,function,171
100bf550,function,168
100bf600,function,297
100bf730,function,297
100bf860,function,227
100bf9d0,function,62
100bfa10,function,23
100bfa30,function,270
100bfb40,function,31
100bfb60,function,117
100bfbe0,function,297
100bfd10,function,120
100bfd90,function,206
100bfe60,function,521
100c0070,function,149
100c0110,function,169
100c01c0,function,30
100c01e0,function,149
100c0280,function,426
100c0430,function,234
100c0520,function,65
100c0570,function,186
100c0630,function,344
100c0790,function,577
100c09e0,function,197
100c0ab0,function,197
100c0b80,function,151
100c0c20,function,282
100c0d40,function,5
100c0d50,function,57
100c0d90,function,91
100c0df0,function,133
100c0e80,function,24
100c0ea0,function,12
100c0eb0,function,167
100c0f60,function,185
100c1020,function,152
100c10c0,function,68
100c1110,function,190
100c11d0,function,63
100c1210,function,64
100c1250,function,382
100c1430,function,516
100c1640,function,341
100c17a0,function,190
100c1860,function,243
100c1960,function,133
100c19f0,function,31
100c1a10,function,234
100c1b00,function,65
100c1b50,function,306
100c1c90,function,277
100c1db0,function,293
100c1ee0,function,975
100c22b0,function,591
100c2500,function,145
100c25a0,function,66
100c25f0,function,7
100c2600,function,36
100c2630,function,57
100c2670,function,11
100c2680,function,39
100c26b0,function,88
100c2710,function,80
100c2760,function,8
100c2770,function,87
100c2810,function,137
100c28a0,function,310
100c29e0,function,7
100c29f0,function,37
100c2a20,function,38
100c2a50,function,214
100c2b30,function,299
100c2c60,function,170
100c2d10,function,118
100c2d90,function,256
100c2e90,function,79
100c2ee0,function,5
100c2ef0,function,102
100c2f60,function,636
100c31e0,function,150
100c3280,function,69
100c32d0,function,104
100c3340,function,55
100c3380,function,91
100c33e0,function,91
100c3440,function,91
100c34a0,function,91
100c3500,function,283
100c3620,function,100
100c3690,function,23
100c36b0,function,428
100c3860,function,381
100c39e0,function,30
100c3a00,function,90
100c3a60,function,101
100c3ad0,function,158
100c3b70,function,158
100c3c10,function,158
100c3cb0,function,162
100c3d60,function,63
100c3da0,function,31
100c3dc0,function,95
100c3e20,function,58
100c3e60,function,69
100c3eb0,function,69
100c3f00,function,295
100c4030,function,143
100c4100,function,31
100c4120,function,449
100c4370,function,213
100c4450,function,31
100c4470,function,55
100c44b0,function,233
100c45a0,function,104
100c4610,function,117
100c4690,function,224
100c4770,function,805
100c4aa0,function,51
100c4ae0,function,57
100c4b20,function,598
100c4d80,function,640
100c5000,function,90
100c5060,function,33
100c5090,function,16
100c50a0,function,72
100c50f0,function,80
100c5140,function,138
100c51d0,function,101
100c5240,function,109
100c52b0,function,30
100c52d0,function,5
100c52e0,function,96
100c5340,function,23
100c5360,function,120
100c53e0,function,17
100c5400,function,25
100c5420,function,25
100c5440,function,25
100c5460,function,27
100c5480,function,11
100c5490,function,198
100c5560,function,600
100c57c0,function,468
100c59a0,function,80
100c59f0,function,87
100c5a50,function,67
100c5ab0,function,31
100c5b00,function,105
100c5b70,function,5
100c5b80,function,160
100c5c20,function,122
100c5ca0,function,382
100c5e20,function,23
100c5e40,function,364
100c5fb0,function,709
100c6280,function,85
100c62e0,function,91
100c6340,function,180
100c6410,function,107
100c6480,function,22
100c64a0,function,30
100c64c0,function,65
100c6510,function,230
100c6600,function,187
100c66c0,function,6
100c66e0,function,94
100c6740,function,30
100c6760,function,709
100c6a30,function,89
100c6a90,function,143
100c6b60,function,32
100c6b90,function,30
100c6bb0,function,32
100c6bd0,function,6
100c6be0,function,318
100c6da0,function,314
100c6ee0,function,31
100c6f00,function,344
100c7060,function,120
100c70e0,function,7
100c70f0,function,44
100c7120,function,36
100c7150,function,82
100c71b0,function,28
100c71d0,function,122
100c7250,function,90
100c72b0,function,6
100c72c0,function,36
100c72f0,function,7
100c7330,function,90
100c73c0,function,31
100c73e0,function,5
100c73f0,function,97
100c7460,function,36
100c7490,function,29
100c74b0,function,24
100c74d0,function,11
100c74e0,function,5
100c74f0,function,6
100c7500,function,35
100c7530,function,7
100c7540,function,101
100c75b0,function,24
100c75d0,function,5
100c75e0,function,105
100c7650,function,51
100c7690,function,152
100c7730,function,5
100c7740,function,229
100c7840,function,43
100c7870,function,107
100c78f0,function,31
100c7910,function,97
100c7980,function,97
100c79f0,function,127
100c7a70,function,91
100c7ad0,function,91
100c7b30,function,77
100c7b80,function,5
100c7b90,function,251
100c7c90,function,5
100c7ca0,function,90
100c7d80,function,53
100c7dc0,function,31
100c7de0,function,23
100c7e00,function,23
100c7e20,function,23
100c7e40,function,96
100c7ea0,function,185
100c7f60,function,90
100c7fd0,function,46
100c8000,function,23
100c8020,function,31
100c8040,function,446
100c8200,function,127
100c8280,function,5
100c8290,function,428
100c8440,function,409
100c85e0,function,30
100c8600,function,90
100c8660,function,158
100c8700,function,101
100c8770,function,153
100c8830,function,158
100c88d0,function,63
100c8910,function,31
100c8930,function,95
100c8990,function,58
100c89d0,function,69
100c8a20,function,69
100c8a70,function,295
100c8ba0,function,153
100c8c40,function,832
100c8f80,function,226
100c9070,function,114
100c90f0,function,153
100c91d0,function,153
100c92c0,function,194
100c9390,function,30
100c93b0,function,196
100c9500,function,31
100c9520,function,194
100c9600,function,31
100c9620,function,194
100c96f0,function,97
100c9760,function,225
100c9850,function,244
100c9950,function,45
100c9980,function,87
100c99e0,function,242
100c9ae0,function,153
100c9bd0,function,205
100c9ca0,function,7
100c9cd0,function,138
100c9d60,function,59
100c9da0,function,7
100c9db0,function,7
100c9dc0,function,7
100c9dd0,function,5
100c9de0,function,5
100c9df0,function,122
100c9e70,function,123
100c9ef0,function,83
100c9f50,function,26
100c9f70,function,26
100c9f90,function,33
100c9fc0,function,68
100ca010,function,25
100ca030,function,25
100ca050,function,87
100ca0b0,function,101
100ca120,function,101
100ca190,function,90
100ca200,function,31
100ca220,function,7
100ca230,function,5
100ca240,function,88
100ca2a0,function,42
100ca2d0,function,5
100ca2e0,function,5
100ca2f0,function,85
100ca350,function,54
100ca390,function,82
100ca3f0,function,49
100ca430,function,132
100ca4c0,function,136
100ca550,function,74
100ca5a0,function,117
100ca620,function,163
100ca6d0,function,127
100ca750,function,105
100ca7c0,function,105
100ca830,function,105
100ca8a0,function,171
100ca950,function,50
100ca990,function,66
100ca9e0,function,264
100caaf0,function,133
100cab80,function,106
100cabf0,function,23
100cac10,function,23
100cac30,function,97
100caca0,function,132
100cad30,function,30
100cad50,function,90
100cae00,function,23
100cae20,function,325
100caf70,function,71
100cafc0,function,5
100cafd0,function,332
100cb120,function,13
100cb1d0,function,31
100cb1f0,function,117
100cb270,function,279
100cb390,function,101
100cb400,function,188
100cb4c0,function,188
100cb580,function,188
100cb640,function,209
100cb720,function,204
100cb7f0,function,217
100cb8d0,function,357
100cba40,function,371
100cbbc0,function,414
100cbd60,function,149
100cbe00,function,143
100cbe90,function,194
100cbf60,function,230
100cc0d0,function,80
100cc120,function,31
100cc140,function,97
100cc1b0,function,120
100cc230,function,193
100cc300,function,374
100cc480,function,37
100cc4b0,function,264
100cc5c0,function,345
100cc720,function,134
100cc7b0,function,65
100cc800,function,376
100cc980,function,366
100ccaf0,function,364
100ccc60,function,153
100ccd30,function,31
100ccd50,function,109
100ccdc0,function,472
100ccfa0,function,144
100cd030,function,32
100cd050,function,33
100cd080,function,15
100cd090,function,7
100cd0a0,function,15
100cd0b0,function,36
100cd0e0,function,152
100cd180,function,180
100cd240,function,91
100cd2a0,function,91
100cd300,function,90
100cd370,function,31
100cd3c0,function,62
100cd400,function,56
100cd440,function,5
100cd450,function,5
100cd460,function,175
100cd510,function,5
100cd520,function,285
100cd6e0,function,105
100cd750,function,50
100cd790,function,31
100cd7b0,function,53
100cd7f0,function,23
100cd810,function,279
100cd930,function,59
100cd970,function,116
100cd9f0,function,152
100cda90,function,301
100cdbc0,function,116
100cdc40,function,195
100cdd10,function,35
100cdd40,function,50
100cdd80,function,117
100cde00,function,181
100cdec0,function,195
100cdf90,function,426
100ce140,function,426
100ce2f0,function,204
100ce3c0,function,292
100ce4f0,function,234
100ce5e0,function,234
100ce6d0,function,188
100ce790,function,188
100ce850,function,65
100ce8a0,function,275
100ce9c0,function,278
100ceae0,function,256
100cebe0,function,228
100cecd0,function,236
100cee10,function,332
100cef60,function,23
100cef80,function,10
100cef90,function,17
100cefb0,function,17
100cefd0,function,17
100ceff0,function,10
100cf000,function,9
100cf010,function,9
100cf020,function,45
100cf050,function,8
100cf060,function,84
100cf0c0,function,8
100cf0d0,function,8
100cf0e0,function,8
100cf0f0,function,26
100cf110,function,42
100cf140,function,39
100cf170,function,39
100cf1a0,function,71
100cf1f0,function,51
100cf230,function,51
100cf270,function,51
100cf2b0,function,51
100cf2f0,function,43
100cf320,function,41
100cf350,function,57
100cf390,function,179
100cf450,function,182
100cf510,function,33
100cf540,function,361
100cf6b0,function,57
100cf6f0,function,149
100cf790,function,149
100cf830,function,696
100cfaf0,function,152
100cfb90,function,105
100cfc00,function,203
100cfcd0,function,844
100d0020,function,110
100d0090,function,171
100d0140,function,15
100d0150,function,241
100d0250,function,15
100d0260,function,418
100d0420,function,58
100d0460,function,43
100d0490,function,89
100d04f0,function,670
100d0790,function,30
100d07b0,function,52
100d07f0,function,222
100d08d0,function,222
100d09b0,function,10
100d09c0,function,147
100d0a60,function,172
100d0b10,function,93
100d0b70,function,65
100d0bc0,function,30
100d0be0,function,11
100d0bf0,function,78
100d0c40,function,55
100d0c80,function,53
100d0cc0,function,134
100d0d50,function,134
100d0de0,function,82
100d0e40,function,61
100d0e80,function,63
100d0ec0,function,148
100d0f60,function,86
100d0fc0,function,61
100d1000,function,55
100d1040,function,30
100d1060,function,79
100d10b0,function,203
100d1180,function,175
100d1230,function,62
100d1270,function,114
100d12f0,function,103
100d1360,function,241
100d1460,function,105
100d14d0,function,233
100d15c0,function,3
100d15f0,function,194
100d16c0,function,24
100d1700,function,177
100d17c0,function,259
100d18d0,function,283
100d19f0,function,228
100d1ae0,function,98
100d1b50,function,36
100d1b80,function,366
100d1cf0,function,238
100d1de0,function,180
100d1ea0,function,169
100d1f50,function,94
100d1fb0,function,46
100d1fe0,function,76
100d2030,function,51
100d2070,function,48
100d20a0,function,113
100d2120,function,183
100d21e0,function,204
100d22b0,function,124
100d2330,function,252
100d2430,function,141
100d24c0,function,303
100d25f0,function,284
100d2710,function,1680
100d2da0,function,244
100d2ea0,function,68
100d2ef0,function,53
100d2f30,function,48
100d2f60,function,59
100d2fa0,function,198
100d3070,function,207
100d3140,function,72
100d3190,function,90
100d31f0,function,73
100d3240,function,102
100d32b0,function,104
100d3320,function,449
100d34f0,function,447
100d36b0,function,111
100d3720,function,140
100d37b0,function,124
100d3830,function,213
100d3910,function,237
100d3a00,function,213
100d3ae0,function,161
100d3b90,function,100
100d3c00,function,161
100d3cb0,function,290
100d3de0,function,207
100d3eb0,function,202
100d3f80,function,133
100d4010,function,161
100d40c0,function,137
100d4150,function,137
100d41e0,function,259
100d42f0,function,490
100d44e0,function,246
100d45e0,function,156
100d4680,function,303
100d47b0,function,1063
100d4be0,function,515
100d4df0,function,196
100d4ec0,function,4
100d4ed0,function,80
100d4f20,function,7
100d4f30,function,59
100d4f70,function,256
100d5070,function,256
100d5170,function,256
100d5270,function,147
100d5310,function,7
100d5320,function,7
100d5330,function,56
100d5370,function,104
100d53e0,function,104
100d5450,function,104
100d54c0,function,45
100d54f0,function,45
100d5520,function,90
100d5580,function,76
100d55d0,function,517
100d57e0,function,29
100d5800,function,50
100d5840,function,76
100d5890,function,343
100d59f0,function,35
100d5a20,function,176
100d5ad0,function,3
100d5ae0,function,209
100d5bc0,function,30
100d5be0,function,48
100d5c10,function,90
100d5c90,function,90
100d5d10,function,97
100d5d80,function,745
100d6070,function,97
100d60e0,function,5
100d60f0,function,5
100d6100,function,192
100d61c0,function,318
100d6300,function,110
100d6370,function,23
100d6390,function,23
100d63b0,function,152
100d6450,function,160
100d64f0,function,46
100d6520,function,15
100d6530,function,140
100d65c0,function,205
100d6690,function,176
100d6740,function,238
100d6830,function,123
100d68b0,function,150
100d6950,function,505
100d6c30,function,133
100d6cc0,function,31
100d6ce0,function,220
100d6dc0,function,292
100d6ef0,function,220
100d6fd0,function,122
100d7050,function,153
100d7150,function,31
100d7170,function,153
100d7270,function,31
100d7290,function,65
100d72e0,function,171
100d7410,function,138
100d74a0,function,31
100d74c0,function,239
100d75b0,function,258
100d76c0,function,385
100d7850,function,254
100d7950,function,110
100d79c0,function,7
100d79d0,function,72
100d7a20,function,31
100d7a40,function,36
100d7a70,function,6
100d7a80,function,6
100d7a90,function,10
100d7aa0,function,10
100d7ab0,function,87
100d7b10,function,101
100d7b80,function,18
100d7ba0,function,30
100d7bc0,function,422
100d7d70,function,13
100d7d80,function,13
100d7d90,function,5
100d7da0,function,68
100d7df0,function,212
100d7ee0,function,91
100d7f40,function,91
100d7fa0,function,91
100d8000,function,5
100d8010,function,23
100d8030,function,212
100d8110,function,199
100d81e0,function,101
100d82d0,function,5
100d82e0,function,23
100d8300,function,90
100d8370,function,23
100d8390,function,90
100d8410,function,23
100d8430,function,90
100d84c0,function,23
100d84e0,function,90
100d8550,function,23
100d8570,function,90
100d8610,function,23
100d8630,function,90
100d86b0,function,23
100d86d0,function,90
100d8750,function,23
100d8770,function,31
100d8790,function,31
100d87b0,function,31
100d87d0,function,31
100d87f0,function,5
100d8800,function,5
100d8810,function,162
100d88c0,function,158
100d8960,function,158
100d8a00,function,63
100d8a40,function,143
100d8ad0,function,189
100d8b90,function,172
100d8c40,function,104
100d8cf0,function,160
100d8dc0,function,31
100d8de0,function,414
100d8f80,function,31
100d8fa0,function,31
100d8fc0,function,37
100d8ff0,function,37
100d9020,function,51
100d9060,function,88
100d90c0,function,61
100d9100,function,104
100d9170,function,104
100d91e0,function,104
100d9250,function,104
100d92c0,function,104
100d9330,function,104
100d93a0,function,104
100d9440,function,160
100d94e0,function,160
100d95c0,function,160
100d96d0,function,160
100d9790,function,160
100d9870,function,160
100d9950,function,31
100d9970,function,160
100d9a10,function,201
100d9b20,function,255
100d9c20,function,104
100d9cb0,function,194
100d9d80,function,104
100d9e00,function,184
100d9ec0,function,104
100d9f70,function,31
100d9f90,function,184
100da050,function,104
100da0e0,function,31
100da100,function,194
100da1d0,function,104
100da260,function,31
100da280,function,194
100da370,function,245
100da470,function,97
100da500,function,90
100da560,function,5
100da570,function,23
100da590,function,171
100da640,function,153
100da720,function,31
100da740,function,204
100da830,function,80
100da880,function,87
100da8e0,function,31
100da960,function,5
100da970,function,197
100daac0,function,135
100dab50,function,33
100dab80,function,31
100daba0,function,19
100dabc0,function,23
100dabe0,function,101
100dac50,function,65
100daca0,function,143
100dad30,function,207
100dae00,function,242
100daf00,function,181
100dafc0,function,258
100db0d0,function,143
100db180,function,108
100db1f0,function,84
100db250,function,108
100db2c0,function,90
100db320,function,262
100db430,function,7
100db440,function,7
100db450,function,96
100db4b0,function,26
100db4d0,function,33
100db500,function,68
100db550,function,25
100db570,function,25
100db590,function,80
100db5e0,function,87
100db640,function,90
100db6e0,function,88
100db740,function,85
100db7a0,function,54
100db7e0,function,82
100db840,function,56
100db880,function,175
100db930,function,5
100db940,function,326
100dbb40,function,134
100dbbd0,function,130
100dbc60,function,100
100dbcd0,function,117
100dbd50,function,150
100dbdf0,function,178
100dbef0,function,127
100dbf70,function,105
100dbfe0,function,105
100dc050,function,105
100dc0c0,function,50
100dc110,function,151
100dc1b0,function,172
100dc260,function,31
100dc280,function,5
100dc290,function,23
100dc2b0,function,23
100dc2d0,function,152
100dc370,function,117
100dc3f0,function,267
100dc500,function,188
100dc5c0,function,188
100dc680,function,188
100dc740,function,204
100dc810,function,217
100dc8f0,function,357
100dca60,function,430
100dcc10,function,143
100dcce0,function,31
100dcd00,function,445
100dcec0,function,226
100dcfb0,function,34
100dcfe0,function,220
100dd0c0,function,117
100dd140,function,134
100dd1d0,function,65
100dd220,function,376
100dd3a0,function,366
100dd510,function,364
100dd680,function,282
100dd7e0,function,321
100dd950,function,31
100dd970,function,28
100dd990,function,9
100dd9a0,function,58
100dd9e0,function,29
100dda00,function,62
100dda40,function,125
100ddac0,function,125
100ddb40,function,125
100ddbc0,function,125
100ddc40,function,125
100ddcc0,function,125
100ddd40,function,536
100ddf60,function,218
100de040,function,173
100de0f0,function,29
100de110,function,29
100de130,function,80
100de1b0,function,31
100de1d0,function,87
100de230,function,5
100de240,function,90
100de2e0,function,23
100de300,function,31
100de320,function,206
100de3f0,function,206
100de4c0,function,143
100de5a0,function,190
100de660,function,225
100de790,function,109
100de800,function,7
100de810,function,36
100de840,function,31
100de860,function,27
100de880,function,96
100de8e0,function,69
100de930,function,106
100de9a0,function,129
100dea30,function,57
100dea70,function,177
100deb30,function,55
100deb70,function,59
100debb0,function,25
100debd0,function,68
100dec20,function,103
100dec90,function,69
100dece0,function,211
100dedc0,function,135
100dee50,function,580
100df0a0,function,93
100df100,function,72
100df150,function,73
100df1a0,function,87
100df200,function,110
100df270,function,67
100df2c0,function,620
100df530,function,197
100df600,function,31
100df620,function,16
100df630,function,83
100df690,function,117
100df710,function,185
100df7d0,function,129
100df860,function,127
100df8e0,function,392
100dfa70,function,121
100dfaf0,function,115
100dfb70,function,17
100dfb90,function,127
100dfc10,function,50
100dfc50,function,97
100dfcc0,function,81
100dfd20,function,256
100dfe20,function,31
100dfe40,function,96
100dfea0,function,73
100dfef0,function,243
100dfff0,function,560
100e0220,function,507
100e0420,function,59
100e0460,function,51
100e04a0,function,80
100e0530,function,80
100e05a0,function,80
100e0640,function,87
100e06a0,function,87
100e0700,function,87
100e0760,function,57
100e07a0,function,127
100e0820,function,127
100e08a0,function,127
100e0920,function,5
100e0930,function,80
100e0980,function,74
100e09d0,function,169
100e0a80,function,5
100e0a90,function,191
100e0b50,function,5
100e0b60,function,210
100e0c40,function,80
100e0cb0,function,31
100e0cd0,function,23
100e0cf0,function,23
100e0d10,function,23
100e0d30,function,23
100e0d50,function,5
100e0d60,function,101
100e0dd0,function,101
100e0e40,function,210
100e0f20,function,210
100e1000,function,210
100e10e0,function,210
100e11c0,function,143
100e1290,function,31
100e12b0,function,143
100e1380,function,31
100e13a0,function,143
100e1440,function,222
100e15a0,function,31
100e15c0,function,194
100e16b0,function,31
100e16d0,function,234
100e17e0,function,87
100e1840,function,143
100e1920,function,100
100e1990,function,211
100e1a80,function,167
100e1b30,function,76
100e1b80,function,80
100e1bd0,function,87
100e1c60,function,775
100e1f70,function,249
100e2070,function,93
100e20d0,function,40
100e2100,function,5
100e2110,function,91
100e2170,function,190
100e2230,function,70
100e2280,function,23
100e22a0,function,95
100e2300,function,6
100e2310,function,96
100e2370,function,136
100e2400,function,89
100e2460,function,275
100e2580,function,50
100e25c0,function,322
100e2710,function,412
100e28b0,function,101
100e2920,function,158
100e29c0,function,206
100e2a90,function,206
100e2b60,function,155
100e2c00,function,143
100e2ce0,function,31
100e2d00,function,296
100e2e30,function,102
100e2ea0,function,278
100e3050,function,170
100e3100,function,31
100e3120,function,110
100e3190,function,127
100e3210,function,181
100e32d0,function,472
100e34b0,function,167
100e3560,function,175
100e3610,function,238
100e3700,function,75
100e3750,function,238
100e3840,function,266
100e3950,function,160
100e39f0,function,156
100e3a90,function,173
100e3b40,function,219
100e3c20,function,7
100e3c30,function,7
100e3c40,function,90
100e3ca0,function,87
100e3d00,function,101
100e3d70,function,104
100e3e30,function,628
100e40b0,function,194
100e4180,function,308
100e42c0,function,15
100e42d0,function,13
100e42e0,function,70
100e4330,function,115
100e43b0,function,5
100e43c0,function,78
100e4410,function,160
100e44b0,function,5
100e4540,function,131
100e45d0,function,90
100e4630,function,90
100e4690,function,86
100e46f0,function,5
100e4700,function,223
100e4860,function,90
100e4900,function,90
100e49a0,function,63
100e49e0,function,91
100e4a40,function,91
100e4aa0,function,91
100e4b00,function,91
100e4b60,function,91
100e4bc0,function,91
100e4c20,function,50
100e4c60,function,31
100e4c80,function,31
100e4ca0,function,508
100e4ea0,function,5
100e4eb0,function,5
100e4ec0,function,23
100e4ee0,function,23
100e4f00,function,23
100e4f20,function,23
100e4f40,function,243
100e5040,function,120
100e50c0,function,518
100e52d0,function,187
100e5390,function,103
100e5400,function,52
100e5440,function,428
100e55f0,function,428
100e57a0,function,428
100e5950,function,339
100e5ab0,function,30
100e5ad0,function,339
100e5c30,function,30
100e5c50,function,339
100e5db0,function,30
100e5dd0,function,90
100e5e30,function,90
100e5e90,function,90
100e5ef0,function,158
100e5f90,function,80
100e5fe0,function,43
100e6010,function,158
100e60b0,function,158
100e6150,function,3
100e6160,function,101
100e61d0,function,63
100e6210,function,31
100e6230,function,95
100e6290,function,58
100e62d0,function,69
100e6320,function,69
100e6370,function,295
100e64a0,function,63
100e64e0,function,31
100e6500,function,95
100e6560,function,58
100e65a0,function,69
100e65f0,function,69
100e6640,function,295
100e6770,function,63
100e67b0,function,31
100e67d0,function,95
100e6830,function,58
100e6870,function,69
100e68c0,function,69
100e6910,function,295
100e6a40,function,162
100e6af0,function,68
100e6b40,function,52
100e6b80,function,158
100e6c20,function,160
100e6d00,function,31
100e6d20,function,176
100e6dd0,function,286
100e6ef0,function,143
100e6f90,function,90
100e6ff0,function,158
100e7090,function,204
100e7160,function,251
100e7260,function,63
100e72a0,function,31
100e72c0,function,58
100e7300,function,69
100e7350,function,97
100e73c0,function,97
100e7430,function,34
100e7460,function,34
100e7490,function,34
100e74c0,function,34
100e74f0,function,369
100e7670,function,51
100e76b0,function,51
100e76f0,function,61
100e7730,function,153
100e77d0,function,153
100e7890,function,31
100e78b0,function,194
100e79a0,function,194
100e7ab0,function,31
100e7ad0,function,15
100e7ae0,function,246
100e7be0,function,80
100e7c30,function,87
100e7c90,function,90
100e7d00,function,31
100e7dd0,function,105
100e7e40,function,31
100e7e60,function,294
100e7f90,function,175
100e8040,function,5
100e8050,function,5
100e8060,function,51
100e80a0,function,127
100e8120,function,105
100e8190,function,50
100e81d0,function,157
100e8270,function,119
100e82f0,function,153
100e8390,function,23
100e83b0,function,23
100e83d0,function,97
100e84c0,function,31
100e84e0,function,357
100e8650,function,117
100e86d0,function,188
100e8790,function,204
100e8860,function,350
100e89f0,function,143
100e8ac0,function,194
100e8b90,function,422
100e8e20,function,79
100e8e70,function,31
100e8ea0,function,243
100e8fa0,function,23
100e8fc0,function,342
100e9120,function,336
100e9270,function,37
100e92a0,function,80
100e92f0,function,87
100e9370,function,225
100e9460,function,5
100e9470,function,120
100e94f0,function,76
100e9540,function,5
100e9550,function,23
100e9570,function,303
100e96a0,function,56
100e96e0,function,143
100e97d0,function,31
100e97f0,function,224
100e9950,function,160
100e99f0,function,31
100e9a10,function,80
100e9a60,function,94
100e9ac0,function,31
100e9af0,function,115
100e9b70,function,23
100e9b90,function,366
100e9d00,function,41
100e9d30,function,150
100e9e10,function,102
100e9eb0,function,75
100e9f00,function,75
100e9f50,function,33
100e9f80,function,33
100e9fb0,function,10
100e9fc0,function,21
100e9fe0,function,60
100ea020,function,76
100ea070,function,36
100ea0a0,function,197
100ea170,function,8
100ea180,function,61
100ea1c0,function,61
100ea200,function,148
100ea340,function,110
100ea3b0,function,48
100ea3e0,function,992
100ea7c0,function,804
100eaaf0,function,1136
100eaf60,function,339
100eb0c0,function,275
100eb1e0,function,92
100eb240,function,293
100eb370,function,100
100eb400,function,100
100eb470,function,100
100eb520,function,100
100eb5d0,function,100
100eb670,function,100
100eb730,function,31
100eb750,function,31
100eb770,function,31
100eb790,function,3
100eb7a0,function,29
100eb7c0,function,44
100eb7f0,function,114
100eb870,function,114
100eb8f0,function,114
100eb970,function,114
100eb9f0,function,114
100eba70,function,114
100ebaf0,function,31
100ebb10,function,1171
100ebfb0,function,41
100ebfe0,function,91
100ec040,function,5
100ec050,function,5
100ec060,function,23
100ec080,function,23
100ec0a0,function,23
100ec0c0,function,23
100ec0e0,function,23
100ec100,function,23
100ec120,function,123
100ec1a0,function,101
100ec210,function,101
100ec280,function,206
100ec350,function,206
100ec420,function,206
100ec4f0,function,206
100ec5c0,function,101
100ec630,function,101
100ec6a0,function,101
100ec710,function,101
100ec780,function,162
100ec830,function,30
100ec850,function,52
100ec890,function,210
100ec970,function,210
100eca50,function,206
100ecb20,function,206
100ecbf0,function,206
100eccc0,function,206
100ecd90,function,206
100ece60,function,170
100ecf60,function,170
100ed010,function,170
100ed0e0,function,206
100ed1b0,function,170
100ed2b0,function,206
100ed380,function,170
100ed460,function,221
100ed570,function,204
100ed6a0,function,192
100ed7b0,function,102
100ed820,function,31
100ed840,function,189
100ed950,function,102
100ed9c0,function,31
100ed9e0,function,261
100edb20,function,108
100edb90,function,84
100edbf0,function,108
100edc60,function,102
100edcd0,function,108
100edd40,function,102
100eddb0,function,170
100edeb0,function,31
100eded0,function,278
100ee090,function,122
100ee110,function,31
100ee130,function,126
100ee1b0,function,76
100ee200,function,62
100ee240,function,257
100ee350,function,185
100ee410,function,78
100ee460,function,7
100ee470,function,94
100ee4d0,function,265
100ee5e0,function,299
100ee710,function,79
100ee760,function,257
100ee870,function,91
100ee8d0,function,158
100ee970,function,150
100eea50,function,186
100eeb90,function,31
100eebb0,function,57
100eebf0,function,101
100eec60,function,101
100eecd0,function,101
100eed40,function,101
100eedb0,function,101
100eee20,function,101
100eee90,function,101
100eef00,function,101
100eef70,function,29
100eef90,function,49
100eefd0,function,59
100ef010,function,44
100ef040,function,5
100ef050,function,5
100ef060,function,5
100ef070,function,5
100ef080,function,5
100ef090,function,5
100ef0a0,function,5
100ef0b0,function,5
100ef0c0,function,108
100ef130,function,91
100ef190,function,130
100ef220,function,141
100ef2b0,function,113
100ef330,function,71
100ef380,function,46
100ef3b0,function,67
100ef400,function,95
100ef460,function,6
100ef470,function,96
100ef4d0,function,136
100ef560,function,89
100ef5c0,function,275
100ef6e0,function,50
100ef720,function,95
100ef780,function,6
100ef790,function,96
100ef7f0,function,136
100ef880,function,89
100ef8e0,function,275
100efa00,function,50
100efa40,function,78
100efa90,function,95
100efaf0,function,6
100efb00,function,96
100efb60,function,136
100efbf0,function,89
100efc50,function,275
100efd70,function,50
100efdb0,function,95
100efe10,function,6
100efe20,function,96
100efe80,function,136
100eff10,function,89
100eff70,function,275
100f0090,function,50
100f00d0,function,88
100f0130,function,95
100f0190,function,6
100f01a0,function,96
100f0200,function,136
100f0290,function,89
100f02f0,function,275
100f0410,function,50
100f0450,function,95
100f04b0,function,6
100f04c0,function,96
100f0520,function,136
100f05b0,function,89
100f0610,function,275
100f0730,function,50
100f0770,function,95
100f07d0,function,6
100f07e0,function,96
100f0840,function,136
100f08d0,function,89
100f0930,function,275
100f0a50,function,50
100f0a90,function,80
100f0ae0,function,87
100f0b70,function,5
100f0b80,function,132
100f0c10,function,31
100f0c30,function,171
100f0ce0,function,23
100f0d00,function,80
100f0d50,function,87
100f0de0,function,5
100f0df0,function,132
100f0e80,function,171
100f0f30,function,23
100f0f50,function,80
100f0fa0,function,87
100f1020,function,5
100f1030,function,132
100f10c0,function,171
100f1170,function,23
100f1190,function,80
100f11e0,function,87
100f1240,function,31
100f1290,function,5
100f12a0,function,132
100f1330,function,171
100f13e0,function,23
100f1400,function,80
100f1450,function,87
100f14c0,function,31
100f1500,function,5
100f1510,function,132
100f15a0,function,171
100f1650,function,23
100f1670,function,80
100f16c0,function,87
100f1750,function,5
100f1760,function,132
100f17f0,function,171
100f18a0,function,23
100f18c0,function,80
100f1910,function,87
100f19a0,function,5
100f19b0,function,132
100f1a40,function,171
100f1af0,function,23
100f1b10,function,80
100f1b60,function,87
100f1bf0,function,5
100f1c00,function,132
100f1c90,function,171
100f1d40,function,23
100f1d60,function,237
100f1e50,function,237
100f1f40,function,252
100f2040,function,251
100f2140,function,229
100f2230,function,251
100f2330,function,237
100f2420,function,194
100f24f0,function,101
100f2560,function,194
100f2630,function,101
100f26a0,function,194
100f2770,function,101
100f27e0,function,194
100f28b0,function,101
100f2920,function,194
100f29f0,function,101
100f2a60,function,194
100f2b30,function,101
100f2ba0,function,194
100f2c70,function,101
100f2ce0,function,194
100f2db0,function,101
100f2e20,function,194
100f2ef0,function,101
100f2f60,function,101
100f2fd0,function,101
100f3040,function,101
100f30b0,function,101
100f3120,function,78
100f3170,function,30
100f3190,function,101
100f3200,function,101
100f3270,function,210
100f3350,function,210
100f3430,function,210
100f3510,function,210
100f35f0,function,210
100f36d0,function,210
100f37b0,function,210
100f3890,function,210
100f3970,function,162
100f3a20,function,15
100f3a30,function,20
100f3a50,function,92
100f3ab0,function,35
100f3ae0,function,56
100f3b20,function,35
100f3b50,function,15
100f3b60,function,45
100f3b90,function,102
100f3c00,function,102
100f3c70,function,102
100f3ce0,function,102
100f3d50,function,102
100f3dc0,function,102
100f3e30,function,102
100f3ea0,function,143
100f3f50,function,143
100f4010,function,143
100f40f0,function,31
100f4110,function,143
100f41f0,function,143
100f4290,function,143
100f4330,function,143
100f43f0,function,31
100f4410,function,143
100f44d0,function,194
100f45d0,function,31
100f45f0,function,191
100f46d0,function,31
100f46f0,function,192
100f47c0,function,206
100f4910,function,80
100f4960,function,31
100f4980,function,220
100f4aa0,function,231
100f4bd0,function,31
100f4bf0,function,220
100f4cf0,function,195
100f4de0,function,31
100f4e00,function,204
100f4ed0,function,127
100f4f50,function,127
100f4fd0,function,144
100f5060,function,181
100f5120,function,181
100f51e0,function,181
100f52a0,function,181
100f5360,function,181
100f5420,function,181
100f54e0,function,181
100f55a0,function,291
100f56d0,function,370
100f5850,function,307
100f5990,function,389
100f5b20,function,291
100f5c50,function,120
100f5cd0,function,120
100f5d50,function,120
100f5dd0,function,120
100f5e50,function,120
100f5ed0,function,120
100f5f50,function,120
100f5fd0,function,120
100f6050,function,167
100f6100,function,167
100f61b0,function,167
100f6260,function,167
100f6310,function,167
100f63c0,function,167
100f6470,function,167
100f6520,function,175
100f65d0,function,175
100f6680,function,175
100f6730,function,175
100f67e0,function,175
100f6890,function,175
100f6940,function,175
100f69f0,function,175
100f6aa0,function,115
100f6b20,function,238
100f6c10,function,238
100f6d00,function,238
100f6df0,function,238
100f6ee0,function,238
100f6fd0,function,238
100f70c0,function,238
100f71b0,function,238
100f72a0,function,53
100f72e0,function,63
100f7320,function,68
100f7370,function,51
100f73b0,function,103
100f7420,function,133
100f74b0,function,103
100f7520,function,53
100f7560,function,70
100f75b0,function,78
100f7600,function,91
100f7660,function,128
100f76e0,function,116
100f7760,function,160
100f7800,function,160
100f78a0,function,160
100f7940,function,160
100f79e0,function,160
100f7a80,function,160
100f7b20,function,160
100f7bc0,function,156
100f7c60,function,156
100f7d00,function,156
100f7da0,function,156
100f7e40,function,156
100f7ee0,function,156
100f7f80,function,156
100f8020,function,173
100f80d0,function,173
100f8180,function,173
100f8230,function,173
100f82e0,function,173
100f8390,function,173
100f8440,function,173
100f84f0,function,219
100f85d0,function,219
100f86b0,function,219
100f8790,function,219
100f8870,function,219
100f8950,function,219
100f8a30,function,219
100f8b10,function,80
100f8b60,function,36
100f8b90,function,80
100f8be0,function,85
100f8c40,function,87
100f8ce0,function,105
100f8d50,function,5
100f8d60,function,335
100f8eb0,function,102
100f8f20,function,188
100f9060,function,31
100f9080,function,23
100f90a0,function,181
100f9160,function,39
100f9190,function,93
100f91f0,function,95
100f9250,function,188
100f9310,function,123
100f9390,function,134
100f9420,function,50
100f9460,function,125
100f94e0,function,143
100f95b0,function,31
100f95d0,function,159
100f9670,function,224
100f9750,function,108
100f97c0,function,90
100f9820,function,143
100f98b0,function,309
100f99f0,function,121
100f9a70,function,162
100f9b20,function,210
100f9c00,function,124
100f9c80,function,348
100f9de0,function,7
100f9df0,function,80
100f9e40,function,85
100f9ea0,function,113
100f9f20,function,94
100f9fc0,function,81
100fa020,function,5
100fa030,function,154
100fa0d0,function,91
100fa130,function,226
100fa220,function,23
100fa240,function,155
100fa2e0,function,248
100fa3e0,function,95
100fa440,function,48
100fa470,function,345
100fa5d0,function,280
100fa6f0,function,142
100fa780,function,288
100fa8a0,function,137
100fa930,function,174
100fa9e0,function,50
100faa20,function,181
100faae0,function,158
100fab80,function,174
100fac30,function,150
100fad10,function,31
100fad30,function,250
100fae30,function,134
100faf40,function,79
100faf90,function,31
100fafb0,function,177
100fb070,function,333
100fb1c0,function,167
100fb270,function,299
100fb3a0,function,334
100fb4f0,function,136
100fb580,function,80
100fb5d0,function,87
100fb630,function,31
100fb690,function,5
100fb6a0,function,149
100fb740,function,154
100fb7e0,function,37
100fb810,function,105
100fb880,function,23
100fb8a0,function,135
100fb930,function,126
100fb9b0,function,86
100fba10,function,332
100fbb60,function,245
100fbc60,function,143
100fbd30,function,183
100fbe80,function,156
100fbf20,function,31
100fbf40,function,256
100fc040,function,246
100fc140,function,90
100fc1a0,function,90
100fc260,function,58
100fc2a0,function,31
100fc2c0,function,294
100fc3f0,function,5
100fc400,function,82
100fc460,function,50
100fc4a0,function,50
100fc4e0,function,109
100fc550,function,23
100fc570,function,47
100fc5a0,function,640
100fc820,function,23
100fc840,function,41
100fc870,function,152
100fc910,function,325
100fca60,function,71
100fcab0,function,117
100fcb30,function,117
100fcbb0,function,204
100fcc80,function,204
100fcd50,function,414
100fcef0,function,220
100fcfd0,function,350
100fd180,function,456
100fd430,function,154
100fd4d0,function,31
100fd500,function,15
100fd510,function,246
100fd610,function,80
100fd660,function,87
100fd6c0,function,91
100fd720,function,91
100fd780,function,90
100fd880,function,294
100fd9b0,function,42
100fd9e0,function,42
100fda10,function,62
100fda50,function,5
100fda60,function,5
100fda70,function,5
100fda80,function,5
100fda90,function,48
100fdac0,function,105
100fdb30,function,130
100fdbc0,function,50
100fdc00,function,220
100fdce0,function,72
100fdd30,function,23
100fdd50,function,23
100fdd70,function,5
100fdd80,function,97
100fde70,function,31
100fde90,function,117
100fdf10,function,426
100fe0c0,function,426
100fe270,function,234
100fe360,function,101
100fe3d0,function,209
100fe4b0,function,209
100fe590,function,188
100fe650,function,204
100fe720,function,65
100fe770,function,879
100feae0,function,143
100febb0,function,31
100febd0,function,243
100fecd0,function,350
100fee80,function,31
100feea0,function,234
100fef90,function,445
100ff230,function,79
100ff280,function,31
100ff2b0,function,23
100ff2d0,function,332
100ff420,function,109
100ff490,function,109
100ff500,function,7
100ff510,function,7
100ff520,function,7
100ff530,function,32
100ff550,function,44
100ff580,function,125
100ff600,function,87
100ff690,function,138
100ff720,function,80
100ff770,function,91
100ff7d0,function,91
100ff830,function,91
100ff890,function,199
100ff960,function,180
100ffa20,function,5
100ffa30,function,80
100ffa80,function,23
100ffaa0,function,80
100ffb10,function,23
100ffb30,function,5
100ffb40,function,101
100ffbb0,function,101
100ffc20,function,101
100ffc90,function,158
100ffd30,function,158
100ffdd0,function,158
100ffe70,function,143
100fff50,function,31
100fff70,function,242
101000f0,function,31
10100110,function,87
10100170,function,126
101001f0,function,52
10100230,function,52
10100270,function,52
101002b0,function,52
101002f0,function,143
101003c0,function,202
101004b0,function,31
101004d0,function,112
10100540,function,27
10100560,function,53
101005a0,function,157
10100640,function,52
10100680,function,479
10100860,function,428
10100a10,function,30
10100a30,function,409
10100bd0,function,51
10100c10,function,88
10100c70,function,88
10100cd0,function,88
10100d30,function,88
10100d90,function,78
10100de0,function,72
10100e30,function,72
10100e80,function,27
10100ea0,function,105
10100f10,function,41
10100f40,function,44
10100f70,function,48
10100fa0,function,42
10100fd0,function,50
10101010,function,45
10101040,function,42
10101070,function,50
101010b0,function,45
101010e0,function,42
10101110,function,50
10101150,function,45
10101180,function,42
101011b0,function,50
101011f0,function,45
10101220,function,42
10101250,function,45
10101280,function,50
101012c0,function,428
10101470,function,30
10101490,function,165
10101540,function,165
101015f0,function,165
101016a0,function,165
10101750,function,165
10101800,function,165
101018b0,function,40
101018e0,function,41
10101910,function,32
10101930,function,41
10101960,function,31
10101980,function,41
101019b0,function,5
101019c0,function,41
101019f0,function,3
10101a00,function,41
10101a30,function,90
10101a90,function,90
10101af0,function,145
10101b90,function,145
10101c30,function,145
10101cd0,function,145
10101d70,function,145
10101e10,function,145
10101eb0,function,145
10101f50,function,145
10101ff0,function,145
10102090,function,145
10102130,function,48
10102160,function,145
10102200,function,9
10102210,function,145
101022b0,function,63
101022f0,function,263
10102400,function,61
10102440,function,31
10102460,function,58
101024a0,function,31
101024c0,function,58
10102500,function,263
10102610,function,61
10102650,function,61
10102690,function,98
10102700,function,61
10102740,function,63
10102780,function,98
101027f0,function,16
10102800,function,124
10102880,function,60
101028c0,function,61
10102900,function,133
10102990,function,41
101029c0,function,19
101029e0,function,20
10102a00,function,24
10102a20,function,55
10102a60,function,29
10102a80,function,64
10102ac0,function,15
10102ad0,function,63
10102b10,function,33
10102b40,function,30
10102b60,function,22
10102b80,function,31
10102ba0,function,4
10102bb0,function,57
10102bf0,function,48
10102c20,function,39
10102c50,function,94
10102cb0,function,151
10102d50,function,30
10102d70,function,105
10102de0,function,128
10102e60,function,149
10102f00,function,21
10102f20,function,63
10102f60,function,245
10103060,function,7
10103070,function,94
101030d0,function,113
10103150,function,167
10103200,function,63
10103240,function,404
101033e0,function,164
10103490,function,74
101034e0,function,131
10103570,function,238
10103660,function,229
10103750,function,81
101037b0,function,225
101038a0,function,105
10103910,function,66
10103960,function,108
101039d0,function,18
101039f0,function,27
10103a10,function,27
10103a30,function,25
10103a50,function,27
10103a70,function,27
10103a90,function,29
10103ab0,function,68
10103b00,function,118
10103b80,function,29
10103ba0,function,280
10103cc0,function,280
10103de0,function,364
10103f50,function,273
10104070,function,452
10104240,function,26
10104260,function,18
10104280,function,19
101042a0,function,83
10104300,function,84
10104360,function,84
101043c0,function,28
101043e0,function,75
10104430,function,184
101044f0,function,200
101045c0,function,200
10104690,function,774
101049a0,function,59
101049e0,function,15
101049f0,function,31
10104a10,function,37
10104a40,function,54
10104a80,function,203
10104b50,function,139
10104be0,function,113
10104c60,function,82
10104cc0,function,86
10104d20,function,131
10104db0,function,166
10104e60,function,127
10104ee0,function,127
10104f60,function,84
10104fc0,function,71
10105010,function,45
10105040,function,113
101050c0,function,142
10105150,function,238
10105240,function,132
101052d0,function,184
10105390,function,266
101054a0,function,249
101055a0,function,121
10105620,function,90
10105680,function,73
101056d0,function,134
10105760,function,185
10105820,function,80
10105870,function,149
10105910,function,117
10105990,function,128
10105a10,function,128
10105a90,function,128
10105b10,function,251
10105c10,function,297
10105d40,function,401
10105ee0,function,37
10105f10,function,51
10105f50,function,339
101060b0,function,94
10106110,function,7
10106120,function,31
10106140,function,91
101061a0,function,138
10106230,function,35
10106260,function,1028
10106670,function,5
10106680,function,110
101066f0,function,101
10106760,function,5
10106770,function,23
10106790,function,426
10106940,function,234
10106a30,function,65
10106a80,function,739
10106d70,function,281
10106e90,function,4
10106ea0,function,212
10106f80,function,365
101070f0,function,30
10107110,function,582
10107360,function,58
101073a0,function,155
10107440,function,109
101074b0,function,268
101075c0,function,660
10107860,function,982
10107c40,function,323
10107d90,function,139
10107e20,function,101
10107e90,function,5
10107ea0,function,23
10107ec0,function,123
10107f40,function,111
10107fb0,function,30
10107fd0,function,39
10108000,function,24
10108020,function,18
10108040,function,6
10108050,function,10
10108060,function,31
10108080,function,39
101080b0,function,31
101080d0,function,95
10108130,function,7
10108140,function,34
10108170,function,7
10108180,function,7
10108190,function,7
101081a0,function,7
101081b0,function,25
101081d0,function,622
10108440,function,256
10108540,function,104
101085b0,function,101
10108620,function,152
101086c0,function,457
10108890,function,139
10108920,function,260
10108a30,function,106
10108aa0,function,134
10108b30,function,299
10108c60,function,33
10108c90,function,290
10108dc0,function,125
10108e40,function,82
10108ea0,function,242
10108fa0,function,191
10109060,function,79
101090b0,function,320
101091f0,function,10
10109200,function,136
10109290,function,146
10109330,function,131
101093c0,function,243
101094c0,function,199
10109590,function,156
10109630,function,179
101096f0,function,82
10109750,function,28
10109770,function,197
10109840,function,364
101099b0,function,103
10109a20,function,78
10109a70,function,327
10109bc0,function,75
10109c10,function,53
10109c50,function,508
10109e50,function,696
1010a110,function,104
1010a180,function,251
1010a280,function,203
1010a350,function,504
1010a550,function,136
1010a5e0,function,146
1010a680,function,87
1010a6e0,function,146
1010a780,function,58
1010a7c0,function,22
1010a7e0,function,13
1010a7f0,function,284
1010a910,function,6
1010a920,function,6
1010a930,function,6
1010a940,function,6
1010a950,function,6
1010a960,function,7
1010a970,function,7
1010a980,function,7
1010a990,function,101
1010aa00,function,740
1010acf0,function,177
1010adb0,function,176
1010ae60,function,13
1010ae70,function,70
1010aec0,function,125
1010af40,function,104
1010afb0,function,70
1010b000,function,384
1010b180,function,402
1010b320,function,157
1010b3c0,function,348
1010b520,function,141
1010b5b0,function,722
1010b890,function,274
1010b9b0,function,63
1010b9f0,function,10
1010ba00,function,12
1010ba10,function,8
1010ba20,function,10
1010ba30,function,50
1010ba70,function,26
1010ba90,function,39
1010bac0,function,84
1010bb20,function,166
1010bbd0,function,79
1010bc20,function,687
1010bed0,function,24
1010bef0,function,339
1010c050,function,212
1010c130,function,145
1010c1d0,function,441
1010c390,function,216
1010c470,function,148
1010c510,function,231
1010c600,function,248
1010c700,function,245
1010c800,function,152
1010c8a0,function,142
1010c930,function,108
1010c9a0,function,190
1010ca60,function,32
1010ca80,function,65
1010cad0,function,52
1010cb10,function,105
1010cb80,function,59
1010cbc0,function,378
1010cd40,function,256
1010ce40,function,125
1010cec0,function,106
1010cf30,function,49
1010cf70,function,25
1010cf90,function,35
1010cfc0,function,94
1010d020,function,86
1010d080,function,40
1010d0b0,function,85
1010d110,function,68
1010d160,function,104
1010d1d0,function,134
1010d260,function,158
1010d300,function,144
1010d390,function,227
1010d480,function,289
1010d5b0,function,125
1010d630,function,115
1010d6b0,function,109
1010d720,function,129
1010d7b0,function,145
1010d850,function,216
1010d930,function,596
1010db90,function,448
1010dd50,function,4396
1010ee80,function,53
1010eec0,function,144
1010ef50,function,183
1010f010,function,224
1010f0f0,function,93
1010f150,function,119
1010f1d0,function,198
1010f2a0,function,90
1010f300,function,182
1010f3c0,function,87
1010f420,function,82
1010f480,function,135
1010f510,function,58
1010f550,function,165
1010f600,function,97
1010f670,function,69
1010f6c0,function,160
1010f760,function,91
1010f7c0,function,474
1010f9a0,function,65
1010f9f0,function,285
1010fb10,function,237
1010fc00,function,67
1010fc50,function,191
1010fd10,function,148
1010fdb0,function,316
1010fef0,function,95
1010ff50,function,64
1010ff90,function,88
1010fff0,function,50
10110030,function,135
101100c0,function,49
10110100,function,159
101101a0,function,96
10110200,function,152
101102a0,function,63
101102e0,function,75
10110330,function,64
10110370,function,89
101103d0,function,39
10110400,function,146
101104a0,function,87
10110500,function,129
10110590,function,311
101106d0,function,328
10110820,function,358
10110990,function,115
10110a10,function,21
10110a30,function,75
10110a80,function,137
10110b10,function,78
10110b60,function,104
10110bd0,function,32
10110bf0,function,88
10110c50,function,162
10110d00,function,53
10110d40,function,58
10110d80,function,327
10110ed0,function,222
10110fb0,function,95
10111010,function,106
10111080,function,69
101110d0,function,261
101111e0,function,171
10111290,function,467
10111470,function,75
101114c0,function,199
10111590,function,93
101115f0,function,621
10111860,function,308
101119a0,function,326
10111af0,function,61
10111b30,function,320
10111c70,function,98
10111ce0,function,739
10111fd0,function,472
101121b0,function,431
10112360,function,257
10112470,function,128
101124f0,function,95
10112550,function,301
10112680,function,96
101126e0,function,296
10112810,function,334
10112960,function,397
10112af0,function,552
10112d20,function,631
10112fa0,function,278
101130c0,function,120
10113140,function,182
10113200,function,257
10113310,function,276
10113430,function,218
10113510,function,67
10113560,function,93
101135c0,function,288
101136e0,function,324
10113830,function,164
101138e0,function,194
101139b0,function,107
10113a20,function,164
10113ad0,function,126
10113b50,function,672
10113df0,function,704
101140b0,function,443
10114270,function,61
101142b0,function,288
101143d0,function,104
10114440,function,110
101144b0,function,78
10114500,function,83
10114560,function,152
10114600,function,23
10114620,function,70
10114670,function,140
10114700,function,137
10114790,function,92
101147f0,function,225
101148e0,function,569
10114b20,function,330
10114c70,function,587
10114ec0,function,1172
10115360,function,1728
10115a20,function,69
10115a70,function,24
10115a90,function,40
10115ac0,function,27
10115ae0,function,70
10115b30,function,67
10115b80,function,287
10115ca0,function,167
10115d50,function,96
10115db0,function,127
10115e30,function,227
10115f20,function,335
10116070,function,108
101160e0,function,274
10116200,function,11
10116210,function,25
10116230,function,179
101162f0,function,182
101163b0,function,384
10116530,function,124
101165b0,function,124
10116630,function,117
101166b0,function,220
10116790,function,209
10116870,function,191
10116930,function,161
101169e0,function,178
10116aa0,function,552
10116cd0,function,107
10116d40,function,131
10116dd0,function,363
10116f40,function,99
10116fb0,function,51
10116ff0,function,161
101170a0,function,30
101170c0,function,8
101170d0,function,22
101170f0,function,30
10117110,function,202
101171e0,function,233
101172d0,function,35
10117300,function,27
10117320,function,35
10117350,function,61
10117390,function,17
101173b0,function,17
101173d0,function,17
101173f0,function,17
10117410,function,43
10117440,function,218
10117520,function,32
10117540,function,54
10117580,function,77
101175d0,function,77
10117620,function,77
10117670,function,91
101176d0,function,153
10117770,function,157
10117810,function,153
101178b0,function,158
10117950,function,194
10117a20,function,476
10117c00,function,53
10117c40,function,14
10117c50,function,323
10117da0,function,74
10117df0,function,163
10117ea0,function,86
10117f00,function,86
10117f60,function,93
10117fc0,function,58
10118000,function,50
10118040,function,122
101180c0,function,46
101180f0,function,48
10118120,function,37
10118150,function,508
10118350,function,191
10118410,function,107
10118480,function,143
10118510,function,161
101185c0,function,185
10118680,function,114
10118700,function,210
101187e0,function,10
101187f0,function,10
10118800,function,10
10118810,function,178
101188d0,function,30
101188f0,function,592
10118b40,function,319
10118c80,function,69
10118cd0,function,99
10118d40,function,94
10118da0,function,120
10118e20,function,75
10118e70,function,283
10118f90,function,53
10118fd0,function,251
101190d0,function,508
101192d0,function,92
10119330,function,185
101193f0,function,201
101194c0,function,106
10119530,function,520
10119740,function,114
101197c0,function,420
10119970,function,360
10119ae0,function,190
10119ba0,function,570
10119de0,function,30
10119e00,function,75
10119e50,function,70
10119ea0,function,97
10119f10,function,93
10119f70,function,93
10119fd0,function,71
1011a020,function,399
1011a1b0,function,339
1011a310,function,358
1011a480,function,118
1011a500,function,383
1011a680,function,145
1011a720,function,89
1011a780,function,93
1011a7e0,function,816
1011ab10,function,356
1011ac80,function,792
1011afa0,function,367
1011b110,function,509
1011b310,function,25
1011b330,function,160
1011b3d0,function,98
1011b440,function,63
1011b480,function,132
1011b510,function,108
1011b580,function,6
1011b590,function,30
1011b5b0,function,6
1011b5c0,function,30
1011b5e0,function,172
1011b690,function,119
1011b710,function,46
1011b740,function,254
1011b840,function,83
1011b8a0,function,176
1011b950,function,176
1011ba00,function,127
1011ba80,function,114
1011bb00,function,132
1011bb90,function,29
1011bbb0,function,11
1011bbc0,function,154
1011bc60,function,94
1011bcc0,function,284
1011bde0,function,146
1011be80,function,8
1011be90,function,146
1011bf30,function,178
1011bff0,function,19
1011c010,function,78
1011c060,function,76
1011c0b0,function,90
1011c110,function,208
1011c1e0,function,30
1011c200,function,458
1011c3d0,function,109
1011c440,function,487
1011c630,function,173
1011c6e0,function,90
1011c740,function,124
1011c7c0,function,115
1011c840,function,178
1011c900,function,30
1011c920,function,104
1011c990,function,142
1011ca20,function,54
1011ca60,function,35
1011ca90,function,79
1011cae0,function,92
1011cb40,function,86
1011cba0,function,209
1011cc80,function,63
1011ccc0,function,87
1011cd20,function,135
1011cdb0,function,282
1011ced0,function,156
1011cf70,function,36
1011cfa0,function,27
1011cfc0,function,17
1011cfe0,function,95
1011d040,function,345
1011d1a0,function,154
1011d240,function,217
1011d320,function,344
1011d480,function,345
1011d5e0,function,395
1011d770,function,896
1011daf0,function,836
1011de40,function,83
1011dea0,function,58
1011dee0,function,27
1011df00,function,444
1011e0c0,function,304
1011e1f0,function,150
1011e290,function,248
1011e390,function,708
1011e660,function,74
1011e6b0,function,31
1011e6d0,function,29
1011e6f0,function,205
1011e7c0,function,166
1011e870,function,7
1011e880,function,10
1011e890,function,163
1011e940,function,45
1011e970,function,45
1011e9a0,function,187
1011ea60,function,31
1011ea80,function,49
1011eac0,function,108
1011eb30,function,132
1011ebc0,function,93
1011ec20,function,91
1011ec80,function,67
1011ecd0,function,152
1011ed70,function,58
1011edb0,function,4
1011edc0,function,30
1011ede0,function,54
1011ee20,function,11
1011ee30,function,15
1011ee40,function,434
1011f000,function,43
1011f030,function,54
1011f070,function,54
1011f0b0,function,36
1011f0e0,function,278
1011f200,function,1166
1011f690,function,158
1011f730,function,154
1011f7d0,function,229
1011f8c0,function,837
1011fc10,function,93
1011fc70,function,32
1011fc90,function,54
1011fcd0,function,11
1011fce0,function,5
1011fcf0,function,80
1011fd40,function,14
1011fd50,function,155
1011fdf0,function,60
1011fe30,function,36
1011fe60,function,102
1011fed0,function,151
1011ff70,function,92
1011ffd0,function,155
10120070,function,95
101200d0,function,102
10120140,function,102
101201b0,function,30
101201d0,function,166
10120280,function,6
10120290,function,138
10120320,function,30
10120340,function,659
101205e0,function,559
10120810,function,580
10120a60,function,174
10120b10,function,78
10120b60,function,89
10120bc0,function,25
10120be0,function,275
10120d00,function,33
10120d30,function,42
10120d60,function,159
10120e00,function,119
10120e80,function,213
10120f60,function,73
10120fb0,function,166
10121060,function,66
101210b0,function,222
10121190,function,123
10121210,function,640
10121490,function,608
101216f0,function,26
10121710,function,13
10121720,function,586
10121970,function,13
10121980,function,13
10121990,function,91
101219f0,function,153
10121a90,function,158
10121b30,function,95
10121b90,function,69
10121be0,function,295
10121d10,function,34
10121d40,function,522
10121f50,function,37
10121f80,function,11
10121f90,function,80
10121fe0,function,75
10122030,function,262
10122140,function,987
10122520,function,818
10122860,function,65
101228b0,function,30
101228d0,function,210
101229b0,function,139
10122a40,function,101
10122ab0,function,5
10122ac0,function,23
10122ae0,function,111
10122b50,function,111
10122bc0,function,30
10122be0,function,236
10122cd0,function,333
10122e20,function,101
10122e90,function,5
10122ea0,function,23
10122ec0,function,136
10122f50,function,127
10122fd0,function,30
10122ff0,function,6
10123000,function,18
10123020,function,4
10123030,function,12
10123040,function,62
10123080,function,24
101230a0,function,173
10123150,function,101
101231c0,function,5
101231d0,function,5
101231e0,function,23
10123200,function,145
101232a0,function,127
10123320,function,30
10123340,function,127
101233c0,function,65
10123410,function,74
10123460,function,159
10123500,function,822
10123840,function,79
10123890,function,118
10123910,function,124
10123990,function,222
10123a70,function,337
10123bd0,function,234
10123cc0,function,351
10123e20,function,385
10123fb0,function,36
10123fe0,function,5
10123ff0,function,64
10124030,function,199
10124100,function,476
101242e0,function,294
10124410,function,99
10124480,function,168
10124530,function,70
10124580,function,11
10124590,function,93
101245f0,function,122
10124670,function,130
10124700,function,188
101247c0,function,72
10124810,function,56
10124850,function,63
10124890,function,28
101248b0,function,216
10124990,function,42
101249c0,function,43
101249f0,function,51
10124a30,function,133
10124ac0,function,88
10124b20,function,69
10124b70,function,232
10124c60,function,21
10124c80,function,159
10124d20,function,48
10124d50,function,41
10124d80,function,149
10124e20,function,142
10124eb0,function,59
10124ef0,function,45
10124f20,function,91
10124f80,function,29
10124fa0,function,256
101250a0,function,268
101251b0,function,84
10125210,function,275
10125330,function,121
101253b0,function,79
10125400,function,26
10125420,function,248
10125520,function,240
10125610,function,187
101256d0,function,117
10125750,function,153
101257f0,function,146
10125890,function,192
10125950,function,32
10125970,function,172
10125a20,function,143
10125ab0,function,150
10125b50,function,103
10125bc0,function,576
10125e00,function,63
10125e40,function,54
10125e80,function,101
10125ef0,function,25
10125f10,function,5
10125f20,function,199
10125ff0,function,45
10126020,function,143
101260b0,function,360
10126220,function,36
10126250,function,79
101262a0,function,106
10126310,function,30
10126330,function,23
10126350,function,5
10126360,function,54
101263a0,function,101
10126410,function,42
10126440,function,25
10126460,function,5
10126470,function,87
101264d0,function,112
10126540,function,136
101265d0,function,134
10126660,function,45
10126690,function,30
101266b0,function,328
10126800,function,314
10126940,function,219
10126a20,function,23
10126a40,function,338
10126ba0,function,97
10126c10,function,197
10126ce0,function,188
10126da0,function,32
10126dc0,function,32
10126de0,function,18
10126e00,function,214
10126ee0,function,54
10126f20,function,217
10127000,function,178
101270c0,function,43
101270f0,function,135
10127180,function,213
10127260,function,30
10127280,function,27
101272a0,function,7
101272b0,function,109
10127320,function,37
10127350,function,24
10127370,function,217
10127450,function,106
101274c0,function,40
101274f0,function,71
10127540,function,248
10127640,function,239
10127730,function,233
10127820,function,28
10127840,function,27
10127860,function,82
101278c0,function,108
10127930,function,132
101279c0,function,78
10127a10,function,53
10127a50,function,55
10127a90,function,57
10127ad0,function,500
10127cd0,function,141
10127d60,function,696
10128020,function,168
101280d0,function,185
10128190,function,250
10128290,function,114
10128310,function,82
10128370,function,203
10128440,function,117
101284c0,function,106
10128530,function,207
10128600,function,131
10128690,function,80
101286e0,function,183
101287a0,function,125
10128820,function,115
101288a0,function,35
101288d0,function,34
10128900,function,131
10128990,function,52
101289d0,function,121
10128a50,function,29
10128a70,function,134
10128b00,function,131
10128b90,function,224
10128c70,function,31
10128c90,function,240
10128d80,function,188
10128e40,function,148
10128ee0,function,157
10128f80,function,386
10129110,function,39
10129140,function,50
10129180,function,279
101292a0,function,176
10129350,function,223
10129430,function,142
101294c0,function,227
101295b0,function,221
10129690,function,209
10129770,function,145
10129810,function,141
101298a0,function,207
10129970,function,625
10129bf0,function,162
10129ca0,function,101
10129d10,function,5
10129d20,function,62
10129d60,function,132
10129df0,function,171
10129ea0,function,120
10129f20,function,175
10129fd0,function,31
10129ff0,function,340
1012a150,function,173
1012a200,function,211
1012a2e0,function,355
1012a450,function,101
1012a4c0,function,5
1012a4d0,function,59
1012a510,function,23
1012a530,function,147
1012a5d0,function,101
1012a640,function,5
1012a650,function,23
1012a670,function,32
1012a690,function,198
1012a760,function,290
1012a890,function,120
1012a910,function,55
1012a950,function,76
1012a9a0,function,137
1012aa30,function,82
1012aaa0,function,64
1012aae0,function,235
1012abd0,function,110
1012ac40,function,766
1012af40,function,80
1012af90,function,348
1012b0f0,function,170
1012b1a0,function,253
1012b2a0,function,256
1012b3a0,function,384
1012b520,function,349
1012b680,function,104
1012b6f0,function,190
1012b7b0,function,537
1012b9d0,function,723
1012bcb0,function,241
1012bdb0,function,387
1012bf40,function,251
1012c040,function,1024
1012c440,function,401
1012c5e0,function,146
1012c680,function,646
1012c910,function,7
1012c920,function,7
1012c930,function,59
1012c970,function,80
1012c9c0,function,87
1012ca20,function,108
1012ca90,function,31
1012cae0,function,44
1012cb10,function,52
1012cb50,function,138
1012cbe0,function,51
1012cc20,function,5
1012cc30,function,108
1012cca0,function,91
1012cd00,function,91
1012cd60,function,91
1012cdc0,function,91
1012ce20,function,37
1012ce50,function,145
1012cef0,function,23
1012cf10,function,428
1012d0c0,function,395
1012d250,function,30
1012d270,function,90
1012d2d0,function,101
1012d340,function,158
1012d3e0,function,158
1012d480,function,158
1012d520,function,158
1012d5c0,function,63
1012d600,function,31
1012d620,function,95
1012d680,function,58
1012d6c0,function,69
1012d710,function,69
1012d760,function,295
1012d890,function,143
1012d970,function,302
1012db20,function,97
1012db90,function,31
1012dbb0,function,34
1012dbe0,function,93
1012dc40,function,93
1012dca0,function,93
1012dd00,function,93
1012dd60,function,5
1012dd70,function,199
1012de40,function,240
1012df30,function,174
1012dfe0,function,36
1012e010,function,84
1012e070,function,55
1012e0b0,function,129
1012e140,function,209
1012e220,function,55
1012e260,function,30
1012e280,function,121
1012e300,function,116
1012e380,function,670
1012e620,function,680
1012e8d0,function,658
1012eb70,function,110
1012ebe0,function,84
1012ec40,function,10
1012ec50,function,10
1012ec60,function,94
1012ecc0,function,9
1012ecd0,function,33
1012ed00,function,32
1012ed20,function,46
1012ed50,function,79
1012eda0,function,93
1012ee00,function,33
1012ee30,function,38
1012ee60,function,30
1012ee80,function,77
1012eed0,function,26
1012eef0,function,21
1012ef10,function,17
1012ef30,function,63
1012ef70,function,12
1012ef80,function,65
1012efd0,function,49
1012f010,function,112
1012f080,function,351
1012f1e0,function,359
1012f350,function,683
1012f600,function,916
1012f9a0,function,149
1012fa40,function,71
1012fa90,function,122
1012fb10,function,90
1012fb70,function,95
1012fbd0,function,109
1012fc40,function,835
1012ff90,function,275
101300b0,function,1349
10130600,function,2863
10131130,function,674
101313e0,function,23
10131400,function,1061
10131830,function,458
10131a00,function,38
10131a30,function,448
10131bf0,function,120
10131c70,function,1509
10132260,function,1230
10132730,function,53
10132770,function,70
101327c0,function,32
101327e0,function,11
101327f0,function,423
101329a0,function,263
10132ab0,function,525
10132cc0,function,375
10132e40,function,369
10132fc0,function,44
10132ff0,function,128
10133070,function,2625
10133ac0,function,126
10133b40,function,5
10133b50,function,118
10133bd0,function,1118
10134030,function,152
101340d0,function,277
101341f0,function,46
10134220,function,51
10134260,function,103
101342d0,function,140
10134360,function,78
101343b0,function,106
10134420,function,72
10134470,function,79
101344c0,function,353
10134630,function,252
10134730,function,17
10134750,function,21
10134770,function,692
10134a30,function,59
10134a70,function,12
10134a80,function,197
10134b50,function,66
10134ba0,function,300
10134cd0,function,72
10134d20,function,228
10134e10,function,11
10134e20,function,11
10134e30,function,11
10134e40,function,11
10134e50,function,114
10134ed0,function,114
10134f50,function,51
10134f90,function,52
10134fd0,function,174
10135080,function,36
101350b0,function,71
10135100,function,411
101352a0,function,251
101353a0,function,217
10135480,function,116
10135500,function,102
10135570,function,22
10135590,function,153
10135630,function,94
10135690,function,122
10135710,function,87
10135770,function,31
10135790,function,96
101357f0,function,116
10135870,function,52
101358b0,function,54
101358f0,function,72
10135940,function,222
10135a20,function,290
10135b50,function,20
10135b70,function,316
10135cb0,function,38
10135ce0,function,47
10135d10,function,47
10135d40,function,47
10135d70,function,53
10135db0,function,47
10135de0,function,53
10135e20,function,45
10135e50,function,49
10135e90,function,45
10135ec0,function,334
10136010,function,25
10136030,function,66
10136080,function,193
10136150,function,97
101361c0,function,126
10136240,function,202
10136310,function,22
10136330,function,65
10136380,function,30
101363a0,function,30
101363c0,function,72
10136410,function,20
10136430,function,90
10136490,function,111
10136500,function,129
10136590,function,58
101365d0,function,66
10136620,function,33
10136650,function,49
10136690,function,552
101368c0,function,275
101369e0,function,224
10136ac0,function,439
10136c80,function,340
10136de0,function,84
10136e40,function,393
10136fd0,function,393
10137160,function,75
101371b0,function,81
10137210,function,211
101372f0,function,151
10137390,function,357
10137500,function,55
10137540,function,243
10137640,function,890
101379c0,function,274
10137ae0,function,85
10137b40,function,51
10137b80,function,5
10137b90,function,224
10137c70,function,82
10137cd0,function,267
10137de0,function,631
10138060,function,37
10138090,function,48
101380c0,function,7
101380d0,function,42
10138100,function,43
10138130,function,50
10138170,function,32
10138190,function,17
101381b0,function,275
101382d0,function,80
10138320,function,88
10138380,function,30
101383a0,function,43
101383d0,function,48
10138400,function,411
101385a0,function,235
10138690,function,267
101387a0,function,175
10138850,function,452
10138a20,function,383
10138ba0,function,352
10138d00,function,2103
10139540,function,105
101395b0,function,17
101395d0,function,179
10139690,function,128
10139710,function,209
101397f0,function,17
10139810,function,18
10139830,function,21
10139850,function,206
10139920,function,123
101399a0,function,77
101399f0,function,65
10139a40,function,1917
1013a1c0,function,628
1013a440,function,638
1013a6c0,function,203
1013a790,function,745
1013aa80,function,165
1013ab30,function,312
1013ac70,function,91
1013acd0,function,148
1013ad70,function,35
1013ada0,function,32
1013adc0,function,33
1013adf0,function,17
1013ae10,function,207
1013aee0,function,439
1013b0a0,function,518
1013b2b0,function,39
1013b2e0,function,100
1013b350,function,101
1013b3c0,function,109
1013b430,function,264
1013b540,function,97
1013b5b0,function,70
1013b600,function,44
1013b630,function,185
1013b6f0,function,254
1013b7f0,function,96
1013b850,function,89
1013b8b0,function,194
1013b980,function,208
1013ba50,function,208
1013bb20,function,341
1013bc80,function,44
1013bcb0,function,168
1013bd60,function,17
1013bd80,function,46
1013bdb0,function,113
1013be30,function,80
1013be80,function,82
1013bee0,function,161
1013bf90,function,30
1013bfb0,function,62
1013bff0,function,181
1013c0b0,function,174
1013c160,function,260
1013c270,function,260
1013c380,function,262
1013c490,function,264
1013c5a0,function,264
1013c6b0,function,264
1013c7c0,function,525
1013c9d0,function,170
1013ca80,function,808
1013cdb0,function,789
1013d0d0,function,810
1013d400,function,628
1013d680,function,255
1013d780,function,594
1013d9e0,function,173
1013da90,function,404
1013dc30,function,173
1013dce0,function,301
1013de10,function,167
1013dec0,function,894
1013e240,function,141
1013e2d0,function,256
1013e3d0,function,43
1013e400,function,123
1013e480,function,57
1013e4c0,function,33
1013e4f0,function,30
1013e510,function,30
1013e530,function,453
1013e700,function,724
1013e9e0,function,349
1013eb40,function,584
1013ed90,function,210
1013ee70,function,286
1013ef90,function,784
1013f2a0,function,469
1013f480,function,89
1013f4e0,function,159
1013f580,function,35
1013f5b0,function,43
1013f5e0,function,827
1013f920,function,488
1013fb10,function,121
1013fb90,function,118
1013fc10,function,177
1013fcd0,function,550
1013ff00,function,44
1013ff30,function,405
101400d0,function,53
10140110,function,44
10140140,function,129
101401d0,function,35
10140200,function,30
10140220,function,211
10140300,function,251
10140400,function,495
101405f0,function,47
10140620,function,143
101406b0,function,318
101407f0,function,311
10140930,function,32
10140950,function,52
10140990,function,21
101409b0,function,22
101409d0,function,98
10140a40,function,297
10140b70,function,79
10140bc0,function,5
10140bd0,function,22
10140bf0,function,70
10140c40,function,53
10140c80,function,930
10141030,function,91
10141090,function,233
10141180,function,25
101411a0,function,64
101411e0,function,242
101412e0,function,5
101412f0,function,449
101414c0,function,195
10141590,function,200
10141660,function,118
101416e0,function,200
101417b0,function,152
10141850,function,211
10141930,function,31
10141950,function,91
101419b0,function,58
101419f0,function,169
10141aa0,function,17
10141ac0,function,76
10141b10,function,604
10141d70,function,3999
10142d10,function,66
10142d60,function,1272
10143260,function,154
10143300,function,3684
10144170,function,645
10144400,function,35
10144430,function,183
101444f0,function,21
10144510,function,25
10144530,function,29
10144550,function,139
101445e0,function,52
10144620,function,81
10144680,function,646
10144910,function,230
10144a00,function,12
10144a10,function,12
10144a20,function,412
10144bc0,function,318
10144d00,function,467
10144ee0,function,77
10144f30,function,383
101450b0,function,209
10145190,function,793
101454b0,function,437
10145670,function,1780
10145d70,function,4092
10146d70,function,948
10147130,function,584
10147380,function,1019
10147780,function,366
101478f0,function,1817
10148010,function,201
101480e0,function,3076
10148cf0,function,1177
10149190,function,26
101491b0,function,286
101492d0,function,32
101492f0,function,52
10149330,function,82
10149390,function,112
10149400,function,59
10149440,function,103
101494b0,function,205
10149580,function,201
10149650,function,104
101496c0,function,275
101497e0,function,122
10149860,function,193
10149930,function,461
10149b00,function,52
10149b40,function,56
10149b80,function,33
10149bb0,function,163
10149c60,function,82
10149cc0,function,740
10149fb0,function,124
1014a030,function,253
1014a130,function,43
1014a160,function,77
1014a1b0,function,261
1014a2c0,function,260
1014a3d0,function,100
1014a440,function,267
1014a550,function,56
1014a590,function,117
1014a610,function,183
1014a6d0,function,60
1014a710,function,870
1014aa80,function,187
1014ab40,function,24
1014ab60,function,305
1014aca0,function,97
1014ad10,function,22
1014ad30,function,22
1014ad50,function,46
1014ad80,function,88
1014ade0,function,193
1014aeb0,function,60
1014aef0,function,175
1014afa0,function,37
1014afd0,function,5
1014afe0,function,30
1014b000,function,222
1014b0e0,function,103
1014b150,function,30
1014b170,function,96
1014b1d0,function,114
1014b250,function,52
1014b290,function,35
1014b2c0,function,275
1014b3e0,function,3062
1014bfe0,function,119
1014c060,function,25
1014c080,function,308
1014c1c0,function,533
1014c3e0,function,343
1014c540,function,92
1014c5a0,function,5
1014c5b0,function,457
1014c780,function,39
1014c7b0,function,92
1014c810,function,119
1014c890,function,245
1014c990,function,118
1014ca10,function,226
1014cb00,function,38
1014cb30,function,55
1014cb70,function,58
1014cbb0,function,78
1014cc00,function,280
1014cd20,function,53
1014cd60,function,23
1014cd80,function,24
1014cda0,function,12
1014cdb0,function,315
1014cef0,function,36
1014cf20,function,256
1014d020,function,36
1014d050,function,594
1014d2b0,function,440
1014d470,function,71
1014d4c0,function,20
1014d4e0,function,16
1014d4f0,function,24
1014d510,function,71
1014d560,function,27
1014d580,function,21
1014d5a0,function,109
1014d610,function,513
1014d820,function,35
1014d850,function,35
1014d880,function,19
1014d8a0,function,70
1014d8f0,function,46
1014d920,function,40
1014d950,function,120
1014d9d0,function,676
1014dc80,function,160
1014dd20,function,179
1014dde0,function,121
1014de60,function,523
1014e070,function,168
1014e120,function,253
1014e220,function,431
1014e3d0,function,247
1014e4d0,function,423
1014e680,function,572
1014e8c0,function,46
1014e8f0,function,884
1014ec70,function,270
1014ed80,function,29
1014eda0,function,86
1014ee00,function,57
1014ee40,function,208
1014ef10,function,406
1014f0b0,function,192
1014f170,function,1067
1014f5a0,function,336
1014f6f0,function,387
1014f880,function,115
1014f900,function,115
1014f980,function,178
1014fa40,function,461
1014fc10,function,209
1014fcf0,function,3006
101508b0,function,154
10150950,function,302
10150a80,function,337
10150be0,function,26
10150c00,function,167
10150cb0,function,84
10150d10,function,48
10150d40,function,63
10150d80,function,306
10150ec0,function,655
10151150,function,366
101512c0,function,345
10151420,function,201
101514f0,function,364
10151660,function,165
10151710,function,118
10151790,function,29
101517b0,function,24
101517d0,function,24
101517f0,function,24
10151810,function,35
10151840,function,18
10151860,function,18
10151880,function,80
101518d0,function,42
10151900,function,39
10151930,function,503
10151b30,function,418
10151ce0,function,161
10151d90,function,63
10151dd0,function,183
10151e90,function,63
10151ed0,function,17
10151ef0,function,67
10151f40,function,28
10151f60,function,291
10152090,function,160
10152130,function,171
101521e0,function,171
10152290,function,106
10152300,function,106
10152370,function,405
10152510,function,153
101525b0,function,153
10152650,function,316
10152790,function,332
101528e0,function,261
101529f0,function,62
10152a30,function,294
10152b60,function,117
10152be0,function,552
10152e10,function,149
10152eb0,function,459
10153080,function,344
101531e0,function,38
10153210,function,50
10153250,function,35
10153280,function,21
101532a0,function,38
101532d0,function,102
10153340,function,900
101536d0,function,93
10153730,function,764
10153a30,function,1067
10153e60,function,500
10154060,function,701
10154320,function,46
10154350,function,179
10154410,function,376
10154590,function,399
10154720,function,70
10154770,function,360
101548e0,function,364
10154a50,function,1257
10154f40,function,493
10155130,function,431
101552e0,function,535
10155500,function,588
10155750,function,573
10155990,function,414
10155b30,function,286
10155c50,function,289
10155d80,function,603
10155fe0,function,433
101561a0,function,281
101562c0,function,278
101563e0,function,340
10156540,function,475
10156720,function,760
10156a20,function,53
10156a60,function,28
10156a80,function,33
10156ab0,function,249
10156bb0,function,225
10156ca0,function,40
10156cd0,function,170
10156d80,function,203
10156e50,function,146
10156ef0,function,142
10156f80,function,64
10156fc0,function,20
10156fe0,function,70
10157030,function,241
10157130,function,196
10157200,function,16
10157210,function,138
101572a0,function,83
10157300,function,181
101573c0,function,15
101573d0,function,13
101573e0,function,15
101573f0,function,104
10157460,function,104
101574d0,function,16
101574e0,function,83
10157540,function,6
10157550,function,170
10157600,function,322
10157750,function,215
10157830,function,162
101578e0,function,111
10157950,function,319
10157a90,function,41
10157ac0,function,120
10157b40,function,211
10157c20,function,73
10157c70,function,19
10157c90,function,575
10157ed0,function,485
101580c0,function,399
10158250,function,350
101583b0,function,1605
10158a00,function,73
10158a50,function,329
10158ba0,function,724
10158e80,function,299
10158fb0,function,226
101590a0,function,126
10159120,function,1056
10159540,function,330
10159690,function,70
101596e0,function,133
10159770,function,567
101599b0,function,581
10159c00,function,229
10159cf0,function,1010
1015a0f0,function,612
1015a360,function,110
1015a3d0,function,796
1015a6f0,function,113
1015a770,function,121
1015a7f0,function,161
1015a8a0,function,151
1015a940,function,255
1015aa40,function,147
1015aae0,function,26
1015ab00,function,206
1015abd0,function,11
1015abe0,function,11
1015abf0,function,222
1015acd0,function,90
1015ad30,function,111
1015ada0,function,194
1015ae70,function,319
1015afb0,function,494
1015b1a0,function,196
1015b270,function,287
1015b390,function,142
1015b420,function,41
1015b450,function,88
1015b4b0,function,338
1015b610,function,1
1015b620,function,388
1015b7b0,function,196
1015b880,function,21
1015b8a0,function,193
1015b970,function,56
1015b9b0,function,336
1015bb00,function,538
1015bd20,function,128
1015bda0,function,120
1015be20,function,44
1015be50,function,38
1015be80,function,1015
1015c280,function,330
1015c3d0,function,371
1015c550,function,136
1015c5e0,function,455
1015c7b0,function,371
1015c930,function,318
1015ca70,function,200
1015cb40,function,702
1015ce00,function,166
1015ceb0,function,37
1015cee0,function,280
1015d000,function,15
1015d010,function,322
1015d160,function,231
1015d250,function,21
1015d270,function,19
1015d290,function,365
1015d400,function,325
1015d550,function,116
1015d5d0,function,80
1015d620,function,172
1015d6d0,function,184
1015d790,function,280
1015d8b0,function,301
1015d9e0,function,418
1015db90,function,64
1015dbd0,function,227
1015dcc0,function,23
1015dce0,function,150
1015dd80,function,162
1015de30,function,76
1015de80,function,142
1015df10,function,70
1015df60,function,581
1015e1b0,function,437
1015e370,function,530
1015e590,function,172
1015e640,function,258
1015e750,function,533
1015e970,function,36
1015e9a0,function,175
1015ea50,function,33
1015ea80,function,409
1015ec20,function,125
1015eca0,function,354
1015ee10,function,178
1015eed0,function,227
1015efc0,function,207
1015f090,function,706
1015f360,function,226
1015f450,function,389
1015f5e0,function,84
1015f640,function,58
1015f680,function,189
1015f740,function,26
1015f760,function,41
1015f790,function,46
1015f7c0,function,119
1015f840,function,129
1015f8d0,function,326
1015fa20,function,447
1015fbe0,function,188
1015fca0,function,545
1015fed0,function,61
1015ff10,function,197
1015ffe0,function,386
10160170,function,63
101601b0,function,766
101604b0,function,1027
101608c0,function,1909
10161040,function,146
101610e0,function,72
10161130,function,45
10161160,function,398
101612f0,function,454
101614c0,function,285
101615e0,function,174
10161690,function,76
101616e0,function,137
10161770,function,297
101618a0,function,73
101618f0,function,164
101619a0,function,205
10161a70,function,638
10161cf0,function,397
10161e80,function,379
10162000,function,209
101620e0,function,274
10162200,function,167
101622b0,function,328
10162400,function,92
10162460,function,128
101624e0,function,556
10162710,function,472
101628f0,function,1019
10162cf0,function,231
10162de0,function,455
10162fb0,function,421
10163160,function,44
10163190,function,106
10163200,function,175
101632b0,function,1308
101637d0,function,985
10163bb0,function,1346
10164100,function,793
10164420,function,1136
10164890,function,59
101648d0,function,786
10164bf0,function,1740
101652c0,function,815
101655f0,function,9
10165600,function,206
101656d0,function,99
10165740,function,118
101657c0,function,110
10165830,function,24
10165850,function,29
10165870,function,42
101658a0,function,262
101659b0,function,336
10165b00,function,343
10165c60,function,277
10165d80,function,175
10165e30,function,175
10165ee0,function,211
10165fc0,function,82
10166020,function,62
10166060,function,104
101660d0,function,291
10166200,function,413
101663a0,function,104
10166410,function,240
10166500,function,139
10166590,function,71
101665e0,function,399
10166770,function,87
101667d0,function,417
10166980,function,824
10166cc0,function,370
10166e40,function,64
10166e80,function,199
10166f50,function,98
10166fc0,function,1079
10167400,function,141
10167490,function,13
101674a0,function,306
101675e0,function,30
10167600,function,96
10167660,function,91
101676c0,function,1163
10167b50,function,89
10167bb0,function,137
10167c40,function,291
10167d70,function,2736
10168820,function,428
101689d0,function,1232
10168ea0,function,318
10168fe0,function,23
10169000,function,70
10169050,function,176
10169100,function,208
101691d0,function,38
10169200,function,1812
10169920,function,153
101699c0,function,104
10169a30,function,555
10169c60,function,184
10169d20,function,112
10169d90,function,110
10169e00,function,215
10169ee0,function,270
10169ff0,function,258
1016a100,function,331
1016a250,function,7
1016a260,function,31
1016a280,function,7
1016a290,function,31
1016a2b0,function,345
1016a410,function,16
1016a420,function,108
1016a4b0,function,10
1016a4c0,function,25
1016a4e0,function,16
1016a4f0,function,56
1016a530,function,82
1016a590,function,69
1016a5e0,function,10
1016a5f0,function,10
1016a600,function,42
1016a630,function,78
1016a680,function,9
1016a690,function,19
1016a6b0,function,110
1016a720,function,82
1016a780,function,82
1016a7e0,function,70
1016a830,function,8
1016a840,function,90
1016a8a0,function,73
1016a8f0,function,289
1016aa20,function,491
1016ac10,function,104
1016ac80,function,140
1016ad10,function,11
1016ad20,function,11
1016ad30,function,11
1016ad40,function,36
1016ad70,function,36
1016ada0,function,36
1016add0,function,31
1016adf0,function,14
1016ae00,function,14
1016ae10,function,14
1016ae20,function,124
1016aea0,function,124
1016af20,function,734
1016b200,function,132
1016b290,function,100
1016b300,function,100
1016b370,function,100
1016b3e0,function,203
1016b4b0,function,122
1016b530,function,122
1016b5b0,function,122
1016b630,function,36
1016b660,function,36
1016b690,function,36
1016b6c0,function,146
1016b760,function,146
1016b800,function,333
1016b950,function,578
1016bba0,function,52
1016bbe0,function,346
1016bd40,function,25
1016bd60,function,799
1016c080,function,404
1016c220,function,30
1016c240,function,103
1016c2b0,function,95
1016c310,function,101
1016c380,function,95
1016c3e0,function,101
1016c450,function,128
1016c4d0,function,128
1016c550,function,128
1016c5d0,function,5
1016c5e0,function,82
1016c640,function,28
1016c660,function,27
1016c680,function,28
1016c6a0,function,27
1016c6d0,function,97
1016c740,function,52
1016c780,function,19
1016c7a0,function,16
1016c7b0,function,56
1016c7f0,function,155
1016c890,function,119
1016c910,function,54
1016c950,function,42
1016c980,function,19
1016c9a0,function,64
1016c9e0,function,78
1016ca30,function,78
1016ca80,function,78
1016cad0,function,132
1016cb60,function,132
1016cbf0,function,108
1016cc60,function,151
1016cd00,function,859
1016d060,function,159
1016d100,function,258
1016d210,function,258
1016d320,function,230
1016d410,function,225
1016d500,function,16
1016d510,function,61
1016d550,function,124
1016d5d0,function,61
1016d610,function,48
1016d640,function,462
1016d810,function,62
1016d850,function,462
1016da20,function,38
1016da50,function,170
1016db00,function,170
1016dbb0,function,153
1016dc50,function,151
1016dcf0,function,97
1016dd60,function,85
1016ddc0,function,55
1016de00,function,55
1016de40,function,82
1016dea0,function,82
1016df00,function,82
1016df60,function,82
1016dfc0,function,82
1016e020,function,82
1016e080,function,82
1016e0e0,function,148
1016e180,function,488
1016e370,function,486
1016e560,function,104
1016e5d0,function,104
1016e640,function,104
1016e6b0,function,136
1016e740,function,136
1016e7d0,function,90
1016e830,function,124
1016e8b0,function,112
1016e920,function,11
1016e930,function,11
1016e940,function,11
1016e950,function,36
1016e980,function,36
1016e9b0,function,36
1016e9e0,function,14
1016e9f0,function,14
1016ea00,function,14
1016ea10,function,508
1016ec10,function,508
1016ee10,function,252
1016ef10,function,364
1016f080,function,152
1016f120,function,17
1016f140,function,86
1016f1a0,function,104
1016f210,function,327
1016f360,function,160
1016f400,function,160
1016f4a0,function,187
1016f560,function,187
1016f620,function,187
1016f6e0,function,187
1016f7a0,function,187
1016f860,function,187
1016f920,function,292
1016fa50,function,260
1016fb60,function,325
1016fcb0,function,803
1016ffe0,function,803
10170310,function,140
101703a0,function,108
10170420,function,30
10170440,function,30
10170460,function,71
101704b0,function,406
10170650,function,406
101707f0,function,406
10170990,function,406
10170b30,function,406
10170cd0,function,406
10170e70,function,516
10171080,function,504
10171280,function,30
101712a0,function,407
10171440,function,395
101715d0,function,395
10171760,function,395
101718f0,function,395
10171a80,function,395
10171c10,function,253
10171d10,function,287
10171e30,function,100
10171ea0,function,100
10171f10,function,100
10171f80,function,203
10172050,function,203
10172120,function,124
101721a0,function,124
10172220,function,124
101722a0,function,1336
101727e0,function,258
101728f0,function,284
10172a10,function,258
10172b20,function,284
10172c40,function,258
10172d50,function,284
10172e70,function,258
10172f80,function,284
101730a0,function,258
101731b0,function,284
101732d0,function,258
101733e0,function,284
10173500,function,36
10173530,function,36
10173560,function,36
10173590,function,124
10173610,function,124
10173690,function,124
10173710,function,124
10173790,function,524
101739a0,function,584
10173bf0,function,146
10173c90,function,261
10173da0,function,146
10173e40,function,146
10173ee0,function,146
10173f80,function,146
10174020,function,146
101740c0,function,146
10174160,function,787
10174480,function,442
10174640,function,442
10174800,function,235
101748f0,function,87
10174950,function,98
101749c0,function,881
10174d40,function,152
10174de0,function,126
10174e60,function,30
10174e80,function,75
10174ed0,function,103
10174f40,function,168
10174ff0,function,508
101751f0,function,291
10175320,function,492
10175510,function,259
10175620,function,465
10175800,function,554
10175a30,function,723
10175d10,function,99
10175d80,function,67
10175dd0,function,27
10175df0,function,19
10175e10,function,19
10175e30,function,154
10175ed0,function,78
10175f20,function,82
10175f80,function,317
101760c0,function,55
10176100,function,106
10176170,function,2280
10176a60,function,2284
10177350,function,2284
10177c40,function,2284
10178530,function,2284
10178e20,function,2284
10179710,function,152
101797b0,function,136
10179840,function,508
10179a40,function,718
10179d10,function,1876
1017a470,function,71
1017a4c0,function,353
1017a630,function,504
1017a830,function,203
1017a900,function,53
1017a940,function,339
1017aaa0,function,288
1017abc0,function,309
1017ad00,function,56
1017ad40,function,276
1017ae60,function,953
1017b220,function,953
1017b5e0,function,937
1017b990,function,937
1017bd40,function,937
1017c0f0,function,937
1017c4a0,function,816
1017c7d0,function,816
1017cb00,function,816
1017ce30,function,813
1017d160,function,816
1017d490,function,816
1017d7c0,function,81
1017d820,function,81
1017d880,function,81
1017d8e0,function,81
1017d940,function,81
1017d9a0,function,81
1017da00,function,337
1017db60,function,433
1017dd20,function,612
1017df90,function,5
1017dfa0,function,773
1017e2b0,function,757
1017e5b0,function,773
1017e8c0,function,837
1017ec10,function,799
1017ef30,function,794
1017f250,function,802
1017f580,function,794
1017f8a0,function,977
1017fc80,function,977
10180060,function,81
101800c0,function,64
10180100,function,49
10180140,function,60
10180180,function,49
101801c0,function,1098
10180610,function,1098
10180a60,function,369
10180be0,function,379
10180d60,function,475
10180f40,function,223
10181020,function,223
10181100,function,48
10181130,function,48
10181160,function,773
10181470,function,821
101817b0,function,821
10181af0,function,773
10181e00,function,821
10182140,function,799
10182460,function,802
10182790,function,802
10182ac0,function,802
10182df0,function,802
10183120,function,977
10183500,function,61
10183540,function,61
10183580,function,61
101835c0,function,61
10183600,function,61
10183640,function,1101
10183a90,function,391
10183c20,function,400
10183db0,function,511
10183fb0,function,230
101840a0,function,54
101840e0,function,97
10184150,function,853
101844b0,function,853
10184810,function,853
10184b70,function,853
10184ed0,function,853
10185230,function,853
10185590,function,791
101858b0,function,794
10185bd0,function,794
10185ef0,function,794
10186210,function,794
10186530,function,794
10186850,function,36
10186880,function,36
101868b0,function,36
101868e0,function,36
10186910,function,36
10186940,function,36
10186970,function,785
10186c90,function,376
10186e10,function,473
10186ff0,function,56
10187030,function,98
101870a0,function,235
10187190,function,145
10187230,function,36
10187260,function,40
10187290,function,40
101872c0,function,36
101872f0,function,40
10187320,function,40
10187350,function,333
101874a0,function,339
10187600,function,435
101877c0,function,230
101878b0,function,375
10187a30,function,280
10187b50,function,821
10187e90,function,821
101881d0,function,837
10188520,function,837
10188870,function,837
10188bc0,function,837
10188f10,function,794
10189230,function,794
10189550,function,802
10189880,function,799
10189ba0,function,802
10189ed0,function,802
1018a200,function,47
1018a230,function,47
1018a260,function,60
1018a2a0,function,60
1018a2e0,function,60
1018a320,function,60
1018a360,function,485
1018a550,function,394
1018a6e0,function,484
1018a8d0,function,30
1018a8f0,function,1110
1018ad50,function,257
1018ae60,function,132
1018aef0,function,71
1018af40,function,82
1018afa0,function,207
1018b070,function,279
1018b190,function,44
1018b1c0,function,55
1018b200,function,317
1018b340,function,513
1018b550,function,12
1018b560,function,121
1018b5e0,function,16
1018b5f0,function,116
1018b670,function,116
1018b6f0,function,116
1018b770,function,5
1018b780,function,5
1018b790,function,5
1018b7a0,function,143
1018b830,function,161
1018b8e0,function,134
1018b970,function,278
1018ba90,function,114
1018bb10,function,143
1018bba0,function,161
1018bc50,function,134
1018bce0,function,187
1018bda0,function,143
1018be30,function,161
1018bee0,function,134
1018bf70,function,187
1018c030,function,187
1018c0f0,function,114
1018c170,function,114
1018c1f0,function,114
1018c270,function,114
1018c2f0,function,114
1018c370,function,51
1018c3b0,function,36
1018c3e0,function,43
1018c410,function,80
1018c460,function,87
1018c4d0,function,31
1018c520,function,19
1018c540,function,305
1018c680,function,128
1018c700,function,91
1018c760,function,154
1018c800,function,141
1018c890,function,43
1018c8c0,function,55
1018c900,function,5
1018c910,function,308
1018ca50,function,308
1018cb90,function,37
1018cbc0,function,127
1018cc40,function,166
1018ccf0,function,166
1018cda0,function,91
1018ce00,function,91
1018ce60,function,91
1018cec0,function,35
1018cef0,function,35
1018cf20,function,142
1018cfb0,function,5
1018cfc0,function,215
1018d0a0,function,215
1018d180,function,170
1018d230,function,23
1018d250,function,268
1018d360,function,102
1018d3d0,function,265
1018d4e0,function,300
1018d610,function,14
1018d620,function,152
1018d6c0,function,265
1018d7d0,function,209
1018d8b0,function,193
1018d980,function,50
1018d9c0,function,107
1018da30,function,6
1018da40,function,109
1018dab0,function,286
1018dbd0,function,136
1018dc60,function,101
1018dcd0,function,179
1018dd90,function,288
1018deb0,function,50
1018def0,function,219
1018dfd0,function,50
1018e010,function,193
1018e0e0,function,428
1018e290,function,80
1018e2e0,function,113
1018e360,function,90
1018e3c0,function,30
1018e3e0,function,174
1018e490,function,52
1018e4d0,function,170
1018e580,function,218
1018e660,function,218
1018e740,function,170
1018e7f0,function,170
1018e8a0,function,65
1018e8f0,function,65
1018e940,function,193
1018ea10,function,207
1018eae0,function,217
1018ebc0,function,503
1018edc0,function,87
1018ee60,function,308
1018efa0,function,115
1018f020,function,120
1018f0a0,function,68
1018f0f0,function,84
1018f150,function,171
1018f200,function,224
1018f2e0,function,206
1018f3b0,function,65
1018f400,function,276
1018f520,function,186
1018f5e0,function,193
1018f6b0,function,179
1018f770,function,250
1018f870,function,335
1018f9c0,function,34
1018f9f0,function,34
1018fa20,function,248
1018fb20,function,119
1018fba0,function,131
1018fc30,function,172
1018fce0,function,353
1018fef0,function,38
1018ff20,function,168
1018ffd0,function,403
10190170,function,31
10190190,function,185
10190250,function,231
10190340,function,648
101905d0,function,1561
10190bf0,function,79
10190c40,function,7
10190c50,function,5
10190c60,function,47
10190c90,function,47
10190cc0,function,36
10190cf0,function,85
10190d50,function,87
10190db0,function,114
10190e30,function,42
10190e60,function,30
10190e80,function,69
10190ed0,function,15
10190ee0,function,308
10191020,function,216
10191100,function,94
10191160,function,83
101911c0,function,132
10191250,function,176
10191300,function,128
10191380,function,88
101913e0,function,127
10191460,function,238
10191550,function,149
101915f0,function,26
10191610,function,26
10191630,function,138
101916c0,function,138
10191750,function,147
101917f0,function,206
101918c0,function,77
10191910,function,91
10191970,function,77
101919c0,function,245
10191ac0,function,189
10191b80,function,131
10191c10,function,184
10191cd0,function,355
10191e40,function,146
10191ee0,function,146
10191f80,function,112
10191ff0,function,201
101920c0,function,105
10192130,function,153
101921d0,function,97
10192240,function,5
10192250,function,23
10192270,function,63
101922b0,function,102
10192320,function,50
10192360,function,284
10192480,function,71
101924d0,function,8
101924e0,function,25
10192500,function,29
10192520,function,343
10192680,function,62
101926c0,function,256
101927c0,function,52
10192800,function,93
10192860,function,198
10192930,function,137
101929c0,function,98
10192a30,function,113
10192ab0,function,29
10192ad0,function,110
10192b40,function,108
10192bb0,function,501
10192e60,function,83
10192ec0,function,186
10192f80,function,122
10193000,function,5
10193010,function,115
10193090,function,31
101930b0,function,102
10193120,function,133
101931b0,function,91
10193210,function,80
10193260,function,165
10193310,function,170
101933c0,function,169
10193470,function,52
101934b0,function,165
10193560,function,50
101935a0,function,27
101935c0,function,37
101935f0,function,125
10193670,function,87
101936e0,function,171
10193790,function,176
10193840,function,218
10193920,function,171
101939d0,function,236
10193ac0,function,155
10193b60,function,151
10193c00,function,294
10193d30,function,30
10193d50,function,120
10193dd0,function,164
10193e80,function,90
10193ee0,function,30
10193f00,function,171
10193fb0,function,208
10194080,function,218
10194160,function,206
10194230,function,298
10194360,function,125
101943e0,function,497
101945e0,function,158
10194680,function,1197
10194b30,function,730
10194e10,function,201
10194ee0,function,127
10194f60,function,126
10194fe0,function,5
10194ff0,function,496
101951e0,function,511
101953e0,function,120
10195460,function,88
101954c0,function,85
10195520,function,231
10195610,function,199
101956e0,function,34
10195710,function,383
10195890,function,401
10195a30,function,890
10195db0,function,473
10195f90,function,517
101961a0,function,27
101961c0,function,123
10196240,function,27
10196260,function,143
101962f0,function,26
10196310,function,406
101964b0,function,203
10196580,function,242
10196680,function,61
101966c0,function,5
101966d0,function,30
101966f0,function,100
10196760,function,36
10196790,function,151
10196830,function,107
101968a0,function,100
10196910,function,106
101969f0,function,63
10196a30,function,75
10196a80,function,162
10196b30,function,53
10196b70,function,143
10196c00,function,5
10196c10,function,5
10196c20,function,216
10196db0,function,502
10196fb0,function,161
10197060,function,31
10197080,function,149
10197120,function,48
10197150,function,23
10197170,function,90
101971d0,function,107
10197240,function,6
10197250,function,109
101972c0,function,103
10197330,function,136
101973c0,function,101
10197430,function,30
10197450,function,288
10197570,function,50
101975b0,function,95
10197610,function,347
10197770,function,155
10197810,function,113
10197890,function,439
10197a50,function,108
10197ac0,function,115
10197b40,function,80
10197b90,function,46
10197bc0,function,223
10197ca0,function,107
10197d40,function,31
10197d60,function,308
10197ea0,function,308
10197fe0,function,206
101980b0,function,225
101981a0,function,487
10198390,function,30
101983b0,function,205
10198480,function,223
10198560,function,30
10198580,function,127
10198600,function,193
101986d0,function,233
101987c0,function,388
10198950,function,179
10198a10,function,135
10198aa0,function,250
10198ba0,function,974
10198f70,function,172
10199020,function,168
101990d0,function,185
10199190,function,231
10199280,function,10
10199290,function,100
10199300,function,85
10199360,function,107
101993d0,function,106
10199490,function,152
10199530,function,51
10199570,function,219
101996e0,function,7
101996f0,function,44
10199720,function,38
10199750,function,83
101997b0,function,143
10199840,function,154
101998e0,function,5
101998f0,function,5
10199900,function,229
101999f0,function,36
10199ac0,function,591
10199d10,function,145
10199db0,function,31
10199dd0,function,161
10199e80,function,37
10199eb0,function,31
10199ed0,function,349
1019a030,function,149
1019a0d0,function,102
1019a140,function,70
1019a190,function,23
1019a1b0,function,379
1019a330,function,680
1019a5e0,function,439
1019a7a0,function,80
1019a7f0,function,46
1019a820,function,356
1019a990,function,107
1019aa50,function,31
1019aa70,function,308
1019abb0,function,189
1019ac70,function,313
1019adb0,function,205
1019ae80,function,223
1019af60,function,120
1019afe0,function,145
1019b080,function,301
1019b1b0,function,489
1019b3a0,function,80
1019b420,function,31
1019b440,function,87
1019b4a0,function,5
1019b4b0,function,90
1019b580,function,23
1019b5a0,function,31
1019b5c0,function,218
1019b6a0,function,218
1019b780,function,218
1019b860,function,80
1019b8b0,function,87
1019b960,function,202
1019ba30,function,303
1019bb70,function,81
1019bbd0,function,29
1019bbf0,function,5
1019bc00,function,23
1019bc20,function,61
1019bc60,function,168
1019bd10,function,26
1019bd30,function,28
1019bd50,function,50
1019bd90,function,34
1019bdc0,function,35
1019bdf0,function,68
1019be40,function,70
1019be90,function,92
1019bef0,function,32
1019bf10,function,7
1019bf20,function,45
1019bf50,function,8
1019bf60,function,27
1019bf80,function,82
1019bfe0,function,28
1019c000,function,132
1019c090,function,78
1019c0e0,function,82
1019c140,function,132
1019c1d0,function,347
1019c330,function,551
1019c560,function,92
1019c5c0,function,100
1019c630,function,88
1019c690,function,79
1019c6e0,function,121
1019c760,function,92
1019c7c0,function,488
1019c9b0,function,58
1019c9f0,function,7
1019ca00,function,39
1019ca30,function,472
1019cc10,function,25
1019cc30,function,56
1019cc70,function,143
1019cd00,function,8
1019cd10,function,59
1019cd50,function,36
1019cd80,function,20
1019cda0,function,66
1019cdf0,function,144
1019ce80,function,136
1019cf10,function,78
1019cf60,function,291
1019d090,function,193
1019d160,function,31
1019d180,function,88
1019d1e0,function,143
1019d270,function,143
1019d300,function,143
1019d390,function,143
1019d420,function,143
1019d4b0,function,30
1019d4d0,function,16
1019d4e0,function,143
1019d570,function,166
1019d620,function,172
1019d6d0,function,147
1019d770,function,78
1019d7c0,function,170
1019d870,function,76
1019d8c0,function,201
1019d990,function,453
1019db60,function,26
1019db80,function,138
1019dc10,function,55
1019dc50,function,55
1019dc90,function,53
1019dcd0,function,31
1019dcf0,function,50
1019dd30,function,41
1019dd60,function,41
1019dd90,function,171
1019de40,function,161
1019def0,function,100
1019df60,function,49
1019dfa0,function,50
1019dfe0,function,85
1019e040,function,105
1019e0b0,function,493
1019e2a0,function,167
1019e350,function,75
1019e3a0,function,679
1019e650,function,113
1019e6d0,function,31
1019e6f0,function,31
1019e710,function,33
1019e740,function,37
1019e770,function,45
1019e7a0,function,175
1019e850,function,33
1019e880,function,93
1019e8e0,function,164
1019e990,function,70
1019e9e0,function,323
1019eb30,function,121
1019ebb0,function,113
1019ec30,function,105
1019eca0,function,185
1019ed60,function,493
1019ef50,function,203
1019f020,function,117
1019f0a0,function,493
1019f290,function,268
1019f3a0,function,268
1019f4b0,function,370
1019f630,function,376
1019f7b0,function,29
1019f7d0,function,37
1019f800,function,233
1019f8f0,function,55
1019f930,function,184
1019f9f0,function,144
1019fa80,function,294
1019fc50,function,221
1019fd30,function,68
1019fd80,function,144
1019fe10,function,76
1019fe60,function,232
1019ff50,function,53
1019ff90,function,184
101a0050,function,185
101a0110,function,691
101a03d0,function,52
101a0410,function,50
101a0450,function,104
101a04c0,function,106
101a0530,function,61
101a0570,function,151
101a0610,function,183
101a06d0,function,185
101a0790,function,345
101a08f0,function,692
101a0bb0,function,692
101a0e70,function,732
101a1150,function,104
101a11c0,function,292
101a12f0,function,76
101a1340,function,109
101a13b0,function,31
101a13d0,function,52
101a1410,function,367
101a1580,function,844
101a18d0,function,844
101a1c20,function,876
101a1f90,function,29
101a1fb0,function,446
101a2170,function,137
101a2200,function,203
101a22d0,function,307
101a2410,function,158
101a24b0,function,5
101a24c0,function,494
101a26b0,function,254
101a27b0,function,203
101a2880,function,203
101a2950,function,203
101a2a20,function,27
101a2a40,function,103
101a2ab0,function,200
101a2b80,function,298
101a2cb0,function,347
101a2e10,function,63
101a2e50,function,209
101a2f30,function,387
101a30c0,function,50
101a3100,function,52
101a3140,function,114
101a31c0,function,107
101a3230,function,6
101a3240,function,109
101a32b0,function,136
101a3340,function,154
101a33e0,function,101
101a3450,function,288
101a3570,function,50
101a35b0,function,347
101a3710,function,52
101a3750,function,144
101a37e0,function,52
101a3820,function,46
101a3850,function,114
101a38d0,function,113
101a3950,function,64
101a3990,function,193
101a3a60,function,108
101a3ad0,function,136
101a3b60,function,568
101a3da0,function,469
101a3f80,function,653
101a4210,function,308
101a4350,function,115
101a43d0,function,80
101a4420,function,120
101a44a0,function,164
101a4550,function,90
101a45b0,function,120
101a4630,function,84
101a4690,function,120
101a4710,function,164
101a47c0,function,90
101a4820,function,188
101a48e0,function,200
101a49b0,function,118
101a4a30,function,145
101a4ad0,function,309
101a4c10,function,386
101a4da0,function,2079
101a55c0,function,127
101a5640,function,290
101a5770,function,193
101a5840,function,505
101a5a40,function,375
101a5bc0,function,388
101a5d50,function,27
101a5d70,function,193
101a5e40,function,179
101a5f00,function,135
101a5f90,function,143
101a6020,function,189
101a60e0,function,26
101a6100,function,250
101a6200,function,426
101a6430,function,426
101a65e0,function,134
101a6670,function,31
101a6690,function,464
101a6860,function,737
101a6b50,function,106
101a6bc0,function,211
101a6ca0,function,203
101a6d70,function,172
101a6e20,function,527
101a7030,function,324
101a7180,function,759
101a7480,function,577
101a76d0,function,495
101a78c0,function,1063
101a7cf0,function,236
101a7de0,function,1725
101a84a0,function,321
101a85f0,function,980
101a89d0,function,30
101a89f0,function,168
101a8aa0,function,921
101a8e40,function,106
101a8eb0,function,367
101a9020,function,508
101a9220,function,1145
101a96a0,function,86
101a9700,function,203
101a97d0,function,185
101a9890,function,487
101a9a80,function,231
101a9b70,function,143
101a9c00,function,484
101a9df0,function,149
101a9e90,function,5
101a9ea0,function,209
101a9f90,function,87
101a9ff0,function,116
101aa0c0,function,5
101aa0d0,function,23
101aa0f0,function,31
101aa110,function,879
101aa510,function,80
101aa560,function,31
101aa580,function,87
101aa600,function,1092
101aaa50,function,9
101aaa60,function,7
101aaa70,function,8
101aaa80,function,3
101aaa90,function,3
101aaaa0,function,3
101aaab0,function,31
101aaad0,function,33
101aab00,function,87
101aab60,function,121
101aabe0,function,27
101aac00,function,14
101aac10,function,7
101aac20,function,44
101aac50,function,174
101aad00,function,234
101aadf0,function,126
101aae70,function,51
101aaeb0,function,10
101aaec0,function,9
101aaed0,function,173
101aaf80,function,31
101aafa0,function,53
101aafe0,function,94
101ab040,function,158
101ab0e0,function,97
101ab150,function,24
101ab170,function,433
101ab330,function,52
101ab370,function,63
101ab3b0,function,32
101ab3d0,function,51
101ab410,function,69
101ab460,function,287
101ab580,function,30
101ab5a0,function,92
101ab600,function,33
101ab630,function,25
101ab650,function,33
101ab680,function,25
101ab6a0,function,33
101ab6d0,function,33
101ab700,function,25
101ab720,function,75
101ab770,function,89
101ab7d0,function,190
101ab890,function,83
101ab8f0,function,185
101ab9b0,function,275
101abad0,function,57
101abb10,function,176
101abbc0,function,195
101abc90,function,196
101abd60,function,161
101abe10,function,153
101abeb0,function,59
101abef0,function,57
101abf30,function,70
101abf80,function,133
101ac010,function,87
101ac070,function,168
101ac120,function,168
101ac1d0,function,61
101ac210,function,122
101ac290,function,92
101ac2f0,function,493
101ac4e0,function,493
101ac6d0,function,67
101ac720,function,56
101ac760,function,41
101ac790,function,243
101ac890,function,102
101ac900,function,185
101ac9c0,function,52
101aca00,function,43
101aca30,function,67
101aca80,function,176
101acb30,function,446
101accf0,function,235
101acde0,function,54
101ace20,function,130
101aceb0,function,109
101acf20,function,41
101acf50,function,70
101acfa0,function,391
101ad130,function,178
101ad1f0,function,249
101ad2f0,function,811
101ad620,function,170
101ad6d0,function,172
101ad780,function,159
101ad820,function,173
101ad8d0,function,493
101adac0,function,113
101adb40,function,98
101adbb0,function,63
101adbf0,function,235
101adce0,function,129
101add70,function,498
101adf70,function,186
101ae030,function,312
101ae170,function,328
101ae2c0,function,56
101ae300,function,33
101ae330,function,33
101ae360,function,40
101ae390,function,123
101ae410,function,221
101ae4f0,function,72
101ae540,function,6
101ae550,function,40
101ae580,function,11
101ae590,function,10
101ae5a0,function,13
101ae5b0,function,7
101ae5c0,function,22
101ae5e0,function,10
101ae5f0,function,10
101ae600,function,764
101ae900,function,8
101ae910,function,31
101ae930,function,37
101ae960,function,40
101ae990,function,36
101ae9c0,function,283
101aeae0,function,283
101aec00,function,810
101aef30,function,378
101af0b0,function,20
101af0d0,function,306
101af210,function,94
101af270,function,173
101af320,function,200
101af3f0,function,237
101af4e0,function,54
101af520,function,30
101af540,function,431
101af6f0,function,384
101af870,function,7
101af880,function,31
101af8a0,function,46
101af8d0,function,33
101af900,function,30
101af920,function,86
101af980,function,92
101af9e0,function,15
101af9f0,function,12
101afa00,function,5
101afa10,function,40
101afa40,function,72
101afa90,function,63
101afad0,function,216
101afbb0,function,41
101afbe0,function,5
101afbf0,function,39
101afc20,function,39
101afc50,function,31
101afc70,function,13
101afc80,function,7
101afc90,function,81
101afcf0,function,10
101afd00,function,64
101afd40,function,182
101afe00,function,72
101afe50,function,96
101afeb0,function,64
101afef0,function,13
101aff00,function,77
101aff50,function,77
101affa0,function,56
101affe0,function,13
101afff0,function,54
101b0030,function,225
101b0120,function,63
101b0160,function,63
101b01a0,function,13
101b01b0,function,25
101b01d0,function,35
101b0200,function,122
101b0280,function,13
101b0290,function,44
101b02c0,function,78
101b0310,function,105
101b0380,function,118
101b0400,function,16
101b0410,function,153
101b04b0,function,78
101b0500,function,99
101b0570,function,128
101b05f0,function,119
101b0670,function,61
101b06b0,function,72
101b0700,function,111
101b0770,function,119
101b07f0,function,61
101b0830,function,111
101b08a0,function,197
101b0970,function,51
101b09b0,function,79
101b0a00,function,88
101b0a60,function,88
101b0ac0,function,88
101b0b20,function,224
101b0c00,function,51
101b0c40,function,88
101b0ca0,function,51
101b0ce0,function,142
101b0d70,function,42
101b0da0,function,118
101b0e20,function,270
101b0f30,function,148
101b0fd0,function,256
101b10d0,function,240
101b11c0,function,104
101b1230,function,64
101b1270,function,188
101b1330,function,362
101b14a0,function,150
101b1540,function,378
101b16c0,function,410
101b1860,function,114
101b18e0,function,75
101b1930,function,104
101b19a0,function,48
101b19d0,function,228
101b1ac0,function,78
101b1b10,function,90
101b1b70,function,136
101b1c00,function,129
101b1c90,function,149
101b1d30,function,51
101b1d70,function,123
101b1df0,function,175
101b1ea0,function,222
101b1f80,function,81
101b1fe0,function,275
101b2100,function,599
101b2360,function,535
101b2580,function,807
101b28b0,function,256
101b29b0,function,273
101b2ad0,function,256
101b2bd0,function,189
101b2c90,function,699
101b2f50,function,277
101b3070,function,921
101b3410,function,593
101b3670,function,315
101b37b0,function,272
101b38c0,function,235
101b39b0,function,211
101b3a90,function,256
101b3b90,function,327
101b3ce0,function,162
101b3d90,function,240
101b3e80,function,89
101b3ee0,function,1196
101b4390,function,866
101b4700,function,5
101b4710,function,57
101b4750,function,199
101b4820,function,443
101b49e0,function,391
101b4b70,function,677
101b4e20,function,145
101b4ec0,function,764
101b51c0,function,418
101b5370,function,647
101b5600,function,712
101b58d0,function,573
101b5b10,function,13
101b5b20,function,60
101b5b60,function,20
101b5b80,function,79
101b5bd0,function,54
101b5c10,function,39
101b5c40,function,235
101b5d30,function,39
101b5d60,function,66
101b5db0,function,442
101b5f70,function,215
101b6050,function,197
101b6120,function,379
101b62a0,function,315
101b63e0,function,430
101b6590,function,231
101b6680,function,387
101b6810,function,324
101b6960,function,282
101b6a80,function,2754
101b7550,function,205
101b7620,function,710
101b78f0,function,191
101b79b0,function,1284
101b7ec0,function,209
101b7fa0,function,762
101b82a0,function,565
101b84e0,function,1711
101b8b90,function,85
101b8bf0,function,22
101b8c10,function,383
101b8d90,function,86
101b8df0,function,106
101b8e60,function,86
101b8ec0,function,423
101b9070,function,52
101b90b0,function,365
101b9220,function,91
101b9280,function,974
101b9650,function,5292
101bab00,function,54
101bab40,function,51
101bab80,function,30
101baba0,function,1043
101bafc0,function,243
101bb0c0,function,6
101bb0d0,function,30
101bb0f0,function,143
101bb180,function,156
101bb220,function,179
101bb2e0,function,78
101bb330,function,113
101bb3b0,function,384
101bb530,function,201
101bb600,function,116
101bb680,function,162
101bb730,function,158
101bb7d0,function,132
101bb860,function,128
101bb8e0,function,57
101bb920,function,297
101bba50,function,42
101bba80,function,199
101bbb50,function,167
101bbc00,function,46
101bbc30,function,134
101bbcc0,function,146
101bbd60,function,94
101bbdc0,function,20
101bbde0,function,33
101bbe10,function,31
101bbe30,function,13
101bbe40,function,7
101bbe50,function,340
101bbfb0,function,156
101bc050,function,33
101bc080,function,10
101bc090,function,20
101bc0b0,function,7
101bc0c0,function,7
101bc0d0,function,88
101bc130,function,13
101bc140,function,13
101bc150,function,13
101bc160,function,50
101bc1a0,function,239
101bc290,function,224
101bc370,function,26
101bc390,function,171
101bc440,function,122
101bc4c0,function,143
101bc550,function,30
101bc570,function,149
101bc610,function,96
101bc670,function,156
101bc710,function,148
101bc7b0,function,107
101bc820,function,96
101bc880,function,74
101bc8d0,function,38
101bc900,function,39
101bc930,function,130
101bc9c0,function,142
101bca50,function,113
101bcad0,function,124
101bcb50,function,118
101bcbd0,function,42
101bcc00,function,268
101bcd10,function,159
101bcdb0,function,212
101bce90,function,5
101bcea0,function,5
101bceb0,function,159
101bcf50,function,215
101bd030,function,44
101bd060,function,283
101bd180,function,323
101bd2d0,function,57
101bd310,function,996
101bd700,function,618
101bd970,function,122
101bd9f0,function,78
101bda40,function,10
101bda50,function,404
101bdbf0,function,594
101bde50,function,449
101be020,function,94
101be080,function,304
101be1b0,function,625
101be430,function,366
101be5a0,function,403
101be740,function,158
101be7e0,function,424
101be990,function,343
101beaf0,function,254
101bebf0,function,207
101becc0,function,231
101bedb0,function,185
101bee70,function,1602
101bf4c0,function,472
101bf6a0,function,456
101bf870,function,286
101bf990,function,151
101bfa30,function,104
101bfaa0,function,431
101bfc50,function,1257
101c0140,function,2497
101c0b10,function,1301
101c1030,function,307
101c1170,function,26
101c1190,function,157
101c1230,function,13
101c1240,function,99
101c12b0,function,23
101c12d0,function,92
101c1330,function,150
101c13d0,function,195
101c14a0,function,55
101c14e0,function,95
101c1540,function,14
101c1550,function,8
101c1560,function,8
101c1570,function,8
101c1580,function,97
101c15f0,function,242
101c16f0,function,16
101c1700,function,201
101c17d0,function,187
101c1890,function,358
101c1a00,function,150
101c1aa0,function,131
101c1b30,function,85
101c1b90,function,5
101c1ba0,function,702
101c1e60,function,49
101c1ea0,function,283
101c1fc0,function,69
101c2010,function,86
101c2070,function,135
101c2100,function,128
101c2180,function,56
101c21c0,function,57
101c2200,function,44
101c2230,function,5065
101c3600,function,178
101c36c0,function,270
101c37d0,function,4
101c37e0,function,52
101c3820,function,50
101c3860,function,74
101c38b0,function,12
101c38c0,function,10
101c38d0,function,7
101c38e0,function,67
101c3930,function,8
101c3940,function,350
101c3aa0,function,431
101c3c50,function,73
101c3ca0,function,478
101c3e80,function,52
101c3ec0,function,1007
101c42b0,function,923
101c4650,function,340
101c47b0,function,105
101c4820,function,890
101c4ba0,function,841
101c4ef0,function,71
101c4f40,function,69
101c4f90,function,54
101c4fd0,function,62
101c5010,function,80
101c5060,function,121
101c50e0,function,92
101c5140,function,18
101c5160,function,9
101c5170,function,25
101c5190,function,147
101c5230,function,111
101c52a0,function,87
101c5300,function,51
101c5340,function,49
101c5380,function,153
101c5420,function,64
101c5460,function,120
101c54e0,function,130
101c5570,function,7
101c5580,function,45
101c55b0,function,63
101c55f0,function,165
101c56a0,function,43
101c56d0,function,42
101c5700,function,296
101c5830,function,100
101c58a0,function,140
101c5930,function,46
101c5960,function,159
101c5a00,function,340
101c5b60,function,128
101c5be0,function,592
101c5e30,function,28
101c5e50,function,68
101c5ea0,function,346
101c6000,function,69
101c6050,function,69
101c60a0,function,193
101c6170,function,47
101c61a0,function,50
101c61e0,function,47
101c6210,function,110
101c6280,function,7
101c6290,function,7
101c62a0,function,26
101c62c0,function,88
101c6320,function,132
101c63b0,function,600
101c6610,function,138
101c66a0,function,129
101c6730,function,215
101c6810,function,55
101c6850,function,111
101c68c0,function,54
101c6900,function,22
101c6920,function,22
101c6940,function,22
101c6960,function,164
101c6a10,function,20
101c6a30,function,523
101c6c40,function,4
101c6c50,function,4
101c6c60,function,4
101c6c70,function,26
101c6c90,function,276
101c6db0,function,23
101c6dd0,function,23
101c6df0,function,58
101c6e30,function,363
101c6fa0,function,37
101c6fd0,function,62
101c7010,function,432
101c71c0,function,208
101c7290,function,139
101c7320,function,43
101c7350,function,25
101c7370,function,25
101c7390,function,20
101c73b0,function,17
101c73d0,function,95
101c7430,function,5
101c7440,function,5
101c7450,function,70
101c74a0,function,143
101c7530,function,243
101c7630,function,94
101c7690,function,32
101c76b0,function,28
101c76d0,function,65
101c7720,function,122
101c77a0,function,36
101c77d0,function,79
101c7820,function,79
101c7870,function,213
101c7950,function,465
101c7b30,function,173
101c7be0,function,129
101c7c70,function,85
101c7cd0,function,494
101c7ec0,function,50
101c7f00,function,91
101c7f60,function,293
101c8090,function,22
101c80b0,function,22
101c80d0,function,27
101c80f0,function,131
101c8180,function,349
101c82e0,function,11
101c82f0,function,36
101c8320,function,460
101c84f0,function,196
101c85c0,function,1410
101c8b50,function,739
101c8e40,function,1630
101c94a0,function,43
101c94d0,function,211
101c95b0,function,844
101c9900,function,63
101c9940,function,106
101c99b0,function,232
101c9aa0,function,1122
101c9f10,function,283
101ca030,function,74
101ca080,function,409
101ca220,function,269
101ca330,function,255
101ca430,function,251
101ca530,function,832
101ca870,function,340
101ca9d0,function,1918
101cb150,function,51
101cb190,function,56
101cb1d0,function,199
101cb2a0,function,311
101cb3e0,function,278
101cb500,function,5
101cb510,function,76
101cb560,function,22
101cb580,function,101
101cb5f0,function,91
101cb650,function,80
101cb6a0,function,77
101cb6f0,function,128
101cb770,function,67
101cb7c0,function,46
101cb7f0,function,89
101cb850,function,91
101cb8b0,function,87
101cb910,function,124
101cb990,function,58
101cb9d0,function,230
101cbac0,function,219
101cbba0,function,402
101cbd40,function,429
101cbef0,function,225
101cbfe0,function,440
101cc1a0,function,247
101cc2a0,function,146
101cc340,function,193
101cc410,function,498
101cc610,function,74
101cc660,function,378
101cc7e0,function,329
101cc930,function,863
101ccc90,function,213
101ccd70,function,218
101cce50,function,735
101cd130,function,291
101cd260,function,2275
101cdb50,function,109
101cdbc0,function,2461
101ce560,function,50
101ce5a0,function,203
101ce670,function,50
101ce6b0,function,35
101ce6e0,function,84
101ce740,function,40
101ce770,function,12
101ce780,function,60
101ce7c0,function,492
101ce9b0,function,363
101ceb20,function,676
101cedd0,function,166
101cee80,function,268
101cef90,function,403
101cf130,function,243
101cf230,function,108
101cf2a0,function,130
101cf330,function,64
101cf370,function,341
101cf4d0,function,117
101cf550,function,688
101cf800,function,264
101cf910,function,30
101cf930,function,172
101cf9e0,function,70
101cfa30,function,749
101cfd20,function,79
101cfd70,function,104
101cfde0,function,87
101cfe40,function,219
101cff20,function,385
101d00b0,function,371
101d0230,function,355
101d03a0,function,261
101d04b0,function,420
101d0660,function,1881
101d0dc0,function,383
101d0f40,function,1376
101d14a0,function,638
101d1720,function,241
101d1820,function,787
101d1b40,function,134
101d1bd0,function,1359
101d2120,function,228
101d2210,function,30
101d2230,function,13
101d2240,function,255
101d2340,function,3177
101d2fb0,function,130
101d6580,function,69
101d65d0,function,850
101d6930,function,53
101d6970,function,315
101d6ab0,function,395
101d6c40,function,1681
101d72e0,function,956
101d76a0,function,657
101d7940,function,2622
101d8380,function,30
101d83a0,function,227
101d8490,function,361
101d8600,function,2578
101d9020,function,2009
101d9800,function,311
101d99f0,function,53
101d9a30,function,34
101d9a60,function,103
101d9ad0,function,44
101d9b00,function,367
101d9c70,function,32
101d9c90,function,553
101d9ec0,function,531
101da0e0,function,356
101da250,function,68
101da2a0,function,25
101da2c0,function,141
101da350,function,399
101da4e0,function,30
101da500,function,306
101da640,function,203
101da710,function,73
101da760,function,160
101da800,function,49
101da840,function,413
101da9e0,function,225
101daad0,function,225
101dabc0,function,225
101dacb0,function,225
101dada0,function,27
101dadc0,function,1268
101db2c0,function,382
101db440,function,114
101db4c0,function,128
101db540,function,280
101db660,function,289
101db790,function,280
101db8b0,function,201
101db980,function,138
101dba10,function,241
101dbb10,function,861
101dbe70,function,16
101dbe80,function,316
101dbfc0,function,533
101dc1e0,function,409
101dc380,function,260
101dc490,function,95
101dc4f0,function,4411
101dd630,function,36
101dd660,function,20
101dd680,function,45
101dd6b0,function,176
101dd760,function,90
101dd7c0,function,37
101dd7f0,function,69
101dd840,function,71
101dd890,function,505
101dda90,function,196
101ddb60,function,31
101ddb80,function,47
101ddbb0,function,29
101ddbd0,function,36
101ddc00,function,189
101ddcc0,function,178
101ddd80,function,30
101ddda0,function,36
101dddd0,function,36
101dde00,function,18
101dde20,function,319
101ddf60,function,139
101ddff0,function,110
101de060,function,69
101de0b0,function,359
101de220,function,137
101de2b0,function,99
101de320,function,114
101de3a0,function,128
101de420,function,10
101de430,function,9
101de440,function,55
101de480,function,225
101de570,function,255
101de670,function,74
101de6c0,function,405
101de860,function,132
101de8f0,function,1241
101dedd0,function,20
101dedf0,function,1208
101df2b0,function,251
101df3b0,function,58
101df3f0,function,526
101df600,function,94
101df660,function,643
101df8f0,function,307
101dfa30,function,306
101dfb70,function,228
101dfc60,function,217
101dfd40,function,1473
101e0310,function,832
101e0650,function,235
101e0740,function,40
101e0770,function,1289
101e0c80,function,30
101e0ca0,function,1455
101e1250,function,2271
101e1b30,function,284
101e1c50,function,11
101e1c60,function,68
101e1cb0,function,68
101e1d00,function,72
101e1d50,function,30
101e1d70,function,5268
101e3210,function,762
101e3510,function,10
101e5c2e,function,101
101e5c93,function,4
101e5c97,function,100
101e5cfb,function,29
101e5d18,function,35
101e5d3b,function,39
101e5d62,function,39
101e5d89,function,26
101e5da3,function,96
101e5e03,function,26
101e5e1d,function,22
101e5e33,function,86
101e5e89,function,38
101e5eaf,function,175
101e5f5e,function,24
101e5f76,function,44
101e5fa2,function,32
101e5fc2,function,8
101e5fca,function,14
101e5fd8,function,3
101e5fdb,function,29
101e5ff8,function,98
101e605a,function,89
101e60b3,function,66
101e60f5,function,69
101e614c,function,5
101e6176,function,5
101e7d30,function,26
101e7de0,function,96
101e80e6,function,15
101e8102,function,73
101e8158,function,165
101e81fd,function,18
101e821c,function,94
101e827a,function,99
101e82fc,function,77
101e8349,function,451
101e850c,function,278
101e8622,function,33
101e8670,function,44
101e86a0,function,52
101e86e0,function,33
101e8710,function,43
101e8750,function,178
101e8810,function,170
101e88c0,function,223
101e89a0,function,9
101e89a9,function,19
101e89bc,function,26
101e89d6,function,117
101e8a4b,function,12
101e8a5e,function,101
101e8ad0,function,5
101e8b2a,function,35
101e8b4d,function,105
101e8bb8,function,69
101e8bfd,function,20
101e8c20,function,149
101e8cb5,function,260
101e8dd2,function,36
101e8df6,function,36
101e8e20,function,41
101e8e50,function,66
101e8ea0,function,187
101e8f74,function,148
101e9008,function,80
101e9058,function,96
101e90b8,function,13
101e90cc,function,47
101e910e,function,54
101e9144,function,20
101e9170,function,28
101ea310,function,5
101ea370,function,65
101ea980,function,132
101eaa70,function,40
101eabe0,function,55
101ec600,function,381
101ec780,function,57
101ec7c0,function,376
101ec940,function,545
101ecb70,function,144
101ecc00,function,63
101ecc40,function,107
101eccb0,function,179
101ecd70,function,210
101ece50,function,167
101ecf00,function,191
101ecfc0,function,108
101ed030,function,164
101ed0e0,function,396
101ed270,function,99
101ed2e0,function,22
101ed300,function,25
101ed320,function,293
101ed450,function,105
101ed4c0,function,57
101ed500,function,13
101ed510,function,41
101ed540,function,89
101ed5a0,function,91
101ed600,function,28
101ed620,function,111
101ed690,function,36
101ed6c0,function,142
101ed750,function,416
101ed8f0,function,187
101ed9b0,function,2897
101ee510,function,262
101ee620,function,128
101ee6a0,function,19
101ee6c0,function,300
101ee7f0,function,36
101ee820,function,20
101ee840,function,918
101eebe0,function,1089
101ef030,function,45
101ef060,function,209
101ef140,function,174
101ef1f0,function,102
101ef260,function,240
101ef350,function,20
101ef370,function,116
101ef3f0,function,76
101ef440,function,349
101ef5a0,function,80
101ef5f0,function,102
101ef660,function,81
101ef6c0,function,712
101ef990,function,102
101efa00,function,271
101efb10,function,81
101efb70,function,82
101efbd0,function,338
101efd30,function,264
101efe40,function,62
101efe80,function,50
101efec0,function,50
101eff00,function,38
101eff30,function,139
101effc0,function,427
101f0170,function,56
101f01b0,function,360
101f0320,function,221
101f0400,function,140
101f0490,function,104
101f0500,function,406
101f06a0,function,255
101f07a0,function,340
101f0900,function,113
101f0980,function,167
101f0a30,function,593
101f0c90,function,399
101f0e20,function,128
101f0ea0,function,170
101f0f50,function,30
101f0f70,function,124
101f0ff0,function,514
101f1200,function,521
101f1410,function,297
101f1540,function,306
101f1680,function,722
101f1960,function,1645
101f1fd0,function,187
101f2090,function,954
101f2450,function,437
101f2610,function,7
101f2620,function,31
101f2640,function,100
101f26b0,function,102
101f2720,function,96
101f2780,function,27
101f27a0,function,132
101f2830,function,131
101f28c0,function,142
101f2950,function,147
101f29f0,function,82
101f2a50,function,52
101f2a90,function,105
101f2b00,function,108
101f2b70,function,56
101f2bb0,function,82
101f2c10,function,175
101f2cc0,function,30
101f2ce0,function,128
101f2d60,function,55
101f2da0,function,138
101f2e30,function,127
101f2eb0,function,122
101f2f30,function,42
101f2f60,function,137
101f2ff0,function,96
101f3050,function,43
101f3080,function,74
101f30d0,function,61
101f3110,function,107
101f3180,function,120
101f3200,function,14
101f3210,function,103
101f3280,function,159
101f3320,function,159
101f33c0,function,42
101f33f0,function,88
101f3450,function,27
101f3470,function,51
101f34b0,function,493
101f36a0,function,493
101f3890,function,437
101f3a50,function,63
101f3a90,function,97
101f3b00,function,185
101f3bc0,function,127
101f3c40,function,144
101f3cd0,function,311
101f3e10,function,719
101f40e0,function,691
101f43a0,function,61
101f43e0,function,41
101f4410,function,141
101f44a0,function,80
101f44f0,function,120
101f4570,function,129
101f4600,function,162
101f46b0,function,492
101f48a0,function,203
101f4970,function,730
101f4c50,function,106
101f4cc0,function,46
101f4cf0,function,30
101f4d10,function,117
101f4d90,function,259
101f4ea0,function,408
101f5040,function,197
101f5110,function,106
101f5180,function,141
101f5210,function,203
101f52e0,function,253
101f53e0,function,59
101f5420,function,52
101f5460,function,277
101f5580,function,131
101f5610,function,506
101f5810,function,52
101f5850,function,220
101f5930,function,429
101f5ae0,function,408
101f5c80,function,63
101f5cc0,function,205
101f5d90,function,30
101f5db0,function,64
101f5df0,function,1225
101f62c0,function,885
101f6640,function,34
101f6670,function,157
101f6710,function,85
101f6770,function,115
101f67f0,function,317
101f6930,function,175
101f69e0,function,131
101f6a70,function,221
101f6b50,function,71
101f6ba0,function,403
101f6d40,function,85
101f6da0,function,245
101f6ea0,function,30
101f6ec0,function,34
101f6ef0,function,250
101f6ff0,function,80
101f7040,function,64
101f7080,function,51
101f70c0,function,23
101f70e0,function,36
101f7110,function,104
101f7180,function,82
101f71e0,function,112
101f7250,function,167
101f7300,function,63
101f7340,function,403
101f74e0,function,148
101f7580,function,74
101f75d0,function,238
101f76c0,function,36
101f76f0,function,36
101f7720,function,36
101f7750,function,80
101f77a0,function,222
101f7880,function,361
101f79f0,function,194
101f7ac0,function,223
101f7ba0,function,154
101f7c40,function,262
101f7d50,function,173
101f7e00,function,94
101f7e60,function,166
101f7f10,function,2161
101f8790,function,158
101f8830,function,123
101f88b0,function,146
101f8950,function,130
101f89e0,function,130
101f8a70,function,325
101f8bc0,function,973
101f8f90,function,75
101f8fe0,function,630
101f9260,function,154
101f9300,function,36
101f9330,function,215
101f9410,function,10
101f9420,function,4
101f9430,function,141
101f94c0,function,162
101f9570,function,30
101f9590,function,268
101f96a0,function,155
101f9740,function,897
101f9ad0,function,524
101f9ce0,function,4
101f9cf0,function,4
101f9d00,function,4
101f9d10,function,38
101f9d40,function,38
101f9d70,function,418
101f9f20,function,30
101f9f40,function,88
101f9fa0,function,278
101fa0c0,function,220
101fa1a0,function,152
101fa240,function,115
101fa2c0,function,180
101fa380,function,415
101fa520,function,427
101fa6d0,function,144
101fa760,function,183
101fa820,function,127
101fa8a0,function,31
101fa8c0,function,165
101fa970,function,254
101faa70,function,15
101faa80,function,94
101faae0,function,1197
101faf90,function,431
101fb140,function,622
101fb3b0,function,608
101fb610,function,998
101fba00,function,34
101fba30,function,433
101fbbf0,function,818
101fbf30,function,695
101fc1f0,function,31
101fc210,function,31
10217da0,function,26
10217dc0,function,26
10217de0,function,63
10217e20,function,63
10217e60,function,63
10217ea0,function,63
10217ee0,function,63
10217f20,function,63
10217f60,function,63
10217fa0,function,63
10217fe0,function,12
10217ff0,function,12
10218000,function,23
10218020,function,27
10218040,function,47
10218070,function,59
102180b0,function,22
102180d0,function,63
10218110,function,63
10218150,function,12
10218160,function,22
10218180,function,32
102181a0,function,56
102181e0,function,56
10218220,function,56
10218260,function,56
102182a0,function,56
102182e0,function,56
10218320,function,38
10218350,function,38
10218380,function,38
102183b0,function,38
102183e0,function,43
10218410,function,63
10218450,function,39
10218480,function,49
102184c0,function,38
102184f0,function,38
10218520,function,38
10218550,function,38
10218580,function,43
102185b0,function,43
102185e0,function,44
10218610,function,56
10218650,function,56
10218690,function,32
102186b0,function,32
102186d0,function,32
102186f0,function,32
10218710,function,32
10218730,function,32
10218750,function,24
10218770,function,24
10218790,function,37
102187c0,function,32
102187e0,function,37
10218810,function,37
10218840,function,37
10218870,function,43
102188a0,function,43
102188d0,function,24
102188f0,function,88
10218950,function,88
102189b0,function,55
102189f0,function,55
10218a30,function,60
10218a70,function,60
10218ab0,function,63
10218af0,function,63
10218b30,function,37
10218b60,function,42
10218b90,function,48
10218bc0,function,63
10218c00,function,56
10218c40,function,56
10218c80,function,39
10218cb0,function,12
10218cc0,function,63
10218d00,function,63
10218d40,function,59
10218d80,function,59
10218dc0,function,59
10218e00,function,59
10218e40,function,54
10218e80,function,91
10218ee0,function,63
10218f20,function,63
10218f60,function,63
10218fa0,function,63
10218fe0,function,63
10219020,function,63
10219060,function,63
102190a0,function,43
102190d0,function,43
10219100,function,42
10219130,function,42
10219160,function,49
102191a0,function,53
102191e0,function,37
10219210,function,37
10219240,function,42
10219270,function,37
102192a0,function,37
102192d0,function,43
10219300,function,63
10219340,function,63
10219380,function,63
102193c0,function,63
10219400,function,63
10219440,function,63
10219480,function,63
102194c0,function,63
10219500,function,63
10219540,function,63
10219580,function,63
102195c0,function,63
10219600,function,63
10219640,function,48
10219670,function,48
102196a0,function,48
102196d0,function,56
10219710,function,56
10219750,function,56
10219790,function,56
102197d0,function,56
10219810,function,44
10219840,function,44
10219870,function,39
102198a0,function,38
102198d0,function,38
10219900,function,38
10219930,function,63
10219970,function,63
102199b0,function,63
102199f0,function,63
10219a30,function,63
10219a70,function,63
10219ab0,function,63
10219af0,function,63
10219b30,function,63
10219b70,function,63
10219bb0,function,63
10219bf0,function,63
10219c30,function,63
10219c70,function,63
10219cb0,function,63
10219cf0,function,63
10219d30,function,63
10219d70,function,63
10219db0,function,63
10219df0,function,63
10219e30,function,63
10219e70,function,63
10219eb0,function,63
10219ef0,function,63
10219f30,function,63
10219f70,function,63
10219fb0,function,63
10219ff0,function,63
1021a030,function,63
1021a070,function,21
1021a090,function,21
1021a0b0,function,21
1021a0d0,function,21
1021a0f0,function,21
1021a110,function,21
1021a130,function,21
1021a150,function,21
1021a170,function,21
1021a190,function,21
1021a1b0,function,21
1021a1d0,function,21
1021a1f0,function,21
1021a210,function,21
1021a230,function,21
1021a250,function,21
1021a270,function,21
1021a290,function,21
1021a2b0,function,21
1021a2d0,function,21
1021a2f0,function,21
1021a310,function,21
1021a330,function,21
1021a350,function,21
1021a370,function,21
1021a390,function,21
1021a3b0,function,21
1021a3d0,function,21
1021a3f0,function,21
1021a410,function,21
1021a430,function,21
1021a450,function,21
1021a470,function,21
1021a490,function,21
1021a4b0,function,21
1021a4d0,function,19
1021a4f0,function,21
1021a510,function,21
1021a530,function,39
1021a560,function,39
1021a590,function,39
1021a5c0,function,39
1021a5f0,function,39
1021a620,function,39
1021a650,function,39
1021a680,function,39
1021a6b0,function,60
1021a6f0,function,88
1021a750,function,88
1021a7b0,function,24
1021a7d0,function,24
1021a7f0,function,24
1021a810,function,88
1021a870,function,88
1021a8d0,function,88
1021a930,function,88
1021a990,function,55
1021a9d0,function,55
1021aa10,function,55
1021aa50,function,89
1021aab0,function,89
1021ab10,function,87
1021ab70,function,88
1021abd0,function,88
1021ac30,function,88
1021ac90,function,88
1021acf0,function,88
1021ad50,function,88
1021adb0,function,87
1021ae10,function,89
1021ae70,function,89
1021aed0,function,89
1021af30,function,89
1021af90,function,89
1021aff0,function,89
1021b050,function,32
1021b070,function,88
1021b0d0,function,91
1021b130,function,91
1021b190,function,91
1021b1f0,function,91
1021b250,function,91
1021b2b0,function,91
1021b310,function,91
1021b370,function,91
1021b3d0,function,91
1021b430,function,91
1021b490,function,91
1021b4f0,function,91
1021b550,function,63
1021b590,function,68
1021b5e0,function,43
1021b610,function,32
1021b630,function,32
1021b650,function,32
1021b670,function,32
1021b690,function,32
1021b6b0,function,32
1021b6d0,function,32
1021b6f0,function,63
1021b730,function,63
1021b770,function,122
1021b7f0,function,37
1021b820,function,37
1021b850,function,44
1021b880,function,44
1021b8b0,function,44
1021b8e0,function,44
1021b910,function,44
1021b940,function,44
1021b970,function,44
1021b9a0,function,44
1021b9d0,function,44
1021ba00,function,44
1021ba30,function,39
1021ba60,function,39
1021ba90,function,39
1021bac0,function,56
1021bb00,function,56
1021bb40,function,56
1021bb80,function,56
1021bbc0,function,56
1021bc00,function,56
1021bc40,function,56
1021bc80,function,56
1021bcc0,function,56
1021bd00,function,22
1021bd20,function,5
1021bd30,function,5
1021bd40,function,56
1021bd80,function,56
1021bdc0,function,56
1021be00,function,39
1021be30,function,56
1021be70,function,56
1021beb0,function,56
1021bef0,function,56
1021bf30,function,56
1021bf70,function,56
1021bfb0,function,32
1021bfd0,function,43
1021c000,function,43
1021c030,function,43
1021c060,function,88
1021c0c0,function,88
1021c120,function,88
1021c180,function,88
1021c1e0,function,88
1021c240,function,88
1021c2a0,function,88
1021c300,function,43
1021c330,function,32
1021c350,function,43
1021c380,function,43
1021c3b0,function,43
1021c3e0,function,88
1021c440,function,10
1021c450,function,22
1021c470,function,56
1021c4b0,function,56
1021c4f0,function,56
1021c530,function,56
1021c570,function,56
1021c5b0,function,56
1021c5f0,function,56
1021c630,function,38
1021c660,function,38
1021c690,function,88
1021c6f0,function,88
1021c750,function,88
1021c7b0,function,88
1021c810,function,88
1021c870,function,88
1021c8d0,function,39
1021c900,function,39
1021c930,function,39
1021c960,function,39
1021c990,function,39
1021c9c0,function,48
1021c9f0,function,48
1021ca20,function,48
1021ca50,function,48
1021ca80,function,48
1021cab0,function,48
1021cae0,function,48
1021cb10,function,48
1021cb40,function,48
1021cb70,function,48
1021cba0,function,48
1021cbd0,function,56
1021cc10,function,39
1021cc40,function,39
1021cc70,function,37
1021cca0,function,56
1021cce0,function,56
1021cd20,function,56
1021cd60,function,56
1021cda0,function,56
1021cde0,function,56
1021ce20,function,56
1021ce60,function,56
1021cea0,function,88
1021cf00,function,32
1021cf20,function,56
1021cf60,function,48
1021cf90,function,48
1021cfc0,function,39
1021cff0,function,39
1021d020,function,39
1021d050,function,39
1021d080,function,39
1021d0b0,function,39
1021d0e0,function,39
1021d110,function,39
1021d140,function,38
1021d170,function,38
1021d1a0,function,43
1021d1d0,function,39
1021d200,function,39
1021d230,function,39
1021d260,function,39
1021d290,function,39
1021d2c0,function,39
1021d2f0,function,39
1021d320,function,39
1021d350,function,38
1021d380,function,38
1021d3b0,function,39
1021d3e0,function,39
1021d410,function,39
1021d440,function,38
1021d470,function,38
1021d4a0,function,39
1021d4d0,function,39
1021d500,function,39
1021d530,function,56
1021d570,function,48
1021d5a0,function,32
1021d5c0,function,48
1021d5f0,function,32
1021d610,function,48
1021d640,function,32
1021d660,function,23
1021d680,function,48
1021d6b0,function,32
1021d6d0,function,48
1021d700,function,32
1021d720,function,22
1021d740,function,48
1021d770,function,32
1021d790,function,48
1021d7c0,function,32
1021d7e0,function,12
1021d7f0,function,48
1021d820,function,32
1021d840,function,56
1021d880,function,32
1021d8a0,function,63
1021d8e0,function,63
1021d920,function,63
1021d960,function,63
1021d9a0,function,63
1021d9e0,function,63
1021da20,function,63
1021da60,function,63
1021daa0,function,42
1021dad0,function,37
1021db00,function,47
1021db30,function,56
1021db70,function,60
1021dbb0,function,43
1021dbe0,function,43
1021dc10,function,43
1021dc40,function,88
1021dca0,function,56
1021dce0,function,56
1021dd20,function,56
1021dd60,function,56
1021dda0,function,56
1021dde0,function,56
1021de20,function,56
1021de60,function,56
1021dea0,function,56
1021dee0,function,56
1021df20,function,56
1021df60,function,44
1021df90,function,44
1021dfc0,function,44
1021dff0,function,44
1021e020,function,44
1021e050,function,44
1021e080,function,44
1021e0b0,function,44
1021e0e0,function,44
1021e110,function,44
1021e140,function,44
1021e170,function,44
1021e1a0,function,44
1021e1d0,function,44
1021e200,function,44
1021e230,function,44
1021e260,function,44
1021e290,function,44
1021e2c0,function,44
1021e2f0,function,44
1021e320,function,44
1021e350,function,44
1021e380,function,44
1021e3b0,function,44
1021e3e0,function,64
1021e420,function,43
1021e450,function,43
1021e480,function,43
1021e4b0,function,43
1021e4e0,function,43
1021e510,function,43
1021e540,function,43
1021e570,function,43
1021e5a0,function,32
1021e5c0,function,44
1021e5f0,function,44
1021e620,function,44
1021e650,function,44
1021e680,function,44
1021e6b0,function,44
1021e6e0,function,44
1021e710,function,56
1021e750,function,21
1021e770,function,12
1021e780,function,56
1021e7c0,function,12
1021e7d0,function,63
1021e810,function,56
1021e850,function,56
1021e890,function,56
1021e8d0,function,56
1021e910,function,56
1021e950,function,89
1021e9b0,function,79
1021ea00,function,51
1021ea40,function,57
1021ea80,function,104
1021eaf0,function,104
1021eb60,function,12
1021eb70,function,12
1021eb80,function,61
1021ebc0,function,12
1021ebd0,function,12
1021ebe0,function,22
1021ec00,function,22
1021ec20,function,22
1021ec40,function,22
1021ec60,function,12
1021ec70,function,12
1021ec80,function,50
1021ecc0,function,64
1021ed00,function,50
1021ed40,function,64
1021ed80,function,50
1021edc0,function,64
1021ee00,function,64
1021ee40,function,50
1021ee80,function,64
1021eec0,function,64
1021ef00,function,50
1021ef40,function,64
1021ef80,function,64
1021efc0,function,64
1021f000,function,64
1021f040,function,50
1021f080,function,64
1021f0c0,function,64
1021f100,function,64
1021f140,function,23
1021f160,function,63
1021f1a0,function,63
1021f1e0,function,63
1021f220,function,37
1021f250,function,37
1021f280,function,42
1021f2b0,function,42
1021f2e0,function,56
1021f320,function,56
1021f360,function,39
1021f390,function,39
1021f3c0,function,39
1021f3f0,function,37
1021f420,function,56
1021f460,function,56
1021f4a0,function,32
1021f4c0,function,44
1021f4f0,function,56
1021f530,function,44
1021f560,function,42
1021f590,function,42
1021f5c0,function,47
1021f5f0,function,38
1021f620,function,38
1021f650,function,42
1021f680,function,42
1021f6b0,function,43
1021f6e0,function,43
1021f710,function,32
1021f730,function,32
1021f750,function,59
1021f790,function,47
1021f7c0,function,37
1021f7f0,function,32
1021f810,function,37
1021f840,function,49
1021f880,function,47
1021f8b0,function,37
1021f8e0,function,37
1021f910,function,39
1021f940,function,39
1021f970,function,39
1021f9a0,function,39
1021f9d0,function,39
1021fa00,function,39
1021fa30,function,39
1021fa60,function,39
1021fa90,function,39
1021fac0,function,39
1021faf0,function,39
1021fb20,function,37
1021fb50,function,37
1021fb80,function,37
1021fbb0,function,37
1021fbe0,function,37
1021fc10,function,43
1021fc40,function,44
1021fc70,function,23
1021fc90,function,12
1021fca0,function,111
1021fd10,function,115
1021fd90,function,115
1021fe10,function,115
1021fe90,function,118
1021ff10,function,118
1021ff90,function,118
10220010,function,118
10220090,function,122
10220110,function,123
10220190,function,123
10220210,function,123
10220290,function,123
10220310,function,124
10220390,function,125
10220410,function,127
10220490,function,120
10220510,function,124
10220590,function,124
10220610,function,118
10220690,function,118
10220710,function,118
10220790,function,118
10220810,function,120
10220890,function,123
10220910,function,123
10220990,function,123
10220a10,function,118
10220a90,function,122
10220b10,function,118
10220b90,function,114
10220c10,function,118
10220c90,function,118
10220d10,function,118
10220d90,function,12
10220da0,function,50
10220de0,function,50
10220e20,function,12
10220e30,function,12
10220e3c,function,22
10220e52,function,22
10220e68,function,40
10220e90,function,27
10220eab,function,22
10220ed0,function,50
10220f10,function,22
10220f30,function,36
10220f60,function,12
10220f70,function,12
10220f80,function,5
10220f90,function,10
10220fa0,function,10
10220fb0,function,11
10220fc0,function,11
10220fd0,function,11
10220fe0,function,11
10220ff0,function,10
10221000,function,10
10221010,function,10
10221020,function,55
10221060,function,55
102210a0,function,55
102210e0,function,55
10221120,function,55
10221160,function,55
102211a0,function,55
102211e0,function,55
10221220,function,70
10221270,function,21
10221290,function,20
102212b0,function,11
102212c0,function,5
102212d0,function,10
102212e0,function,5
102212f0,function,10
10221300,function,10
10221310,function,55
10221350,function,55
10221390,function,63
102213d0,function,56
10221410,function,10
10221420,function,10
10221430,function,13
10221440,function,11
10221450,function,11
10221460,function,11
10221470,function,11
10221480,function,11
10221490,function,11
102214a0,function,11
102214b0,function,11
102214c0,function,11
102214d0,function,11
102214e0,function,11
102214f0,function,11
10221500,function,11
10221510,function,25
10221530,function,25
10221550,function,25
10221570,function,25
10221590,function,25
102215b0,function,25
102215d0,function,10
102215e0,function,10
102215f0,function,10
10221600,function,10
10221610,function,10
10221620,function,10
10221630,function,55
10221670,function,10
10221680,function,10
10221690,function,11
102216a0,function,25
102216c0,function,25
102216e0,function,25
10221700,function,25
10221720,function,10
10221730,function,10
10221740,function,10
10221750,function,10
10221760,function,10
10221770,function,10
10221780,function,10
10221790,function,10
102217a0,function,10
102217b0,function,10
102217c0,function,10
102217d0,function,10
102217e0,function,10
102217f0,function,11
10221800,function,11
10221810,function,10
10221820,function,10
10221830,function,10
10221840,function,10
10221850,function,10
10221860,function,10
10221870,function,10
10221880,function,64
102218c0,function,10
102218d0,function,10
102218e0,function,10
102218f0,function,10
10221900,function,11
10221910,function,25
10221930,function,25
10221950,function,10
10221960,function,10
10221970,function,10
10221980,function,55
102219c0,function,55
10221a00,function,10
10221a10,function,10
10221a20,function,10
10221a30,function,10
10221a40,function,10
10221a50,function,10
10221a60,function,10
10221a70,function,25
10221a90,function,10
10221aa0,function,10
10221ab0,function,10
10221ac0,function,55
10221b00,function,56
10221b40,function,25
10221b60,function,25
10221b80,function,25
10221ba0,function,10
10221bb0,function,10
10221bc0,function,55
10221c00,function,55
10221c40,function,11
10221c50,function,25
10221c70,function,10
10221c80,function,10
10221c90,function,10
10221ca0,function,55
10221ce0,function,55
10221d20,function,55
10221d60,function,55
10221da0,function,55
10221de0,function,55
10221e20,function,55
10221e60,function,10
10221e70,function,10
10221e80,function,10
10221e90,function,10
10221ea0,function,11
10221eb0,function,10
10221ec0,function,10
10221ed0,function,10
10221ee0,function,10
10221ef0,function,10
10221f00,function,55
10221f40,function,55
10221f80,function,55
10221fc0,function,55
10222000,function,55
10222040,function,55
10222080,function,55
102220c0,function,55
10222100,function,55
10222140,function,55
10222180,function,55
102221c0,function,55
10222200,function,55
10222240,function,10
10222250,function,10
10222260,function,10
10222270,function,10
10222280,function,10
10222290,function,10
102222a0,function,10
102222b0,function,10
102222c0,function,25
102222e0,function,25
10222300,function,25
10222320,function,25
10222340,function,25
10222360,function,25
10222380,function,25
102223a0,function,25
102223c0,function,25
102223e0,function,25
10222400,function,25
10222420,function,10
10222430,function,10
10222440,function,10
10222450,function,10
10222460,function,55
102224a0,function,55
102224e0,function,10
102224f0,function,10
10222500,function,10
10222510,function,10
10222520,function,10
10222530,function,10
10222540,function,10
10222550,function,10
10222560,function,10
10222570,function,10
10222580,function,10
10222590,function,10
102225a0,function,10
102225b0,function,10
102225c0,function,10
102225d0,function,10
102225e0,function,10
102225f0,function,10
10222600,function,10
10222610,function,10
10222620,function,10
10222630,function,10
10222640,function,10
10222650,function,10
10222660,function,10
10222670,function,10
10222680,function,10
10222690,function,10
102226a0,function,10
102226b0,function,10
102226c0,function,10
102226d0,function,10
102226e0,function,10
102226f0,function,10
10222700,function,10
10222710,function,10
10222720,function,10
10222730,function,10
10222740,function,10
10222750,function,10
10222760,function,10
10222770,function,10
10222780,function,10
10222790,function,10
102227a0,function,10
102227b0,function,10
102227c0,function,55
10222800,function,55
10222840,function,55
10222880,function,55
102228c0,function,55
10222900,function,55
10222940,function,55
10222980,function,55
102229c0,function,55
10222a00,function,55
10222a40,function,55
10222a80,function,55
10222ac0,function,55
10222b00,function,55
10222b40,function,55
10222b80,function,55
10222bc0,function,55
10222c00,function,55
10222c40,function,55
10222c80,function,55
10222cc0,function,55
10222d00,function,55
10222d40,function,55
10222d80,function,55
10222dc0,function,55
10222e00,function,55
10222e40,function,55
10222e80,function,10
10222e90,function,11
10222ea0,function,49
10222ee0,function,25
10222f00,function,25
10222f20,function,25
10222f40,function,25
10222f60,function,25
10222f80,function,25
10222fa0,function,25
10222fc0,function,25
10222fe0,function,10
10222ff0,function,11
10223000,function,25
10223020,function,25
10223040,function,25
10223060,function,10
10223070,function,11
10223080,function,25
102230a0,function,25
102230c0,function,25
102230e0,function,25
10223100,function,25
10223120,function,25
10223140,function,25
10223160,function,25
10223180,function,25
102231a0,function,25
102231c0,function,25
102231e0,function,25
10223200,function,25
10223220,function,25
10223240,function,25
10223260,function,25
10223280,function,25
102232a0,function,25
102232c0,function,25
102232e0,function,25
10223300,function,25
10223320,function,10
10223330,function,10
10223340,function,10
10223350,function,10
10223360,function,10
10223370,function,10
10223380,function,25
102233a0,function,25
102233c0,function,25
102233e0,function,25
10223400,function,25
10223420,function,25
10223440,function,25
10223460,function,25
10223480,function,25
102234a0,function,25
102234c0,function,25
102234e0,function,25
10223500,function,10
10223510,function,10
10223520,function,10
10223530,function,10
10223540,function,10
10223550,function,10
10223560,function,10
10223570,function,10
10223580,function,10
10223590,function,10
102235a0,function,11
102235b0,function,55
102235f0,function,55
10223630,function,11
10223640,function,56
10223680,function,10
10223690,function,10
102236a0,function,25
102236c0,function,25
102236e0,function,25
10223700,function,25
10223720,function,25
10223740,function,25
10223760,function,25
10223780,function,25
102237a0,function,25
102237c0,function,25
102237e0,function,25
10223800,function,25
10223820,function,25
10223840,function,25
10223860,function,25
10223880,function,25
102238a0,function,25
102238c0,function,25
102238e0,function,25
10223900,function,25
10223920,function,25
10223940,function,25
10223960,function,10
10223970,function,10
10223980,function,10
10223990,function,10
102239a0,function,56
102239e0,function,22
10223a00,function,22
10223a20,function,25
10223a40,function,25
10223a60,function,25
10223a80,function,25
10223aa0,function,10
10223ab0,function,25
10223ad0,function,25
10223af0,function,25
10223b10,function,25
10223b30,function,10
10223b40,function,10
10223b50,function,25
10223b70,function,25
10223b90,function,25
10223bb0,function,25
10223bd0,function,10
10223be0,function,10
10223bf0,function,10
10223c00,function,10
10223c10,function,25
10223c30,function,25
10223c50,function,25
10223c70,function,25
10223c90,function,25
10223cb0,function,25
10223cd0,function,25
10223cf0,function,25
10223d10,function,10
10223d20,function,10
10223d30,function,10
10223d40,function,10
10223d50,function,10
10223d60,function,25
10223d80,function,1
10223d90,function,25
10223db0,function,25
10223dd0,function,25
10223df0,function,25
10223e10,function,25
10223e30,function,25
10223e50,function,25
10223e70,function,10
10223e80,function,10
10223e90,function,10
10223ea0,function,25
10223ec0,function,25
10223ee0,function,25
10223f00,function,25
10223f20,function,25
10223f40,function,25
10223f60,function,25
10223f80,function,25
10223fa0,function,25
10223fc0,function,25
10223fe0,function,25
10224000,function,25
10224020,function,25
10224040,function,25
10224060,function,25
10224080,function,25
102240a0,function,25
102240c0,function,25
102240e0,function,25
10224100,function,25
10224120,function,25
10224140,function,25
10224160,function,10
10224170,function,10
10224180,function,25
102241a0,function,25
102241c0,function,25
102241e0,function,10
102241f0,function,11
10224200,function,25
10224220,function,25
10224240,function,25
10224260,function,25
10224280,function,25
102242a0,function,25
102242c0,function,25
102242e0,function,25
10224300,function,10
10224310,function,10
10224320,function,10
10224330,function,10
10224340,function,10
10224350,function,25
10224370,function,10
10224380,function,25
102243a0,function,25
102243c0,function,25
102243e0,function,25
10224400,function,25
10224420,function,25
10224440,function,25
10224460,function,25
10224480,function,25
102244a0,function,25
102244c0,function,25
102244e0,function,25
10224500,function,25
10224520,function,25
10224540,function,25
10224560,function,25
10224580,function,25
102245a0,function,25
102245c0,function,25
102245e0,function,25
10224600,function,25
10224620,function,25
10224640,function,25
10224660,function,25
10224680,function,25
102246a0,function,10
102246b0,function,10
102246c0,function,10
102246d0,function,10
102246e0,function,10
102246f0,function,10
10224700,function,10
10224710,function,10
10224720,function,10
10224730,function,10
10224740,function,10
10224750,function,10
10224760,function,10
10224770,function,25
10224790,function,11
102247a0,function,1
102247b0,function,25
102247d0,function,25
102247f0,function,25
10224810,function,25
10224830,function,25
10224850,function,25
10224870,function,25
10224890,function,25
102248b0,function,25
102248d0,function,10
102248e0,function,10
102248f0,function,10
10224900,function,10
10224910,function,10
10224920,function,10
10224930,function,10
10224940,function,10
10224950,function,55
10224990,function,55
102249d0,function,55
10224a10,function,55
10224a50,function,55
10224a90,function,55
10224ad0,function,55
10224b10,function,55
10224b50,function,10
10224b60,function,10
10224b70,function,10
10224b80,function,10
10224b90,function,10
10224ba0,function,10
10224bb0,function,10
10224bc0,function,10
10224bd0,function,10
10224be0,function,10
10224bf0,function,10
10224c00,function,10
10224c10,function,25
10224c30,function,10
10224c40,function,25
10224c60,function,25
10224c80,function,25
10224ca0,function,25
10224cc0,function,10
10224cd0,function,25
10224cf0,function,25
10224d10,function,25
10224d30,function,25
10224d50,function,25
10224d70,function,10
10224d80,function,10
10224d90,function,10
10224da0,function,11
10224db0,function,11
10224dc0,function,11
10224dd0,function,11
10224de0,function,11
10224df0,function,11
10224e00,function,11
10224e10,function,25
10224e30,function,25
10224e50,function,25
10224e70,function,25
10224e90,function,25
10224eb0,function,25
10224ed0,function,25
10224ef0,function,25
10224f10,function,25
10224f30,function,25
10224f50,function,25
10224f70,function,25
10224f90,function,25
10224fb0,function,25
10224fd0,function,25
10224ff0,function,25
10225010,function,25
10225030,function,25
10225050,function,25
10225070,function,25
10225090,function,25
102250b0,function,25
102250d0,function,25
102250f0,function,25
10225110,function,10
10225120,function,10
10225130,function,10
10225140,function,10
10225150,function,25
10225170,function,25
10225190,function,25
102251b0,function,25
102251d0,function,25
102251f0,function,25
10225210,function,25
10225230,function,25
10225250,function,10
10225260,function,10
10225270,function,10
10225280,function,10
10225290,function,10
102252a0,function,10
102252b0,function,10
102252c0,function,10
102252d0,function,10
102252e0,function,49
10225320,function,49
10225360,function,49
102253a0,function,49
102253e0,function,49
10225420,function,49
10225460,function,49
102254a0,function,49
102254e0,function,49
10225520,function,49
10225560,function,47
10225590,function,25
102255b0,function,49
102255f0,function,55
10225630,function,25
10225650,function,25
10225670,function,25
10225690,function,25
102256b0,function,25
102256d0,function,10
102256e0,function,10
102256f0,function,11
10225700,function,11
10225710,function,32
10225730,function,10
10225740,function,32
10225760,function,32
10225780,function,32
102257a0,function,32
102257c0,function,32
102257e0,function,10
102257f0,function,63
10225830,function,63
10225870,function,63
102258b0,function,63
102258f0,function,10
10225900,function,11
10225910,function,64
10225950,function,20
10225970,function,64
102259b0,function,20
102259d0,function,64
10225a10,function,20
10225a30,function,20
10225a50,function,20
10225a70,function,20
10225a90,function,64
10225ad0,function,64
10225b10,function,64
10225b50,function,64
10225b90,function,64
10225bd0,function,64
10225c10,function,64
10225c50,function,64
10225c90,function,64
10225cd0,function,64
10225d10,function,11
10225d20,function,10
10225d30,function,10
10225d40,function,10
10225d50,function,10
10225d60,function,10
10225d70,function,10
10225d80,function,55
10225dc0,function,55
10225e00,function,55
10225e40,function,11
10225e50,function,25
10225e70,function,25
10225e90,function,25
10225eb0,function,25
10225ed0,function,25
10225ef0,function,25
10225f10,function,25
10225f30,function,10
10225f40,function,10
10225f50,function,10
10225f60,function,10
10225f70,function,10
10225f80,function,10
10225f90,function,11
10225fa0,function,25
10225fc0,function,25
10225fe0,function,25
10226000,function,10
10226010,function,10
10226020,function,10
10226030,function,10
10226040,function,10
10226050,function,10
10226060,function,10
10226070,function,10
10226080,function,10
10226090,function,10
102260a0,function,10
102260b0,function,10
102260c0,function,10
102260d0,function,10
102260e0,function,10
102260f0,function,10
10226100,function,10
10226110,function,10
10226120,function,10
10226130,function,10
10226140,function,25
10226160,function,25
10226180,function,25
102261a0,function,25
102261c0,function,25
102261e0,function,25
10226200,function,25
10226220,function,25
10226240,function,25
10226260,function,25
10226280,function,25
102262a0,function,10
102262b0,function,10
102262c0,function,10
102262d0,function,10
102262e0,function,10
102262f0,function,10
10226300,function,10
10226310,function,10
10226320,function,23
10226340,function,11
10226350,function,10
10226360,function,10
10226370,function,11
10226380,function,11
10226390,function,11
102263a0,function,11
102263b0,function,11
102263c0,function,20
102263e0,function,30
10226400,function,32
10226420,function,23
10226437,function,10
10226441,function,10
1022644b,function,10
10226455,function,11
10226460,function,10
10226470,function,20
10226490,function,32
102264b0,function,1
102264c0,function,29
102264e0,function,29
10226500,function,32
10226520,function,20
10226540,function,63
10226580,function,63
