address,size,symbol,name
0x10001070,0x59,??0Http@RBX@@QAE@ABV?$basic_string@DU?$char_traits@D@std@@V?$allocator@D@2@@std@@@Z,
0x10001100,0x250,?Upload@ErrorUploader@@QAEXV?$basic_string@DU?$char_traits@D@std@@V?$allocator@D@2@@std@@_N@Z,
0x10001df0,0xa1,?GetLogPath@LogManager@@QBE?AV?$CPathT@V?$CStringT@DV?$StrTraitATL@DV?$ChTraitsCRT@D@ATL@@@ATL@@@ATL@@@ATL@@XZ,
0x10001ea0,0x12b,?getLogFileName@MainLogManager@@UAE?AV?$basic_string@DU?$char_traits@D@std@@V?$allocator@D@2@@std@@XZ,
0x10001fd0,0xe6,?getLogFileName@ThreadLogManager@@MAE?AV?$basic_string@DU?$char_traits@D@std@@V?$allocator@D@2@@std@@XZ,
0x100026d0,0x13f,?MoveRelative@@YA?AV?$basic_string@DU?$char_traits@D@std@@V?$allocator@D@2@@std@@PBDV12@@Z,
0x10002840,0x3b6,?archiveCrashLogs@MainLogManager@@QAE?AV?$vector@V?$basic_string@DU?$char_traits@D@std@@V?$allocator@D@2@@std@@V?$allocator@V?$basic_string@DU?$char_traits@D@std@@V?$allocator@D@2@@std@@@2@@std@@XZ,
0x10003100,0xe2,?handleDebugAssert@MainLogManager@@CA_NPBDABV?$basic_string@DU?$char_traits@D@std@@V?$allocator@D@2@@std@@0HAA_N_N@Z,
0x100031f0,0xec,?handleG3DFailure@MainLogManager@@CA_NPBDABV?$basic_string@DU?$char_traits@D@std@@V?$allocator@D@2@@std@@0HAA_N_N@Z,
0x100063d0,0x9a,??1?$BoundFuncDesc@VThumbnailGenerator@@$$A6A?AV?$basic_string@DU?$char_traits@D@std@@V?$allocator@D@2@@std@@V23@0HH@Z$03@Reflection@RBX@@UAE@XZ,
0x10006900,0x22,?joystickName@OSContext@@UAE?AV?$basic_string@DU?$char_traits@D@std@@V?$allocator@D@2@@std@@I@Z,
0x10006af0,0x55e,?clickTexture@ThumbnailGenerator@@QAE?AV?$basic_string@DU?$char_traits@D@std@@V?$allocator@D@2@@std@@V23@0HH@Z,
0x10007170,0x2f4,?click@ThumbnailGenerator@@QAE?AV?$basic_string@DU?$char_traits@D@std@@V?$allocator@D@2@@std@@V23@HH_N@Z,
0x10007470,0x446,?doClick@ThumbnailGenerator@@QAEXV?$basic_string@DU?$char_traits@D@std@@V?$allocator@D@2@@std@@HH_NPAVBinaryOutput@G3D@@@Z,
0x10007a60,0xb7,?create@Creator@?$FactoryProduct@VThumbnailGenerator@@VInstance@RBX@@$1?sThumbnailGenerator@@3QBDB@RBX@@UBE?AV?$shared_ptr@VObject@RBX@@@boost@@XZ,
0x10007ca0,0xbb,?create@Creator@?$FactoryProduct@VModelInstance@RBX@@VPVInstance@2@$1?sModel@2@3PADA@RBX@@UBE?AV?$shared_ptr@VObject@RBX@@@boost@@XZ,
0x100080a0,0xbd,??0?$BoundFuncDesc@VThumbnailGenerator@@$$A6A?AV?$basic_string@DU?$char_traits@D@std@@V?$allocator@D@2@@std@@V23@HH_N@Z$03@Reflection@RBX@@QAE@P8ThumbnailGenerator@@AE?AV?$basic_string@DU?$char_traits@D@std@@V?$allocator@D@2@@std@@V45@HH_N@ZPBD3333W4Security@FunctionDescriptor@12@@Z,
0x10008160,0x1c0,?execute@?$BoundFuncDesc@VThumbnailGenerator@@$$A6A?AV?$basic_string@DU?$char_traits@D@std@@V?$allocator@D@2@@std@@V23@HH_N@Z$03@Reflection@RBX@@UBEXPAVDescribedBase@23@AAVArguments@FunctionDescriptor@23@@Z,
0x10008320,0xbd,??0?$BoundFuncDesc@VThumbnailGenerator@@$$A6A?AV?$basic_string@DU?$char_traits@D@std@@V?$allocator@D@2@@std@@V23@0HH@Z$03@Reflection@RBX@@QAE@P8ThumbnailGenerator@@AE?AV?$basic_string@DU?$char_traits@D@std@@V?$allocator@D@2@@std@@V45@0HH@ZPBD2222W4Security@FunctionDescriptor@12@@Z,
0x100083e0,0x1c0,?execute@?$BoundFuncDesc@VThumbnailGenerator@@$$A6A?AV?$basic_string@DU?$char_traits@D@std@@V?$allocator@D@2@@std@@V23@0HH@Z$03@Reflection@RBX@@UBEXPAVDescribedBase@23@AAVArguments@FunctionDescriptor@23@@Z,
0x100086d0,0x1f,??_E?$BoundFuncDesc@VThumbnailGenerator@@$$A6A?AV?$basic_string@DU?$char_traits@D@std@@V?$allocator@D@2@@std@@V23@0HH@Z$03@Reflection@RBX@@UAEPAXI@Z,
0x10008880,0x9f,?declareSignature@?$BoundFuncDesc@VThumbnailGenerator@@$$A6A?AV?$basic_string@DU?$char_traits@D@std@@V?$allocator@D@2@@std@@V23@HH_N@Z$03@Reflection@RBX@@AAEXPBD000@Z,
0x10008920,0x9f,?declareSignature@?$BoundFuncDesc@VThumbnailGenerator@@$$A6A?AV?$basic_string@DU?$char_traits@D@std@@V?$allocator@D@2@@std@@V23@0HH@Z$03@Reflection@RBX@@AAEXPBD000@Z,
0x10008e70,0x325,??$put@V?$_String_iterator@DU?$char_traits@D@std@@V?$allocator@D@2@@std@@V?$ostreambuf_iterator@DU?$char_traits@D@std@@@2@HUnoline@?$base64@DU?$char_traits@D@std@@@@@?$base64@DU?$char_traits@D@std@@@@QBE?AV?$_String_iterator@DU?$char_traits@D@std@@V?$allocator@D@2@@std@@V12@0V?$ostreambuf_iterator@DU?$char_traits@D@std@@@2@AAHUnoline@0@@Z,
0x10009240,0x178,??$shared_from@VDataModel@RBX@@@RBX@@YA?AV?$shared_ptr@VDataModel@RBX@@@boost@@PAVDataModel@0@@Z,
0x100093c0,0x82,??$create@VThumbnailGenerator@@@?$Creatable@VInstance@RBX@@@RBX@@SA?AV?$shared_ptr@VThumbnailGenerator@@@boost@@XZ,
0x10009570,0x88,??$create@VModelInstance@RBX@@@?$Creatable@VInstance@RBX@@@RBX@@SA?AV?$shared_ptr@VModelInstance@RBX@@@boost@@XZ,
0x10009840,0xcb,??$call@V?$basic_string@DU?$char_traits@D@std@@V?$allocator@D@2@@std@@@?$BoundFuncDesc@VThumbnailGenerator@@$$A6A?AV?$basic_string@DU?$char_traits@D@std@@V?$allocator@D@2@@std@@V23@HH_N@Z$03@Reflection@RBX@@ABEXPAVThumbnailGenerator@@AAVValue@12@1111@Z,
0x10009910,0xe7,??$call@V?$basic_string@DU?$char_traits@D@std@@V?$allocator@D@2@@std@@@?$BoundFuncDesc@VThumbnailGenerator@@$$A6A?AV?$basic_string@DU?$char_traits@D@std@@V?$allocator@D@2@@std@@V23@0HH@Z$03@Reflection@RBX@@ABEXPAVThumbnailGenerator@@AAVValue@12@1111@Z,
0x10009a60,0x8e,?getCreators@?$AbstractFactoryProduct@VInstance@RBX@@@RBX@@KAAAV?$map@PBVName@RBX@@PBVICreator@2@U?$less@PBVName@RBX@@@std@@V?$allocator@U?$pair@QBVName@RBX@@PBVICreator@2@@std@@@5@@std@@XZ,
0x1000b060,0x38,??$?4V?$basic_string@DU?$char_traits@D@std@@V?$allocator@D@2@@std@@@Value@Reflection@RBX@@QAEAAV012@ABV?$basic_string@DU?$char_traits@D@std@@V?$allocator@D@2@@std@@@Z,
0x1000df80,0x23,?GenerateAppError@CWebService@Roblox@@MAEJPAUIWriteStream@ATL@@J@Z,
0x1000fdf0,0xbb,?create@Creator@?$FactoryProduct@VSoundService@Soundscape@RBX@@VInstance@3@$1?sSoundService@23@3PADA@RBX@@UBE?AV?$shared_ptr@VObject@RBX@@@boost@@XZ,
0x1000feb0,0xbb,?create@Creator@?$FactoryProduct@VSoundChannel@Soundscape@RBX@@VInstance@3@$1?sSoundChannel@23@3PADA@RBX@@UBE?AV?$shared_ptr@VObject@RBX@@@boost@@XZ,
0x10019c70,0x86,??$create@VSoundService@Soundscape@RBX@@@?$Creatable@VInstance@RBX@@@RBX@@SA?AV?$shared_ptr@VSoundService@Soundscape@RBX@@@boost@@XZ,
0x10019d00,0x86,??$create@VSoundChannel@Soundscape@RBX@@@?$Creatable@VInstance@RBX@@@RBX@@SA?AV?$shared_ptr@VSoundChannel@Soundscape@RBX@@@boost@@XZ,
0x1001c340,0xc4,??$get@V?$basic_string@DU?$char_traits@D@std@@V?$allocator@D@2@@std@@@Value@Reflection@RBX@@QBE?AV?$basic_string@DU?$char_traits@D@std@@V?$allocator@D@2@@std@@XZ,
0x1001c410,0x12,??$isType@V?$basic_string@DU?$char_traits@D@std@@V?$allocator@D@2@@std@@@Value@Reflection@RBX@@QBE_NXZ,
0x10030c90,0x14,?getViewport@AdornG3D@RBX@@UBE?AVRect2D@G3D@@XZ,
0x10030cd0,0x5b,?rect2d@AdornG3D@RBX@@UBEXABVRect2D@G3D@@ABVColor4@4@@Z,
0x10030d30,0x63,?outlineRect2d@AdornG3D@RBX@@UBEXABVRect2D@G3D@@MABVColor4@4@@Z,
0x10030dd0,0x26,?box@AdornG3D@RBX@@UAEXABVAABox@G3D@@ABVColor4@4@1@Z,
0x10030e00,0x2c,?sphere@AdornG3D@RBX@@UAEXABVSphere@G3D@@ABVColor4@4@1@Z,
0x10030e30,0x7,?explosion@AdornG3D@RBX@@UAEXABVSphere@G3D@@ABVColor4@4@1@Z,
0x10030e80,0x21,?ray@AdornG3D@RBX@@UAEXABVRay@G3D@@ABVColor4@4@M@Z,
0x10030eb0,0x21,?lineSegment@AdornG3D@RBX@@UAEXABVLineSegment@G3D@@ABVColor4@4@M@Z,
0x10030fd0,0x6f,??0TextureProxy@Render@RBX@@QAE@AAVTextureManager@G3D@@ABV?$basic_string@DU?$char_traits@D@std@@V?$allocator@D@2@@std@@_N@Z,
0x10031130,0x122,?getTextureSize@AdornG3D@RBX@@UBE?AVRect2D@G3D@@V?$ReferenceCountedPointer@VTextureProxyBase@RBX@@@4@@Z,
0x10031300,0x98,?get2DStringBounds@AdornG3D@RBX@@UBE?AVVector2@G3D@@ABV?$basic_string@DU?$char_traits@D@std@@V?$allocator@D@2@@std@@NW4Spacing@Adorn@2@@Z,
0x100313a0,0xb8,?drawFont2D@AdornG3D@RBX@@UBE?AVVector2@G3D@@ABV?$basic_string@DU?$char_traits@D@std@@V?$allocator@D@2@@std@@ABV34@NABVColor4@4@2W4XAlign@Adorn@2@W4YAlign@92@W4Spacing@92@@Z,
0x10031460,0x7f,?createTextureProxy@AdornG3D@RBX@@UAE?AV?$ReferenceCountedPointer@VTextureProxyBase@RBX@@@G3D@@ABV?$basic_string@DU?$char_traits@D@std@@V?$allocator@D@2@@std@@@Z,
0x100316a0,0x11e,?rawBox@DrawPrimitives@RBX@@SAXABVAABox@G3D@@PAVRenderDevice@4@@Z,
0x100317c0,0x16f,?outlineRect2d@DrawPrimitives@RBX@@SAXABVRect@2@MPAVRenderDevice@G3D@@ABVColor4@5@@Z,
0x10031a60,0x82,?rect2d@DrawPrimitives@RBX@@SAXABVRect@2@PAVRenderDevice@G3D@@ABVColor4@5@@Z,
0x10031af0,0x14f,?getFont@Fonts@RBX@@SA?AV?$ReferenceCountedPointer@VGFont@G3D@@@G3D@@XZ,
0x10032730,0x14e,?threadProc@worker_thread@RBX@@CAXV?$shared_ptr@Udata@worker_thread@RBX@@@boost@@ABV?$function0@W4work_result@worker_thread@RBX@@V?$allocator@Vfunction_base@boost@@@std@@@4@@Z,
0x10034080,0xe1,?run_in_background@RBX@@YAXABV?$function0@XV?$allocator@Vfunction_base@boost@@@std@@@boost@@V?$basic_string@DU?$char_traits@D@std@@V?$allocator@D@2@@std@@@Z,
0x10034440,0xb8,?background_function@RBX@@YA?AV?$function0@XV?$allocator@Vfunction_base@boost@@@std@@@boost@@ABV23@PBD@Z,
0x10034500,0x174,??0worker_thread@RBX@@QAE@ABV?$function0@W4work_result@worker_thread@RBX@@V?$allocator@Vfunction_base@boost@@@std@@@boost@@PBD@Z,
0x1003d2c0,0x51,?post@Http@RBX@@QAEXAAV?$basic_istream@DU?$char_traits@D@std@@@std@@_NAAV?$basic_string@DU?$char_traits@D@std@@V?$allocator@D@2@@4@@Z,
0x1003d320,0xee,?get@Http@RBX@@QAEXAAV?$basic_string@DU?$char_traits@D@std@@V?$allocator@D@2@@std@@@Z,
0x1003e280,0x3e6,?getUserAppDataDirectory@FileSystem@RBX@@SA?AV?$basic_string@DU?$char_traits@D@std@@V?$allocator@D@2@@std@@_NPBD@Z,
0x1003e670,0x223,?getCacheDirectory@FileSystem@RBX@@SA?AV?$basic_string@DU?$char_traits@D@std@@V?$allocator@D@2@@std@@_N@Z,
0x1003e8b0,0x7c,?setValue@XmlNameValuePair@@QAEXV?$basic_string@DU?$char_traits@D@std@@V?$allocator@D@2@@std@@@Z,
0x1003ea40,0x29,?getStringValue@PropertyDescriptor@Reflection@RBX@@UBE?AV?$basic_string@DU?$char_traits@D@std@@V?$allocator@D@2@@std@@PBVDescribedBase@23@@Z,
0x1003ea80,0xc,?setStringValue@?$SurfaceDescriptor@$00@RBX@@UBE_NPAVDescribedBase@Reflection@2@ABV?$basic_string@DU?$char_traits@D@std@@V?$allocator@D@2@@std@@@Z,
0x1003f040,0x64,??$singleton@V?$shared_ptr@$$CBV?$vector@V?$shared_ptr@VInstance@RBX@@@boost@@V?$allocator@V?$shared_ptr@VInstance@RBX@@@boost@@@std@@@std@@@boost@@@Type@Reflection@RBX@@SAABV012@XZ,
0x1003f4a0,0x90,??$convert@V?$shared_ptr@$$CBV?$vector@V?$shared_ptr@VInstance@RBX@@@boost@@V?$allocator@V?$shared_ptr@VInstance@RBX@@@boost@@@std@@@std@@@boost@@@Value@Reflection@RBX@@QAEAAV?$shared_ptr@$$CBV?$vector@V?$shared_ptr@VInstance@RBX@@@boost@@V?$allocator@V?$shared_ptr@VInstance@RBX@@@boost@@@std@@@std@@@boost@@XZ,
0x1003f530,0x90,??$convert@V?$vector@VValue@Reflection@RBX@@V?$allocator@VValue@Reflection@RBX@@@std@@@std@@@Value@Reflection@RBX@@QAEAAV?$vector@VValue@Reflection@RBX@@V?$allocator@VValue@Reflection@RBX@@@std@@@std@@XZ,
0x1003f630,0x12,??$isType@VVector3@G3D@@@Value@Reflection@RBX@@QBE_NXZ,
0x10040010,0x11f,??$genericConvert@VVector3@G3D@@@Value@Reflection@RBX@@AAEAAVVector3@G3D@@XZ,
0x10040410,0x20,?getStringValue@?$TypedPropertyDescriptor@V?$basic_string@DU?$char_traits@D@std@@V?$allocator@D@2@@std@@@Reflection@RBX@@UBE?AV?$basic_string@DU?$char_traits@D@std@@V?$allocator@D@2@@std@@PBVDescribedBase@23@@Z,
0x10040430,0x19,?setStringValue@?$TypedPropertyDescriptor@V?$basic_string@DU?$char_traits@D@std@@V?$allocator@D@2@@std@@@Reflection@RBX@@UBE_NPAVDescribedBase@23@ABV?$basic_string@DU?$char_traits@D@std@@V?$allocator@D@2@@std@@@Z,
0x10040450,0x36,?getStringValue@?$TypedPropertyDescriptor@_N@Reflection@RBX@@UBE?AV?$basic_string@DU?$char_traits@D@std@@V?$allocator@D@2@@std@@PBVDescribedBase@23@@Z,
0x10040490,0x39,?setStringValue@?$TypedPropertyDescriptor@_N@Reflection@RBX@@UBE_NPAVDescribedBase@23@ABV?$basic_string@DU?$char_traits@D@std@@V?$allocator@D@2@@std@@@Z,
0x100404d0,0x36,?getStringValue@?$TypedPropertyDescriptor@M@Reflection@RBX@@UBE?AV?$basic_string@DU?$char_traits@D@std@@V?$allocator@D@2@@std@@PBVDescribedBase@23@@Z,
0x10040510,0x39,?setStringValue@?$TypedPropertyDescriptor@M@Reflection@RBX@@UBE_NPAVDescribedBase@23@ABV?$basic_string@DU?$char_traits@D@std@@V?$allocator@D@2@@std@@@Z,
0x10040550,0x39,?getStringValue@?$TypedPropertyDescriptor@N@Reflection@RBX@@UBE?AV?$basic_string@DU?$char_traits@D@std@@V?$allocator@D@2@@std@@PBVDescribedBase@23@@Z,
0x10040590,0x42,?setStringValue@?$TypedPropertyDescriptor@N@Reflection@RBX@@UBE_NPAVDescribedBase@23@ABV?$basic_string@DU?$char_traits@D@std@@V?$allocator@D@2@@std@@@Z,
0x100405e0,0x36,?getStringValue@?$TypedPropertyDescriptor@H@Reflection@RBX@@UBE?AV?$basic_string@DU?$char_traits@D@std@@V?$allocator@D@2@@std@@PBVDescribedBase@23@@Z,
0x10040620,0x39,?setStringValue@?$TypedPropertyDescriptor@H@Reflection@RBX@@UBE_NPAVDescribedBase@23@ABV?$basic_string@DU?$char_traits@D@std@@V?$allocator@D@2@@std@@@Z,
0x10040660,0x3b,?getStringValue@?$TypedPropertyDescriptor@VVector3@G3D@@@Reflection@RBX@@UBE?AV?$basic_string@DU?$char_traits@D@std@@V?$allocator@D@2@@std@@PBVDescribedBase@23@@Z,
0x100406a0,0x50,?setStringValue@?$TypedPropertyDescriptor@VVector3@G3D@@@Reflection@RBX@@UBE_NPAVDescribedBase@23@ABV?$basic_string@DU?$char_traits@D@std@@V?$allocator@D@2@@std@@@Z,
0x100406f0,0x87,?readValue@?$TypedPropertyDescriptor@V?$basic_string@DU?$char_traits@D@std@@V?$allocator@D@2@@std@@@Reflection@RBX@@EBEXPAVDescribedBase@23@PBVXmlElement@@AAVIReferenceBinder@3@@Z,
0x10040780,0x25,?writeValue@?$TypedPropertyDescriptor@V?$basic_string@DU?$char_traits@D@std@@V?$allocator@D@2@@std@@@Reflection@RBX@@EBEXPBVDescribedBase@23@PAVXmlElement@@@Z,
0x100409a0,0xa2,?readValue@?$TypedPropertyDescriptor@VVector3@G3D@@@Reflection@RBX@@EBEXPAVDescribedBase@23@PBVXmlElement@@AAVIReferenceBinder@3@@Z,
0x10040a50,0x153,?writeValue@?$TypedPropertyDescriptor@VVector3@G3D@@@Reflection@RBX@@EBEXPBVDescribedBase@23@PAVXmlElement@@@Z,
0x10041070,0x5,??$convert@VVector3@G3D@@@Value@Reflection@RBX@@QAEAAVVector3@G3D@@XZ,
0x10041140,0x2ea,??$convert@V?$basic_string@DU?$char_traits@D@std@@V?$allocator@D@2@@std@@@Value@Reflection@RBX@@QAEAAV?$basic_string@DU?$char_traits@D@std@@V?$allocator@D@2@@std@@XZ,
0x10041430,0x3b,?getStringValue@?$TypedPropertyDescriptor@VColor3@G3D@@@Reflection@RBX@@UBE?AV?$basic_string@DU?$char_traits@D@std@@V?$allocator@D@2@@std@@PBVDescribedBase@23@@Z,
0x100414c0,0xe5,?readValue@?$TypedPropertyDescriptor@VColor3@G3D@@@Reflection@RBX@@EBEXPAVDescribedBase@23@PBVXmlElement@@AAVIReferenceBinder@3@@Z,
0x100415b0,0x66,?writeValue@?$TypedPropertyDescriptor@VColor3@G3D@@@Reflection@RBX@@EBEXPBVDescribedBase@23@PAVXmlElement@@@Z,
0x100417d0,0x71,?getStringValue@?$TypedPropertyDescriptor@VContentId@RBX@@@Reflection@RBX@@UBE?AV?$basic_string@DU?$char_traits@D@std@@V?$allocator@D@2@@std@@PBVDescribedBase@23@@Z,
0x10041850,0x1f5,??$convert@V?$shared_ptr@VInstance@RBX@@@boost@@@Value@Reflection@RBX@@QAEAAV?$shared_ptr@VInstance@RBX@@@boost@@XZ,
0x10042590,0x21,?getLightColor@Lighting@RBX@@QBE?AVColor3@G3D@@XZ,
0x100425c0,0x21,?getAmbientTop@Lighting@RBX@@QBE?AVColor3@G3D@@XZ,
0x100425f0,0x21,?getAmbientBottom@Lighting@RBX@@QBE?AVColor3@G3D@@XZ,
0x10042640,0x21,?getClearColor3@Lighting@RBX@@QBE?AVColor3@G3D@@XZ,
0x10042670,0x2e,?getMoonPosition@Lighting@RBX@@QAE?AVVector3@G3D@@XZ,
0x100426a0,0x2e,?getSunPosition@Lighting@RBX@@QAE?AVVector3@G3D@@XZ,
0x10042e00,0x3e,?getValue@?$GetSetImpl@P8Lighting@RBX@@BE?AVColor3@G3D@@XZP812@AEXV34@@Z@?$PropDescriptor@VLighting@RBX@@VColor3@G3D@@@Reflection@RBX@@UBE?AVColor3@G3D@@PBVDescribedBase@34@@Z,
0x10042e40,0x39,?setValue@?$GetSetImpl@P8Lighting@RBX@@BE?AVColor3@G3D@@XZP812@AEXV34@@Z@?$PropDescriptor@VLighting@RBX@@VColor3@G3D@@@Reflection@RBX@@UBEXPAVDescribedBase@34@ABVColor3@G3D@@@Z,
0x10042e80,0x80,?getValue@?$GetImpl@P8DebugSettings@RBX@@BE?AV?$basic_string@DU?$char_traits@D@std@@V?$allocator@D@2@@std@@XZ@?$PropDescriptor@VDebugSettings@RBX@@V?$basic_string@DU?$char_traits@D@std@@V?$allocator@D@2@@std@@@Reflection@RBX@@UBE?AV?$basic_string@DU?$char_traits@D@std@@V?$allocator@D@2@@std@@PBVDescribedBase@34@@Z,
0x10043670,0x5b,??$getset@P8Lighting@RBX@@BE?AVColor3@G3D@@XZP812@AEXV34@@Z@?$PropDescriptor@VLighting@RBX@@VColor3@G3D@@@Reflection@RBX@@SA?AV?$auto_ptr@VGetSet@?$TypedPropertyDescriptor@VColor3@G3D@@@Reflection@RBX@@@std@@P8Lighting@2@BE?AVColor3@G3D@@XZP852@AEXV67@@Z@Z,
0x100436d0,0x5b,??$getset@P8Lighting@RBX@@BE?AV?$basic_string@DU?$char_traits@D@std@@V?$allocator@D@2@@std@@XZP812@AEXABV34@@Z@?$PropDescriptor@VLighting@RBX@@V?$basic_string@DU?$char_traits@D@std@@V?$allocator@D@2@@std@@@Reflection@RBX@@SA?AV?$auto_ptr@VGetSet@?$TypedPropertyDescriptor@V?$basic_string@DU?$char_traits@D@std@@V?$allocator@D@2@@std@@@Reflection@RBX@@@std@@P8Lighting@2@BE?AV?$basic_string@DU?$char_traits@D@std@@V?$allocator@D@2@@4@XZP852@AEXABV64@@Z@Z,
0x10043730,0x5b,??$getset@P8Lighting@RBX@@BEMXZP812@AEXM@Z@?$PropDescriptor@VLighting@RBX@@M@Reflection@RBX@@SA?AV?$auto_ptr@VGetSet@?$TypedPropertyDescriptor@M@Reflection@RBX@@@std@@P8Lighting@2@BEMXZP852@AEXM@Z@Z,
0x10044080,0x38,?getTimeStr@Lighting@RBX@@QBE?AV?$basic_string@DU?$char_traits@D@std@@V?$allocator@D@2@@std@@XZ,
0x10045340,0x78,??$create@VSky@RBX@@@?$Creatable@VInstance@RBX@@@RBX@@SA?AV?$shared_ptr@VSky@RBX@@@boost@@XZ,
0x100453c0,0xaf,?create@Creator@?$FactoryProduct@VSky@RBX@@VInstance@2@$1?sSky@2@3PADA@RBX@@UBE?AV?$shared_ptr@VObject@RBX@@@boost@@XZ,
0x10045640,0x9e,??$?0P8Lighting@RBX@@BE?AVColor3@G3D@@XZP801@AEXV23@@Z@?$PropDescriptor@VLighting@RBX@@VColor3@G3D@@@Reflection@RBX@@QAE@PBD0P8Lighting@2@BE?AVColor3@G3D@@XZP832@AEXV45@@ZW4Functionality@PropertyDescriptor@12@@Z,
0x100456e0,0x9e,??$?0P8Lighting@RBX@@BE?AV?$basic_string@DU?$char_traits@D@std@@V?$allocator@D@2@@std@@XZP801@AEXABV23@@Z@?$PropDescriptor@VLighting@RBX@@V?$basic_string@DU?$char_traits@D@std@@V?$allocator@D@2@@std@@@Reflection@RBX@@QAE@PBD0P8Lighting@2@BE?AV?$basic_string@DU?$char_traits@D@std@@V?$allocator@D@2@@std@@XZP832@AEXABV45@@ZW4Functionality@PropertyDescriptor@12@@Z,
0x10045d10,0x6c,??0?$BoundFuncDesc@VLighting@RBX@@$$A6A?AVVector3@G3D@@XZ$0A@@Reflection@RBX@@QAE@P8Lighting@2@AE?AVVector3@G3D@@XZPBDW4Security@FunctionDescriptor@12@@Z,
0x10045d80,0x4f,??$?4VVector3@G3D@@@Value@Reflection@RBX@@QAEAAV012@ABVVector3@G3D@@@Z,
0x10045dd0,0x66,?execute@?$BoundFuncDesc@VLighting@RBX@@$$A6A?AVVector3@G3D@@XZ$0A@@Reflection@RBX@@UBEXPAVDescribedBase@23@AAVArguments@FunctionDescriptor@23@@Z,
0x10047270,0x2b,?setTimeStr@Lighting@RBX@@QAEXABV?$basic_string@DU?$char_traits@D@std@@V?$allocator@D@2@@std@@@Z,
0x10047350,0xdb,?connectGeneric@?$SignalDescImpl@$00$$A6AX_N@Z@Reflection@RBX@@MBE?AVconnection@signals@boost@@PAVSignalInstance@23@PAVGenericSlotWrapper@23@W4connect_position@56@@Z,
0x10047ab0,0x2c,?getClassNameStr@Instance@RBX@@QBE?AV?$basic_string@DU?$char_traits@D@std@@V?$allocator@D@2@@std@@XZ,
0x10047ae0,0x7,?getName@Instance@RBX@@QBEABV?$basic_string@DU?$char_traits@D@std@@V?$allocator@D@2@@std@@XZ,
0x10047b70,0x55,?declareSignature@?$BoundFuncDesc@VInstance@RBX@@$$A6A?AV?$shared_ptr@VInstance@RBX@@@boost@@V?$basic_string@DU?$char_traits@D@std@@V?$allocator@D@2@@std@@_N@Z$01@Reflection@RBX@@AAEXPBD0@Z,
0x100480e0,0x38,?getValue@?$GetSetImpl@P8Instance@RBX@@BEABV?$basic_string@DU?$char_traits@D@std@@V?$allocator@D@2@@std@@XZP812@AEXABV34@@Z@?$PropDescriptor@VInstance@RBX@@V?$basic_string@DU?$char_traits@D@std@@V?$allocator@D@2@@std@@@Reflection@RBX@@UBE?AV?$basic_string@DU?$char_traits@D@std@@V?$allocator@D@2@@std@@PBVDescribedBase@34@@Z,
0x100483f0,0x9c,?findFirstChildByName@Instance@RBX@@QBEPAV12@ABV?$basic_string@DU?$char_traits@D@std@@V?$allocator@D@2@@std@@@Z,
0x10048c40,0x4d,??$getset@P8Instance@RBX@@BE?AV?$basic_string@DU?$char_traits@D@std@@V?$allocator@D@2@@std@@XZH@?$PropDescriptor@VInstance@RBX@@V?$basic_string@DU?$char_traits@D@std@@V?$allocator@D@2@@std@@@Reflection@RBX@@SA?AV?$auto_ptr@VGetSet@?$TypedPropertyDescriptor@V?$basic_string@DU?$char_traits@D@std@@V?$allocator@D@2@@std@@@Reflection@RBX@@@std@@P8Instance@2@BE?AV?$basic_string@DU?$char_traits@D@std@@V?$allocator@D@2@@4@XZH@Z,
0x10048c90,0x5b,??$getset@P8Instance@RBX@@BEABV?$basic_string@DU?$char_traits@D@std@@V?$allocator@D@2@@std@@XZP812@AEXABV34@@Z@?$PropDescriptor@VInstance@RBX@@V?$basic_string@DU?$char_traits@D@std@@V?$allocator@D@2@@std@@@Reflection@RBX@@SA?AV?$auto_ptr@VGetSet@?$TypedPropertyDescriptor@V?$basic_string@DU?$char_traits@D@std@@V?$allocator@D@2@@std@@@Reflection@RBX@@@std@@P8Instance@2@BEABV?$basic_string@DU?$char_traits@D@std@@V?$allocator@D@2@@4@XZP852@AEXABV64@@Z@Z,
0x10048cf0,0x5b,??$getset@P8Instance@RBX@@BEPAV12@XZP812@AEXPAV12@@Z@?$PropDescriptor@VInstance@RBX@@PAV12@@Reflection@RBX@@SA?AV?$auto_ptr@VGetSet@?$TypedPropertyDescriptor@PAVInstance@RBX@@@Reflection@RBX@@@std@@P8Instance@2@BEPAV52@XZP852@AEXPAV52@@Z@Z,
0x10048f00,0x21,?getChildren2@Instance@RBX@@QAE?AV?$shared_ptr@$$CBV?$vector@V?$shared_ptr@VInstance@RBX@@@boost@@V?$allocator@V?$shared_ptr@VInstance@RBX@@@boost@@@std@@@std@@@boost@@XZ,
0x10048f30,0x72,?findFirstChildByNameRecursive@Instance@RBX@@QBEPAV12@ABV?$basic_string@DU?$char_traits@D@std@@V?$allocator@D@2@@std@@@Z,
0x100490d0,0x11c,?signalDescendentRemoving@Instance@RBX@@CAXABV?$shared_ptr@VInstance@RBX@@@boost@@PAV12@1@Z,
0x10049560,0x42,?reset@?$CopyOnWrite@V?$vector@V?$shared_ptr@VInstance@RBX@@@boost@@V?$allocator@V?$shared_ptr@VInstance@RBX@@@boost@@@std@@@std@@@RBX@@QAEXXZ,
0x100495f0,0xce,?findDescriptor@?$MemberDescriptorContainer@VFunctionDescriptor@Reflection@RBX@@@Reflection@RBX@@QBE?AV?$_Vector_const_iterator@PAVFunctionDescriptor@Reflection@RBX@@V?$allocator@PAVFunctionDescriptor@Reflection@RBX@@@std@@@std@@ABVName@3@@Z,
0x10049b30,0x141,?findFirstChildByName2@Instance@RBX@@QAE?AV?$shared_ptr@VInstance@RBX@@@boost@@V?$basic_string@DU?$char_traits@D@std@@V?$allocator@D@2@@std@@_N@Z,
0x1004a9c0,0x13c,?fromXmlRoot@Instance@RBX@@SA?AV?$shared_ptr@VInstance@RBX@@@boost@@PAVXmlElement@@@Z,
0x1004ab00,0x95,?clone@Instance@RBX@@QAE?AV?$shared_ptr@VInstance@RBX@@@boost@@XZ,
0x1004b760,0x99,??$?0P8Instance@RBX@@BE?AV?$basic_string@DU?$char_traits@D@std@@V?$allocator@D@2@@std@@XZH@?$PropDescriptor@VInstance@RBX@@V?$basic_string@DU?$char_traits@D@std@@V?$allocator@D@2@@std@@@Reflection@RBX@@QAE@PBD0P8Instance@2@BE?AV?$basic_string@DU?$char_traits@D@std@@V?$allocator@D@2@@std@@XZHW4Functionality@PropertyDescriptor@12@@Z,
0x1004b800,0x9e,??$?0P8Instance@RBX@@BEABV?$basic_string@DU?$char_traits@D@std@@V?$allocator@D@2@@std@@XZP801@AEXABV23@@Z@?$PropDescriptor@VInstance@RBX@@V?$basic_string@DU?$char_traits@D@std@@V?$allocator@D@2@@std@@@Reflection@RBX@@QAE@PBD0P8Instance@2@BEABV?$basic_string@DU?$char_traits@D@std@@V?$allocator@D@2@@std@@XZP832@AEXABV45@@ZW4Functionality@PropertyDescriptor@12@@Z,
0x1004bf20,0x111,?create@?$AbstractFactoryProduct@VInstance@RBX@@@RBX@@SA?AV?$shared_ptr@VInstance@RBX@@@boost@@ABVName@2@@Z,
0x1004c270,0xb1,??0?$BoundFuncDesc@VInstance@RBX@@$$A6A?AV?$shared_ptr@VInstance@RBX@@@boost@@V?$basic_string@DU?$char_traits@D@std@@V?$allocator@D@2@@std@@_N@Z$01@Reflection@RBX@@QAE@P8Instance@2@AE?AV?$shared_ptr@VInstance@RBX@@@boost@@V?$basic_string@DU?$char_traits@D@std@@V?$allocator@D@2@@std@@_N@ZPBD331W4Security@FunctionDescriptor@12@@Z,
0x1004c330,0xbe,??$call@V?$shared_ptr@VInstance@RBX@@@boost@@@?$BoundFuncDesc@VInstance@RBX@@$$A6A?AV?$shared_ptr@VInstance@RBX@@@boost@@V?$basic_string@DU?$char_traits@D@std@@V?$allocator@D@2@@std@@_N@Z$01@Reflection@RBX@@ABEXPAVInstance@2@AAVValue@12@11@Z,
0x1004c3f0,0x11a,?execute@?$BoundFuncDesc@VInstance@RBX@@$$A6A?AV?$shared_ptr@VInstance@RBX@@@boost@@V?$basic_string@DU?$char_traits@D@std@@V?$allocator@D@2@@std@@_N@Z$01@Reflection@RBX@@UBEXPAVDescribedBase@23@AAVArguments@FunctionDescriptor@23@@Z,
0x1004c510,0x6c,??0?$BoundFuncDesc@VInstance@RBX@@$$A6A?AV?$shared_ptr@VInstance@RBX@@@boost@@XZ$0A@@Reflection@RBX@@QAE@P8Instance@2@AE?AV?$shared_ptr@VInstance@RBX@@@boost@@XZPBDW4Security@FunctionDescriptor@12@@Z,
0x1004c580,0x98,??$call@V?$shared_ptr@VInstance@RBX@@@boost@@@?$BoundFuncDesc@VInstance@RBX@@$$A6A?AV?$shared_ptr@VInstance@RBX@@@boost@@XZ$0A@@Reflection@RBX@@ABEXPAVInstance@2@AAVValue@12@@Z,
0x1004c620,0x5a,?execute@?$BoundFuncDesc@VInstance@RBX@@$$A6A?AV?$shared_ptr@VInstance@RBX@@@boost@@XZ$0A@@Reflection@RBX@@UBEXPAVDescribedBase@23@AAVArguments@FunctionDescriptor@23@@Z,
0x1004c750,0x6c,??0?$BoundFuncDesc@VInstance@RBX@@$$A6A?AV?$shared_ptr@$$CBV?$vector@V?$shared_ptr@VInstance@RBX@@@boost@@V?$allocator@V?$shared_ptr@VInstance@RBX@@@boost@@@std@@@std@@@boost@@XZ$0A@@Reflection@RBX@@QAE@P8Instance@2@AE?AV?$shared_ptr@$$CBV?$vector@V?$shared_ptr@VInstance@RBX@@@boost@@V?$allocator@V?$shared_ptr@VInstance@RBX@@@boost@@@std@@@std@@@boost@@XZPBDW4Security@FunctionDescriptor@12@@Z,
0x1004c860,0x98,??$call@V?$shared_ptr@$$CBV?$vector@V?$shared_ptr@VInstance@RBX@@@boost@@V?$allocator@V?$shared_ptr@VInstance@RBX@@@boost@@@std@@@std@@@boost@@@?$BoundFuncDesc@VInstance@RBX@@$$A6A?AV?$shared_ptr@$$CBV?$vector@V?$shared_ptr@VInstance@RBX@@@boost@@V?$allocator@V?$shared_ptr@VInstance@RBX@@@boost@@@std@@@std@@@boost@@XZ$0A@@Reflection@RBX@@ABEXPAVInstance@2@AAVValue@12@@Z,
0x1004c900,0x5a,?execute@?$BoundFuncDesc@VInstance@RBX@@$$A6A?AV?$shared_ptr@$$CBV?$vector@V?$shared_ptr@VInstance@RBX@@@boost@@V?$allocator@V?$shared_ptr@VInstance@RBX@@@boost@@@std@@@std@@@boost@@XZ$0A@@Reflection@RBX@@UBEXPAVDescribedBase@23@AAVArguments@FunctionDescriptor@23@@Z,
0x1004ce30,0x195,?write@?$CopyOnWrite@V?$vector@V?$shared_ptr@VInstance@RBX@@@boost@@V?$allocator@V?$shared_ptr@VInstance@RBX@@@boost@@@std@@@std@@@RBX@@QAEAAV?$shared_ptr@V?$vector@V?$shared_ptr@VInstance@RBX@@@boost@@V?$allocator@V?$shared_ptr@VInstance@RBX@@@boost@@@std@@@std@@@boost@@XZ,
0x1004edd0,0xdb,?connectGeneric@?$SignalDescImpl@$00$$A6AXV?$shared_ptr@VInstance@RBX@@@boost@@@Z@Reflection@RBX@@MBE?AVconnection@signals@boost@@PAVSignalInstance@23@PAVGenericSlotWrapper@23@W4connect_position@56@@Z,
0x1004eeb0,0xdb,?connectGeneric@?$SignalDescImpl@$00$$A6AXPBVPropertyDescriptor@Reflection@RBX@@@Z@Reflection@RBX@@MBE?AVconnection@signals@boost@@PAVSignalInstance@23@PAVGenericSlotWrapper@23@W4connect_position@56@@Z,
0x1004f2a0,0x36,?isHttpUrl@ContentProvider@RBX@@SA_NABV?$basic_string@DU?$char_traits@D@std@@V?$allocator@D@2@@std@@@Z,
0x1004f2e0,0x21,?assetFolder@ContentProvider@RBX@@QBE?AV?$basic_string@DU?$char_traits@D@std@@V?$allocator@D@2@@std@@XZ,
0x1004f340,0xa7,?fromAssets@ContentId@RBX@@SA?AV12@ABV?$basic_string@DU?$char_traits@D@std@@V?$allocator@D@2@@std@@@Z,
0x1004f3f0,0xd7,?convertToLegacyHash@MD5Hasher@RBX@@SA?AV?$basic_string@DU?$char_traits@D@std@@V?$allocator@D@2@@std@@V34@@Z,
0x1004fb50,0x2a,?toString@MD5HasherImpl@RBX@@UAE?AV?$basic_string@DU?$char_traits@D@std@@V?$allocator@D@2@@std@@XZ,
0x1004fb80,0xb9,?addData@MD5HasherImpl@RBX@@UAEXABV?$basic_string@DU?$char_traits@D@std@@V?$allocator@D@2@@std@@@Z,
0x10051f30,0x1f7,?registerContent@ContentProvider@RBX@@QAE?AVContentId@2@AAV?$basic_istream@DU?$char_traits@D@std@@@std@@ABVName@2@@Z,
0x10052130,0x108,?findHashFile@ContentProvider@RBX@@AAE?AV?$basic_string@DU?$char_traits@D@std@@V?$allocator@D@2@@std@@VContentId@2@@Z,
0x100528d0,0xe3,?findFile@ContentProvider@RBX@@AAE?AV?$basic_string@DU?$char_traits@D@std@@V?$allocator@D@2@@std@@VContentId@2@@Z,
0x100529c0,0xfa,?findAsset@ContentProvider@RBX@@AAE?AV?$basic_string@DU?$char_traits@D@std@@V?$allocator@D@2@@std@@VContentId@2@@Z,
0x10053500,0xed,?getFile@ContentProvider@RBX@@QAE?AV?$basic_string@DU?$char_traits@D@std@@V?$allocator@D@2@@std@@VContentId@2@@Z,
0x10053900,0x38,?getAssetFile@ContentProvider@RBX@@QAE?AV?$basic_string@DU?$char_traits@D@std@@V?$allocator@D@2@@std@@ABV34@@Z,
0x100539c0,0xb6,?requestContentFile@ContentProvider@RBX@@QAE_NVContentId@2@AAV?$basic_string@DU?$char_traits@D@std@@V?$allocator@D@2@@std@@@Z,
0x10053a80,0x1da,?requestContentString@ContentProvider@RBX@@QAE?AV?$shared_ptr@$$CBV?$basic_string@DU?$char_traits@D@std@@V?$allocator@D@2@@std@@@boost@@VContentId@2@@Z,
0x10053ce0,0x19a,?readContent@ContentProvider@RBX@@QAE?AVContentId@2@PBDAAV?$basic_istream@DU?$char_traits@D@std@@@std@@K@Z,
0x10053f00,0x13e,?load@ContentProvider@RBX@@QAEXVContentId@2@AAV?$vector@V?$shared_ptr@VInstance@RBX@@@boost@@V?$allocator@V?$shared_ptr@VInstance@RBX@@@boost@@@std@@@std@@@Z,
0x10057cb0,0xdb,?connectGeneric@?$SignalDescImpl@$01$$A6AXMM@Z@Reflection@RBX@@MBE?AVconnection@signals@boost@@PAVSignalInstance@23@PAVGenericSlotWrapper@23@W4connect_position@56@@Z,
0x10057d90,0xdb,?connectGeneric@?$SignalDescImpl@$00$$A6AXM@Z@Reflection@RBX@@MBE?AVconnection@signals@boost@@PAVSignalInstance@23@PAVGenericSlotWrapper@23@W4connect_position@56@@Z,
0x100591a0,0xc5,?findServiceByClassNameString@ServiceProvider@RBX@@AAE?AV?$shared_ptr@VInstance@RBX@@@boost@@V?$basic_string@DU?$char_traits@D@std@@V?$allocator@D@2@@std@@@Z,
0x10059270,0xa1,?findServiceByClassName@ServiceProvider@RBX@@ABE?AV?$shared_ptr@VInstance@RBX@@@boost@@ABVName@2@@Z,
0x10059750,0xbf,?createChild@ServiceProvider@RBX@@MAE?AV?$shared_ptr@VInstance@RBX@@@boost@@ABVName@2@@Z,
0x10059810,0x9f,??0?$BoundFuncDesc@VServiceProvider@RBX@@$$A6A?AV?$shared_ptr@VInstance@RBX@@@boost@@V?$basic_string@DU?$char_traits@D@std@@V?$allocator@D@2@@std@@@Z$00@Reflection@RBX@@QAE@P8ServiceProvider@2@AE?AV?$shared_ptr@VInstance@RBX@@@boost@@V?$basic_string@DU?$char_traits@D@std@@V?$allocator@D@2@@std@@@ZPBD2W4Security@FunctionDescriptor@12@@Z,
0x100598b0,0xb1,??$call@V?$shared_ptr@VInstance@RBX@@@boost@@@?$BoundFuncDesc@VServiceProvider@RBX@@$$A6A?AV?$shared_ptr@VInstance@RBX@@@boost@@V?$basic_string@DU?$char_traits@D@std@@V?$allocator@D@2@@std@@@Z$00@Reflection@RBX@@ABEXPAVServiceProvider@2@AAVValue@12@1@Z,
0x10059970,0xce,?execute@?$BoundFuncDesc@VServiceProvider@RBX@@$$A6A?AV?$shared_ptr@VInstance@RBX@@@boost@@V?$basic_string@DU?$char_traits@D@std@@V?$allocator@D@2@@std@@@Z$00@Reflection@RBX@@UBEXPAVDescribedBase@23@AAVArguments@FunctionDescriptor@23@@Z,
0x10059bd0,0x7,?getModelInPrimary@ModelInstance@RBX@@QBEABVCoordinateFrame@G3D@@XZ,
0x1005a120,0x79,??0Part@RBX@@QAE@W4PartType@01@ABVVector3@G3D@@VColor4@4@ABVCoordinateFrame@4@@Z,
0x1005a3b0,0xa8,?getLocation@ModelInstance@RBX@@UBE?BVCoordinateFrame@G3D@@XZ,
0x1005a6b0,0x55,?getValue@?$GetSetImpl@P8ModelInstance@RBX@@BEABVCoordinateFrame@G3D@@XZP812@AEXABV34@@Z@?$PropDescriptor@VModelInstance@RBX@@VCoordinateFrame@G3D@@@Reflection@RBX@@UBE?AVCoordinateFrame@G3D@@PBVDescribedBase@34@@Z,
0x1005a710,0x36,?setValue@?$GetSetImpl@P8ModelInstance@RBX@@BEABVCoordinateFrame@G3D@@XZP812@AEXABV34@@Z@?$PropDescriptor@VModelInstance@RBX@@VCoordinateFrame@G3D@@@Reflection@RBX@@UBEXPAVDescribedBase@34@ABVCoordinateFrame@G3D@@@Z,
0x1005ad40,0x88,?hitTest@ModelInstance@RBX@@UAE_NABVRay@G3D@@AAVVector3@4@@Z,
0x1005b070,0x6c,??0?$TypedPropertyDescriptor@VCoordinateFrame@G3D@@@Reflection@RBX@@IAE@AAVClassDescriptor@12@PBD1V?$auto_ptr@VGetSet@?$TypedPropertyDescriptor@VCoordinateFrame@G3D@@@Reflection@RBX@@@std@@W4Functionality@PropertyDescriptor@12@@Z,
0x1005b0e0,0x1b,?getValue@?$TypedPropertyDescriptor@VCoordinateFrame@G3D@@@Reflection@RBX@@QBE?AVCoordinateFrame@G3D@@PBVDescribedBase@23@@Z,
0x1005b100,0x69,??$getset@P8ModelInstance@RBX@@BEABVCoordinateFrame@G3D@@XZP812@AEXABV34@@Z@?$PropDescriptor@VModelInstance@RBX@@VCoordinateFrame@G3D@@@Reflection@RBX@@SA?AV?$auto_ptr@VGetSet@?$TypedPropertyDescriptor@VCoordinateFrame@G3D@@@Reflection@RBX@@@std@@P8ModelInstance@2@BEABVCoordinateFrame@G3D@@XZP852@AEXABV67@@Z@Z,
0x1005b170,0x69,??$getset@P8ModelInstance@RBX@@BEPAVPartInstance@2@XZP812@AEXPAV32@@Z@?$PropDescriptor@VModelInstance@RBX@@PAVPartInstance@2@@Reflection@RBX@@SA?AV?$auto_ptr@VGetSet@?$TypedPropertyDescriptor@PAVPartInstance@RBX@@@Reflection@RBX@@@std@@P8ModelInstance@2@BEPAVPartInstance@2@XZP852@AEXPAV62@@Z@Z,
0x1005b480,0x72,?equalValues@?$TypedPropertyDescriptor@VCoordinateFrame@G3D@@@Reflection@RBX@@UBE_NPBVDescribedBase@23@0@Z,
0x1005b840,0x7a,??$create@VPartInstance@RBX@@@?$Creatable@VInstance@RBX@@@RBX@@SA?AV?$shared_ptr@VPartInstance@RBX@@@boost@@XZ,
0x1005b8c0,0xaf,?create@Creator@?$FactoryProduct@VPartInstance@RBX@@VPVInstance@2@$1?sPart@2@3PADA@RBX@@UBE?AV?$shared_ptr@VObject@RBX@@@boost@@XZ,
0x1005bcc0,0xbc,??$?0P8ModelInstance@RBX@@BEABVCoordinateFrame@G3D@@XZP801@AEXABV23@@Z@?$PropDescriptor@VModelInstance@RBX@@VCoordinateFrame@G3D@@@Reflection@RBX@@QAE@PBD0P8ModelInstance@2@BEABVCoordinateFrame@G3D@@XZP832@AEXABV45@@ZW4Functionality@PropertyDescriptor@12@@Z,
0x1005cb60,0x141,?draw@GuiDrawImage@RBX@@AAEXPAVAdorn@2@V?$ReferenceCountedPointer@VTextureProxyBase@RBX@@@G3D@@ABVRect@2@ABVColor4@5@3@Z,
0x1005d130,0x21,?getSelection2@Selection@RBX@@QAE?AV?$shared_ptr@$$CBV?$vector@V?$shared_ptr@VInstance@RBX@@@boost@@V?$allocator@V?$shared_ptr@VInstance@RBX@@@boost@@@std@@@std@@@boost@@XZ,
0x1005d860,0x77,??0?$CopyOnWrite@V?$vector@V?$shared_ptr@VInstance@RBX@@@boost@@V?$allocator@V?$shared_ptr@VInstance@RBX@@@boost@@@std@@@std@@@RBX@@QAE@ABV?$vector@V?$shared_ptr@VInstance@RBX@@@boost@@V?$allocator@V?$shared_ptr@VInstance@RBX@@@boost@@@std@@@std@@@Z,
0x1005e4b0,0x6c,??0?$BoundFuncDesc@VSelection@RBX@@$$A6A?AV?$shared_ptr@$$CBV?$vector@V?$shared_ptr@VInstance@RBX@@@boost@@V?$allocator@V?$shared_ptr@VInstance@RBX@@@boost@@@std@@@std@@@boost@@XZ$0A@@Reflection@RBX@@QAE@P8Selection@2@AE?AV?$shared_ptr@$$CBV?$vector@V?$shared_ptr@VInstance@RBX@@@boost@@V?$allocator@V?$shared_ptr@VInstance@RBX@@@boost@@@std@@@std@@@boost@@XZPBDW4Security@FunctionDescriptor@12@@Z,
0x1005e520,0x5a,?execute@?$BoundFuncDesc@VSelection@RBX@@$$A6A?AV?$shared_ptr@$$CBV?$vector@V?$shared_ptr@VInstance@RBX@@@boost@@V?$allocator@V?$shared_ptr@VInstance@RBX@@@boost@@@std@@@std@@@boost@@XZ$0A@@Reflection@RBX@@UBEXPAVDescribedBase@23@AAVArguments@FunctionDescriptor@23@@Z,
0x1005e580,0x9f,??0?$BoundFuncDesc@VSelection@RBX@@$$A6AXV?$shared_ptr@$$CBV?$vector@V?$shared_ptr@VInstance@RBX@@@boost@@V?$allocator@V?$shared_ptr@VInstance@RBX@@@boost@@@std@@@std@@@boost@@@Z$00@Reflection@RBX@@QAE@P8Selection@2@AEXV?$shared_ptr@$$CBV?$vector@V?$shared_ptr@VInstance@RBX@@@boost@@V?$allocator@V?$shared_ptr@VInstance@RBX@@@boost@@@std@@@std@@@boost@@@ZPBD2W4Security@FunctionDescriptor@12@@Z,
0x1005e620,0xf3,?execute@?$BoundFuncDesc@VSelection@RBX@@$$A6AXV?$shared_ptr@$$CBV?$vector@V?$shared_ptr@VInstance@RBX@@@boost@@V?$allocator@V?$shared_ptr@VInstance@RBX@@@boost@@@std@@@std@@@boost@@@Z$00@Reflection@RBX@@UBEXPAVDescribedBase@23@AAVArguments@FunctionDescriptor@23@@Z,
0x1005e8c0,0x5c,??$setSelection@V?$_Vector_const_iterator@V?$shared_ptr@VInstance@RBX@@@boost@@V?$allocator@V?$shared_ptr@VInstance@RBX@@@boost@@@std@@@std@@@Selection@RBX@@QAEXV?$_Vector_const_iterator@V?$shared_ptr@VInstance@RBX@@@boost@@V?$allocator@V?$shared_ptr@VInstance@RBX@@@boost@@@std@@@std@@0@Z,
0x1005e920,0x9d,?setSelection@Selection@RBX@@QAEXV?$shared_ptr@$$CBV?$vector@V?$shared_ptr@VInstance@RBX@@@boost@@V?$allocator@V?$shared_ptr@VInstance@RBX@@@boost@@@std@@@std@@@boost@@@Z,
0x1005ecf0,0x19,?getObject@?$Bridge@VCoordinateFrame@G3D@@$00@Lua@RBX@@SAAAVCoordinateFrame@G3D@@PAUlua_State@@I@Z,
0x1005ed10,0x74,?on_tostring@?$Bridge@VCoordinateFrame@G3D@@$00@Lua@RBX@@KAHABVCoordinateFrame@G3D@@PAUlua_State@@@Z,
0x1005ed90,0x19,?getObject@?$Bridge@VVector3@G3D@@$00@Lua@RBX@@SAAAVVector3@G3D@@PAUlua_State@@I@Z,
0x1005edb0,0x74,?on_tostring@?$Bridge@VVector3@G3D@@$00@Lua@RBX@@KAHABVVector3@G3D@@PAUlua_State@@@Z,
0x1005ef70,0x19,?getObject@?$Bridge@VColor3@G3D@@$00@Lua@RBX@@SAAAVColor3@G3D@@PAUlua_State@@I@Z,
0x1005ef90,0x74,?on_tostring@?$Bridge@VColor3@G3D@@$00@Lua@RBX@@KAHABVColor3@G3D@@PAUlua_State@@@Z,
0x1005f110,0x98,??$pushNewObject@VCoordinateFrame@G3D@@@?$Bridge@VCoordinateFrame@G3D@@$00@Lua@RBX@@SAPAVCoordinateFrame@G3D@@PAUlua_State@@V34@@Z,
0x1005f1b0,0x4c,??$pushNewObject@VVector3@G3D@@@?$Bridge@VVector3@G3D@@$00@Lua@RBX@@SAPAVVector3@G3D@@PAUlua_State@@V34@@Z,
0x1005f200,0x4c,??$pushNewObject@VColor3@G3D@@@?$Bridge@VColor3@G3D@@$00@Lua@RBX@@SAPAVColor3@G3D@@PAUlua_State@@V34@@Z,
0x1005f7f0,0x8b,?on_tostring@?$Bridge@V?$shared_ptr@VSignalInstance@Reflection@RBX@@@boost@@$0A@@Lua@RBX@@KAHABV?$shared_ptr@VSignalInstance@Reflection@RBX@@@boost@@PAUlua_State@@@Z,
0x1005fd30,0x18,?on_gc@?$Bridge@VCoordinateFrame@G3D@@$00@Lua@RBX@@KAHPAUlua_State@@@Z,
0x1005fd50,0x1f,?on_tostring@?$Bridge@VCoordinateFrame@G3D@@$00@Lua@RBX@@KAHPAUlua_State@@@Z,
0x1005fd70,0x30,?on_newindex@?$Bridge@VCoordinateFrame@G3D@@$00@Lua@RBX@@KAHPAUlua_State@@@Z,
0x1005fda0,0x2e,?on_index@?$Bridge@VCoordinateFrame@G3D@@$00@Lua@RBX@@KAHPAUlua_State@@@Z,
0x1005fdd0,0x79,?on_eq@?$Bridge@VCoordinateFrame@G3D@@$00@Lua@RBX@@KAHPAUlua_State@@@Z,
0x1005fe50,0x18,?on_gc@?$Bridge@VVector3@G3D@@$00@Lua@RBX@@KAHPAUlua_State@@@Z,
0x1005fe70,0x1f,?on_tostring@?$Bridge@VVector3@G3D@@$00@Lua@RBX@@KAHPAUlua_State@@@Z,
0x1005fe90,0x30,?on_newindex@?$Bridge@VVector3@G3D@@$00@Lua@RBX@@KAHPAUlua_State@@@Z,
0x1005fec0,0x2e,?on_index@?$Bridge@VVector3@G3D@@$00@Lua@RBX@@KAHPAUlua_State@@@Z,
0x1005fef0,0x6d,?on_eq@?$Bridge@VVector3@G3D@@$00@Lua@RBX@@KAHPAUlua_State@@@Z,
0x1005ff60,0x1f,?on_gc@?$Bridge@Vconnection@signals@boost@@$00@Lua@RBX@@KAHPAUlua_State@@@Z,
0x1005ff80,0x28,?on_tostring@?$Bridge@Vconnection@signals@boost@@$00@Lua@RBX@@KAHPAUlua_State@@@Z,
0x1005ffb0,0x30,?on_newindex@?$Bridge@Vconnection@signals@boost@@$00@Lua@RBX@@KAHPAUlua_State@@@Z,
0x1005ffe0,0x2e,?on_index@?$Bridge@Vconnection@signals@boost@@$00@Lua@RBX@@KAHPAUlua_State@@@Z,
0x10060010,0x45,?on_eq@?$Bridge@Vconnection@signals@boost@@$00@Lua@RBX@@KAHPAUlua_State@@@Z,
0x100600f0,0x18,?on_gc@?$Bridge@VColor3@G3D@@$00@Lua@RBX@@KAHPAUlua_State@@@Z,
0x10060110,0x1f,?on_tostring@?$Bridge@VColor3@G3D@@$00@Lua@RBX@@KAHPAUlua_State@@@Z,
0x10060130,0x30,?on_newindex@?$Bridge@VColor3@G3D@@$00@Lua@RBX@@KAHPAUlua_State@@@Z,
0x10060160,0x2e,?on_index@?$Bridge@VColor3@G3D@@$00@Lua@RBX@@KAHPAUlua_State@@@Z,
0x10060190,0x6d,?on_eq@?$Bridge@VColor3@G3D@@$00@Lua@RBX@@KAHPAUlua_State@@@Z,
0x100603e0,0x12,??$isType@VCoordinateFrame@G3D@@@Value@Reflection@RBX@@QBE_NXZ,
0x10060400,0x12,??$isType@VColor3@G3D@@@Value@Reflection@RBX@@QBE_NXZ,
0x10060530,0x12,??$isType@V?$shared_ptr@$$CBV?$vector@V?$shared_ptr@VInstance@RBX@@@boost@@V?$allocator@V?$shared_ptr@VInstance@RBX@@@boost@@@std@@@std@@@boost@@@Value@Reflection@RBX@@QBE_NXZ,
0x10060550,0xb8,??$pushNewObject@V?$shared_ptr@VDescribedBase@Reflection@RBX@@@boost@@@?$Bridge@V?$shared_ptr@VDescribedBase@Reflection@RBX@@@boost@@$0A@@Lua@RBX@@SAPAV?$shared_ptr@VDescribedBase@Reflection@RBX@@@boost@@PAUlua_State@@V34@@Z,
0x10060610,0xb8,??$pushNewObject@V?$shared_ptr@VSignalInstance@Reflection@RBX@@@boost@@@?$Bridge@V?$shared_ptr@VSignalInstance@Reflection@RBX@@@boost@@$0A@@Lua@RBX@@SAPAV?$shared_ptr@VSignalInstance@Reflection@RBX@@@boost@@PAUlua_State@@V34@@Z,
0x10060e20,0x16a,?registerClass@?$Bridge@VVector3@G3D@@$00@Lua@RBX@@SAXPAUlua_State@@@Z,
0x10060f90,0x14a,?registerClass@?$Bridge@VCoordinateFrame@G3D@@$00@Lua@RBX@@SAXPAUlua_State@@@Z,
0x10061220,0xc4,?registerClass@?$Bridge@Vconnection@signals@boost@@$00@Lua@RBX@@SAXPAUlua_State@@@Z,
0x10061410,0xc4,?registerClass@?$Bridge@VColor3@G3D@@$00@Lua@RBX@@SAXPAUlua_State@@@Z,
0x10062840,0x22,??$cast@V?$shared_ptr@$$CBV?$vector@V?$shared_ptr@VInstance@RBX@@@boost@@V?$allocator@V?$shared_ptr@VInstance@RBX@@@boost@@@std@@@std@@@boost@@@Value@Reflection@RBX@@QBE?AV?$shared_ptr@$$CBV?$vector@V?$shared_ptr@VInstance@RBX@@@boost@@V?$allocator@V?$shared_ptr@VInstance@RBX@@@boost@@@std@@@std@@@boost@@XZ,
0x10062870,0x78,??$create@VDebugSettings@RBX@@@?$Creatable@VInstance@RBX@@@RBX@@SA?AV?$shared_ptr@VDebugSettings@RBX@@@boost@@XZ,
0x100628f0,0x38,??$?4VCoordinateFrame@G3D@@@Value@Reflection@RBX@@QAEAAV012@ABVCoordinateFrame@G3D@@@Z,
0x10062930,0x4f,??$?4VColor3@G3D@@@Value@Reflection@RBX@@QAEAAV012@ABVColor3@G3D@@@Z,
0x100632c0,0x133,??$pushTable@V?$_Vector_const_iterator@V?$shared_ptr@VInstance@RBX@@@boost@@V?$allocator@V?$shared_ptr@VInstance@RBX@@@boost@@@std@@@std@@@LuaArguments@Lua@RBX@@SAHV?$_Vector_const_iterator@V?$shared_ptr@VInstance@RBX@@@boost@@V?$allocator@V?$shared_ptr@VInstance@RBX@@@boost@@@std@@@std@@0QAUlua_State@@@Z,
0x10064150,0x122,??$get@V?$shared_ptr@VNode@ThreadRef@Lua@RBX@@@boost@@@?$Association@VInstance@RBX@@@RBX@@QAEAAV?$shared_ptr@VNode@ThreadRef@Lua@RBX@@@boost@@XZ,
0x10064440,0x9c,?on_tostring@?$Bridge@V?$shared_ptr@VDescribedBase@Reflection@RBX@@@boost@@$0A@@Lua@RBX@@KAHABV?$shared_ptr@VDescribedBase@Reflection@RBX@@@boost@@PAUlua_State@@@Z,
0x100657f0,0x7d,??$create@VItem@Stats@RBX@@PBD@?$Creatable@VInstance@RBX@@@RBX@@SA?AV?$shared_ptr@VItem@Stats@RBX@@@boost@@PBD@Z,
0x100659d0,0x78,??$create@VStatsService@Stats@RBX@@@?$Creatable@VInstance@RBX@@@RBX@@SA?AV?$shared_ptr@VStatsService@Stats@RBX@@@boost@@XZ,
0x100666f0,0x7d,??$create@V?$TypedStatsItem@_N@Stats@RBX@@PB_N@?$Creatable@VInstance@RBX@@@RBX@@SA?AV?$shared_ptr@V?$TypedStatsItem@_N@Stats@RBX@@@boost@@PB_N@Z,
0x10066770,0xd7,??$create@V?$TypedStatsItem@H@Stats@RBX@@V?$function0@HV?$allocator@Vfunction_base@boost@@@std@@@boost@@@?$Creatable@VInstance@RBX@@@RBX@@SA?AV?$shared_ptr@V?$TypedStatsItem@H@Stats@RBX@@@boost@@V?$function0@HV?$allocator@Vfunction_base@boost@@@std@@@3@@Z,
0x10066850,0x5a,?ptr@Context@Security@RBX@@CAAAV?$thread_specific_ptr@VContext@Security@RBX@@@boost@@XZ,
0x10067cb0,0x146,?resume@ScriptContext@RBX@@QAEXPAUlua_State@@V?$function1@IPAUlua_State@@V?$allocator@Vfunction_base@boost@@@std@@@boost@@V?$function2@XPAUlua_State@@IV?$allocator@Vfunction_base@boost@@@std@@@5@@Z,
0x10068220,0x41d,?executeInNewThread@ScriptContext@RBX@@QAEXW4Identities@Security@2@PBD1V?$function1@IPAUlua_State@@V?$allocator@Vfunction_base@boost@@@std@@@boost@@V?$function2@XPAUlua_State@@IV?$allocator@Vfunction_base@boost@@@std@@@6@@Z,
0x100687d0,0xa3,?executeInNewThread@ScriptContext@RBX@@QAE?AV?$auto_ptr@V?$vector@VValue@Reflection@RBX@@V?$allocator@VValue@Reflection@RBX@@@std@@@std@@@std@@W4Identities@Security@2@PBD1ABV?$vector@VValue@Reflection@RBX@@V?$allocator@VValue@Reflection@RBX@@@std@@@4@@Z,
0x10068d50,0xb5,?requestCode@Script@RBX@@QAE?AV?$shared_ptr@$$CBV?$basic_string@DU?$char_traits@D@std@@V?$allocator@D@2@@std@@@boost@@XZ,
0x10068ea0,0x6c,??0?$TypedPropertyDescriptor@VContentId@RBX@@@Reflection@RBX@@IAE@AAVClassDescriptor@12@PBD1V?$auto_ptr@VGetSet@?$TypedPropertyDescriptor@VContentId@RBX@@@Reflection@RBX@@@std@@W4Functionality@PropertyDescriptor@12@@Z,
0x10068f10,0x5b,??$getset@P8Script@RBX@@BEABV?$basic_string@DU?$char_traits@D@std@@V?$allocator@D@2@@std@@XZP812@AEXABV34@@Z@?$PropDescriptor@VScript@RBX@@V?$basic_string@DU?$char_traits@D@std@@V?$allocator@D@2@@std@@@Reflection@RBX@@SA?AV?$auto_ptr@VGetSet@?$TypedPropertyDescriptor@V?$basic_string@DU?$char_traits@D@std@@V?$allocator@D@2@@std@@@Reflection@RBX@@@std@@P8Script@2@BEABV?$basic_string@DU?$char_traits@D@std@@V?$allocator@D@2@@4@XZP852@AEXABV64@@Z@Z,
0x10068f70,0x5b,??$getset@P8Script@RBX@@BEABVContentId@2@XZP812@AEXABV32@@Z@?$PropDescriptor@VScript@RBX@@VContentId@2@@Reflection@RBX@@SA?AV?$auto_ptr@VGetSet@?$TypedPropertyDescriptor@VContentId@RBX@@@Reflection@RBX@@@std@@P8Script@2@BEABVContentId@2@XZP852@AEXABV62@@Z@Z,
0x10069460,0x78,??$create@VPlayer@Network@RBX@@@?$Creatable@VInstance@RBX@@@RBX@@SA?AV?$shared_ptr@VPlayer@Network@RBX@@@boost@@XZ,
0x100694e0,0xaf,?create@Creator@?$FactoryProduct@VPlayer@Network@RBX@@VInstance@3@$1?sPlayer@23@3PADA@RBX@@UBE?AV?$shared_ptr@VObject@RBX@@@boost@@XZ,
0x10069600,0x9e,??$?0P8Script@RBX@@BEABV?$basic_string@DU?$char_traits@D@std@@V?$allocator@D@2@@std@@XZP801@AEXABV23@@Z@?$PropDescriptor@VScript@RBX@@V?$basic_string@DU?$char_traits@D@std@@V?$allocator@D@2@@std@@@Reflection@RBX@@QAE@PBD0P8Script@2@BEABV?$basic_string@DU?$char_traits@D@std@@V?$allocator@D@2@@std@@XZP832@AEXABV45@@ZW4Functionality@PropertyDescriptor@12@@Z,
0x10069e80,0x90,?setEmbeddedCode@Script@RBX@@QAEXABV?$basic_string@DU?$char_traits@D@std@@V?$allocator@D@2@@std@@@Z,
0x1006a0f0,0xd,?getGCamera@Workspace@RBX@@UBEABVGCamera@G3D@@XZ,
0x1006b780,0x69,??$getset@P8Workspace@RBX@@BEPAVCamera@2@XZP812@AEXPAV32@@Z@?$PropDescriptor@VWorkspace@RBX@@PAVCamera@2@@Reflection@RBX@@SA?AV?$auto_ptr@VGetSet@?$TypedPropertyDescriptor@PAVCamera@RBX@@@Reflection@RBX@@@std@@P8Workspace@2@BEPAVCamera@2@XZP852@AEXPAV62@@Z@Z,
0x1006be00,0x50,??$for_each@V?$_Vector_const_iterator@V?$shared_ptr@VInstance@RBX@@@boost@@V?$allocator@V?$shared_ptr@VInstance@RBX@@@boost@@@std@@@std@@P6AXV?$shared_ptr@VInstance@RBX@@@boost@@@Z@std@@YAP6AXV?$shared_ptr@VInstance@RBX@@@boost@@@ZV?$_Vector_const_iterator@V?$shared_ptr@VInstance@RBX@@@boost@@V?$allocator@V?$shared_ptr@VInstance@RBX@@@boost@@@std@@@0@1P6AX0@Z@Z,
0x1006bed0,0x78,??$create@VStarterPackService@RBX@@@?$Creatable@VInstance@RBX@@@RBX@@SA?AV?$shared_ptr@VStarterPackService@RBX@@@boost@@XZ,
0x1006c5b0,0x9f,?makeJoints@Workspace@RBX@@QAEXV?$shared_ptr@$$CBV?$vector@V?$shared_ptr@VInstance@RBX@@@boost@@V?$allocator@V?$shared_ptr@VInstance@RBX@@@boost@@@std@@@std@@@boost@@@Z,
0x1006c650,0x9f,?breakJoints@Workspace@RBX@@QAEXV?$shared_ptr@$$CBV?$vector@V?$shared_ptr@VInstance@RBX@@@boost@@V?$allocator@V?$shared_ptr@VInstance@RBX@@@boost@@@std@@@std@@@boost@@@Z,
0x1006c6f0,0x196,?clearEmptiedModels@RBX@@YAXV?$shared_ptr@VInstance@RBX@@@boost@@PAVInstance@1@@Z,
0x1006db70,0x78,??$create@VHopperBin@RBX@@@?$Creatable@VInstance@RBX@@@RBX@@SA?AV?$shared_ptr@VHopperBin@RBX@@@boost@@XZ,
0x1006dbf0,0xaf,?create@Creator@?$FactoryProduct@VHopperBin@RBX@@VBackpackItem@2@$1?sHopperBin@2@3QBDB@RBX@@UBE?AV?$shared_ptr@VObject@RBX@@@boost@@XZ,
0x1006dca0,0xaf,?create@Creator@?$FactoryProduct@VStarterPackService@RBX@@VHopper@2@$1?sStarterPackService@2@3QBDB@RBX@@UBE?AV?$shared_ptr@VObject@RBX@@@boost@@XZ,
0x1006de90,0x78,??$create@VLegacyHopperService@RBX@@@?$Creatable@VInstance@RBX@@@RBX@@SA?AV?$shared_ptr@VLegacyHopperService@RBX@@@boost@@XZ,
0x1006df10,0xaf,?create@Creator@?$FactoryProduct@VLegacyHopperService@RBX@@VHopper@2@$1?sLegacyHopperService@2@3QBDB@RBX@@UBE?AV?$shared_ptr@VObject@RBX@@@boost@@XZ,
0x1006e120,0x7a,??$create@VTool@RBX@@@?$Creatable@VInstance@RBX@@@RBX@@SA?AV?$shared_ptr@VTool@RBX@@@boost@@XZ,
0x1006e1a0,0xaf,?create@Creator@?$FactoryProduct@VTool@RBX@@VBackpackItem@2@$1?sTool@2@3QBDB@RBX@@UBE?AV?$shared_ptr@VObject@RBX@@@boost@@XZ,
0x1006e390,0x7a,??$create@VFlag@RBX@@@?$Creatable@VInstance@RBX@@@RBX@@SA?AV?$shared_ptr@VFlag@RBX@@@boost@@XZ,
0x1006e410,0xaf,?create@Creator@?$FactoryProduct@VFlag@RBX@@VTool@2@$1?sFlag@2@3QBDB@RBX@@UBE?AV?$shared_ptr@VObject@RBX@@@boost@@XZ,
0x1006eeb0,0x17f,?insertContent@Workspace@RBX@@QAEXVContentId@2@AAV?$vector@V?$shared_ptr@VInstance@RBX@@@boost@@V?$allocator@V?$shared_ptr@VInstance@RBX@@@boost@@@std@@@std@@W4InsertMode@2@W4PromptMode@2@@Z,
0x1006f380,0x1a0,?insertContent@Workspace@RBX@@QAE?AV?$shared_ptr@$$CBV?$vector@V?$shared_ptr@VInstance@RBX@@@boost@@V?$allocator@V?$shared_ptr@VInstance@RBX@@@boost@@@std@@@std@@@boost@@VContentId@2@@Z,
0x1006fc30,0xa6,??0?$BoundFuncDesc@VWorkspace@RBX@@$$A6A?AV?$shared_ptr@$$CBV?$vector@V?$shared_ptr@VInstance@RBX@@@boost@@V?$allocator@V?$shared_ptr@VInstance@RBX@@@boost@@@std@@@std@@@boost@@VContentId@2@@Z$00@Reflection@RBX@@QAE@P8Workspace@2@AE?AV?$shared_ptr@$$CBV?$vector@V?$shared_ptr@VInstance@RBX@@@boost@@V?$allocator@V?$shared_ptr@VInstance@RBX@@@boost@@@std@@@std@@@boost@@VContentId@2@@ZPBD2W4Security@FunctionDescriptor@12@@Z,
0x1006fce0,0xd2,??$call@V?$shared_ptr@$$CBV?$vector@V?$shared_ptr@VInstance@RBX@@@boost@@V?$allocator@V?$shared_ptr@VInstance@RBX@@@boost@@@std@@@std@@@boost@@@?$BoundFuncDesc@VWorkspace@RBX@@$$A6A?AV?$shared_ptr@$$CBV?$vector@V?$shared_ptr@VInstance@RBX@@@boost@@V?$allocator@V?$shared_ptr@VInstance@RBX@@@boost@@@std@@@std@@@boost@@VContentId@2@@Z$00@Reflection@RBX@@ABEXPAVWorkspace@2@AAVValue@12@1@Z,
0x1006fdc0,0xce,?execute@?$BoundFuncDesc@VWorkspace@RBX@@$$A6A?AV?$shared_ptr@$$CBV?$vector@V?$shared_ptr@VInstance@RBX@@@boost@@V?$allocator@V?$shared_ptr@VInstance@RBX@@@boost@@@std@@@std@@@boost@@VContentId@2@@Z$00@Reflection@RBX@@UBEXPAVDescribedBase@23@AAVArguments@FunctionDescriptor@23@@Z,
0x1006fe90,0xa6,??0?$BoundFuncDesc@VWorkspace@RBX@@$$A6AXV?$shared_ptr@$$CBV?$vector@V?$shared_ptr@VInstance@RBX@@@boost@@V?$allocator@V?$shared_ptr@VInstance@RBX@@@boost@@@std@@@std@@@boost@@@Z$00@Reflection@RBX@@QAE@P8Workspace@2@AEXV?$shared_ptr@$$CBV?$vector@V?$shared_ptr@VInstance@RBX@@@boost@@V?$allocator@V?$shared_ptr@VInstance@RBX@@@boost@@@std@@@std@@@boost@@@ZPBD2W4Security@FunctionDescriptor@12@@Z,
0x1006ff40,0x104,?execute@?$BoundFuncDesc@VWorkspace@RBX@@$$A6AXV?$shared_ptr@$$CBV?$vector@V?$shared_ptr@VInstance@RBX@@@boost@@V?$allocator@V?$shared_ptr@VInstance@RBX@@@boost@@@std@@@std@@@boost@@@Z$00@Reflection@RBX@@UBEXPAVDescribedBase@23@AAVArguments@FunctionDescriptor@23@@Z,
0x10070300,0xd7,??$create@V?$TypedStatsItem@N@Stats@RBX@@V?$function0@NV?$allocator@Vfunction_base@boost@@@std@@@boost@@@?$Creatable@VInstance@RBX@@@RBX@@SA?AV?$shared_ptr@V?$TypedStatsItem@N@Stats@RBX@@@boost@@V?$function0@NV?$allocator@Vfunction_base@boost@@@std@@@3@@Z,
0x10070f60,0x82,??$create@VWorkspaceStatsItem@RBX@@PAVWorkspace@2@PAVWorld@2@@?$Creatable@VInstance@RBX@@@RBX@@SA?AV?$shared_ptr@VWorkspaceStatsItem@RBX@@@boost@@PAVWorkspace@1@PAVWorld@1@@Z,
0x10071420,0x50,?setUiMessage@DataModel@RBX@@QAEXV?$basic_string@DU?$char_traits@D@std@@V?$allocator@D@2@@std@@@Z,
0x10071620,0xb4,?doHttpGet@DataModel@RBX@@CA?AV?$basic_string@DU?$char_traits@D@std@@V?$allocator@D@2@@std@@V34@@Z,
0x100716e0,0x119,?doHttpPost@DataModel@RBX@@CA?AV?$basic_string@DU?$char_traits@D@std@@V?$allocator@D@2@@std@@V34@0@Z,
0x100719f0,0x55,?declareSignature@?$BoundFuncDesc@VDataModel@RBX@@$$A6A?AV?$basic_string@DU?$char_traits@D@std@@V?$allocator@D@2@@std@@V34@_N@Z$01@Reflection@RBX@@AAEXPBD0@Z,
0x10071a50,0x76,?declareSignature@?$BoundFuncDesc@VDataModel@RBX@@$$A6A?AV?$basic_string@DU?$char_traits@D@std@@V?$allocator@D@2@@std@@V34@0_N@Z$02@Reflection@RBX@@AAEXPBD00@Z,
0x10072860,0x424,?evaluate@DataModel@RBX@@UBE?AV?$basic_string@DU?$char_traits@D@std@@V?$allocator@D@2@@std@@ABV34@@Z,
0x10073e70,0x97,??$create@VWorkspace@RBX@@PAVDataModel@2@@?$Creatable@VInstance@RBX@@@RBX@@SA?AV?$shared_ptr@VWorkspace@RBX@@@boost@@PAVDataModel@1@@Z,
0x10073f10,0x78,??$create@VGuiRoot@RBX@@@?$Creatable@VInstance@RBX@@@RBX@@SA?AV?$shared_ptr@VGuiRoot@RBX@@@boost@@XZ,
0x10074110,0x78,??$create@VLocalBackpack@RBX@@@?$Creatable@VInstance@RBX@@@RBX@@SA?AV?$shared_ptr@VLocalBackpack@RBX@@@boost@@XZ,
0x10074260,0x78,??$create@VPlayers@Network@RBX@@@?$Creatable@VInstance@RBX@@@RBX@@SA?AV?$shared_ptr@VPlayers@Network@RBX@@@boost@@XZ,
0x10075300,0x78,??$create@VJointsService@RBX@@@?$Creatable@VInstance@RBX@@@RBX@@SA?AV?$shared_ptr@VJointsService@RBX@@@boost@@XZ,
0x10076300,0x78,??$create@VLocalBackpackItem@RBX@@@?$Creatable@VInstance@RBX@@@RBX@@SA?AV?$shared_ptr@VLocalBackpackItem@RBX@@@boost@@XZ,
0x10076380,0xaf,?create@Creator@?$FactoryProduct@VLocalBackpackItem@RBX@@VWidget@2@$1?sLocalBackpackItem@2@3QBDB@RBX@@UBE?AV?$shared_ptr@VObject@RBX@@@boost@@XZ,
0x10076430,0xaf,?create@Creator@?$FactoryProduct@VLocalBackpack@RBX@@VRelativePanel@2@$1?sLocalBackpack@2@3QBDB@RBX@@UBE?AV?$shared_ptr@VObject@RBX@@@boost@@XZ,
0x100774c0,0x78,??$create@VMotor@RBX@@@?$Creatable@VInstance@RBX@@@RBX@@SA?AV?$shared_ptr@VMotor@RBX@@@boost@@XZ,
0x10077730,0x78,??$create@VBackpack@RBX@@@?$Creatable@VInstance@RBX@@@RBX@@SA?AV?$shared_ptr@VBackpack@RBX@@@boost@@XZ,
0x100777b0,0xaf,?create@Creator@?$FactoryProduct@VBackpack@RBX@@VHopper@2@$1?sBackpack@2@3QBDB@RBX@@UBE?AV?$shared_ptr@VObject@RBX@@@boost@@XZ,
0x100788b0,0x67,??1?$BoundFuncDesc@VDataModel@RBX@@$$A6A?AV?$basic_string@DU?$char_traits@D@std@@V?$allocator@D@2@@std@@V34@_N@Z$01@Reflection@RBX@@UAE@XZ,
0x10078920,0x7b,??1?$BoundFuncDesc@VDataModel@RBX@@$$A6A?AV?$basic_string@DU?$char_traits@D@std@@V?$allocator@D@2@@std@@V34@0_N@Z$02@Reflection@RBX@@UAE@XZ,
0x10079bf0,0x1f4,?get@DataModel@RBX@@QAE?AV?$shared_ptr@$$CBV?$vector@V?$shared_ptr@VInstance@RBX@@@boost@@V?$allocator@V?$shared_ptr@VInstance@RBX@@@boost@@@std@@@std@@@boost@@VContentId@2@@Z,
0x10079e50,0x9f,??0?$BoundFuncDesc@VDataModel@RBX@@$$A6A?AV?$shared_ptr@$$CBV?$vector@V?$shared_ptr@VInstance@RBX@@@boost@@V?$allocator@V?$shared_ptr@VInstance@RBX@@@boost@@@std@@@std@@@boost@@VContentId@2@@Z$00@Reflection@RBX@@QAE@P8DataModel@2@AE?AV?$shared_ptr@$$CBV?$vector@V?$shared_ptr@VInstance@RBX@@@boost@@V?$allocator@V?$shared_ptr@VInstance@RBX@@@boost@@@std@@@std@@@boost@@VContentId@2@@ZPBD2W4Security@FunctionDescriptor@12@@Z,
0x10079ef0,0xbf,??$call@V?$shared_ptr@$$CBV?$vector@V?$shared_ptr@VInstance@RBX@@@boost@@V?$allocator@V?$shared_ptr@VInstance@RBX@@@boost@@@std@@@std@@@boost@@@?$BoundFuncDesc@VDataModel@RBX@@$$A6A?AV?$shared_ptr@$$CBV?$vector@V?$shared_ptr@VInstance@RBX@@@boost@@V?$allocator@V?$shared_ptr@VInstance@RBX@@@boost@@@std@@@std@@@boost@@VContentId@2@@Z$00@Reflection@RBX@@ABEXPAVDataModel@2@AAVValue@12@1@Z,
0x10079fb0,0xce,?execute@?$BoundFuncDesc@VDataModel@RBX@@$$A6A?AV?$shared_ptr@$$CBV?$vector@V?$shared_ptr@VInstance@RBX@@@boost@@V?$allocator@V?$shared_ptr@VInstance@RBX@@@boost@@@std@@@std@@@boost@@VContentId@2@@Z$00@Reflection@RBX@@UBEXPAVDescribedBase@23@AAVArguments@FunctionDescriptor@23@@Z,
0x1007a210,0xb1,??0?$BoundFuncDesc@VDataModel@RBX@@$$A6A?AV?$basic_string@DU?$char_traits@D@std@@V?$allocator@D@2@@std@@V34@_N@Z$01@Reflection@RBX@@QAE@P8DataModel@2@AE?AV?$basic_string@DU?$char_traits@D@std@@V?$allocator@D@2@@std@@V45@_N@ZPBD331W4Security@FunctionDescriptor@12@@Z,
0x1007a2d0,0xb1,??$call@V?$basic_string@DU?$char_traits@D@std@@V?$allocator@D@2@@std@@@?$BoundFuncDesc@VDataModel@RBX@@$$A6A?AV?$basic_string@DU?$char_traits@D@std@@V?$allocator@D@2@@std@@V34@_N@Z$01@Reflection@RBX@@ABEXPAVDataModel@2@AAVValue@12@11@Z,
0x1007a390,0x11a,?execute@?$BoundFuncDesc@VDataModel@RBX@@$$A6A?AV?$basic_string@DU?$char_traits@D@std@@V?$allocator@D@2@@std@@V34@_N@Z$01@Reflection@RBX@@UBEXPAVDescribedBase@23@AAVArguments@FunctionDescriptor@23@@Z,
0x1007a4b0,0x1e,??_E?$BoundFuncDesc@VDataModel@RBX@@$$A6A?AV?$basic_string@DU?$char_traits@D@std@@V?$allocator@D@2@@std@@V34@_N@Z$01@Reflection@RBX@@UAEPAXI@Z,
0x1007a4d0,0xc3,??0?$BoundFuncDesc@VDataModel@RBX@@$$A6A?AV?$basic_string@DU?$char_traits@D@std@@V?$allocator@D@2@@std@@V34@0_N@Z$02@Reflection@RBX@@QAE@P8DataModel@2@AE?AV?$basic_string@DU?$char_traits@D@std@@V?$allocator@D@2@@std@@V45@0_N@ZPBD3331W4Security@FunctionDescriptor@12@@Z,
0x1007a5a0,0xda,??$call@V?$basic_string@DU?$char_traits@D@std@@V?$allocator@D@2@@std@@@?$BoundFuncDesc@VDataModel@RBX@@$$A6A?AV?$basic_string@DU?$char_traits@D@std@@V?$allocator@D@2@@std@@V34@0_N@Z$02@Reflection@RBX@@ABEXPAVDataModel@2@AAVValue@12@111@Z,
0x1007a680,0x166,?execute@?$BoundFuncDesc@VDataModel@RBX@@$$A6A?AV?$basic_string@DU?$char_traits@D@std@@V?$allocator@D@2@@std@@V34@0_N@Z$02@Reflection@RBX@@UBEXPAVDescribedBase@23@AAVArguments@FunctionDescriptor@23@@Z,
0x1007a7f0,0x1e,??_E?$BoundFuncDesc@VDataModel@RBX@@$$A6A?AV?$basic_string@DU?$char_traits@D@std@@V?$allocator@D@2@@std@@V34@0_N@Z$02@Reflection@RBX@@UAEPAXI@Z,
0x1007a8e0,0x9f,??0?$BoundFuncDesc@VDataModel@RBX@@$$A6AXV?$basic_string@DU?$char_traits@D@std@@V?$allocator@D@2@@std@@@Z$00@Reflection@RBX@@QAE@P8DataModel@2@AEXV?$basic_string@DU?$char_traits@D@std@@V?$allocator@D@2@@std@@@ZPBD2W4Security@FunctionDescriptor@12@@Z,
0x1007a980,0xe0,?execute@?$BoundFuncDesc@VDataModel@RBX@@$$A6AXV?$basic_string@DU?$char_traits@D@std@@V?$allocator@D@2@@std@@@Z$00@Reflection@RBX@@UBEXPAVDescribedBase@23@AAVArguments@FunctionDescriptor@23@@Z,
0x1007bf30,0x78,??$create@VDataModel@RBX@@@?$Creatable@VInstance@RBX@@@RBX@@SA?AV?$shared_ptr@VDataModel@RBX@@@boost@@XZ,
0x1007c120,0xa8,?createDataModel@DataModel@RBX@@SA?AV?$shared_ptr@VDataModel@RBX@@@boost@@XZ,
0x1007c1d0,0xdb,?connectGeneric@?$SignalDescImpl@$0A@$$A6AXXZ@Reflection@RBX@@MBE?AVconnection@signals@boost@@PAVSignalInstance@23@PAVGenericSlotWrapper@23@W4connect_position@56@@Z,
0x1007c4a0,0x202,?httpGet@DataModel@RBX@@QAE?AV?$basic_string@DU?$char_traits@D@std@@V?$allocator@D@2@@std@@V34@_N@Z,
0x1007c6b0,0x26c,?httpPost@DataModel@RBX@@QAE?AV?$basic_string@DU?$char_traits@D@std@@V?$allocator@D@2@@std@@V34@0_N@Z,
0x1007c9c0,0x17,?getCameraCoordinateFrame@Camera@RBX@@QBE?AVCoordinateFrame@G3D@@XZ,
0x1007d570,0xc1,?convert@@YA_NABVVector3@G3D@@AAUFMOD_VECTOR@@@Z,
0x1007d700,0x5b,??$getset@P8SoundChannel@Soundscape@RBX@@BEMXZP8123@AEXM@Z@?$PropDescriptor@VSoundChannel@Soundscape@RBX@@M@Reflection@RBX@@SA?AV?$auto_ptr@VGetSet@?$TypedPropertyDescriptor@M@Reflection@RBX@@@std@@P8SoundChannel@Soundscape@2@BEMXZP8562@AEXM@Z@Z,
0x1007d760,0x4d,??$getset@P8SoundChannel@Soundscape@RBX@@BE_NXZH@?$PropDescriptor@VSoundChannel@Soundscape@RBX@@_N@Reflection@RBX@@SA?AV?$auto_ptr@VGetSet@?$TypedPropertyDescriptor@_N@Reflection@RBX@@@std@@P8SoundChannel@Soundscape@2@BE_NXZH@Z,
0x1007da70,0x7d,?convertToValue@?$StringConverter@VMeshId@RBX@@@RBX@@SA_NABV?$basic_string@DU?$char_traits@D@std@@V?$allocator@D@2@@std@@AAVMeshId@2@@Z,
0x1007dd60,0xdf,??$for_each@Viterator@?$_Tree@V?$_Tmap_traits@VSoundId@Soundscape@RBX@@V?$shared_ptr@VSound@Soundscape@RBX@@@boost@@U?$less@VSoundId@Soundscape@RBX@@@std@@V?$allocator@U?$pair@$$CBVSoundId@Soundscape@RBX@@V?$shared_ptr@VSound@Soundscape@RBX@@@boost@@@std@@@7@$0A@@std@@@std@@P6AXABU?$pair@VSoundId@Soundscape@RBX@@V?$shared_ptr@VSound@Soundscape@RBX@@@boost@@@3@@Z@std@@YAP6AXABU?$pair@VSoundId@Soundscape@RBX@@V?$shared_ptr@VSound@Soundscape@RBX@@@boost@@@0@@ZViterator@?$_Tree@V?$_Tmap_traits@VSoundId@Soundscape@RBX@@V?$shared_ptr@VSound@Soundscape@RBX@@@boost@@U?$less@VSoundId@Soundscape@RBX@@@std@@V?$allocator@U?$pair@$$CBVSoundId@Soundscape@RBX@@V?$shared_ptr@VSound@Soundscape@RBX@@@boost@@@std@@@7@$0A@@std@@@0@1P6AX0@Z@Z,
0x1007de40,0x6c,??0?$TypedPropertyDescriptor@VSoundId@Soundscape@RBX@@@Reflection@RBX@@IAE@AAVClassDescriptor@12@PBD1V?$auto_ptr@VGetSet@?$TypedPropertyDescriptor@VSoundId@Soundscape@RBX@@@Reflection@RBX@@@std@@W4Functionality@PropertyDescriptor@12@@Z,
0x1007e080,0x5b,??$getset@P8SoundService@Soundscape@RBX@@BE?AW4ReverbType@23@XZP8123@AEXABW4423@@Z@?$PropDescriptor@VSoundService@Soundscape@RBX@@W4ReverbType@23@@Reflection@RBX@@SA?AV?$auto_ptr@VGetSet@?$TypedPropertyDescriptor@W4ReverbType@Soundscape@RBX@@@Reflection@RBX@@@std@@P8SoundService@Soundscape@2@BE?AW4ReverbType@62@XZP8562@AEXABW4762@@Z@Z,
0x1007e0e0,0x5b,??$getset@P8SoundChannel@Soundscape@RBX@@BE?AVSoundId@23@XZP8123@AEXV423@@Z@?$PropDescriptor@VSoundChannel@Soundscape@RBX@@VSoundId@23@@Reflection@RBX@@SA?AV?$auto_ptr@VGetSet@?$TypedPropertyDescriptor@VSoundId@Soundscape@RBX@@@Reflection@RBX@@@std@@P8SoundChannel@Soundscape@2@BE?AVSoundId@62@XZP8562@AEXV762@@Z@Z,
0x1007e140,0x5b,??$getset@P8SoundChannel@Soundscape@RBX@@BEHXZP8123@AEXH@Z@?$PropDescriptor@VSoundChannel@Soundscape@RBX@@H@Reflection@RBX@@SA?AV?$auto_ptr@VGetSet@?$TypedPropertyDescriptor@H@Reflection@RBX@@@std@@P8SoundChannel@Soundscape@2@BEHXZP8562@AEXH@Z@Z,
0x1007e1a0,0x5b,??$getset@P8SoundChannel@Soundscape@RBX@@BE_NXZP8123@AEX_N@Z@?$PropDescriptor@VSoundChannel@Soundscape@RBX@@_N@Reflection@RBX@@SA?AV?$auto_ptr@VGetSet@?$TypedPropertyDescriptor@_N@Reflection@RBX@@@std@@P8SoundChannel@Soundscape@2@BE_NXZP8562@AEX_N@Z@Z,
0x1007e440,0x71,?getStringValue@?$TypedPropertyDescriptor@VMeshId@RBX@@@Reflection@RBX@@UBE?AV?$basic_string@DU?$char_traits@D@std@@V?$allocator@D@2@@std@@PBVDescribedBase@23@@Z,
0x1007e4c0,0xb4,?setStringValue@?$TypedPropertyDescriptor@VMeshId@RBX@@@Reflection@RBX@@UBE_NPAVDescribedBase@23@ABV?$basic_string@DU?$char_traits@D@std@@V?$allocator@D@2@@std@@@Z,
0x1007e5a0,0x7c,?getSoundStats@SoundService@Soundscape@RBX@@CAXABV?$map@VSoundId@Soundscape@RBX@@V?$shared_ptr@VSound@Soundscape@RBX@@@boost@@U?$less@VSoundId@Soundscape@RBX@@@std@@V?$allocator@U?$pair@$$CBVSoundId@Soundscape@RBX@@V?$shared_ptr@VSound@Soundscape@RBX@@@boost@@@std@@@7@@std@@AAI1@Z,
0x10080750,0xd1,?gcSounds@SoundService@Soundscape@RBX@@CAXAAV?$map@VSoundId@Soundscape@RBX@@V?$shared_ptr@VSound@Soundscape@RBX@@@boost@@U?$less@VSoundId@Soundscape@RBX@@@std@@V?$allocator@U?$pair@$$CBVSoundId@Soundscape@RBX@@V?$shared_ptr@VSound@Soundscape@RBX@@@boost@@@std@@@7@@std@@@Z,
0x10081930,0x1ea,?loadSound@SoundService@Soundscape@RBX@@QAE?AV?$shared_ptr@VSound@Soundscape@RBX@@@boost@@VSoundId@23@_N@Z,
0x100824b0,0x3a,?getStringValue@?$EnumPropDescriptor@VSoundService@Soundscape@RBX@@W4ReverbType@23@@Reflection@RBX@@UBE?AV?$basic_string@DU?$char_traits@D@std@@V?$allocator@D@2@@std@@PBVDescribedBase@23@@Z,
0x100824f0,0x45,?setStringValue@?$EnumPropDescriptor@VSoundService@Soundscape@RBX@@W4ReverbType@23@@Reflection@RBX@@UBE_NPAVDescribedBase@23@ABV?$basic_string@DU?$char_traits@D@std@@V?$allocator@D@2@@std@@@Z,
0x100830e0,0x7d,??$create@V?$TypedStatsItem@I@Stats@RBX@@PBI@?$Creatable@VInstance@RBX@@@RBX@@SA?AV?$shared_ptr@V?$TypedStatsItem@I@Stats@RBX@@@boost@@PBI@Z,
0x100838c0,0x7d,??$create@VSoundServiceStatsItem@@PAVSoundService@Soundscape@RBX@@@?$Creatable@VInstance@RBX@@@RBX@@SA?AV?$shared_ptr@VSoundServiceStatsItem@@@boost@@PAVSoundService@Soundscape@1@@Z,
0x10083ce0,0x78,??$create@VStockSound@@@?$Creatable@VInstance@RBX@@@RBX@@SA?AV?$shared_ptr@VStockSound@@@boost@@XZ,
0x10083d60,0x141,?loadStockSound@SoundService@Soundscape@RBX@@AAEXW4SoundType@3@V?$basic_string@DU?$char_traits@D@std@@V?$allocator@D@2@@std@@@Z,
0x100840c0,0xaf,?create@Creator@?$FactoryProduct@VStockSound@@VSoundChannel@Soundscape@RBX@@$1?sStockSound@@3PADA@RBX@@UBE?AV?$shared_ptr@VObject@RBX@@@boost@@XZ,
0x10084a50,0x67,??0XmlNameValuePair@@QAE@ABVName@RBX@@ABV?$basic_string@DU?$char_traits@D@std@@V?$allocator@D@2@@std@@@Z,
0x10084b30,0x82,?isCloseTag@@YA_NABV?$basic_string@DU?$char_traits@D@std@@V?$allocator@D@2@@std@@@Z,
0x10084bc0,0x84,?endsWithClose@@YA_NABV?$basic_string@DU?$char_traits@D@std@@V?$allocator@D@2@@std@@@Z,
0x10084c90,0x185,?readFirstTag@TextXmlParser@@AAE?AV?$basic_string@DU?$char_traits@D@std@@V?$allocator@D@2@@std@@XZ,
0x10084e20,0xc7,?readTag@TextXmlParser@@AAE?AV?$basic_string@DU?$char_traits@D@std@@V?$allocator@D@2@@std@@XZ,
0x10084ef0,0x262,?decodeString@@YA?AV?$basic_string@DU?$char_traits@D@std@@V?$allocator@D@2@@std@@V12@@Z,
0x10085160,0xc8,?readText@TextXmlParser@@AAE?AV?$basic_string@DU?$char_traits@D@std@@V?$allocator@D@2@@std@@_N@Z,
0x10085230,0x9a,?removeTag@TextXmlParser@@AAE?AV?$basic_string@DU?$char_traits@D@std@@V?$allocator@D@2@@std@@ABV23@AAH@Z,
0x100852d0,0x150,?findNextToken@TextXmlParser@@AAE?AV?$basic_string@DU?$char_traits@D@std@@V?$allocator@D@2@@std@@ABV23@AAH@Z,
0x100855f0,0x7f,?_getCharType@?$base64@DU?$char_traits@D@std@@@@IBEHH@Z,
0x10085670,0x5e,??$?0V?$basic_string@DU?$char_traits@D@std@@V?$allocator@D@2@@std@@@XmlAttribute@@QAE@ABVName@RBX@@V?$basic_string@DU?$char_traits@D@std@@V?$allocator@D@2@@std@@@Z,
0x10085990,0x97,??$addAttribute@V?$basic_string@DU?$char_traits@D@std@@V?$allocator@D@2@@std@@@XmlElement@@QAEXABVName@RBX@@V?$basic_string@DU?$char_traits@D@std@@V?$allocator@D@2@@std@@@Z,
0x10085a30,0x44e,??$get@V?$istreambuf_iterator@DU?$char_traits@D@std@@@std@@V?$ostreambuf_iterator@DU?$char_traits@D@std@@@2@H@?$base64@DU?$char_traits@D@std@@@@QBE?AV?$istreambuf_iterator@DU?$char_traits@D@std@@@std@@V12@0V?$ostreambuf_iterator@DU?$char_traits@D@std@@@2@AAH@Z,
0x10086310,0x27b,?parseAttributes@TextXmlParser@@AAEPAVXmlElement@@ABV?$basic_string@DU?$char_traits@D@std@@V?$allocator@D@2@@std@@@Z,
0x10087650,0x8eb,?parse@TextXmlParser@@UAE?AV?$auto_ptr@VXmlElement@@@std@@XZ,
0x1008aa40,0x78,??$create@VVelocityMotor@RBX@@@?$Creatable@VInstance@RBX@@@RBX@@SA?AV?$shared_ptr@VVelocityMotor@RBX@@@boost@@XZ,
0x1008acb0,0x7a,??$create@VFlagStand@RBX@@@?$Creatable@VInstance@RBX@@@RBX@@SA?AV?$shared_ptr@VFlagStand@RBX@@@boost@@XZ,
0x1008ad30,0xaf,?create@Creator@?$FactoryProduct@VFlagStand@RBX@@VPartInstance@2@$1?sFlagStand@2@3PADA@RBX@@UBE?AV?$shared_ptr@VObject@RBX@@@boost@@XZ,
0x1008d7d0,0x7a,??$create@VSpawnLocation@RBX@@@?$Creatable@VInstance@RBX@@@RBX@@SA?AV?$shared_ptr@VSpawnLocation@RBX@@@boost@@XZ,
0x1008d850,0xaf,?create@Creator@?$FactoryProduct@VSpawnLocation@RBX@@VPartInstance@2@$1?sSpawnLocation@2@3PADA@RBX@@UBE?AV?$shared_ptr@VObject@RBX@@@boost@@XZ,
0x10090970,0xd1,?convertToString@?$StringConverter@VVector3@G3D@@@RBX@@SA?AV?$basic_string@DU?$char_traits@D@std@@V?$allocator@D@2@@std@@ABVVector3@G3D@@@Z,
0x10090a50,0xbe,?convertToString@?$StringConverter@VCoordinateFrame@G3D@@@RBX@@SA?AV?$basic_string@DU?$char_traits@D@std@@V?$allocator@D@2@@std@@ABVCoordinateFrame@G3D@@@Z,
0x10090b10,0x10b,?convertToValue@?$StringConverter@VVector3@G3D@@@RBX@@SA_NABV?$basic_string@DU?$char_traits@D@std@@V?$allocator@D@2@@std@@AAVVector3@G3D@@@Z,
0x10090c20,0x25,?convertToString@?$StringConverter@VBrickColor@RBX@@@RBX@@SA?AV?$basic_string@DU?$char_traits@D@std@@V?$allocator@D@2@@std@@ABVBrickColor@2@@Z,
0x10090c50,0x53,?convertToString@?$StringConverter@VColor3@G3D@@@RBX@@SA?AV?$basic_string@DU?$char_traits@D@std@@V?$allocator@D@2@@std@@ABVColor3@G3D@@@Z,
0x10090cb0,0x344,?convertToValue@?$StringConverter@VColor3@G3D@@@RBX@@SA_NABV?$basic_string@DU?$char_traits@D@std@@V?$allocator@D@2@@std@@AAVColor3@G3D@@@Z,
0x100923f0,0x149,?insert@BrickMap@BrickColor@RBX@@AAEXW4Number@23@EEEV?$basic_string@DU?$char_traits@D@std@@V?$allocator@D@2@@std@@@Z,
0x10093d10,0x9,?colorPalette@BrickColor@RBX@@SAABV?$vector@VBrickColor@RBX@@V?$allocator@VBrickColor@RBX@@@std@@@std@@XZ,
0x10094000,0x41,?name@BrickColor@RBX@@QBEABV?$basic_string@DU?$char_traits@D@std@@V?$allocator@D@2@@std@@XZ,
0x10094050,0x5e,?color4@BrickColor@RBX@@QBE?AVColor4@G3D@@XZ,
0x10094700,0x54c,?getG3DSky@Sky@RBX@@SA?AV?$ReferenceCountedPointer@VSky@G3D@@@G3D@@PAV12@@Z,
0x10095c50,0x1f3,?getSignalInstance@SignalDescriptor@Reflection@RBX@@QBE?AV?$shared_ptr@VSignalInstance@Reflection@RBX@@@boost@@AAVSignalSource@23@@Z,
0x10095e50,0x21,?getSignalInstance@Signal@Reflection@RBX@@QBE?AV?$shared_ptr@VSignalInstance@Reflection@RBX@@@boost@@XZ,
0x10098620,0x20d,?loadInstances@SerializerV2@@QAEXPAVXmlElement@@AAV?$vector@V?$shared_ptr@VInstance@RBX@@@boost@@V?$allocator@V?$shared_ptr@VInstance@RBX@@@boost@@@std@@@std@@@Z,
0x10098970,0x1ba,?loadXML@SerializerV2@@QAEXAAV?$basic_istream@DU?$char_traits@D@std@@@std@@PAVDataModel@RBX@@@Z,
0x10098b30,0x43d,?load@SerializerV2@@QAEXAAV?$basic_istream@DU?$char_traits@D@std@@@std@@PAVDataModel@RBX@@@Z,
0x10099560,0xbb,?getValue@?$ComputeProp@V?$ReferenceCountedPointer@VController@RBX@@@G3D@@VPVInstance@RBX@@@RBX@@QBE?AV?$ReferenceCountedPointer@VController@RBX@@@G3D@@XZ,
0x10099640,0x54,??$getset@HP8PVInstance@RBX@@AEXABVCoordinateFrame@G3D@@@Z@?$PropDescriptor@VPVInstance@RBX@@VCoordinateFrame@G3D@@@Reflection@RBX@@SA?AV?$auto_ptr@VGetSet@?$TypedPropertyDescriptor@VCoordinateFrame@G3D@@@Reflection@RBX@@@std@@HP8PVInstance@2@AEXABVCoordinateFrame@G3D@@@Z@Z,
0x10099710,0x69,??$getset@P8PVInstance@RBX@@BE?AW4ControllerType@Controller@2@XZP812@AEXW4342@@Z@?$PropDescriptor@VPVInstance@RBX@@W4ControllerType@Controller@2@@Reflection@RBX@@SA?AV?$auto_ptr@VGetSet@?$TypedPropertyDescriptor@W4ControllerType@Controller@RBX@@@Reflection@RBX@@@std@@P8PVInstance@2@BE?AW4ControllerType@Controller@2@XZP852@AEXW4672@@Z@Z,
0x10099ea0,0x23d,?computeTopPVController@PVInstance@RBX@@ABE?AV?$ReferenceCountedPointer@VController@RBX@@@G3D@@XZ,
0x1009a1a0,0x3a,?getStringValue@?$EnumPropDescriptor@VPVInstance@RBX@@W4ControllerType@Controller@2@@Reflection@RBX@@UBE?AV?$basic_string@DU?$char_traits@D@std@@V?$allocator@D@2@@std@@PBVDescribedBase@23@@Z,
0x1009a1e0,0x45,?setStringValue@?$EnumPropDescriptor@VPVInstance@RBX@@W4ControllerType@Controller@2@@Reflection@RBX@@UBE_NPAVDescribedBase@23@ABV?$basic_string@DU?$char_traits@D@std@@V?$allocator@D@2@@std@@@Z,
0x1009a700,0x8c,??0Part@RBX@@QAE@W4PartType@01@ABVVector3@G3D@@VColor4@4@ABV?$Vector6@W4SurfaceType@RBX@@@@ABVCoordinateFrame@4@@Z,
0x1009ae00,0x3f,?setName@PartInstance@RBX@@UAEXABV?$basic_string@DU?$char_traits@D@std@@V?$allocator@D@2@@std@@@Z,
0x1009b020,0x53,?setPhysics@PartInstance@RBX@@QAEXABVCoordinateFrame@G3D@@ABVVelocity@2@@Z,
0x1009b090,0x19,?getTranslationUi@PartInstance@RBX@@QBEABVVector3@G3D@@XZ,
0x1009b0e0,0x19,?getRotationalVelocity@PartInstance@RBX@@QBEABVVector3@G3D@@XZ,
0x1009b220,0x64,??$singleton@VCoordinateFrame@G3D@@@Type@Reflection@RBX@@SAABV012@XZ,
0x1009b340,0x47,?getValue@?$GetSetImpl@P8PartInstance@RBX@@BEABVVector3@G3D@@XZP812@AEXABV34@@Z@?$PropDescriptor@VPartInstance@RBX@@VVector3@G3D@@@Reflection@RBX@@UBE?AVVector3@G3D@@PBVDescribedBase@34@@Z,
0x1009b450,0x52,?getValue@?$GetSetImpl@P8PartInstance@RBX@@BE?AVColor3@G3D@@XZP812@AEXABV34@@Z@?$PropDescriptor@VPartInstance@RBX@@VColor3@G3D@@@Reflection@RBX@@UBE?AVColor3@G3D@@PBVDescribedBase@34@@Z,
0x1009b4c0,0xd7,?worldSnapLocation@PartInstance@RBX@@QBE?AVCoordinateFrame@G3D@@XZ,
0x1009b610,0xc1,?uiToXmlSize@PartInstance@RBX@@ABE?AVVector3@G3D@@ABV34@@Z,
0x1009baa0,0x6c,??0?$TypedPropertyDescriptor@VVector3@G3D@@@Reflection@RBX@@IAE@AAVClassDescriptor@12@PBD1V?$auto_ptr@VGetSet@?$TypedPropertyDescriptor@VVector3@G3D@@@Reflection@RBX@@@std@@W4Functionality@PropertyDescriptor@12@@Z,
0x1009bb20,0x69,??$getset@P8PartInstance@RBX@@BEABVCoordinateFrame@G3D@@XZP812@AEXABV34@@Z@?$PropDescriptor@VPartInstance@RBX@@VCoordinateFrame@G3D@@@Reflection@RBX@@SA?AV?$auto_ptr@VGetSet@?$TypedPropertyDescriptor@VCoordinateFrame@G3D@@@Reflection@RBX@@@std@@P8PartInstance@2@BEABVCoordinateFrame@G3D@@XZP852@AEXABV67@@Z@Z,
0x1009bb90,0x69,??$getset@P8PartInstance@RBX@@BEABVVector3@G3D@@XZP812@AEXABV34@@Z@?$PropDescriptor@VPartInstance@RBX@@VVector3@G3D@@@Reflection@RBX@@SA?AV?$auto_ptr@VGetSet@?$TypedPropertyDescriptor@VVector3@G3D@@@Reflection@RBX@@@std@@P8PartInstance@2@BEABVVector3@G3D@@XZP852@AEXABV67@@Z@Z,
0x1009bc00,0x69,??$getset@P8PartInstance@RBX@@BE?AW4PartType@Part@2@XZP812@AEXW4342@@Z@?$PropDescriptor@VPartInstance@RBX@@W4PartType@Part@2@@Reflection@RBX@@SA?AV?$auto_ptr@VGetSet@?$TypedPropertyDescriptor@W4PartType@Part@RBX@@@Reflection@RBX@@@std@@P8PartInstance@2@BE?AW4PartType@Part@2@XZP852@AEXW4672@@Z@Z,
0x1009bc70,0x69,??$getset@P8PartInstance@RBX@@BE?AVColor3@G3D@@XZP812@AEXABV34@@Z@?$PropDescriptor@VPartInstance@RBX@@VColor3@G3D@@@Reflection@RBX@@SA?AV?$auto_ptr@VGetSet@?$TypedPropertyDescriptor@VColor3@G3D@@@Reflection@RBX@@@std@@P8PartInstance@2@BE?AVColor3@G3D@@XZP852@AEXABV67@@Z@Z,
0x1009be30,0x69,??$getset@P8PartInstance@RBX@@BE?AVVector3@G3D@@XZP812@AEXABV34@@Z@?$PropDescriptor@VPartInstance@RBX@@VVector3@G3D@@@Reflection@RBX@@SA?AV?$auto_ptr@VGetSet@?$TypedPropertyDescriptor@VVector3@G3D@@@Reflection@RBX@@@std@@P8PartInstance@2@BE?AVVector3@G3D@@XZP852@AEXABV67@@Z@Z,
0x1009bea0,0x69,??$getset@P8PartInstance@RBX@@BE?AW4FormFactor@12@XZP812@AEXW4312@@Z@?$PropDescriptor@VPartInstance@RBX@@W4FormFactor@12@@Reflection@RBX@@SA?AV?$auto_ptr@VGetSet@?$TypedPropertyDescriptor@W4FormFactor@PartInstance@RBX@@@Reflection@RBX@@@std@@P8PartInstance@2@BE?AW4FormFactor@52@XZP852@AEXW4652@@Z@Z,
0x1009c0f0,0xc9,?hitTest@PartInstance@RBX@@UAE_NABVRay@G3D@@AAVVector3@4@@Z,
0x1009c1c0,0x1f7,?readValue@?$TypedPropertyDescriptor@VCoordinateFrame@G3D@@@Reflection@RBX@@EBEXPAVDescribedBase@23@PBVXmlElement@@AAVIReferenceBinder@3@@Z,
0x1009c3c0,0x363,?writeValue@?$TypedPropertyDescriptor@VCoordinateFrame@G3D@@@Reflection@RBX@@EBEXPBVDescribedBase@23@PAVXmlElement@@@Z,
0x1009ce00,0xb5,?primitivesToParts@PartInstance@RBX@@SAXABV?$Array@PAVPrimitive@RBX@@@G3D@@AAV?$Array@V?$shared_ptr@VPartInstance@RBX@@@boost@@@4@@Z,
0x1009d3c0,0x34,?getLocation@PartInstance@RBX@@UBE?BVCoordinateFrame@G3D@@XZ,
0x1009dca0,0x140,?findParts@PartInstance@RBX@@SAXPAVInstance@2@AAV?$vector@V?$weak_ptr@VPartInstance@RBX@@@boost@@V?$allocator@V?$weak_ptr@VPartInstance@RBX@@@boost@@@std@@@std@@@Z,
0x1009e0b0,0xbc,??$?0P8PartInstance@RBX@@BEABVCoordinateFrame@G3D@@XZP801@AEXABV23@@Z@?$PropDescriptor@VPartInstance@RBX@@VCoordinateFrame@G3D@@@Reflection@RBX@@QAE@PBD0P8PartInstance@2@BEABVCoordinateFrame@G3D@@XZP832@AEXABV45@@ZW4Functionality@PropertyDescriptor@12@@Z,
0x1009e170,0xbc,??$?0P8PartInstance@RBX@@BEABVVector3@G3D@@XZP801@AEXABV23@@Z@?$PropDescriptor@VPartInstance@RBX@@VVector3@G3D@@@Reflection@RBX@@QAE@PBD0P8PartInstance@2@BEABVVector3@G3D@@XZP832@AEXABV45@@ZW4Functionality@PropertyDescriptor@12@@Z,
0x1009e230,0xbc,??$?0P8PartInstance@RBX@@BE?AVColor3@G3D@@XZP801@AEXABV23@@Z@?$PropDescriptor@VPartInstance@RBX@@VColor3@G3D@@@Reflection@RBX@@QAE@PBD0P8PartInstance@2@BE?AVColor3@G3D@@XZP832@AEXABV45@@ZW4Functionality@PropertyDescriptor@12@@Z,
0x1009e530,0xbc,??$?0P8PartInstance@RBX@@BE?AVVector3@G3D@@XZP801@AEXABV23@@Z@?$PropDescriptor@VPartInstance@RBX@@VVector3@G3D@@@Reflection@RBX@@QAE@PBD0P8PartInstance@2@BE?AVVector3@G3D@@XZP832@AEXABV45@@ZW4Functionality@PropertyDescriptor@12@@Z,
0x1009e6b0,0x6f,?convertToString@?$EnumDesc@W4AssertAction@Debugable@RBX@@@Reflection@RBX@@QBE?AV?$basic_string@DU?$char_traits@D@std@@V?$allocator@D@2@@std@@ABW4AssertAction@Debugable@3@@Z,
0x1009e7e0,0x3a,?getStringValue@?$EnumPropDescriptor@VPartInstance@RBX@@W4FormFactor@12@@Reflection@RBX@@UBE?AV?$basic_string@DU?$char_traits@D@std@@V?$allocator@D@2@@std@@PBVDescribedBase@23@@Z,
0x1009f010,0x3a,?getStringValue@?$EnumPropDescriptor@VPartInstance@RBX@@W4PartType@Part@2@@Reflection@RBX@@UBE?AV?$basic_string@DU?$char_traits@D@std@@V?$allocator@D@2@@std@@PBVDescribedBase@23@@Z,
0x1009f050,0x45,?setStringValue@?$EnumPropDescriptor@VPartInstance@RBX@@W4PartType@Part@2@@Reflection@RBX@@UBE_NPAVDescribedBase@23@ABV?$basic_string@DU?$char_traits@D@std@@V?$allocator@D@2@@std@@@Z,
0x100a0760,0x21,?getWalkDirection@Humanoid@RBX@@QBE?AVVector3@G3D@@XZ,
0x100a07a0,0x7,?getWalkToPoint@Humanoid@RBX@@QBEABVVector3@G3D@@XZ,
0x100a07d0,0x7,?getTargetPoint@Humanoid@RBX@@QBEABVVector3@G3D@@XZ,
0x100a07f0,0x3d,?lightGreen@Color@RBX@@SAABVColor3@G3D@@XZ,
0x100a0900,0x29,?getTopOfHead@Humanoid@RBX@@QBE?AVCoordinateFrame@G3D@@XZ,
0x100a0a10,0x55,?declareSignature@?$BoundFuncDesc@VHumanoid@RBX@@$$A6AXVVector3@G3D@@V?$shared_ptr@VInstance@RBX@@@boost@@@Z$01@Reflection@RBX@@AAEXPBD0@Z,
0x100a0c50,0x5a,?getRightArmGrip@Humanoid@RBX@@QBE?AVCoordinateFrame@G3D@@XZ,
0x100a0eb0,0x47,?getValue@?$GetSetImpl@P8Humanoid@RBX@@BEABVVector3@G3D@@XZP812@AEXABV34@@Z@?$PropDescriptor@VHumanoid@RBX@@VVector3@G3D@@@Reflection@RBX@@UBE?AVVector3@G3D@@PBVDescribedBase@34@@Z,
0x100a14a0,0x69,??$getset@P8Humanoid@RBX@@BEPAVPartInstance@2@XZP812@AEXPAV32@@Z@?$PropDescriptor@VHumanoid@RBX@@PAVPartInstance@2@@Reflection@RBX@@SA?AV?$auto_ptr@VGetSet@?$TypedPropertyDescriptor@PAVPartInstance@RBX@@@Reflection@RBX@@@std@@P8Humanoid@2@BEPAVPartInstance@2@XZP852@AEXPAV62@@Z@Z,
0x100a1510,0x69,??$getset@P8Humanoid@RBX@@BEABVVector3@G3D@@XZP812@AEXABV34@@Z@?$PropDescriptor@VHumanoid@RBX@@VVector3@G3D@@@Reflection@RBX@@SA?AV?$auto_ptr@VGetSet@?$TypedPropertyDescriptor@VVector3@G3D@@@Reflection@RBX@@@std@@P8Humanoid@2@BEABVVector3@G3D@@XZP852@AEXABV67@@Z@Z,
0x100a1580,0x69,??$getset@P8Humanoid@RBX@@BE?AVVector3@G3D@@XZP812@AEXABV34@@Z@?$PropDescriptor@VHumanoid@RBX@@VVector3@G3D@@@Reflection@RBX@@SA?AV?$auto_ptr@VGetSet@?$TypedPropertyDescriptor@VVector3@G3D@@@Reflection@RBX@@@std@@P8Humanoid@2@BE?AVVector3@G3D@@XZP852@AEXABV67@@Z@Z,
0x100a1d00,0x16f,??$shared_from_dynamic_cast@VPartInstance@RBX@@VInstance@2@@RBX@@YA?AV?$shared_ptr@VPartInstance@RBX@@@boost@@PAV?$enable_shared_from_this@VInstance@RBX@@@2@@Z,
0x100a1e70,0x11d,??$visitDescendents@V?$bind_t@XP6AXV?$shared_ptr@VInstance@RBX@@@boost@@AAV?$vector@PAVPrimitive@RBX@@V?$allocator@PAVPrimitive@RBX@@@std@@@std@@@ZV?$list2@V?$arg@$00@boost@@V?$reference_wrapper@V?$vector@PAVPrimitive@RBX@@V?$allocator@PAVPrimitive@RBX@@@std@@@std@@@2@@_bi@2@@_bi@boost@@@Instance@RBX@@QBEXV?$bind_t@XP6AXV?$shared_ptr@VInstance@RBX@@@boost@@AAV?$vector@PAVPrimitive@RBX@@V?$allocator@PAVPrimitive@RBX@@@std@@@std@@@ZV?$list2@V?$arg@$00@boost@@V?$reference_wrapper@V?$vector@PAVPrimitive@RBX@@V?$allocator@PAVPrimitive@RBX@@@std@@@std@@@2@@_bi@2@@_bi@boost@@@Z,
0x100a1f90,0x78,??$create@V?$FilteredSelection@VPartInstance@RBX@@@RBX@@@?$Creatable@VInstance@RBX@@@RBX@@SA?AV?$shared_ptr@V?$FilteredSelection@VPartInstance@RBX@@@RBX@@@boost@@XZ,
0x100a27c0,0x61,?getLocation@Humanoid@RBX@@EBE?BVCoordinateFrame@G3D@@XZ,
0x100a30d0,0x19,?getIntendedMovementVector@Humanoid@RBX@@EAE?AVVector3@G3D@@XZ,
0x100a30f0,0x13,?updateWalkDirection@Humanoid@RBX@@QAE?AVVector3@G3D@@XZ,
0x100a33a0,0x67,??1?$BoundFuncDesc@VHumanoid@RBX@@$$A6AXVVector3@G3D@@V?$shared_ptr@VInstance@RBX@@@boost@@@Z$01@Reflection@RBX@@UAE@XZ,
0x100a36b0,0xbc,??$?0P8Humanoid@RBX@@BEABVVector3@G3D@@XZP801@AEXABV23@@Z@?$PropDescriptor@VHumanoid@RBX@@VVector3@G3D@@@Reflection@RBX@@QAE@PBD0P8Humanoid@2@BEABVVector3@G3D@@XZP832@AEXABV45@@ZW4Functionality@PropertyDescriptor@12@@Z,
0x100a3770,0xbc,??$?0P8Humanoid@RBX@@BE?AVVector3@G3D@@XZP801@AEXABV23@@Z@?$PropDescriptor@VHumanoid@RBX@@VVector3@G3D@@@Reflection@RBX@@QAE@PBD0P8Humanoid@2@BE?AVVector3@G3D@@XZP832@AEXABV45@@ZW4Functionality@PropertyDescriptor@12@@Z,
0x100a3f60,0x96,??0?$BoundFuncDesc@VHumanoid@RBX@@$$A6AXVVector3@G3D@@V?$shared_ptr@VInstance@RBX@@@boost@@@Z$01@Reflection@RBX@@QAE@P8Humanoid@2@AEXVVector3@G3D@@V?$shared_ptr@VInstance@RBX@@@boost@@@ZPBD33W4Security@FunctionDescriptor@12@@Z,
0x100a4000,0xa7,??$call@X@?$BoundFuncDesc@VHumanoid@RBX@@$$A6AXVVector3@G3D@@V?$shared_ptr@VInstance@RBX@@@boost@@@Z$01@Reflection@RBX@@ABEXPAVHumanoid@2@AAVValue@12@11@Z,
0x100a40b0,0x11a,?execute@?$BoundFuncDesc@VHumanoid@RBX@@$$A6AXVVector3@G3D@@V?$shared_ptr@VInstance@RBX@@@boost@@@Z$01@Reflection@RBX@@UBEXPAVDescribedBase@23@AAVArguments@FunctionDescriptor@23@@Z,
0x100a41d0,0x1e,??_E?$BoundFuncDesc@VHumanoid@RBX@@$$A6AXVVector3@G3D@@V?$shared_ptr@VInstance@RBX@@@boost@@@Z$01@Reflection@RBX@@UAEPAXI@Z,
0x100a5310,0xec,?moveTo@Humanoid@RBX@@QAEXABVVector3@G3D@@PAVPartInstance@2@@Z,
0x100a58a0,0xcc,?moveTo2@Humanoid@RBX@@QAEXVVector3@G3D@@V?$shared_ptr@VInstance@RBX@@@boost@@@Z,
0x100a6b10,0x58,?instancesToParts@DragUtilities@RBX@@SAXABV?$vector@PAVInstance@RBX@@V?$allocator@PAVInstance@RBX@@@std@@@std@@AAV?$vector@V?$weak_ptr@VPartInstance@RBX@@@boost@@V?$allocator@V?$weak_ptr@VPartInstance@RBX@@@boost@@@std@@@4@@Z,
0x100a6b70,0x15b,?hitObjectOrPlane@DragUtilities@RBX@@SA_NABVContactManager@2@ABVRay@G3D@@PBV?$Array@PAVPrimitive@RBX@@@5@AAVVector3@5@@Z,
0x100a6cd0,0x72,?anyPartAlive@DragUtilities@RBX@@SA_NABV?$vector@V?$weak_ptr@VPartInstance@RBX@@@boost@@V?$allocator@V?$weak_ptr@VPartInstance@RBX@@@boost@@@std@@@std@@@Z,
0x100a6d50,0x13a,?partsToPrimitives@DragUtilities@RBX@@SAPAVWorld@2@ABV?$vector@V?$weak_ptr@VPartInstance@RBX@@@boost@@V?$allocator@V?$weak_ptr@VPartInstance@RBX@@@boost@@@std@@@std@@AAV?$Array@PAVPrimitive@RBX@@@G3D@@@Z,
0x100a6e90,0x6d,?unJoinFromOutsiders@DragUtilities@RBX@@SAXABV?$vector@V?$weak_ptr@VPartInstance@RBX@@@boost@@V?$allocator@V?$weak_ptr@VPartInstance@RBX@@@boost@@@std@@@std@@@Z,
0x100a6f00,0x6d,?joinToOutsiders@DragUtilities@RBX@@SAXABV?$vector@V?$weak_ptr@VPartInstance@RBX@@@boost@@V?$allocator@V?$weak_ptr@VPartInstance@RBX@@@boost@@@std@@@std@@@Z,
0x100a6f70,0xf6,?join@DragUtilities@RBX@@SAXABV?$vector@V?$weak_ptr@VPartInstance@RBX@@@boost@@V?$allocator@V?$weak_ptr@VPartInstance@RBX@@@boost@@@std@@@std@@@Z,
0x100a7070,0x107,?unJoinAndSetDragging@DragUtilities@RBX@@SAXABV?$vector@V?$weak_ptr@VPartInstance@RBX@@@boost@@V?$allocator@V?$weak_ptr@VPartInstance@RBX@@@boost@@@std@@@std@@@Z,
0x100a7180,0x171,?joinAndStopDragging@DragUtilities@RBX@@SAXABV?$vector@V?$weak_ptr@VPartInstance@RBX@@@boost@@V?$allocator@V?$weak_ptr@VPartInstance@RBX@@@boost@@@std@@@std@@@Z,
0x100a7300,0x139,?clean@DragUtilities@RBX@@SAXABV?$vector@V?$weak_ptr@VPartInstance@RBX@@@boost@@V?$allocator@V?$weak_ptr@VPartInstance@RBX@@@boost@@@std@@@std@@@Z,
0x100a7440,0x10e,?move@DragUtilities@RBX@@SAXABV?$vector@V?$weak_ptr@VPartInstance@RBX@@@boost@@V?$allocator@V?$weak_ptr@VPartInstance@RBX@@@boost@@@std@@@std@@VCoordinateFrame@G3D@@1@Z,
0x100a7550,0x70,?computeExtents@DragUtilities@RBX@@SA?AVExtents@2@ABV?$vector@V?$weak_ptr@VPartInstance@RBX@@@boost@@V?$allocator@V?$weak_ptr@VPartInstance@RBX@@@boost@@@std@@@std@@@Z,
0x100aaf40,0x25,?getStringValue@ConstProperty@Reflection@RBX@@QBE?AV?$basic_string@DU?$char_traits@D@std@@V?$allocator@D@2@@std@@XZ,
0x100ab1b0,0x6a,?getPtr@?$SharedPtrBridge@VDescribedBase@Reflection@RBX@@@Lua@RBX@@SA?AV?$shared_ptr@VDescribedBase@Reflection@RBX@@@boost@@PAUlua_State@@I@Z,
0x100ab460,0x5d,??$setValue@V?$basic_string@DU?$char_traits@D@std@@V?$allocator@D@2@@std@@@Property@Reflection@RBX@@QAEXABV?$basic_string@DU?$char_traits@D@std@@V?$allocator@D@2@@std@@@Z,
0x100ab6d0,0x62,??$getValue@V?$shared_ptr@VInstance@RBX@@@boost@@@ConstProperty@Reflection@RBX@@QBE?AV?$shared_ptr@VInstance@RBX@@@boost@@XZ,
0x100ab740,0x62,??$getValue@V?$shared_ptr@VDescribedBase@Reflection@RBX@@@boost@@@ConstProperty@Reflection@RBX@@QBE?AV?$shared_ptr@VDescribedBase@Reflection@RBX@@@boost@@XZ,
0x100ab7b0,0x5d,??$getValue@VVector3@G3D@@@ConstProperty@Reflection@RBX@@QBE?AVVector3@G3D@@XZ,
0x100ab810,0x5a,??$getValue@VCoordinateFrame@G3D@@@ConstProperty@Reflection@RBX@@QBE?AVCoordinateFrame@G3D@@XZ,
0x100ab870,0x5d,??$getValue@VColor3@G3D@@@ConstProperty@Reflection@RBX@@QBE?AVColor3@G3D@@XZ,
0x100ab9a0,0x62,??$getValue@V?$shared_ptr@$$CBV?$vector@V?$shared_ptr@VInstance@RBX@@@boost@@V?$allocator@V?$shared_ptr@VInstance@RBX@@@boost@@@std@@@std@@@boost@@@ConstProperty@Reflection@RBX@@QBE?AV?$shared_ptr@$$CBV?$vector@V?$shared_ptr@VInstance@RBX@@@boost@@V?$allocator@V?$shared_ptr@VInstance@RBX@@@boost@@@std@@@std@@@boost@@XZ,
0x100abb90,0x5d,??$setValue@VVector3@G3D@@@Property@Reflection@RBX@@QAEXABVVector3@G3D@@@Z,
0x100abbf0,0x5d,??$setValue@VCoordinateFrame@G3D@@@Property@Reflection@RBX@@QAEXABVCoordinateFrame@G3D@@@Z,
0x100abc50,0x5d,??$setValue@VColor3@G3D@@@Property@Reflection@RBX@@QAEXABVColor3@G3D@@@Z,
0x100ac300,0x115,?getInstance@ObjectBridge@Lua@RBX@@SA?AV?$shared_ptr@VInstance@RBX@@@boost@@PAUlua_State@@I@Z,
0x100ac9b0,0x2e2,?on_newindex@?$Bridge@V?$shared_ptr@VDescribedBase@Reflection@RBX@@@boost@@$0A@@Lua@RBX@@KAXAAV?$shared_ptr@VDescribedBase@Reflection@RBX@@@boost@@PBDPAUlua_State@@@Z,
0x100acde0,0x78,??$create@VDecal@RBX@@@?$Creatable@VInstance@RBX@@@RBX@@SA?AV?$shared_ptr@VDecal@RBX@@@boost@@XZ,
0x100ace60,0xaf,?create@Creator@?$FactoryProduct@VDecal@RBX@@VFaceInstance@2@$1?sDecal@2@3PADA@RBX@@UBE?AV?$shared_ptr@VObject@RBX@@@boost@@XZ,
0x100ad4b0,0x448,?on_index@?$Bridge@V?$shared_ptr@VDescribedBase@Reflection@RBX@@@boost@@$0A@@Lua@RBX@@KAHABV?$shared_ptr@VDescribedBase@Reflection@RBX@@@boost@@PBDPAUlua_State@@@Z,
0x100adac0,0xca,?on_index@?$Bridge@VColor3@G3D@@$00@Lua@RBX@@KAHABVColor3@G3D@@PBDPAUlua_State@@@Z,
0x100adbf0,0x81,??$getValue@VVector3@G3D@@@?$Bridge@VVector3@G3D@@$00@Lua@RBX@@SA_NPAUlua_State@@IAAVVector3@G3D@@@Z,
0x100ae210,0x165,?on_index@?$Bridge@VVector3@G3D@@$00@Lua@RBX@@KAHABVVector3@G3D@@PBDPAUlua_State@@@Z,
0x100af750,0x301,?on_index@?$Bridge@VCoordinateFrame@G3D@@$00@Lua@RBX@@KAHABVCoordinateFrame@G3D@@PBDPAUlua_State@@@Z,
0x100afa60,0x8e,??$getValue@VCoordinateFrame@G3D@@@?$Bridge@VCoordinateFrame@G3D@@$00@Lua@RBX@@SA_NPAUlua_State@@IAAVCoordinateFrame@G3D@@@Z,
0x100afbe0,0x96,??$pushNewObject@Vconnection@signals@boost@@@?$Bridge@Vconnection@signals@boost@@$00@Lua@RBX@@SAPAVconnection@signals@boost@@PAUlua_State@@V345@@Z,
0x100afc80,0x97,?on_newindex@?$Bridge@V?$shared_ptr@VSignalInstance@Reflection@RBX@@@boost@@$0A@@Lua@RBX@@KAXAAV?$shared_ptr@VSignalInstance@Reflection@RBX@@@boost@@PBDPAUlua_State@@@Z,
0x100afee0,0xca,?on_index@?$Bridge@Vconnection@signals@boost@@$00@Lua@RBX@@KAHABVconnection@signals@boost@@PBDPAUlua_State@@@Z,
0x100b0920,0x221,??RFunctionScriptSlot@@QAEXABV?$vector@Vany@boost@@V?$allocator@Vany@boost@@@std@@@std@@@Z,
0x100b0b50,0x86,?execute@?$TGenericSlotWrapper@VFunctionScriptSlot@@@Reflection@RBX@@UAEXABV?$vector@Vany@boost@@V?$allocator@Vany@boost@@@std@@@std@@@Z,
0x100b0be0,0xc1,?execute@?$TGenericSlotWrapper@VWaitScriptSlot@@@Reflection@RBX@@UAEXABV?$vector@Vany@boost@@V?$allocator@Vany@boost@@@std@@@std@@@Z,
0x100b0e00,0x84,??$connectGeneric@VWaitScriptSlot@@@SignalInstance@Reflection@RBX@@QAE?AVconnection@signals@boost@@VWaitScriptSlot@@W4connect_position@45@@Z,
0x100b1020,0x87,??$connectGeneric@VFunctionScriptSlot@@@SignalInstance@Reflection@RBX@@QAE?AVconnection@signals@boost@@VFunctionScriptSlot@@W4connect_position@45@@Z,
0x100b11f0,0x14a,?on_index@?$Bridge@V?$shared_ptr@VSignalInstance@Reflection@RBX@@@boost@@$0A@@Lua@RBX@@KAHABV?$shared_ptr@VSignalInstance@Reflection@RBX@@@boost@@PBDPAUlua_State@@@Z,
0x100b1370,0x51,?on_index@?$Bridge@V?$shared_ptr@VNode@ThreadRef@Lua@RBX@@@boost@@$00@Lua@RBX@@KAHABV?$shared_ptr@VNode@ThreadRef@Lua@RBX@@@boost@@PBDPAUlua_State@@@Z,
0x100b1440,0x65,?get@Node@ThreadRef@Lua@RBX@@SA?AV?$shared_ptr@VNode@ThreadRef@Lua@RBX@@@boost@@PAUlua_State@@@Z,
0x100b1db0,0x152,?create@Node@ThreadRef@Lua@RBX@@SA?AV?$shared_ptr@VNode@ThreadRef@Lua@RBX@@@boost@@PAUlua_State@@@Z,
0x100b1f30,0x2d,?getStringValue2@Item@Stats@RBX@@QAE?AV?$basic_string@DU?$char_traits@D@std@@V?$allocator@D@2@@std@@XZ,
0x100b23b0,0x6c,??0?$BoundFuncDesc@VItem@Stats@RBX@@$$A6A?AV?$basic_string@DU?$char_traits@D@std@@V?$allocator@D@2@@std@@XZ$0A@@Reflection@RBX@@QAE@P8Item@Stats@2@AE?AV?$basic_string@DU?$char_traits@D@std@@V?$allocator@D@2@@std@@XZPBDW4Security@FunctionDescriptor@12@@Z,
0x100b2420,0x8a,??$call@V?$basic_string@DU?$char_traits@D@std@@V?$allocator@D@2@@std@@@?$BoundFuncDesc@VItem@Stats@RBX@@$$A6A?AV?$basic_string@DU?$char_traits@D@std@@V?$allocator@D@2@@std@@XZ$0A@@Reflection@RBX@@ABEXPAVItem@Stats@2@AAVValue@12@@Z,
0x100b24b0,0x5a,?execute@?$BoundFuncDesc@VItem@Stats@RBX@@$$A6A?AV?$basic_string@DU?$char_traits@D@std@@V?$allocator@D@2@@std@@XZ$0A@@Reflection@RBX@@UBEXPAVDescribedBase@23@AAVArguments@FunctionDescriptor@23@@Z,
0x100b2810,0x78,??$create@VItem@Stats@RBX@@@?$Creatable@VInstance@RBX@@@RBX@@SA?AV?$shared_ptr@VItem@Stats@RBX@@@boost@@XZ,
0x100b2890,0x7d,??$create@VProfilingItem@@PBVProfiler@Profiling@RBX@@@?$Creatable@VInstance@RBX@@@RBX@@SA?AV?$shared_ptr@VProfilingItem@@@boost@@PBVProfiler@Profiling@1@@Z,
0x100b2ba0,0x7d,??$create@VTypedMemItem@Stats@RBX@@PBI@?$Creatable@VInstance@RBX@@@RBX@@SA?AV?$shared_ptr@VTypedMemItem@Stats@RBX@@@boost@@PBI@Z,
0x100b2e90,0x6b,?osVer@DebugSettings@RBX@@QBE?AV?$basic_string@DU?$char_traits@D@std@@V?$allocator@D@2@@std@@XZ,
0x100b2f40,0x7e,?glVendor@DebugSettings@RBX@@QBE?AV?$basic_string@DU?$char_traits@D@std@@V?$allocator@D@2@@std@@XZ,
0x100b2fc0,0x40a,?gfxcard@DebugSettings@RBX@@QBE?AV?$basic_string@DU?$char_traits@D@std@@V?$allocator@D@2@@std@@XZ,
0x100b33d0,0x7e,?cpu@DebugSettings@RBX@@QBE?AV?$basic_string@DU?$char_traits@D@std@@V?$allocator@D@2@@std@@XZ,
0x100b3480,0x7e,?resolution@DebugSettings@RBX@@QBE?AV?$basic_string@DU?$char_traits@D@std@@V?$allocator@D@2@@std@@XZ,
0x100b3980,0x4d,??$getset@P8DebugSettings@RBX@@BEMXZH@?$PropDescriptor@VDebugSettings@RBX@@M@Reflection@RBX@@SA?AV?$auto_ptr@VGetSet@?$TypedPropertyDescriptor@M@Reflection@RBX@@@std@@P8DebugSettings@2@BEMXZH@Z,
0x100b39d0,0x4d,??$getset@P8DebugSettings@RBX@@BEHXZH@?$PropDescriptor@VDebugSettings@RBX@@H@Reflection@RBX@@SA?AV?$auto_ptr@VGetSet@?$TypedPropertyDescriptor@H@Reflection@RBX@@@std@@P8DebugSettings@2@BEHXZH@Z,
0x100b3a20,0x4d,??$getset@P8DebugSettings@RBX@@BE?AV?$basic_string@DU?$char_traits@D@std@@V?$allocator@D@2@@std@@XZH@?$PropDescriptor@VDebugSettings@RBX@@V?$basic_string@DU?$char_traits@D@std@@V?$allocator@D@2@@std@@@Reflection@RBX@@SA?AV?$auto_ptr@VGetSet@?$TypedPropertyDescriptor@V?$basic_string@DU?$char_traits@D@std@@V?$allocator@D@2@@std@@@Reflection@RBX@@@std@@P8DebugSettings@2@BE?AV?$basic_string@DU?$char_traits@D@std@@V?$allocator@D@2@@4@XZH@Z,
0x100b3a70,0x5b,??$getset@P8DebugSettings@RBX@@BE?AW4AssertAction@Debugable@2@XZP812@AEXW4342@@Z@?$PropDescriptor@VDebugSettings@RBX@@W4AssertAction@Debugable@2@@Reflection@RBX@@SA?AV?$auto_ptr@VGetSet@?$TypedPropertyDescriptor@W4AssertAction@Debugable@RBX@@@Reflection@RBX@@@std@@P8DebugSettings@2@BE?AW4AssertAction@Debugable@2@XZP852@AEXW4672@@Z@Z,
0x100b3ad0,0x5b,??$getset@P8DebugSettings@RBX@@BE?AW4ErrorReporting@12@XZP812@AEXW4312@@Z@?$PropDescriptor@VDebugSettings@RBX@@W4ErrorReporting@12@@Reflection@RBX@@SA?AV?$auto_ptr@VGetSet@?$TypedPropertyDescriptor@W4ErrorReporting@DebugSettings@RBX@@@Reflection@RBX@@@std@@P8DebugSettings@2@BE?AW4ErrorReporting@52@XZP852@AEXW4652@@Z@Z,
0x100b44a0,0x99,??$?0P8DebugSettings@RBX@@BE?AV?$basic_string@DU?$char_traits@D@std@@V?$allocator@D@2@@std@@XZH@?$PropDescriptor@VDebugSettings@RBX@@V?$basic_string@DU?$char_traits@D@std@@V?$allocator@D@2@@std@@@Reflection@RBX@@QAE@PBD0P8DebugSettings@2@BE?AV?$basic_string@DU?$char_traits@D@std@@V?$allocator@D@2@@std@@XZHW4Functionality@PropertyDescriptor@12@@Z,
0x100b4a40,0x3a,?getStringValue@?$EnumPropDescriptor@VDebugSettings@RBX@@W4AssertAction@Debugable@2@@Reflection@RBX@@UBE?AV?$basic_string@DU?$char_traits@D@std@@V?$allocator@D@2@@std@@PBVDescribedBase@23@@Z,
0x100b4a80,0x45,?setStringValue@?$EnumPropDescriptor@VDebugSettings@RBX@@W4AssertAction@Debugable@2@@Reflection@RBX@@UBE_NPAVDescribedBase@23@ABV?$basic_string@DU?$char_traits@D@std@@V?$allocator@D@2@@std@@@Z,
0x100b4d10,0x3a,?getStringValue@?$EnumPropDescriptor@VDebugSettings@RBX@@W4ErrorReporting@12@@Reflection@RBX@@UBE?AV?$basic_string@DU?$char_traits@D@std@@V?$allocator@D@2@@std@@PBVDescribedBase@23@@Z,
0x100b4d50,0x45,?setStringValue@?$EnumPropDescriptor@VDebugSettings@RBX@@W4ErrorReporting@12@@Reflection@RBX@@UBE_NPAVDescribedBase@23@ABV?$basic_string@DU?$char_traits@D@std@@V?$allocator@D@2@@std@@@Z,
0x100b7470,0x78,??$create@VGlobalSettings@RBX@@@?$Creatable@VInstance@RBX@@@RBX@@SA?AV?$shared_ptr@VGlobalSettings@RBX@@@boost@@XZ,
0x100b74f0,0xb7,?singleton@GlobalSettings@RBX@@SA?AV?$shared_ptr@VGlobalSettings@RBX@@@boost@@XZ,
0x100be8c0,0x4e,?getSearchRay@MouseCommand@RBX@@SA?AVRay@G3D@@ABV34@@Z,
0x100be910,0xad,?getMousePart@MouseCommand@RBX@@SAPAVPartInstance@2@ABVRay@G3D@@ABVContactManager@2@ABV?$vector@PBVPrimitive@RBX@@V?$allocator@PBVPrimitive@RBX@@@std@@@std@@PBVHitTestFilter@2@AAVVector3@5@M@Z,
0x100bec20,0x8a,?getUnitMouseRay@MouseCommand@RBX@@SA?AVRay@G3D@@ABVUIEvent@2@PAVICameraOwner@2@@Z,
0x100becb0,0x39,?getSearchRay@MouseCommand@RBX@@SA?AVRay@G3D@@ABVUIEvent@2@PAVICameraOwner@2@@Z,
0x100becf0,0x33,?getUnitMouseRay@MouseCommand@RBX@@QBE?AVRay@G3D@@ABVUIEvent@2@@Z,
0x100bed30,0x33,?getSearchRay@MouseCommand@RBX@@QBE?AVRay@G3D@@ABVUIEvent@2@@Z,
0x100beda0,0x22,?getCursorName@MouseCommand@RBX@@EBE?BV?$basic_string@DU?$char_traits@D@std@@V?$allocator@D@2@@std@@XZ,
0x100bf020,0x89,?getMousePart@MouseCommand@RBX@@SAPAVPartInstance@2@ABVRay@G3D@@ABVContactManager@2@PBVPrimitive@2@PBVHitTestFilter@2@AAVVector3@5@M@Z,
0x100bf110,0x2d,?getCursorName@ArrowToolBase@RBX@@MBE?BV?$basic_string@DU?$char_traits@D@std@@V?$allocator@D@2@@std@@XZ,
0x100bfd10,0x78,??$create@V?$FilteredSelection@VInstance@RBX@@@RBX@@@?$Creatable@VInstance@RBX@@@RBX@@SA?AV?$shared_ptr@V?$FilteredSelection@VInstance@RBX@@@RBX@@@boost@@XZ,
0x100bfe60,0x209,?getMouseInstances@BoxSelectCommand@RBX@@AAEXAAV?$set@PAVInstance@RBX@@U?$less@PAVInstance@RBX@@@std@@V?$allocator@PAVInstance@RBX@@@4@@std@@ABVUIEvent@2@AAVRect2D@G3D@@@Z,
0x100c09e0,0xc5,?selectAnd@BoxSelectCommand@RBX@@AAEXABV?$set@PAVInstance@RBX@@U?$less@PAVInstance@RBX@@@std@@V?$allocator@PAVInstance@RBX@@@4@@std@@@Z,
0x100c0ab0,0xc5,?selectReverse@BoxSelectCommand@RBX@@AAEXABV?$set@PAVInstance@RBX@@U?$less@PAVInstance@RBX@@@std@@V?$allocator@PAVInstance@RBX@@@4@@std@@@Z,
0x100c0d90,0x5b,?moveSafe@RootInstance@RBX@@AAEXAAVMegaDragger@2@VVector3@G3D@@W4MoveType@12@@Z,
0x100c0df0,0x85,?moveSafe@RootInstance@RBX@@AAEXAAV?$vector@V?$weak_ptr@VPartInstance@RBX@@@boost@@V?$allocator@V?$weak_ptr@VPartInstance@RBX@@@boost@@@std@@@std@@VVector3@G3D@@W4MoveType@12@@Z,
0x100c0eb0,0xa7,?computeIdeInsertPoint@RootInstance@RBX@@ABE?AVVector3@G3D@@XZ,
0x100c0f60,0xb9,?moveToIdeInsertPoint@RootInstance@RBX@@AAEXAAV?$vector@V?$weak_ptr@VPartInstance@RBX@@@boost@@V?$allocator@V?$weak_ptr@VPartInstance@RBX@@@boost@@@std@@@std@@@Z,
0x100c1110,0xbe,?insertRaw@RootInstance@RBX@@AAEXABV?$vector@V?$shared_ptr@VInstance@RBX@@@boost@@V?$allocator@V?$shared_ptr@VInstance@RBX@@@boost@@@std@@@std@@PAVInstance@2@AAV?$vector@V?$weak_ptr@VPartInstance@RBX@@@boost@@V?$allocator@V?$weak_ptr@VPartInstance@RBX@@@boost@@@std@@@4@@Z,
0x100c1430,0x204,?computeCharacterInsertPoint@RootInstance@RBX@@ABE?AVVector3@G3D@@ABVExtents@2@@Z,
0x100c17a0,0xbe,?moveToCharacterInsertPoint@RootInstance@RBX@@AAEXAAV?$vector@V?$weak_ptr@VPartInstance@RBX@@@boost@@V?$allocator@V?$weak_ptr@VPartInstance@RBX@@@boost@@@std@@@std@@@Z,
0x100c1860,0xf3,?insertToTree@RootInstance@RBX@@AAEXABV?$vector@V?$shared_ptr@VInstance@RBX@@@boost@@V?$allocator@V?$shared_ptr@VInstance@RBX@@@boost@@@std@@@std@@PAVInstance@2@@Z,
0x100c1960,0x85,?insertCharacterView@RootInstance@RBX@@AAEXABV?$vector@V?$shared_ptr@VInstance@RBX@@@boost@@V?$allocator@V?$shared_ptr@VInstance@RBX@@@boost@@@std@@@std@@AAV?$vector@V?$weak_ptr@VPartInstance@RBX@@@boost@@V?$allocator@V?$weak_ptr@VPartInstance@RBX@@@boost@@@std@@@4@@Z,
0x100c1b50,0x132,?insertIdeView@RootInstance@RBX@@AAEXABV?$vector@V?$shared_ptr@VInstance@RBX@@@boost@@V?$allocator@V?$shared_ptr@VInstance@RBX@@@boost@@@std@@@std@@AAV?$vector@V?$weak_ptr@VPartInstance@RBX@@@boost@@V?$allocator@V?$weak_ptr@VPartInstance@RBX@@@boost@@@std@@@4@W4PromptMode@2@@Z,
0x100c1c90,0x115,?insert3dView@RootInstance@RBX@@AAEXABV?$vector@V?$shared_ptr@VInstance@RBX@@@boost@@V?$allocator@V?$shared_ptr@VInstance@RBX@@@boost@@@std@@@std@@W4PromptMode@2@@Z,
0x100c1ee0,0x3cf,?insertInstances@RootInstance@RBX@@QAEXABV?$vector@V?$shared_ptr@VInstance@RBX@@@boost@@V?$allocator@V?$shared_ptr@VInstance@RBX@@@boost@@@std@@@std@@PAVInstance@2@W4InsertMode@2@W4PromptMode@2@@Z,
0x100c25f0,0x7,?getCameraFocus@Camera@RBX@@QBEABVCoordinateFrame@G3D@@XZ,
0x100c2e90,0x4f,?getValue@?$GetImpl@P8Mouse@RBX@@BE?AVCoordinateFrame@G3D@@XZ@?$PropDescriptor@VMouse@RBX@@VCoordinateFrame@G3D@@@Reflection@RBX@@UBE?AVCoordinateFrame@G3D@@PBVDescribedBase@34@@Z,
0x100c3380,0x5b,??$getset@P8Camera@RBX@@BE?AW4CameraType@12@XZP812@AEXW4312@@Z@?$PropDescriptor@VCamera@RBX@@W4CameraType@12@@Reflection@RBX@@SA?AV?$auto_ptr@VGetSet@?$TypedPropertyDescriptor@W4CameraType@Camera@RBX@@@Reflection@RBX@@@std@@P8Camera@2@BE?AW4CameraType@52@XZP852@AEXW4652@@Z@Z,
0x100c33e0,0x5b,??$getset@P8Camera@RBX@@BE?AVCoordinateFrame@G3D@@XZP812@AEXABV34@@Z@?$PropDescriptor@VCamera@RBX@@VCoordinateFrame@G3D@@@Reflection@RBX@@SA?AV?$auto_ptr@VGetSet@?$TypedPropertyDescriptor@VCoordinateFrame@G3D@@@Reflection@RBX@@@std@@P8Camera@2@BE?AVCoordinateFrame@G3D@@XZP852@AEXABV67@@Z@Z,
0x100c3440,0x5b,??$getset@P8Camera@RBX@@BEABVCoordinateFrame@G3D@@XZP812@AEXABV34@@Z@?$PropDescriptor@VCamera@RBX@@VCoordinateFrame@G3D@@@Reflection@RBX@@SA?AV?$auto_ptr@VGetSet@?$TypedPropertyDescriptor@VCoordinateFrame@G3D@@@Reflection@RBX@@@std@@P8Camera@2@BEABVCoordinateFrame@G3D@@XZP852@AEXABV67@@Z@Z,
0x100c34a0,0x5b,??$getset@P8Camera@RBX@@BEPAVInstance@2@XZP812@AEXPAV32@@Z@?$PropDescriptor@VCamera@RBX@@PAVInstance@2@@Reflection@RBX@@SA?AV?$auto_ptr@VGetSet@?$TypedPropertyDescriptor@PAVInstance@RBX@@@Reflection@RBX@@@std@@P8Camera@2@BEPAVInstance@2@XZP852@AEXPAV62@@Z@Z,
0x100c3b70,0x9e,??$?0P8Camera@RBX@@BE?AVCoordinateFrame@G3D@@XZP801@AEXABV23@@Z@?$PropDescriptor@VCamera@RBX@@VCoordinateFrame@G3D@@@Reflection@RBX@@QAE@PBD0P8Camera@2@BE?AVCoordinateFrame@G3D@@XZP832@AEXABV45@@ZW4Functionality@PropertyDescriptor@12@@Z,
0x100c3c10,0x9e,??$?0P8Camera@RBX@@BEABVCoordinateFrame@G3D@@XZP801@AEXABV23@@Z@?$PropDescriptor@VCamera@RBX@@VCoordinateFrame@G3D@@@Reflection@RBX@@QAE@PBD0P8Camera@2@BEABVCoordinateFrame@G3D@@XZP832@AEXABV45@@ZW4Functionality@PropertyDescriptor@12@@Z,
0x100c3e20,0x3a,?getStringValue@?$EnumPropDescriptor@VCamera@RBX@@W4CameraType@12@@Reflection@RBX@@UBE?AV?$basic_string@DU?$char_traits@D@std@@V?$allocator@D@2@@std@@PBVDescribedBase@23@@Z,
0x100c3e60,0x45,?setStringValue@?$EnumPropDescriptor@VCamera@RBX@@W4CameraType@12@@Reflection@RBX@@UBE_NPAVDescribedBase@23@ABV?$basic_string@DU?$char_traits@D@std@@V?$allocator@D@2@@std@@@Z,
0x100c4770,0x325,?zoomExtents@Camera@RBX@@QAEXVExtents@2@ABVRect2D@G3D@@W4ZoomType@12@@Z,
0x100c4b20,0x256,?setImageServerViewNoLerp@Camera@RBX@@QAEXABVCoordinateFrame@G3D@@ABVRect2D@4@@Z,
0x100c5060,0x21,?getCursorName@NewNullTool@RBX@@EBE?BV?$basic_string@DU?$char_traits@D@std@@V?$allocator@D@2@@std@@XZ,
0x100c5ca0,0x17e,?getLocalTargetPosition@AIController@RBX@@IBE?AVVector3@G3D@@XZ,
0x100c5e40,0x16c,??$shared_from@$$CBVInstance@RBX@@@RBX@@YA?AV?$shared_ptr@$$CBVInstance@RBX@@@boost@@PBVInstance@0@@Z,
0x100c6f00,0x158,?getController@ControllerService@RBX@@QAE?AV?$ReferenceCountedPointer@VController@RBX@@@G3D@@W4ControllerType@Controller@2@PBVPVInstance@2@@Z,
0x100c72c0,0x24,?getTitle@GuiItem@RBX@@MAE?AV?$basic_string@DU?$char_traits@D@std@@V?$allocator@D@2@@std@@XZ,
0x100c7490,0x1d,?getPosition@GuiItem@RBX@@MBE?AVVector2@G3D@@XZ,
0x100c74b0,0x18,?getChildPosition@GuiItem@RBX@@MBE?AVVector2@G3D@@PBV12@@Z,
0x100c7500,0x23,?getFontColor@Widget@RBX@@MAE?AVColor4@G3D@@XZ,
0x100c75b0,0x18,?getSize@GuiItem@RBX@@UBE?AVVector2@G3D@@XZ,
0x100c75e0,0x69,?getValue@?$SetImpl@P8HopperBin@RBX@@AEXABV?$basic_string@DU?$char_traits@D@std@@V?$allocator@D@2@@std@@@Z@?$PropDescriptor@VHopperBin@RBX@@V?$basic_string@DU?$char_traits@D@std@@V?$allocator@D@2@@std@@@Reflection@RBX@@UBE?AV?$basic_string@DU?$char_traits@D@std@@V?$allocator@D@2@@std@@PBVDescribedBase@34@@Z,
0x100c7650,0x33,?setValue@?$SetImpl@P8HopperBin@RBX@@AEXABV?$basic_string@DU?$char_traits@D@std@@V?$allocator@D@2@@std@@@Z@?$PropDescriptor@VHopperBin@RBX@@V?$basic_string@DU?$char_traits@D@std@@V?$allocator@D@2@@std@@@Reflection@RBX@@UBEXPAVDescribedBase@34@ABV?$basic_string@DU?$char_traits@D@std@@V?$allocator@D@2@@std@@@Z,
0x100c7840,0x2b,?getMouse@ScriptMouseCommand@RBX@@QAE?AV?$shared_ptr@VMouse@RBX@@@boost@@XZ,
0x100c7a70,0x5b,??$getset@P8BackpackItem@RBX@@BE?BVTextureId@2@XZP812@AEXABV32@@Z@?$PropDescriptor@VBackpackItem@RBX@@VTextureId@2@@Reflection@RBX@@SA?AV?$auto_ptr@VGetSet@?$TypedPropertyDescriptor@VTextureId@RBX@@@Reflection@RBX@@@std@@P8BackpackItem@2@BE?BVTextureId@2@XZP852@AEXABV62@@Z@Z,
0x100c7ad0,0x5b,??$getset@P8HopperBin@RBX@@BE?AW4BinType@12@XZP812@AEXW4312@@Z@?$PropDescriptor@VHopperBin@RBX@@W4BinType@12@@Reflection@RBX@@SA?AV?$auto_ptr@VGetSet@?$TypedPropertyDescriptor@W4BinType@HopperBin@RBX@@@Reflection@RBX@@@std@@P8HopperBin@2@BE?AW4BinType@52@XZP852@AEXW4652@@Z@Z,
0x100c7b30,0x4d,??$getset@HP8HopperBin@RBX@@AEXABV?$basic_string@DU?$char_traits@D@std@@V?$allocator@D@2@@std@@@Z@?$PropDescriptor@VHopperBin@RBX@@V?$basic_string@DU?$char_traits@D@std@@V?$allocator@D@2@@std@@@Reflection@RBX@@SA?AV?$auto_ptr@VGetSet@?$TypedPropertyDescriptor@V?$basic_string@DU?$char_traits@D@std@@V?$allocator@D@2@@std@@@Reflection@RBX@@@std@@HP8HopperBin@2@AEXABV?$basic_string@DU?$char_traits@D@std@@V?$allocator@D@2@@4@@Z@Z,
0x100c8990,0x3a,?getStringValue@?$EnumPropDescriptor@VHopperBin@RBX@@W4BinType@12@@Reflection@RBX@@UBE?AV?$basic_string@DU?$char_traits@D@std@@V?$allocator@D@2@@std@@PBVDescribedBase@23@@Z,
0x100c89d0,0x45,?setStringValue@?$EnumPropDescriptor@VHopperBin@RBX@@W4BinType@12@@Reflection@RBX@@UBE_NPAVDescribedBase@23@ABV?$basic_string@DU?$char_traits@D@std@@V?$allocator@D@2@@std@@@Z,
0x100c8ba0,0x99,??$?0HP8HopperBin@RBX@@AEXABV?$basic_string@DU?$char_traits@D@std@@V?$allocator@D@2@@std@@@Z@?$PropDescriptor@VHopperBin@RBX@@V?$basic_string@DU?$char_traits@D@std@@V?$allocator@D@2@@std@@@Reflection@RBX@@QAE@PBD0HP8HopperBin@2@AEXABV?$basic_string@DU?$char_traits@D@std@@V?$allocator@D@2@@std@@@ZW4Functionality@PropertyDescriptor@12@@Z,
0x100c99e0,0xf2,?setLegacyTextureName@HopperBin@RBX@@QAEXABV?$basic_string@DU?$char_traits@D@std@@V?$allocator@D@2@@std@@@Z,
0x100c9d60,0x3b,?setLegacyCommand@HopperBin@RBX@@QAEXABV?$basic_string@DU?$char_traits@D@std@@V?$allocator@D@2@@std@@@Z,
0x100c9dc0,0x7,?getGrip@Tool@RBX@@QBEABVCoordinateFrame@G3D@@XZ,
0x100c9f90,0x21,?getGripPos@Tool@RBX@@QBE?BVVector3@G3D@@XZ,
0x100c9fc0,0x44,?getGripForward@Tool@RBX@@QBE?BVVector3@G3D@@XZ,
0x100ca010,0x19,?getGripUp@Tool@RBX@@QBE?BVVector3@G3D@@XZ,
0x100ca030,0x19,?getGripRight@Tool@RBX@@QBE?BVVector3@G3D@@XZ,
0x100ca240,0x58,?getLocation@Tool@RBX@@EBE?BVCoordinateFrame@G3D@@XZ,
0x100ca2f0,0x55,?getValue@?$GetSetImpl@P8Tool@RBX@@BEABVCoordinateFrame@G3D@@XZP812@AEXABV34@@Z@?$PropDescriptor@VTool@RBX@@VCoordinateFrame@G3D@@@Reflection@RBX@@UBE?AVCoordinateFrame@G3D@@PBVDescribedBase@34@@Z,
0x100ca350,0x36,?setValue@?$GetSetImpl@P8Tool@RBX@@BE?BVVector3@G3D@@XZP812@AEXABV34@@Z@?$PropDescriptor@VTool@RBX@@VVector3@G3D@@@Reflection@RBX@@UBEXPAVDescribedBase@34@ABVVector3@G3D@@@Z,
0x100ca390,0x52,?getValue@?$GetSetImpl@P8Tool@RBX@@BE?BVVector3@G3D@@XZP812@AEXABV34@@Z@?$PropDescriptor@VTool@RBX@@VVector3@G3D@@@Reflection@RBX@@UBE?AVVector3@G3D@@PBVDescribedBase@34@@Z,
0x100ca750,0x69,??$getset@P8Tool@RBX@@BEABVCoordinateFrame@G3D@@XZP812@AEXABV34@@Z@?$PropDescriptor@VTool@RBX@@VCoordinateFrame@G3D@@@Reflection@RBX@@SA?AV?$auto_ptr@VGetSet@?$TypedPropertyDescriptor@VCoordinateFrame@G3D@@@Reflection@RBX@@@std@@P8Tool@2@BEABVCoordinateFrame@G3D@@XZP852@AEXABV67@@Z@Z,
0x100ca7c0,0x69,??$getset@P8Tool@RBX@@BE?BVVector3@G3D@@XZP812@AEXABV34@@Z@?$PropDescriptor@VTool@RBX@@VVector3@G3D@@@Reflection@RBX@@SA?AV?$auto_ptr@VGetSet@?$TypedPropertyDescriptor@VVector3@G3D@@@Reflection@RBX@@@std@@P8Tool@2@BE?BVVector3@G3D@@XZP852@AEXABV67@@Z@Z,
0x100caf70,0x47,?connect@?$TSignalDesc@$$A6AXV?$shared_ptr@VInstance@RBX@@@boost@@@Z@Reflection@RBX@@QAE?AVconnection@signals@boost@@PAVSignalSource@23@ABV?$slot@V?$function@$$A6AXV?$shared_ptr@VInstance@RBX@@@boost@@@ZV?$allocator@X@std@@@boost@@@6@H@Z,
0x100cb400,0xbc,??$?0P8Tool@RBX@@BEABVCoordinateFrame@G3D@@XZP801@AEXABV23@@Z@?$PropDescriptor@VTool@RBX@@VCoordinateFrame@G3D@@@Reflection@RBX@@QAE@PBD0P8Tool@2@BEABVCoordinateFrame@G3D@@XZP832@AEXABV45@@ZW4Functionality@PropertyDescriptor@12@@Z,
0x100cb4c0,0xbc,??$?0P8Tool@RBX@@BE?BVVector3@G3D@@XZP801@AEXABV23@@Z@?$PropDescriptor@VTool@RBX@@VVector3@G3D@@@Reflection@RBX@@QAE@PBD0P8Tool@2@BE?BVVector3@G3D@@XZP832@AEXABV45@@ZW4Functionality@PropertyDescriptor@12@@Z,
0x100cc1b0,0x78,??$create@VMouse@RBX@@@?$Creatable@VInstance@RBX@@@RBX@@SA?AV?$shared_ptr@VMouse@RBX@@@boost@@XZ,
0x100cc230,0xc1,?getMouse@Tool@RBX@@AAE?AV?$shared_ptr@VMouse@RBX@@@boost@@XZ,
0x100d0b10,0x5d,?getVerb@VerbContainer@RBX@@QAEPAVVerb@2@V?$basic_string@DU?$char_traits@D@std@@V?$allocator@D@2@@std@@@Z,
0x100d0fc0,0x3d,?disabledFill@GuiItem@RBX@@SAABVColor4@G3D@@XZ,
0x100d1000,0x37,?translucentBackdrop@GuiItem@RBX@@SAABVColor4@G3D@@XZ,
0x100d10b0,0xcb,?label2d@GuiItem@RBX@@IBEXPAVAdorn@2@ABV?$basic_string@DU?$char_traits@D@std@@V?$allocator@D@2@@std@@ABVColor4@G3D@@2W4XAlign@32@@Z,
0x100d1270,0x72,?toPixelSize@GuiRoot@RBX@@SA?AVVector2@G3D@@ABV34@@Z,
0x100d1360,0xf1,?getPosition@RelativePanel@RBX@@UBE?AVVector2@G3D@@XZ,
0x100d1460,0x69,?getMyRect2D@GuiItem@RBX@@IBE?AVRect2D@G3D@@XZ,
0x100d16c0,0x18,?getSize@GuiRoot@RBX@@EBE?AVVector2@G3D@@XZ,
0x100d17c0,0x103,?getSize@TopMenuBar@RBX@@UBE?AVVector2@G3D@@XZ,
0x100d18d0,0x11b,?getChildPosition@TopMenuBar@RBX@@MBE?AVVector2@G3D@@PBVGuiItem@2@@Z,
0x100d5be0,0x30,?getSize@BackpackItem@RBX@@MBE?AVVector2@G3D@@XZ,
0x100d7a90,0xa,?getC0@AutoJoint@RBX@@QBEABVCoordinateFrame@G3D@@XZ,
0x100d7aa0,0xa,?getC1@AutoJoint@RBX@@QBEABVCoordinateFrame@G3D@@XZ,
0x100d7da0,0x44,?getValue@?$GetSetImpl@P8AutoJoint@RBX@@BEABVCoordinateFrame@G3D@@XZP812@AEXABV34@@Z@?$PropDescriptor@VAutoJoint@RBX@@VCoordinateFrame@G3D@@@Reflection@RBX@@UBE?AVCoordinateFrame@G3D@@PBVDescribedBase@34@@Z,
0x100d7ee0,0x5b,??$getset@P8AutoJoint@RBX@@BEPAVPartInstance@2@XZP812@AEXPAV32@@Z@?$PropDescriptor@VAutoJoint@RBX@@PAVPartInstance@2@@Reflection@RBX@@SA?AV?$auto_ptr@VGetSet@?$TypedPropertyDescriptor@PAVPartInstance@RBX@@@Reflection@RBX@@@std@@P8AutoJoint@2@BEPAVPartInstance@2@XZP852@AEXPAV62@@Z@Z,
0x100d7f40,0x5b,??$getset@P8AutoJoint@RBX@@BEABVCoordinateFrame@G3D@@XZP812@AEXABV34@@Z@?$PropDescriptor@VAutoJoint@RBX@@VCoordinateFrame@G3D@@@Reflection@RBX@@SA?AV?$auto_ptr@VGetSet@?$TypedPropertyDescriptor@VCoordinateFrame@G3D@@@Reflection@RBX@@@std@@P8AutoJoint@2@BEABVCoordinateFrame@G3D@@XZP852@AEXABV67@@Z@Z,
0x100d88c0,0x9e,??$?0P8AutoJoint@RBX@@BEABVCoordinateFrame@G3D@@XZP801@AEXABV23@@Z@?$PropDescriptor@VAutoJoint@RBX@@VCoordinateFrame@G3D@@@Reflection@RBX@@QAE@PBD0P8AutoJoint@2@BEABVCoordinateFrame@G3D@@XZP832@AEXABV45@@ZW4Functionality@PropertyDescriptor@12@@Z,
0x100dab50,0x21,?getTeams@Teams@RBX@@QAE?AV?$shared_ptr@$$CBV?$vector@V?$shared_ptr@VInstance@RBX@@@boost@@V?$allocator@V?$shared_ptr@VInstance@RBX@@@boost@@@std@@@std@@@boost@@XZ,
0x100dad30,0xcf,?getTeamColorForHumanoid@Teams@RBX@@QAE?AVColor3@G3D@@PAVHumanoid@2@@Z,
0x100db250,0x6c,??0?$BoundFuncDesc@VTeams@RBX@@$$A6A?AV?$shared_ptr@$$CBV?$vector@V?$shared_ptr@VInstance@RBX@@@boost@@V?$allocator@V?$shared_ptr@VInstance@RBX@@@boost@@@std@@@std@@@boost@@XZ$0A@@Reflection@RBX@@QAE@P8Teams@2@AE?AV?$shared_ptr@$$CBV?$vector@V?$shared_ptr@VInstance@RBX@@@boost@@V?$allocator@V?$shared_ptr@VInstance@RBX@@@boost@@@std@@@std@@@boost@@XZPBDW4Security@FunctionDescriptor@12@@Z,
0x100db2c0,0x5a,?execute@?$BoundFuncDesc@VTeams@RBX@@$$A6A?AV?$shared_ptr@$$CBV?$vector@V?$shared_ptr@VInstance@RBX@@@boost@@V?$allocator@V?$shared_ptr@VInstance@RBX@@@boost@@@std@@@std@@@boost@@XZ$0A@@Reflection@RBX@@UBEXPAVDescribedBase@23@AAVArguments@FunctionDescriptor@23@@Z,
0x100db440,0x7,?getAttachmentPoint@Accoutrement@RBX@@QBEABVCoordinateFrame@G3D@@XZ,
0x100db4d0,0x21,?getAttachmentPos@Accoutrement@RBX@@QBE?BVVector3@G3D@@XZ,
0x100db500,0x44,?getAttachmentForward@Accoutrement@RBX@@QBE?BVVector3@G3D@@XZ,
0x100db550,0x19,?getAttachmentUp@Accoutrement@RBX@@QBE?BVVector3@G3D@@XZ,
0x100db570,0x19,?getAttachmentRight@Accoutrement@RBX@@QBE?BVVector3@G3D@@XZ,
0x100db6e0,0x58,?getLocation@Accoutrement@RBX@@MBE?BVCoordinateFrame@G3D@@XZ,
0x100db740,0x55,?getValue@?$GetSetImpl@P8Accoutrement@RBX@@BEABVCoordinateFrame@G3D@@XZP812@AEXABV34@@Z@?$PropDescriptor@VAccoutrement@RBX@@VCoordinateFrame@G3D@@@Reflection@RBX@@UBE?AVCoordinateFrame@G3D@@PBVDescribedBase@34@@Z,
0x100db7e0,0x52,?getValue@?$GetSetImpl@P8Accoutrement@RBX@@BE?BVVector3@G3D@@XZP812@AEXABV34@@Z@?$PropDescriptor@VAccoutrement@RBX@@VVector3@G3D@@@Reflection@RBX@@UBE?AVVector3@G3D@@PBVDescribedBase@34@@Z,
0x100dbf70,0x69,??$getset@P8Accoutrement@RBX@@BEABVCoordinateFrame@G3D@@XZP812@AEXABV34@@Z@?$PropDescriptor@VAccoutrement@RBX@@VCoordinateFrame@G3D@@@Reflection@RBX@@SA?AV?$auto_ptr@VGetSet@?$TypedPropertyDescriptor@VCoordinateFrame@G3D@@@Reflection@RBX@@@std@@P8Accoutrement@2@BEABVCoordinateFrame@G3D@@XZP852@AEXABV67@@Z@Z,
0x100dbfe0,0x69,??$getset@P8Accoutrement@RBX@@BE?BVVector3@G3D@@XZP812@AEXABV34@@Z@?$PropDescriptor@VAccoutrement@RBX@@VVector3@G3D@@@Reflection@RBX@@SA?AV?$auto_ptr@VGetSet@?$TypedPropertyDescriptor@VVector3@G3D@@@Reflection@RBX@@@std@@P8Accoutrement@2@BE?BVVector3@G3D@@XZP852@AEXABV67@@Z@Z,
0x100dc500,0xbc,??$?0P8Accoutrement@RBX@@BEABVCoordinateFrame@G3D@@XZP801@AEXABV23@@Z@?$PropDescriptor@VAccoutrement@RBX@@VCoordinateFrame@G3D@@@Reflection@RBX@@QAE@PBD0P8Accoutrement@2@BEABVCoordinateFrame@G3D@@XZP832@AEXABV45@@ZW4Functionality@PropertyDescriptor@12@@Z,
0x100dc5c0,0xbc,??$?0P8Accoutrement@RBX@@BE?BVVector3@G3D@@XZP801@AEXABV23@@Z@?$PropDescriptor@VAccoutrement@RBX@@VVector3@G3D@@@Reflection@RBX@@QAE@PBD0P8Accoutrement@2@BE?BVVector3@G3D@@XZP832@AEXABV45@@ZW4Functionality@PropertyDescriptor@12@@Z,
0x100dda40,0x7d,??$create@VSnap@RBX@@PAVJoint@2@@?$Creatable@VInstance@RBX@@@RBX@@SA?AV?$shared_ptr@VSnap@RBX@@@boost@@PAVJoint@1@@Z,
0x100ddac0,0x7d,??$create@VWeld@RBX@@PAVJoint@2@@?$Creatable@VInstance@RBX@@@RBX@@SA?AV?$shared_ptr@VWeld@RBX@@@boost@@PAVJoint@1@@Z,
0x100ddb40,0x7d,??$create@VGlue@RBX@@PAVJoint@2@@?$Creatable@VInstance@RBX@@@RBX@@SA?AV?$shared_ptr@VGlue@RBX@@@boost@@PAVJoint@1@@Z,
0x100ddbc0,0x7d,??$create@VRotate@RBX@@PAVJoint@2@@?$Creatable@VInstance@RBX@@@RBX@@SA?AV?$shared_ptr@VRotate@RBX@@@boost@@PAVJoint@1@@Z,
0x100ddc40,0x7d,??$create@VRotateP@RBX@@PAVJoint@2@@?$Creatable@VInstance@RBX@@@RBX@@SA?AV?$shared_ptr@VRotateP@RBX@@@boost@@PAVJoint@1@@Z,
0x100ddcc0,0x7d,??$create@VRotateV@RBX@@PAVJoint@2@@?$Creatable@VInstance@RBX@@@RBX@@SA?AV?$shared_ptr@VRotateV@RBX@@@boost@@PAVJoint@1@@Z,
0x100e2110,0x5b,??$getset@P8Explosion@RBX@@BEMXZP812@AEXM@Z@?$PropDescriptor@VExplosion@RBX@@M@Reflection@RBX@@SA?AV?$auto_ptr@VGetSet@?$TypedPropertyDescriptor@M@Reflection@RBX@@@std@@P8Explosion@2@BEMXZP852@AEXM@Z@Z,
0x100e2710,0x19c,??RGenericSlotAdapter@?$SignalDescImpl@$01$$A6AXV?$shared_ptr@VInstance@RBX@@@boost@@M@Z@Reflection@RBX@@QAEXV?$shared_ptr@VInstance@RBX@@@boost@@M@Z,
0x100e28b0,0x65,??0TSignalInstance@?$TSignalDesc@$$A6AXV?$shared_ptr@VInstance@RBX@@@boost@@M@Z@Reflection@RBX@@QAE@PAVSignalSource@23@ABVSignalDescriptor@23@@Z,
0x100e2a90,0xce,??$?0VExplosion@RBX@@@?$BoundProp@VVector3@G3D@@$00@Reflection@RBX@@QAE@PBD0PQExplosion@2@VVector3@G3D@@W4Functionality@PropertyDescriptor@12@@Z,
0x100e2d00,0x128,??0?$SignalDesc@VExplosion@RBX@@$$A6AXV?$shared_ptr@VInstance@RBX@@@boost@@M@Z@Reflection@RBX@@QAE@PBD00@Z,
0x100e2e30,0x66,?newSignalInstance@?$TSignalDesc@$$A6AXV?$shared_ptr@VInstance@RBX@@@boost@@M@Z@Reflection@RBX@@EBEPAVSignalInstance@23@AAVSignalSource@23@@Z,
0x100e3560,0xaf,?fire@?$SignalDescImpl@$01$$A6AXV?$shared_ptr@VInstance@RBX@@@boost@@M@Z@Reflection@RBX@@QAEXPAVSignalSource@23@V?$shared_ptr@VInstance@RBX@@@boost@@M@Z,
0x100e3b40,0xdb,?connectGeneric@?$SignalDescImpl@$01$$A6AXV?$shared_ptr@VInstance@RBX@@@boost@@M@Z@Reflection@RBX@@MBE?AVconnection@signals@boost@@PAVSignalInstance@23@PAVGenericSlotWrapper@23@W4connect_position@56@@Z,
0x100e3e30,0x274,?computeLocalCoordinateFrame@Feature@RBX@@QBE?AVCoordinateFrame@G3D@@XZ,
0x100e49e0,0x5b,??$getset@P8VelocityMotor@RBX@@BEPAVHole@2@XZP812@AEXPAV32@@Z@?$PropDescriptor@VVelocityMotor@RBX@@PAVHole@2@@Reflection@RBX@@SA?AV?$auto_ptr@VGetSet@?$TypedPropertyDescriptor@PAVHole@RBX@@@Reflection@RBX@@@std@@P8VelocityMotor@2@BEPAVHole@2@XZP852@AEXPAV62@@Z@Z,
0x100e4aa0,0x5b,??$getset@P8Feature@RBX@@BE?AW4NormalId@2@XZP812@AEXW432@@Z@?$PropDescriptor@VFeature@RBX@@W4NormalId@2@@Reflection@RBX@@SA?AV?$auto_ptr@VGetSet@?$TypedPropertyDescriptor@W4NormalId@RBX@@@Reflection@RBX@@@std@@P8Feature@2@BE?AW4NormalId@2@XZP852@AEXW462@@Z@Z,
0x100e4b00,0x5b,??$getset@P8Feature@RBX@@BE?AW4TopBottom@12@XZP812@AEXW4312@@Z@?$PropDescriptor@VFeature@RBX@@W4TopBottom@12@@Reflection@RBX@@SA?AV?$auto_ptr@VGetSet@?$TypedPropertyDescriptor@W4TopBottom@Feature@RBX@@@Reflection@RBX@@@std@@P8Feature@2@BE?AW4TopBottom@52@XZP852@AEXW4652@@Z@Z,
0x100e4b60,0x5b,??$getset@P8Feature@RBX@@BE?AW4LeftRight@12@XZP812@AEXW4312@@Z@?$PropDescriptor@VFeature@RBX@@W4LeftRight@12@@Reflection@RBX@@SA?AV?$auto_ptr@VGetSet@?$TypedPropertyDescriptor@W4LeftRight@Feature@RBX@@@Reflection@RBX@@@std@@P8Feature@2@BE?AW4LeftRight@52@XZP852@AEXW4652@@Z@Z,
0x100e4bc0,0x5b,??$getset@P8Feature@RBX@@BE?AW4InOut@12@XZP812@AEXW4312@@Z@?$PropDescriptor@VFeature@RBX@@W4InOut@12@@Reflection@RBX@@SA?AV?$auto_ptr@VGetSet@?$TypedPropertyDescriptor@W4InOut@Feature@RBX@@@Reflection@RBX@@@std@@P8Feature@2@BE?AW4InOut@52@XZP852@AEXW4652@@Z@Z,
0x100e62d0,0x45,?setStringValue@?$EnumPropDescriptor@VFeature@RBX@@W4TopBottom@12@@Reflection@RBX@@UBE_NPAVDescribedBase@23@ABV?$basic_string@DU?$char_traits@D@std@@V?$allocator@D@2@@std@@@Z,
0x100e6560,0x3a,?getStringValue@?$EnumPropDescriptor@VFeature@RBX@@W4LeftRight@12@@Reflection@RBX@@UBE?AV?$basic_string@DU?$char_traits@D@std@@V?$allocator@D@2@@std@@PBVDescribedBase@23@@Z,
0x100e65a0,0x45,?setStringValue@?$EnumPropDescriptor@VFeature@RBX@@W4LeftRight@12@@Reflection@RBX@@UBE_NPAVDescribedBase@23@ABV?$basic_string@DU?$char_traits@D@std@@V?$allocator@D@2@@std@@@Z,
0x100e6830,0x3a,?getStringValue@?$EnumPropDescriptor@VFeature@RBX@@W4InOut@12@@Reflection@RBX@@UBE?AV?$basic_string@DU?$char_traits@D@std@@V?$allocator@D@2@@std@@PBVDescribedBase@23@@Z,
0x100e6870,0x45,?setStringValue@?$EnumPropDescriptor@VFeature@RBX@@W4InOut@12@@Reflection@RBX@@UBE_NPAVDescribedBase@23@ABV?$basic_string@DU?$char_traits@D@std@@V?$allocator@D@2@@std@@@Z,
0x100e7090,0xcc,?convertToValue@?$EnumDesc@W4AssertAction@Debugable@RBX@@@Reflection@RBX@@QBE_NABV?$basic_string@DU?$char_traits@D@std@@V?$allocator@D@2@@std@@AAW4AssertAction@Debugable@3@@Z,
0x100e72c0,0x3a,?getStringValue@?$EnumPropDescriptor@VFaceInstance@RBX@@W4NormalId@2@@Reflection@RBX@@UBE?AV?$basic_string@DU?$char_traits@D@std@@V?$allocator@D@2@@std@@PBVDescribedBase@23@@Z,
0x100e8120,0x69,??$getset@P8FlagStand@RBX@@BE?AVBrickColor@2@XZP812@AEXV32@@Z@?$PropDescriptor@VFlagStand@RBX@@VBrickColor@2@@Reflection@RBX@@SA?AV?$auto_ptr@VGetSet@?$TypedPropertyDescriptor@VBrickColor@RBX@@@Reflection@RBX@@@std@@P8FlagStand@2@BE?AVBrickColor@2@XZP852@AEXV62@@Z@Z,
0x100e9370,0xe1,?renderForceField@RBX@@YAXV?$shared_ptr@VInstance@RBX@@@boost@@PAVAdorn@1@H@Z,
0x100e9570,0x12f,??$visitDescendents@V?$bind_t@XP6AXV?$shared_ptr@VInstance@RBX@@@boost@@PAVAdorn@RBX@@H@ZV?$list3@V?$arg@$00@boost@@V?$value@PAVAdorn@RBX@@@_bi@2@V?$value@H@42@@_bi@2@@_bi@boost@@@Instance@RBX@@QBEXV?$bind_t@XP6AXV?$shared_ptr@VInstance@RBX@@@boost@@PAVAdorn@RBX@@H@ZV?$list3@V?$arg@$00@boost@@V?$value@PAVAdorn@RBX@@@_bi@2@V?$value@H@42@@_bi@2@@_bi@boost@@@Z,
0x100e9b90,0x16e,?getHitLocationFilterDescendants@GeometryService@RBX@@QAE?AVVector3@G3D@@PAVInstance@2@VRay@4@@Z,
0x100e9f50,0x21,?getLastForce@BodyPosition@RBX@@QAE?AVVector3@G3D@@XZ,
0x100e9f80,0x21,?getLastForce@BodyVelocity@RBX@@QAE?AVVector3@G3D@@XZ,
0x100ea180,0x3d,?getBranchForce@Body@RBX@@QBEABVVector3@G3D@@XZ,
0x100ea3e0,0x3e0,?turn@Rocket@RBX@@AAE?AVVector3@G3D@@PAVBody@2@ABV34@@Z,
0x100eb7c0,0x2c,?getValue@?$BoundPropGetSet@V?$Value@VColor3@G3D@@$1?sColor3Value@RBX@@3PADA@RBX@@@?$BoundProp@VColor3@G3D@@$00@Reflection@RBX@@UBE?AVColor3@G3D@@PBVDescribedBase@34@@Z,
0x100ebfe0,0x5b,??$getset@P8Rocket@RBX@@BEPAVPartInstance@2@XZP812@AEXPAV32@@Z@?$PropDescriptor@VRocket@RBX@@PAVPartInstance@2@@Reflection@RBX@@SA?AV?$auto_ptr@VGetSet@?$TypedPropertyDescriptor@PAVPartInstance@RBX@@@Reflection@RBX@@@std@@P8Rocket@2@BEPAVPartInstance@2@XZP852@AEXPAV62@@Z@Z,
0x100ec350,0xce,??$?0VBodyPosition@RBX@@@?$BoundProp@VVector3@G3D@@$00@Reflection@RBX@@QAE@PBD0PQBodyPosition@2@VVector3@G3D@@W4Functionality@PropertyDescriptor@12@@Z,
0x100ec4f0,0xce,??$?0VBodyVelocity@RBX@@@?$BoundProp@VVector3@G3D@@$00@Reflection@RBX@@QAE@PBD0PQBodyVelocity@2@VVector3@G3D@@W4Functionality@PropertyDescriptor@12@@Z,
0x100ec890,0xd2,??$?0VRocket@RBX@@@?$BoundProp@VVector3@G3D@@$00@Reflection@RBX@@QAE@PBD0PQRocket@2@VVector3@G3D@@P832@AEXABVPropertyDescriptor@12@@ZW4Functionality@612@@Z,
0x100ecb20,0xce,??$?0VRocket@RBX@@@?$BoundProp@VVector3@G3D@@$00@Reflection@RBX@@QAE@PBD0PQRocket@2@VVector3@G3D@@W4Functionality@PropertyDescriptor@12@@Z,
0x100eccc0,0xce,??$?0VBodyGyro@RBX@@@?$BoundProp@VVector3@G3D@@$00@Reflection@RBX@@QAE@PBD0PQBodyGyro@2@VVector3@G3D@@W4Functionality@PropertyDescriptor@12@@Z,
0x100ecd90,0xce,??$?0VBodyGyro@RBX@@@?$BoundProp@VCoordinateFrame@G3D@@$00@Reflection@RBX@@QAE@PBD0PQBodyGyro@2@VCoordinateFrame@G3D@@W4Functionality@PropertyDescriptor@12@@Z,
0x100ed0e0,0xce,??$?0VBodyForce@RBX@@@?$BoundProp@VVector3@G3D@@$00@Reflection@RBX@@QAE@PBD0PQBodyForce@2@VVector3@G3D@@W4Functionality@PropertyDescriptor@12@@Z,
0x100ed2b0,0xce,??$?0VBodyThrust@RBX@@@?$BoundProp@VVector3@G3D@@$00@Reflection@RBX@@QAE@PBD0PQBodyThrust@2@VVector3@G3D@@W4Functionality@PropertyDescriptor@12@@Z,
0x100edbf0,0x6c,??0?$BoundFuncDesc@VBodyPosition@RBX@@$$A6A?AVVector3@G3D@@XZ$0A@@Reflection@RBX@@QAE@P8BodyPosition@2@AE?AVVector3@G3D@@XZPBDW4Security@FunctionDescriptor@12@@Z,
0x100edc60,0x66,?execute@?$BoundFuncDesc@VBodyPosition@RBX@@$$A6A?AVVector3@G3D@@XZ$0A@@Reflection@RBX@@UBEXPAVDescribedBase@23@AAVArguments@FunctionDescriptor@23@@Z,
0x100edcd0,0x6c,??0?$BoundFuncDesc@VBodyVelocity@RBX@@$$A6A?AVVector3@G3D@@XZ$0A@@Reflection@RBX@@QAE@P8BodyVelocity@2@AE?AVVector3@G3D@@XZPBDW4Security@FunctionDescriptor@12@@Z,
0x100edd40,0x66,?execute@?$BoundFuncDesc@VBodyVelocity@RBX@@$$A6A?AVVector3@G3D@@XZ$0A@@Reflection@RBX@@UBEXPAVDescribedBase@23@AAVArguments@FunctionDescriptor@23@@Z,
0x100eef90,0x31,?getValue@?$BoundPropGetSet@V?$Value@V?$basic_string@DU?$char_traits@D@std@@V?$allocator@D@2@@std@@$1?sStringValue@RBX@@3PADA@RBX@@@?$BoundProp@V?$basic_string@DU?$char_traits@D@std@@V?$allocator@D@2@@std@@$00@Reflection@RBX@@UBE?AV?$basic_string@DU?$char_traits@D@std@@V?$allocator@D@2@@std@@PBVDescribedBase@34@@Z,
0x100eefd0,0x3b,?getValue@?$BoundPropGetSet@V?$Value@VCoordinateFrame@G3D@@$1?sCFrameValue@RBX@@3PADA@RBX@@@?$BoundProp@VCoordinateFrame@G3D@@$00@Reflection@RBX@@UBE?AVCoordinateFrame@G3D@@PBVDescribedBase@34@@Z,
0x100ef0c0,0x6c,??0?$TypedPropertyDescriptor@N@Reflection@RBX@@IAE@AAVClassDescriptor@12@PBD1V?$auto_ptr@VGetSet@?$TypedPropertyDescriptor@N@Reflection@RBX@@@std@@W4Functionality@PropertyDescriptor@12@@Z,
0x100ef130,0x5b,??$getset@P8ObjectValue@RBX@@BEPAVInstance@2@XZP812@AEXPAV32@@Z@?$PropDescriptor@VObjectValue@RBX@@PAVInstance@2@@Reflection@RBX@@SA?AV?$auto_ptr@VGetSet@?$TypedPropertyDescriptor@PAVInstance@RBX@@@Reflection@RBX@@@std@@P8ObjectValue@2@BEPAVInstance@2@XZP852@AEXPAV62@@Z@Z,
0x100f1190,0x50,??1?$FactoryProduct@V?$Value@V?$basic_string@DU?$char_traits@D@std@@V?$allocator@D@2@@std@@$1?sStringValue@RBX@@3PADA@RBX@@VInstance@2@$1?sStringValue@2@3PADA@RBX@@MAE@XZ,
0x100f11e0,0x57,??0?$FactoryProduct@V?$Value@V?$basic_string@DU?$char_traits@D@std@@V?$allocator@D@2@@std@@$1?sStringValue@RBX@@3PADA@RBX@@VInstance@2@$1?sStringValue@2@3PADA@RBX@@IAE@XZ,
0x100f1240,0x1f,??_E?$DescribedCreatable@V?$Value@V?$basic_string@DU?$char_traits@D@std@@V?$allocator@D@2@@std@@$1?sStringValue@RBX@@3PADA@RBX@@VInstance@2@$1?sStringValue@2@3PADA@RBX@@UAEPAXI@Z,
0x100f1290,0x5,??1?$DescribedCreatable@V?$Value@V?$basic_string@DU?$char_traits@D@std@@V?$allocator@D@2@@std@@$1?sStringValue@RBX@@3PADA@RBX@@VInstance@2@$1?sStringValue@2@3PADA@RBX@@UAE@XZ,
0x100f13e0,0x17,?getClassName@?$FactoryProduct@V?$Value@V?$basic_string@DU?$char_traits@D@std@@V?$allocator@D@2@@std@@$1?sStringValue@RBX@@3PADA@RBX@@VInstance@2@$1?sStringValue@2@3PADA@RBX@@UBEABVName@2@XZ,
0x100f1400,0x50,??1?$FactoryProduct@V?$Value@VVector3@G3D@@$1?sVector3Value@RBX@@3PADA@RBX@@VInstance@2@$1?sVector3Value@2@3PADA@RBX@@MAE@XZ,
0x100f1450,0x57,??0?$FactoryProduct@V?$Value@VVector3@G3D@@$1?sVector3Value@RBX@@3PADA@RBX@@VInstance@2@$1?sVector3Value@2@3PADA@RBX@@IAE@XZ,
0x100f14c0,0x1f,??_E?$DescribedCreatable@V?$Value@VVector3@G3D@@$1?sVector3Value@RBX@@3PADA@RBX@@VInstance@2@$1?sVector3Value@2@3PADA@RBX@@UAEPAXI@Z,
0x100f1500,0x5,??1?$DescribedCreatable@V?$Value@VVector3@G3D@@$1?sVector3Value@RBX@@3PADA@RBX@@VInstance@2@$1?sVector3Value@2@3PADA@RBX@@UAE@XZ,
0x100f1650,0x17,?getClassName@?$FactoryProduct@V?$Value@VVector3@G3D@@$1?sVector3Value@RBX@@3PADA@RBX@@VInstance@2@$1?sVector3Value@2@3PADA@RBX@@UBEABVName@2@XZ,
0x100f1670,0x50,??1?$FactoryProduct@V?$Value@VCoordinateFrame@G3D@@$1?sCFrameValue@RBX@@3PADA@RBX@@VInstance@2@$1?sCFrameValue@2@3PADA@RBX@@MAE@XZ,
0x100f16c0,0x57,??0?$FactoryProduct@V?$Value@VCoordinateFrame@G3D@@$1?sCFrameValue@RBX@@3PADA@RBX@@VInstance@2@$1?sCFrameValue@2@3PADA@RBX@@IAE@XZ,
0x100f1750,0x5,??1?$DescribedCreatable@V?$Value@VCoordinateFrame@G3D@@$1?sCFrameValue@RBX@@3PADA@RBX@@VInstance@2@$1?sCFrameValue@2@3PADA@RBX@@UAE@XZ,
0x100f18a0,0x17,?getClassName@?$FactoryProduct@V?$Value@VCoordinateFrame@G3D@@$1?sCFrameValue@RBX@@3PADA@RBX@@VInstance@2@$1?sCFrameValue@2@3PADA@RBX@@UBEABVName@2@XZ,
0x100f18c0,0x50,??1?$FactoryProduct@V?$Value@VColor3@G3D@@$1?sColor3Value@RBX@@3PADA@RBX@@VInstance@2@$1?sColor3Value@2@3PADA@RBX@@MAE@XZ,
0x100f1910,0x57,??0?$FactoryProduct@V?$Value@VColor3@G3D@@$1?sColor3Value@RBX@@3PADA@RBX@@VInstance@2@$1?sColor3Value@2@3PADA@RBX@@IAE@XZ,
0x100f19a0,0x5,??1?$DescribedCreatable@V?$Value@VColor3@G3D@@$1?sColor3Value@RBX@@3PADA@RBX@@VInstance@2@$1?sColor3Value@2@3PADA@RBX@@UAE@XZ,
0x100f1af0,0x17,?getClassName@?$FactoryProduct@V?$Value@VColor3@G3D@@$1?sColor3Value@RBX@@3PADA@RBX@@VInstance@2@$1?sColor3Value@2@3PADA@RBX@@UBEABVName@2@XZ,
0x100f1f40,0xfc,??RGenericSlotAdapter@?$SignalDescImpl@$00$$A6AXV?$basic_string@DU?$char_traits@D@std@@V?$allocator@D@2@@std@@@Z@Reflection@RBX@@QAEXV?$basic_string@DU?$char_traits@D@std@@V?$allocator@D@2@@std@@@Z,
0x100f2040,0xfb,??RGenericSlotAdapter@?$SignalDescImpl@$00$$A6AXVVector3@G3D@@@Z@Reflection@RBX@@QAEXVVector3@G3D@@@Z,
0x100f2140,0xe5,??RGenericSlotAdapter@?$SignalDescImpl@$00$$A6AXVCoordinateFrame@G3D@@@Z@Reflection@RBX@@QAEXVCoordinateFrame@G3D@@@Z,
0x100f2230,0xfb,??RGenericSlotAdapter@?$SignalDescImpl@$00$$A6AXVColor3@G3D@@@Z@Reflection@RBX@@QAEXVColor3@G3D@@@Z,
0x100f28b0,0x65,?classDescriptor@?$Described@V?$Value@V?$basic_string@DU?$char_traits@D@std@@V?$allocator@D@2@@std@@$1?sStringValue@RBX@@3PADA@RBX@@$1?sStringValue@2@3PADAV?$FactoryProduct@V?$Value@V?$basic_string@DU?$char_traits@D@std@@V?$allocator@D@2@@std@@$1?sStringValue@RBX@@3PADA@RBX@@VInstance@2@$1?sStringValue@2@3PADA@2@@Reflection@RBX@@SAAAVClassDescriptor@23@XZ,
0x100f2920,0xc2,??0?$SignalDesc@V?$Value@V?$basic_string@DU?$char_traits@D@std@@V?$allocator@D@2@@std@@$1?sStringValue@RBX@@3PADA@RBX@@$$A6AXV?$basic_string@DU?$char_traits@D@std@@V?$allocator@D@2@@std@@@Z@Reflection@RBX@@QAE@PBD0@Z,
0x100f29f0,0x65,?classDescriptor@?$Described@V?$Value@VVector3@G3D@@$1?sVector3Value@RBX@@3PADA@RBX@@$1?sVector3Value@2@3PADAV?$FactoryProduct@V?$Value@VVector3@G3D@@$1?sVector3Value@RBX@@3PADA@RBX@@VInstance@2@$1?sVector3Value@2@3PADA@2@@Reflection@RBX@@SAAAVClassDescriptor@23@XZ,
0x100f2a60,0xc2,??0?$SignalDesc@V?$Value@VVector3@G3D@@$1?sVector3Value@RBX@@3PADA@RBX@@$$A6AXVVector3@G3D@@@Z@Reflection@RBX@@QAE@PBD0@Z,
0x100f2b30,0x65,?classDescriptor@?$Described@V?$Value@VCoordinateFrame@G3D@@$1?sCFrameValue@RBX@@3PADA@RBX@@$1?sCFrameValue@2@3PADAV?$FactoryProduct@V?$Value@VCoordinateFrame@G3D@@$1?sCFrameValue@RBX@@3PADA@RBX@@VInstance@2@$1?sCFrameValue@2@3PADA@2@@Reflection@RBX@@SAAAVClassDescriptor@23@XZ,
0x100f2ba0,0xc2,??0?$SignalDesc@V?$Value@VCoordinateFrame@G3D@@$1?sCFrameValue@RBX@@3PADA@RBX@@$$A6AXVCoordinateFrame@G3D@@@Z@Reflection@RBX@@QAE@PBD0@Z,
0x100f2c70,0x65,?classDescriptor@?$Described@V?$Value@VColor3@G3D@@$1?sColor3Value@RBX@@3PADA@RBX@@$1?sColor3Value@2@3PADAV?$FactoryProduct@V?$Value@VColor3@G3D@@$1?sColor3Value@RBX@@3PADA@RBX@@VInstance@2@$1?sColor3Value@2@3PADA@2@@Reflection@RBX@@SAAAVClassDescriptor@23@XZ,
0x100f2ce0,0xc2,??0?$SignalDesc@V?$Value@VColor3@G3D@@$1?sColor3Value@RBX@@3PADA@RBX@@$$A6AXVColor3@G3D@@@Z@Reflection@RBX@@QAE@PBD0@Z,
0x100f2fd0,0x65,??0TSignalInstance@?$TSignalDesc@$$A6AXV?$basic_string@DU?$char_traits@D@std@@V?$allocator@D@2@@std@@@Z@Reflection@RBX@@QAE@PAVSignalSource@23@ABVSignalDescriptor@23@@Z,
0x100f3040,0x65,??0TSignalInstance@?$TSignalDesc@$$A6AXVVector3@G3D@@@Z@Reflection@RBX@@QAE@PAVSignalSource@23@ABVSignalDescriptor@23@@Z,
0x100f30b0,0x65,??0TSignalInstance@?$TSignalDesc@$$A6AXVCoordinateFrame@G3D@@@Z@Reflection@RBX@@QAE@PAVSignalSource@23@ABVSignalDescriptor@23@@Z,
0x100f3190,0x65,??0TSignalInstance@?$TSignalDesc@$$A6AXVColor3@G3D@@@Z@Reflection@RBX@@QAE@PAVSignalSource@23@ABVSignalDescriptor@23@@Z,
0x100f3510,0xd2,??$?0V?$Value@V?$basic_string@DU?$char_traits@D@std@@V?$allocator@D@2@@std@@$1?sStringValue@RBX@@3PADA@RBX@@@?$BoundProp@V?$basic_string@DU?$char_traits@D@std@@V?$allocator@D@2@@std@@$00@Reflection@RBX@@QAE@PBD0PQ?$Value@V?$basic_string@DU?$char_traits@D@std@@V?$allocator@D@2@@std@@$1?sStringValue@RBX@@3PADA@2@V?$basic_string@DU?$char_traits@D@std@@V?$allocator@D@2@@std@@P832@AEXABVPropertyDescriptor@12@@ZW4Functionality@612@@Z,
0x100f35f0,0xd2,??$?0V?$Value@VVector3@G3D@@$1?sVector3Value@RBX@@3PADA@RBX@@@?$BoundProp@VVector3@G3D@@$00@Reflection@RBX@@QAE@PBD0PQ?$Value@VVector3@G3D@@$1?sVector3Value@RBX@@3PADA@2@VVector3@G3D@@P832@AEXABVPropertyDescriptor@12@@ZW4Functionality@612@@Z,
0x100f36d0,0xd2,??$?0V?$Value@VCoordinateFrame@G3D@@$1?sCFrameValue@RBX@@3PADA@RBX@@@?$BoundProp@VCoordinateFrame@G3D@@$00@Reflection@RBX@@QAE@PBD0PQ?$Value@VCoordinateFrame@G3D@@$1?sCFrameValue@RBX@@3PADA@2@VCoordinateFrame@G3D@@P832@AEXABVPropertyDescriptor@12@@ZW4Functionality@612@@Z,
0x100f37b0,0xd2,??$?0V?$Value@VColor3@G3D@@$1?sColor3Value@RBX@@3PADA@RBX@@@?$BoundProp@VColor3@G3D@@$00@Reflection@RBX@@QAE@PBD0PQ?$Value@VColor3@G3D@@$1?sColor3Value@RBX@@3PADA@2@VColor3@G3D@@P832@AEXABVPropertyDescriptor@12@@ZW4Functionality@612@@Z,
0x100f3c70,0x66,?newSignalInstance@?$TSignalDesc@$$A6AXV?$basic_string@DU?$char_traits@D@std@@V?$allocator@D@2@@std@@@Z@Reflection@RBX@@EBEPAVSignalInstance@23@AAVSignalSource@23@@Z,
0x100f3ce0,0x66,?newSignalInstance@?$TSignalDesc@$$A6AXVVector3@G3D@@@Z@Reflection@RBX@@EBEPAVSignalInstance@23@AAVSignalSource@23@@Z,
0x100f3d50,0x66,?newSignalInstance@?$TSignalDesc@$$A6AXVCoordinateFrame@G3D@@@Z@Reflection@RBX@@EBEPAVSignalInstance@23@AAVSignalSource@23@@Z,
0x100f3dc0,0x66,?newSignalInstance@?$TSignalDesc@$$A6AXVColor3@G3D@@@Z@Reflection@RBX@@EBEPAVSignalInstance@23@AAVSignalSource@23@@Z,
0x100f4110,0x8f,??0?$DescribedCreatable@V?$Value@V?$basic_string@DU?$char_traits@D@std@@V?$allocator@D@2@@std@@$1?sStringValue@RBX@@3PADA@RBX@@VInstance@2@$1?sStringValue@2@3PADA@RBX@@IAE@XZ,
0x100f41f0,0x8f,??0?$DescribedCreatable@V?$Value@VVector3@G3D@@$1?sVector3Value@RBX@@3PADA@RBX@@VInstance@2@$1?sVector3Value@2@3PADA@RBX@@IAE@XZ,
0x100f4290,0x8f,??0?$DescribedCreatable@V?$Value@VCoordinateFrame@G3D@@$1?sCFrameValue@RBX@@3PADA@RBX@@VInstance@2@$1?sCFrameValue@2@3PADA@RBX@@IAE@XZ,
0x100f4330,0x8f,??0?$DescribedCreatable@V?$Value@VColor3@G3D@@$1?sColor3Value@RBX@@3PADA@RBX@@VInstance@2@$1?sColor3Value@2@3PADA@RBX@@IAE@XZ,
0x100f43f0,0x1f,??_E?$DescribedCreatable@V?$Value@VColor3@G3D@@$1?sColor3Value@RBX@@3PADA@RBX@@VInstance@2@$1?sColor3Value@2@3PADA@RBX@@UAEPAXI@Z,
0x100f47c0,0xce,??0?$Value@V?$basic_string@DU?$char_traits@D@std@@V?$allocator@D@2@@std@@$1?sStringValue@RBX@@3PADA@RBX@@QAE@XZ,
0x100f4910,0x50,??1?$Value@V?$basic_string@DU?$char_traits@D@std@@V?$allocator@D@2@@std@@$1?sStringValue@RBX@@3PADA@RBX@@UAE@XZ,
0x100f4960,0x1f,??_E?$Value@V?$basic_string@DU?$char_traits@D@std@@V?$allocator@D@2@@std@@$1?sStringValue@RBX@@3PADA@RBX@@UAEPAXI@Z,
0x100f4980,0xdc,??0?$Value@VVector3@G3D@@$1?sVector3Value@RBX@@3PADA@RBX@@QAE@XZ,
0x100f4aa0,0xe7,??0?$Value@VCoordinateFrame@G3D@@$1?sCFrameValue@RBX@@3PADA@RBX@@QAE@XZ,
0x100f4bd0,0x1f,??_E?$DescribedCreatable@V?$Value@VCoordinateFrame@G3D@@$1?sCFrameValue@RBX@@3PADA@RBX@@VInstance@2@$1?sCFrameValue@2@3PADA@RBX@@UAEPAXI@Z,
0x100f4bf0,0xdc,??0?$Value@VColor3@G3D@@$1?sColor3Value@RBX@@3PADA@RBX@@QAE@XZ,
0x100f5c50,0x78,??$create@V?$Value@H$1?sIntValue@RBX@@3PADA@RBX@@@?$Creatable@VInstance@RBX@@@RBX@@SA?AV?$shared_ptr@V?$Value@H$1?sIntValue@RBX@@3PADA@RBX@@@boost@@XZ,
0x100f5cd0,0x78,??$create@V?$Value@_N$1?sBoolValue@RBX@@3PADA@RBX@@@?$Creatable@VInstance@RBX@@@RBX@@SA?AV?$shared_ptr@V?$Value@_N$1?sBoolValue@RBX@@3PADA@RBX@@@boost@@XZ,
0x100f5d50,0x78,??$create@V?$Value@N$1?sDoubleValue@RBX@@3PADA@RBX@@@?$Creatable@VInstance@RBX@@@RBX@@SA?AV?$shared_ptr@V?$Value@N$1?sDoubleValue@RBX@@3PADA@RBX@@@boost@@XZ,
0x100f5dd0,0x78,??$create@V?$Value@V?$basic_string@DU?$char_traits@D@std@@V?$allocator@D@2@@std@@$1?sStringValue@RBX@@3PADA@RBX@@@?$Creatable@VInstance@RBX@@@RBX@@SA?AV?$shared_ptr@V?$Value@V?$basic_string@DU?$char_traits@D@std@@V?$allocator@D@2@@std@@$1?sStringValue@RBX@@3PADA@RBX@@@boost@@XZ,
0x100f5e50,0x78,??$create@V?$Value@VVector3@G3D@@$1?sVector3Value@RBX@@3PADA@RBX@@@?$Creatable@VInstance@RBX@@@RBX@@SA?AV?$shared_ptr@V?$Value@VVector3@G3D@@$1?sVector3Value@RBX@@3PADA@RBX@@@boost@@XZ,
0x100f5ed0,0x78,??$create@V?$Value@VCoordinateFrame@G3D@@$1?sCFrameValue@RBX@@3PADA@RBX@@@?$Creatable@VInstance@RBX@@@RBX@@SA?AV?$shared_ptr@V?$Value@VCoordinateFrame@G3D@@$1?sCFrameValue@RBX@@3PADA@RBX@@@boost@@XZ,
0x100f5f50,0x78,??$create@V?$Value@VColor3@G3D@@$1?sColor3Value@RBX@@3PADA@RBX@@@?$Creatable@VInstance@RBX@@@RBX@@SA?AV?$shared_ptr@V?$Value@VColor3@G3D@@$1?sColor3Value@RBX@@3PADA@RBX@@@boost@@XZ,
0x100f5fd0,0x78,??$create@V?$Value@VBrickColor@RBX@@$1?sBrickColorValue@2@3PADA@RBX@@@?$Creatable@VInstance@RBX@@@RBX@@SA?AV?$shared_ptr@V?$Value@VBrickColor@RBX@@$1?sBrickColorValue@2@3PADA@RBX@@@boost@@XZ,
0x100f6520,0xaf,?create@Creator@?$FactoryProduct@V?$Value@H$1?sIntValue@RBX@@3PADA@RBX@@VInstance@2@$1?sIntValue@2@3PADA@RBX@@UBE?AV?$shared_ptr@VObject@RBX@@@boost@@XZ,
0x100f65d0,0xaf,?create@Creator@?$FactoryProduct@V?$Value@_N$1?sBoolValue@RBX@@3PADA@RBX@@VInstance@2@$1?sBoolValue@2@3PADA@RBX@@UBE?AV?$shared_ptr@VObject@RBX@@@boost@@XZ,
0x100f6680,0xaf,?create@Creator@?$FactoryProduct@V?$Value@N$1?sDoubleValue@RBX@@3PADA@RBX@@VInstance@2@$1?sDoubleValue@2@3PADA@RBX@@UBE?AV?$shared_ptr@VObject@RBX@@@boost@@XZ,
0x100f6730,0xaf,?create@Creator@?$FactoryProduct@V?$Value@V?$basic_string@DU?$char_traits@D@std@@V?$allocator@D@2@@std@@$1?sStringValue@RBX@@3PADA@RBX@@VInstance@2@$1?sStringValue@2@3PADA@RBX@@UBE?AV?$shared_ptr@VObject@RBX@@@boost@@XZ,
0x100f67e0,0xaf,?create@Creator@?$FactoryProduct@V?$Value@VVector3@G3D@@$1?sVector3Value@RBX@@3PADA@RBX@@VInstance@2@$1?sVector3Value@2@3PADA@RBX@@UBE?AV?$shared_ptr@VObject@RBX@@@boost@@XZ,
0x100f6890,0xaf,?create@Creator@?$FactoryProduct@V?$Value@VCoordinateFrame@G3D@@$1?sCFrameValue@RBX@@3PADA@RBX@@VInstance@2@$1?sCFrameValue@2@3PADA@RBX@@UBE?AV?$shared_ptr@VObject@RBX@@@boost@@XZ,
0x100f6940,0xaf,?create@Creator@?$FactoryProduct@V?$Value@VColor3@G3D@@$1?sColor3Value@RBX@@3PADA@RBX@@VInstance@2@$1?sColor3Value@2@3PADA@RBX@@UBE?AV?$shared_ptr@VObject@RBX@@@boost@@XZ,
0x100f69f0,0xaf,?create@Creator@?$FactoryProduct@V?$Value@VBrickColor@RBX@@$1?sBrickColorValue@2@3PADA@RBX@@VInstance@2@$1?sBrickColorValue@2@3PADA@RBX@@UBE?AV?$shared_ptr@VObject@RBX@@@boost@@XZ,
0x100f6aa0,0x73,?fire@?$SignalDescImpl@$00$$A6AXV?$basic_string@DU?$char_traits@D@std@@V?$allocator@D@2@@std@@@Z@Reflection@RBX@@QAEXPAVSignalSource@23@V?$basic_string@DU?$char_traits@D@std@@V?$allocator@D@2@@std@@@Z,
0x100f7370,0x33,?onValueChanged@?$Value@V?$basic_string@DU?$char_traits@D@std@@V?$allocator@D@2@@std@@$1?sStringValue@RBX@@3PADA@RBX@@AAEXABVPropertyDescriptor@Reflection@2@@Z,
0x100f73b0,0x67,?onValueChanged@?$Value@VVector3@G3D@@$1?sVector3Value@RBX@@3PADA@RBX@@AAEXABVPropertyDescriptor@Reflection@2@@Z,
0x100f7420,0x85,?onValueChanged@?$Value@VCoordinateFrame@G3D@@$1?sCFrameValue@RBX@@3PADA@RBX@@AAEXABVPropertyDescriptor@Reflection@2@@Z,
0x100f74b0,0x67,?onValueChanged@?$Value@VColor3@G3D@@$1?sColor3Value@RBX@@3PADA@RBX@@AAEXABVPropertyDescriptor@Reflection@2@@Z,
0x100f7600,0x5b,?setValue@?$BoundPropGetSet@V?$Value@V?$basic_string@DU?$char_traits@D@std@@V?$allocator@D@2@@std@@$1?sStringValue@RBX@@3PADA@RBX@@@?$BoundProp@V?$basic_string@DU?$char_traits@D@std@@V?$allocator@D@2@@std@@$00@Reflection@RBX@@UBEXPAVDescribedBase@34@ABV?$basic_string@DU?$char_traits@D@std@@V?$allocator@D@2@@std@@@Z,
0x100f84f0,0xdb,?connectGeneric@?$SignalDescImpl@$00$$A6AXH@Z@Reflection@RBX@@MBE?AVconnection@signals@boost@@PAVSignalInstance@23@PAVGenericSlotWrapper@23@W4connect_position@56@@Z,
0x100f85d0,0xdb,?connectGeneric@?$SignalDescImpl@$00$$A6AXN@Z@Reflection@RBX@@MBE?AVconnection@signals@boost@@PAVSignalInstance@23@PAVGenericSlotWrapper@23@W4connect_position@56@@Z,
0x100f86b0,0xdb,?connectGeneric@?$SignalDescImpl@$00$$A6AXV?$basic_string@DU?$char_traits@D@std@@V?$allocator@D@2@@std@@@Z@Reflection@RBX@@MBE?AVconnection@signals@boost@@PAVSignalInstance@23@PAVGenericSlotWrapper@23@W4connect_position@56@@Z,
0x100f8790,0xdb,?connectGeneric@?$SignalDescImpl@$00$$A6AXVVector3@G3D@@@Z@Reflection@RBX@@MBE?AVconnection@signals@boost@@PAVSignalInstance@23@PAVGenericSlotWrapper@23@W4connect_position@56@@Z,
0x100f8870,0xdb,?connectGeneric@?$SignalDescImpl@$00$$A6AXVCoordinateFrame@G3D@@@Z@Reflection@RBX@@MBE?AVconnection@signals@boost@@PAVSignalInstance@23@PAVGenericSlotWrapper@23@W4connect_position@56@@Z,
0x100f8950,0xdb,?connectGeneric@?$SignalDescImpl@$00$$A6AXVColor3@G3D@@@Z@Reflection@RBX@@MBE?AVconnection@signals@boost@@PAVSignalInstance@23@PAVGenericSlotWrapper@23@W4connect_position@56@@Z,
0x100f8a30,0xdb,?connectGeneric@?$SignalDescImpl@$00$$A6AXVBrickColor@RBX@@@Z@Reflection@RBX@@MBE?AVconnection@signals@boost@@PAVSignalInstance@23@PAVGenericSlotWrapper@23@W4connect_position@56@@Z,
0x100f8b10,0x50,?setUploadUrl@Visit@RBX@@QAEXV?$basic_string@DU?$char_traits@D@std@@V?$allocator@D@2@@std@@@Z,
0x100f8b60,0x24,?getUploadUrl@Visit@RBX@@QAE?AV?$basic_string@DU?$char_traits@D@std@@V?$allocator@D@2@@std@@XZ,
0x100f8be0,0x55,?declareSignature@?$BoundFuncDesc@VVisit@RBX@@$$A6AXV?$basic_string@DU?$char_traits@D@std@@V?$allocator@D@2@@std@@H@Z$01@Reflection@RBX@@AAEXPBD0@Z,
0x100f8d60,0x14f,?ping@Visit@RBX@@SA?AW4work_result@worker_thread@2@V?$basic_string@DU?$char_traits@D@std@@V?$allocator@D@2@@std@@H@Z,
0x100f95d0,0x9f,??0?$BoundFuncDesc@VVisit@RBX@@$$A6AXV?$basic_string@DU?$char_traits@D@std@@V?$allocator@D@2@@std@@@Z$00@Reflection@RBX@@QAE@P8Visit@2@AEXV?$basic_string@DU?$char_traits@D@std@@V?$allocator@D@2@@std@@@ZPBD2W4Security@FunctionDescriptor@12@@Z,
0x100f9670,0xe0,?execute@?$BoundFuncDesc@VVisit@RBX@@$$A6AXV?$basic_string@DU?$char_traits@D@std@@V?$allocator@D@2@@std@@@Z$00@Reflection@RBX@@UBEXPAVDescribedBase@23@AAVArguments@FunctionDescriptor@23@@Z,
0x100f9750,0x6c,??0?$BoundFuncDesc@VVisit@RBX@@$$A6A?AV?$basic_string@DU?$char_traits@D@std@@V?$allocator@D@2@@std@@XZ$0A@@Reflection@RBX@@QAE@P8Visit@2@AE?AV?$basic_string@DU?$char_traits@D@std@@V?$allocator@D@2@@std@@XZPBDW4Security@FunctionDescriptor@12@@Z,
0x100f97c0,0x5a,?execute@?$BoundFuncDesc@VVisit@RBX@@$$A6A?AV?$basic_string@DU?$char_traits@D@std@@V?$allocator@D@2@@std@@XZ$0A@@Reflection@RBX@@UBEXPAVDescribedBase@23@AAVArguments@FunctionDescriptor@23@@Z,
0x100f9820,0x8f,??0?$BoundFuncDesc@VVisit@RBX@@$$A6AXV?$basic_string@DU?$char_traits@D@std@@V?$allocator@D@2@@std@@H@Z$01@Reflection@RBX@@QAE@P8Visit@2@AEXV?$basic_string@DU?$char_traits@D@std@@V?$allocator@D@2@@std@@H@ZPBD22W4Security@FunctionDescriptor@12@@Z,
0x100f98b0,0x135,?execute@?$BoundFuncDesc@VVisit@RBX@@$$A6AXV?$basic_string@DU?$char_traits@D@std@@V?$allocator@D@2@@std@@H@Z$01@Reflection@RBX@@UBEXPAVDescribedBase@23@AAVArguments@FunctionDescriptor@23@@Z,
0x100f9c80,0x15c,?setPing@Visit@RBX@@QAEXV?$basic_string@DU?$char_traits@D@std@@V?$allocator@D@2@@std@@H@Z,
0x100f9e40,0x55,?declareSignature@?$BoundFuncDesc@VDebrisService@RBX@@$$A6AXV?$shared_ptr@VInstance@RBX@@@boost@@N@Z$01@Reflection@RBX@@AAEXPBD0@Z,
0x100fa0d0,0x5b,??$getset@P8DebrisService@RBX@@BEHXZP812@AEXH@Z@?$PropDescriptor@VDebrisService@RBX@@H@Reflection@RBX@@SA?AV?$auto_ptr@VGetSet@?$TypedPropertyDescriptor@H@Reflection@RBX@@@std@@P8DebrisService@2@BEHXZP852@AEXH@Z@Z,
0x100fafb0,0xb1,??0?$BoundFuncDesc@VDebrisService@RBX@@$$A6AXV?$shared_ptr@VInstance@RBX@@@boost@@N@Z$01@Reflection@RBX@@QAE@P8DebrisService@2@AEXV?$shared_ptr@VInstance@RBX@@@boost@@N@ZPBD22NW4Security@FunctionDescriptor@12@@Z,
0x100fb070,0x14d,?execute@?$BoundFuncDesc@VDebrisService@RBX@@$$A6AXV?$shared_ptr@VInstance@RBX@@@boost@@N@Z$01@Reflection@RBX@@UBEXPAVDescribedBase@23@AAVArguments@FunctionDescriptor@23@@Z,
0x100fb270,0x12b,?addItem@DebrisService@RBX@@QAEXV?$shared_ptr@VInstance@RBX@@@boost@@N@Z,
0x100fba10,0x14c,?delay@TimerService@RBX@@QAEXV?$function0@XV?$allocator@Vfunction_base@boost@@@std@@@boost@@N@Z,
0x100fca60,0x47,?connect@?$TSignalDesc@$$A6AX_N@Z@Reflection@RBX@@QAE?AVconnection@signals@boost@@PAVSignalSource@23@ABV?$slot@V?$function@$$A6AX_N@ZV?$allocator@X@std@@@boost@@@6@H@Z,
0x100fe770,0x36f,?SpawnPlayer@SpawnerService@RBX@@QAEXV?$shared_ptr@VModelInstance@RBX@@@boost@@PAVPlayer@Network@2@@Z,
0x100ff530,0x20,?convertToString@?$StringConverter@VContentId@RBX@@@RBX@@SA?AV?$basic_string@DU?$char_traits@D@std@@V?$allocator@D@2@@std@@ABVContentId@2@@Z,
0x100ff580,0x7d,?convertToValue@?$StringConverter@VContentId@RBX@@@RBX@@SA_NABV?$basic_string@DU?$char_traits@D@std@@V?$allocator@D@2@@std@@AAVContentId@2@@Z,
0x100ff770,0x5b,??$getset@P8Decal@RBX@@BE?AVTextureId@2@XZP812@AEXV32@@Z@?$PropDescriptor@VDecal@RBX@@VTextureId@2@@Reflection@RBX@@SA?AV?$auto_ptr@VGetSet@?$TypedPropertyDescriptor@VTextureId@RBX@@@Reflection@RBX@@@std@@P8Decal@2@BE?AVTextureId@2@XZP852@AEXV62@@Z@Z,
0x100ff960,0xb4,?setStringValue@?$TypedPropertyDescriptor@VContentId@RBX@@@Reflection@RBX@@UBE_NPAVDescribedBase@23@ABV?$basic_string@DU?$char_traits@D@std@@V?$allocator@D@2@@std@@@Z,
0x10101910,0x20,?getStringValue@?$SurfaceDescriptor@$00@RBX@@UBE?AV?$basic_string@DU?$char_traits@D@std@@V?$allocator@D@2@@std@@PBVDescribedBase@Reflection@2@@Z,
0x10102460,0x3a,?getStringValue@?$SurfaceEnumPropDescriptor@$00W4SurfaceType@RBX@@@RBX@@UBE?AV?$basic_string@DU?$char_traits@D@std@@V?$allocator@D@2@@std@@PBVDescribedBase@Reflection@2@@Z,
0x101024c0,0x3a,?getStringValue@?$SurfaceEnumPropDescriptor@$00W4InputType@Controller@RBX@@@RBX@@UBE?AV?$basic_string@DU?$char_traits@D@std@@V?$allocator@D@2@@std@@PBVDescribedBase@Reflection@2@@Z,
0x10102610,0x3d,?setStringValue@?$SurfaceEnumPropDescriptor@$00W4SurfaceType@RBX@@@RBX@@UBE_NPAVDescribedBase@Reflection@2@ABV?$basic_string@DU?$char_traits@D@std@@V?$allocator@D@2@@std@@@Z,
0x10102650,0x3d,?setStringValue@?$SurfaceEnumPropDescriptor@$00W4InputType@Controller@RBX@@@RBX@@UBE_NPAVDescribedBase@Reflection@2@ABV?$basic_string@DU?$char_traits@D@std@@V?$allocator@D@2@@std@@@Z,
0x10105680,0x49,?toGrid@Dragger@RBX@@SA?AVVector3@G3D@@ABV34@@Z,
0x101056d0,0x86,?movePrimitives@Dragger@RBX@@CAXABV?$Array@PAVPrimitive@RBX@@@G3D@@ABVVector3@4@@Z,
0x10105820,0x50,?intersectingWorldOrOthers@Dragger@RBX@@CA_NABV?$Array@PAVPrimitive@RBX@@@G3D@@AAVContactManager@2@@Z,
0x10105870,0x95,?movePrimitivesDelta@Dragger@RBX@@CAXABV?$Array@PAVPrimitive@RBX@@@G3D@@ABVVector3@4@AAV54@@Z,
0x10105910,0x75,?searchUpFine@Dragger@RBX@@CAXABV?$Array@PAVPrimitive@RBX@@@G3D@@AAVVector3@4@AAVContactManager@2@@Z,
0x10105990,0x80,?searchDownFine@Dragger@RBX@@CAXABV?$Array@PAVPrimitive@RBX@@@G3D@@AAVVector3@4@AAVContactManager@2@@Z,
0x10105a10,0x80,?searchUpGross@Dragger@RBX@@CAXABV?$Array@PAVPrimitive@RBX@@@G3D@@AAVVector3@4@AAVContactManager@2@@Z,
0x10105a90,0x80,?searchDownGross@Dragger@RBX@@CAXABV?$Array@PAVPrimitive@RBX@@@G3D@@AAVVector3@4@AAVContactManager@2@@Z,
0x10105b10,0xfb,?safeMoveYDrop@Dragger@RBX@@SA?AVVector3@G3D@@ABV?$Array@PAVPrimitive@RBX@@@4@ABV34@AAVContactManager@2@@Z,
0x10105c10,0x129,?safeMoveNoDrop@Dragger@RBX@@SA?AVVector3@G3D@@ABV?$Array@PAVPrimitive@RBX@@@4@ABV34@AAVContactManager@2@@Z,
0x10105d40,0x191,?safeRotate@Dragger@RBX@@SAXABV?$Array@PAVPrimitive@RBX@@@G3D@@ABVMatrix3@4@AAVContactManager@2@@Z,
0x10107360,0x3a,?getFocusLookingAtGoal@ICharacterSubject@RBX@@AAE?AVCoordinateFrame@G3D@@ABV34@0@Z,
0x101073a0,0x9b,?goalFromDistance@ICharacterSubject@RBX@@AAE?AVCoordinateFrame@G3D@@ABV34@0M@Z,
0x101081d0,0x26e,?getSlowHit@ContactManager@RBX@@ABEPAVPrimitive@2@ABV?$Array@PAVPrimitive@RBX@@@G3D@@ABVRay@5@PBV?$Array@PBVPrimitive@RBX@@@5@PBVHitTestFilter@2@AAVVector3@5@MAA_N5@Z,
0x101086c0,0x1c9,?getFastHit@ContactManager@RBX@@ABEPAVPrimitive@2@ABVRay@G3D@@PBV?$Array@PBVPrimitive@RBX@@@5@PBVHitTestFilter@2@AAVVector3@5@AA_N4@Z,
0x10108890,0x8b,?getHit@ContactManager@RBX@@QBEPAVPrimitive@2@ABVRay@G3D@@PBV?$Array@PBVPrimitive@RBX@@@5@PBVHitTestFilter@2@AAVVector3@5@AA_N@Z,
0x10108920,0x104,?getHitLegacy@ContactManager@RBX@@QBEPAVPrimitive@2@ABVRay@G3D@@PBV32@PBVHitTestFilter@2@AAVVector3@5@AAMABM@Z,
0x10108aa0,0x86,?getHit@ContactManager@RBX@@QBEPAVPrimitive@2@ABVRay@G3D@@PBV?$vector@PBVPrimitive@RBX@@V?$allocator@PBVPrimitive@RBX@@@std@@@std@@PBVHitTestFilter@2@AAVVector3@5@AA_N@Z,
0x1010b320,0x9d,?getAxis@Face@RBX@@ABE?AVVector3@G3D@@H@Z,
0x101160e0,0x112,?onMouseDown@DragTool@RBX@@SAPAVMouseCommand@2@PAVPartInstance@2@ABVVector3@G3D@@ABV?$vector@PAVInstance@RBX@@V?$allocator@PAVInstance@RBX@@@std@@@std@@ABVUIEvent@2@PAVWorkspace@2@@Z,
0x101162f0,0xb6,?hitObjectOrPlane@MegaDragger@RBX@@QAE?AVVector3@G3D@@ABVUIEvent@2@@Z,
0x10116530,0x7c,?safeMoveYDrop@MegaDragger@RBX@@QAE?AVVector3@G3D@@ABV34@@Z,
0x101165b0,0x7c,?safeMoveNoDrop@MegaDragger@RBX@@QAE?AVVector3@G3D@@ABV34@@Z,
0x10116790,0xd1,??0MegaDragger@RBX@@QAE@PAVPartInstance@1@ABV?$vector@PAVPVInstance@RBX@@V?$allocator@PAVPVInstance@RBX@@@std@@@std@@PAVRootInstance@1@@Z,
0x10116870,0xbf,??0MegaDragger@RBX@@QAE@PAVPartInstance@1@ABV?$vector@V?$weak_ptr@VPartInstance@RBX@@@boost@@V?$allocator@V?$weak_ptr@VPartInstance@RBX@@@boost@@@std@@@std@@PAVRootInstance@1@@Z,
0x10117440,0xda,?getOrigin@Mouse@RBX@@QBE?AVCoordinateFrame@G3D@@XZ,
0x10117540,0x36,?getHit@Mouse@RBX@@QBE?AVCoordinateFrame@G3D@@XZ,
0x10117580,0x4d,??$getset@P8Mouse@RBX@@BE?AVCoordinateFrame@G3D@@XZH@?$PropDescriptor@VMouse@RBX@@VCoordinateFrame@G3D@@@Reflection@RBX@@SA?AV?$auto_ptr@VGetSet@?$TypedPropertyDescriptor@VCoordinateFrame@G3D@@@Reflection@RBX@@@std@@P8Mouse@2@BE?AVCoordinateFrame@G3D@@XZH@Z,
0x101175d0,0x4d,??$getset@P8Mouse@RBX@@BEPAVPartInstance@2@XZH@?$PropDescriptor@VMouse@RBX@@PAVPartInstance@2@@Reflection@RBX@@SA?AV?$auto_ptr@VGetSet@?$TypedPropertyDescriptor@PAVPartInstance@RBX@@@Reflection@RBX@@@std@@P8Mouse@2@BEPAVPartInstance@2@XZH@Z,
0x10117620,0x4d,??$getset@P8Mouse@RBX@@BEHXZH@?$PropDescriptor@VMouse@RBX@@H@Reflection@RBX@@SA?AV?$auto_ptr@VGetSet@?$TypedPropertyDescriptor@H@Reflection@RBX@@@std@@P8Mouse@2@BEHXZH@Z,
0x10117670,0x5b,??$getset@P8Mouse@RBX@@BE?AVTextureId@2@XZP812@AEXABV32@@Z@?$PropDescriptor@VMouse@RBX@@VTextureId@2@@Reflection@RBX@@SA?AV?$auto_ptr@VGetSet@?$TypedPropertyDescriptor@VTextureId@RBX@@@Reflection@RBX@@@std@@P8Mouse@2@BE?AVTextureId@2@XZP852@AEXABV62@@Z@Z,
0x101176d0,0x99,??$?0P8Mouse@RBX@@BE?AVCoordinateFrame@G3D@@XZH@?$PropDescriptor@VMouse@RBX@@VCoordinateFrame@G3D@@@Reflection@RBX@@QAE@PBD0P8Mouse@2@BE?AVCoordinateFrame@G3D@@XZHW4Functionality@PropertyDescriptor@12@@Z,
0x10117950,0xc2,??0?$SignalDesc@VMouse@RBX@@$$A6AXV?$basic_string@DU?$char_traits@D@std@@V?$allocator@D@2@@std@@@Z@Reflection@RBX@@QAE@PBD0@Z,
0x10120d00,0x21,?getPlayers@Players@Network@RBX@@QAE?AV?$shared_ptr@$$CBV?$vector@V?$shared_ptr@VInstance@RBX@@@boost@@V?$allocator@V?$shared_ptr@VInstance@RBX@@@boost@@@std@@@std@@@boost@@XZ,
0x10121990,0x5b,??$getset@P8FaceInstance@RBX@@BE?AW4NormalId@2@XZP812@AEXW432@@Z@?$PropDescriptor@VFaceInstance@RBX@@W4NormalId@2@@Reflection@RBX@@SA?AV?$auto_ptr@VGetSet@?$TypedPropertyDescriptor@W4NormalId@RBX@@@Reflection@RBX@@@std@@P8FaceInstance@2@BE?AW4NormalId@2@XZP852@AEXW462@@Z@Z,
0x10121b90,0x45,?setStringValue@?$EnumPropDescriptor@VFaceInstance@RBX@@W4NormalId@2@@Reflection@RBX@@UBE_NPAVDescribedBase@23@ABV?$basic_string@DU?$char_traits@D@std@@V?$allocator@D@2@@std@@@Z,
0x10121fe0,0x4b,?tryFloor@Balancing@RBX@@AAEPAVPartInstance@2@ABVRay@G3D@@M@Z,
0x10125f20,0xc7,??0GroupDragTool@RBX@@QAE@PAVPartInstance@1@ABVVector3@G3D@@ABV?$vector@V?$weak_ptr@VPartInstance@RBX@@@boost@@V?$allocator@V?$weak_ptr@VPartInstance@RBX@@@boost@@@std@@@std@@PAVWorkspace@1@@Z,
0x10125ff0,0x2d,?getCursorName@GroupDragTool@RBX@@UBE?BV?$basic_string@DU?$char_traits@D@std@@V?$allocator@D@2@@std@@XZ,
0x10126410,0x2a,?getMousePart@MegaDragger@RBX@@QAE?AV?$weak_ptr@VPartInstance@RBX@@@boost@@XZ,
0x10126660,0x2d,?getCursorName@PartDragTool@RBX@@UBE?BV?$basic_string@DU?$char_traits@D@std@@V?$allocator@D@2@@std@@XZ,
0x10126a40,0x152,??0PartDragTool@RBX@@QAE@PAVPartInstance@1@ABVVector3@G3D@@PAVWorkspace@1@@Z,
0x1012af90,0x15c,?bestProximatePart@RunDragger@RBX@@AAE?AVSnapInfo@12@ABV?$Array@PAVPrimitive@RBX@@@G3D@@P8Contact@2@AE_NM@Z@Z,
0x1012b7b0,0x219,?init@RunDragger@RBX@@QAEXPAVWorkspace@2@V?$weak_ptr@VPartInstance@RBX@@@boost@@ABVVector3@G3D@@@Z,
0x1012c910,0x7,?getScale@SpecialShape@RBX@@QBEABVVector3@G3D@@XZ,
0x1012c920,0x7,?getVertColor@SpecialShape@RBX@@QBEABVVector3@G3D@@XZ,
0x1012cb10,0x34,?getValue@?$GetSetImpl@P8SpecialShape@RBX@@BEABVVector3@G3D@@XZP812@AEXABV34@@Z@?$PropDescriptor@VSpecialShape@RBX@@VVector3@G3D@@@Reflection@RBX@@UBE?AVVector3@G3D@@PBVDescribedBase@34@@Z,
0x1012cc30,0x6c,??0?$TypedPropertyDescriptor@VMeshId@RBX@@@Reflection@RBX@@IAE@AAVClassDescriptor@12@PBD1V?$auto_ptr@VGetSet@?$TypedPropertyDescriptor@VMeshId@RBX@@@Reflection@RBX@@@std@@W4Functionality@PropertyDescriptor@12@@Z,
0x1012cca0,0x5b,??$getset@P8SpecialShape@RBX@@BE?BW4MeshType@12@XZP812@AEXW4312@@Z@?$PropDescriptor@VSpecialShape@RBX@@W4MeshType@12@@Reflection@RBX@@SA?AV?$auto_ptr@VGetSet@?$TypedPropertyDescriptor@W4MeshType@SpecialShape@RBX@@@Reflection@RBX@@@std@@P8SpecialShape@2@BE?BW4MeshType@52@XZP852@AEXW4652@@Z@Z,
0x1012cd00,0x5b,??$getset@P8SpecialShape@RBX@@BEABVVector3@G3D@@XZP812@AEXABV34@@Z@?$PropDescriptor@VSpecialShape@RBX@@VVector3@G3D@@@Reflection@RBX@@SA?AV?$auto_ptr@VGetSet@?$TypedPropertyDescriptor@VVector3@G3D@@@Reflection@RBX@@@std@@P8SpecialShape@2@BEABVVector3@G3D@@XZP852@AEXABV67@@Z@Z,
0x1012cd60,0x5b,??$getset@P8SpecialShape@RBX@@BE?BVMeshId@2@XZP812@AEXABV32@@Z@?$PropDescriptor@VSpecialShape@RBX@@VMeshId@2@@Reflection@RBX@@SA?AV?$auto_ptr@VGetSet@?$TypedPropertyDescriptor@VMeshId@RBX@@@Reflection@RBX@@@std@@P8SpecialShape@2@BE?BVMeshId@2@XZP852@AEXABV62@@Z@Z,
0x1012cdc0,0x5b,??$getset@P8SpecialShape@RBX@@BE?BVTextureId@2@XZP812@AEXABV32@@Z@?$PropDescriptor@VSpecialShape@RBX@@VTextureId@2@@Reflection@RBX@@SA?AV?$auto_ptr@VGetSet@?$TypedPropertyDescriptor@VTextureId@RBX@@@Reflection@RBX@@@std@@P8SpecialShape@2@BE?BVTextureId@2@XZP852@AEXABV62@@Z@Z,
0x1012d3e0,0x9e,??$?0P8SpecialShape@RBX@@BEABVVector3@G3D@@XZP801@AEXABV23@@Z@?$PropDescriptor@VSpecialShape@RBX@@VVector3@G3D@@@Reflection@RBX@@QAE@PBD0P8SpecialShape@2@BEABVVector3@G3D@@XZP832@AEXABV45@@ZW4Functionality@PropertyDescriptor@12@@Z,
0x1012d680,0x3a,?getStringValue@?$EnumPropDescriptor@VSpecialShape@RBX@@W4MeshType@12@@Reflection@RBX@@UBE?AV?$basic_string@DU?$char_traits@D@std@@V?$allocator@D@2@@std@@PBVDescribedBase@23@@Z,
0x1012d6c0,0x45,?setStringValue@?$EnumPropDescriptor@VSpecialShape@RBX@@W4MeshType@12@@Reflection@RBX@@UBE_NPAVDescribedBase@23@ABV?$basic_string@DU?$char_traits@D@std@@V?$allocator@D@2@@std@@@Z,
0x10165fc0,0x52,?detailLevel@Mesh@Render@RBX@@QBE?BV?$ReferenceCountedPointer@VLevel@Mesh@Render@RBX@@@G3D@@M@Z,
0x10166980,0x338,?computeAABounds@Mesh@Render@RBX@@CAXABV?$vector@V?$ReferenceCountedPointer@VChunk@Render@RBX@@@G3D@@V?$allocator@V?$ReferenceCountedPointer@VChunk@Render@RBX@@@G3D@@@std@@@std@@AAVVector3@G3D@@1@Z,
0x101676c0,0x48b,?computeDirectionalShadowVolume@Mesh@Render@RBX@@QBEXABVCoordinateFrame@G3D@@ABVVector3@5@AAV?$Array@I@5@AAV?$Array@VVector3@G3D@@@5@_N@Z,
0x10167d70,0xab0,?aggregate@Mesh@Render@RBX@@SA?AV?$ReferenceCountedPointer@VMesh@Render@RBX@@@G3D@@ABV?$vector@V?$ReferenceCountedPointer@VChunk@Render@RBX@@@G3D@@V?$allocator@V?$ReferenceCountedPointer@VChunk@Render@RBX@@@G3D@@@std@@@std@@AAVCoordinateFrame@5@AAM@Z,
0x10168ea0,0x13e,?shadePixel@TextureProxy@Render@RBX@@SAXABVColor3uint8@G3D@@AAV45@@Z,
0x10169100,0xd0,?shade@TextureProxy@Render@RBX@@QAE?AV?$ReferenceCountedPointer@VTextureProxy@Render@RBX@@@G3D@@ABVColor3@5@ABV45@@Z,
0x101691d0,0x26,?getIfResolved@TextureProxy@Render@RBX@@UBE?AV?$ReferenceCountedPointer@VTexture@G3D@@@G3D@@XZ,
0x10169200,0x714,?resolve@TextureProxy@Render@RBX@@UAE?AV?$ReferenceCountedPointer@VTexture@G3D@@@G3D@@PAVRenderDevice@5@@Z,
0x10169920,0x99,?alphaOnlyVersion@TextureProxy@Render@RBX@@QAE?AV?$ReferenceCountedPointer@VTextureProxy@Render@RBX@@@G3D@@XZ,
0x101699c0,0x68,?getSize@TextureProxy@Render@RBX@@UAE?AVVector2@G3D@@XZ,
0x1016a8f0,0x121,??$visitDescendents@V?$bind_t@XV?$mf1@XVView@1RBX@@V?$shared_ptr@VInstance@RBX@@@boost@@@_mfi@boost@@V?$list2@V?$value@PAVView@1RBX@@@_bi@boost@@V?$arg@$00@3@@_bi@3@@_bi@boost@@@Instance@RBX@@QBEXV?$bind_t@XV?$mf1@XVView@1RBX@@V?$shared_ptr@VInstance@RBX@@@boost@@@_mfi@boost@@V?$list2@V?$value@PAVView@1RBX@@@_bi@boost@@V?$arg@$00@3@@_bi@3@@_bi@boost@@@Z,
0x1016c740,0x34,?cframe@PartChunk@View@RBX@@MAEABVCoordinateFrame@G3D@@XZ,
0x1016cd00,0x35b,?getMaterial@Part@View@RBX@@UAE?AV?$ReferenceCountedPointer@VMaterial@Render@RBX@@@G3D@@XZ,
0x1016d5d0,0x3d,?getMesh@PartChunk@View@RBX@@MAE?AV?$ReferenceCountedPointer@VMesh@Render@RBX@@@G3D@@XZ,
0x1016d640,0x1ce,?getMaterial@Decal@View@RBX@@UAE?AV?$ReferenceCountedPointer@VMaterial@Render@RBX@@@G3D@@XZ,
0x1016d850,0x1ce,?getMaterial@Texture@View@RBX@@UAE?AV?$ReferenceCountedPointer@VMaterial@Render@RBX@@@G3D@@XZ,
0x1016ee10,0xfc,??$visitChildren@V?$bind_t@XV?$mf1@XVPartChunk@View@RBX@@V?$shared_ptr@VInstance@RBX@@@boost@@@_mfi@boost@@V?$list2@V?$value@PAVPartChunk@View@RBX@@@_bi@boost@@V?$arg@$00@3@@_bi@3@@_bi@boost@@@Instance@RBX@@QBEXV?$bind_t@XV?$mf1@XVPartChunk@View@RBX@@V?$shared_ptr@VInstance@RBX@@@boost@@@_mfi@boost@@V?$list2@V?$value@PAVPartChunk@View@RBX@@@_bi@boost@@V?$arg@$00@3@@_bi@3@@_bi@boost@@@Z,
0x1016ef10,0x16c,??$shared_from@V?$FilteredSelection@VInstance@RBX@@@RBX@@@RBX@@YA?AV?$shared_ptr@V?$FilteredSelection@VInstance@RBX@@@RBX@@@boost@@PAV?$FilteredSelection@VInstance@RBX@@@0@@Z,
0x10170460,0x47,?connect@?$TSignalDesc@$$A6AXPBVPropertyDescriptor@Reflection@RBX@@@Z@Reflection@RBX@@QAE?AVconnection@signals@boost@@PAVSignalSource@23@ABV?$slot@V?$function@$$A6AXPBVPropertyDescriptor@Reflection@RBX@@@ZV?$allocator@X@std@@@boost@@@6@H@Z,
0x101712a0,0x197,?create@?$MeshFactory@VPBBMesh@View@RBX@@$03@View@RBX@@SAPAVPBBMesh@23@ABVVector3@G3D@@VRenderSurfaceTypes@23@@Z,
0x10171440,0x18b,?create@?$MeshFactory@VWedgeMesh@View@RBX@@$00@View@RBX@@SAPAVWedgeMesh@23@ABVVector3@G3D@@VRenderSurfaceTypes@23@@Z,
0x101715d0,0x18b,?create@?$MeshFactory@VTorsoMesh@View@RBX@@$00@View@RBX@@SAPAVTorsoMesh@23@ABVVector3@G3D@@VRenderSurfaceTypes@23@@Z,
0x10171760,0x18b,?create@?$MeshFactory@VSphereMesh@View@RBX@@$00@View@RBX@@SAPAVSphereMesh@23@ABVVector3@G3D@@VRenderSurfaceTypes@23@@Z,
0x101718f0,0x18b,?create@?$MeshFactory@VCylinderAlongXMesh@View@RBX@@$00@View@RBX@@SAPAVCylinderAlongXMesh@23@ABVVector3@G3D@@VRenderSurfaceTypes@23@@Z,
0x10171a80,0x18b,?create@?$MeshFactory@VHeadMesh@View@RBX@@$00@View@RBX@@SAPAVHeadMesh@23@ABVVector3@G3D@@VRenderSurfaceTypes@23@@Z,
0x101727e0,0x102,?createDecal@?$MeshFactory@VPBBMesh@View@RBX@@$03@View@RBX@@SAPAVPBBMesh@23@ABVVector3@G3D@@W4NormalId@3@@Z,
0x101728f0,0x11c,?createTexture@?$MeshFactory@VPBBMesh@View@RBX@@$03@View@RBX@@SAPAVPBBMesh@23@ABVVector3@G3D@@W4NormalId@3@ABVVector2@6@@Z,
0x10172a10,0x102,?createDecal@?$MeshFactory@VWedgeMesh@View@RBX@@$00@View@RBX@@SAPAVWedgeMesh@23@ABVVector3@G3D@@W4NormalId@3@@Z,
0x10172b20,0x11c,?createTexture@?$MeshFactory@VWedgeMesh@View@RBX@@$00@View@RBX@@SAPAVWedgeMesh@23@ABVVector3@G3D@@W4NormalId@3@ABVVector2@6@@Z,
0x10172c40,0x102,?createDecal@?$MeshFactory@VTorsoMesh@View@RBX@@$00@View@RBX@@SAPAVTorsoMesh@23@ABVVector3@G3D@@W4NormalId@3@@Z,
0x10172d50,0x11c,?createTexture@?$MeshFactory@VTorsoMesh@View@RBX@@$00@View@RBX@@SAPAVTorsoMesh@23@ABVVector3@G3D@@W4NormalId@3@ABVVector2@6@@Z,
0x10172e70,0x102,?createDecal@?$MeshFactory@VSphereMesh@View@RBX@@$00@View@RBX@@SAPAVSphereMesh@23@ABVVector3@G3D@@W4NormalId@3@@Z,
0x10172f80,0x11c,?createTexture@?$MeshFactory@VSphereMesh@View@RBX@@$00@View@RBX@@SAPAVSphereMesh@23@ABVVector3@G3D@@W4NormalId@3@ABVVector2@6@@Z,
0x101730a0,0x102,?createDecal@?$MeshFactory@VCylinderAlongXMesh@View@RBX@@$00@View@RBX@@SAPAVCylinderAlongXMesh@23@ABVVector3@G3D@@W4NormalId@3@@Z,
0x101731b0,0x11c,?createTexture@?$MeshFactory@VCylinderAlongXMesh@View@RBX@@$00@View@RBX@@SAPAVCylinderAlongXMesh@23@ABVVector3@G3D@@W4NormalId@3@ABVVector2@6@@Z,
0x101732d0,0x102,?createDecal@?$MeshFactory@VHeadMesh@View@RBX@@$00@View@RBX@@SAPAVHeadMesh@23@ABVVector3@G3D@@W4NormalId@3@@Z,
0x101733e0,0x11c,?createTexture@?$MeshFactory@VHeadMesh@View@RBX@@$00@View@RBX@@SAPAVHeadMesh@23@ABVVector3@G3D@@W4NormalId@3@ABVVector2@6@@Z,
0x10174160,0x313,??0PartChunk@View@RBX@@IAE@MABV?$shared_ptr@VPartInstance@RBX@@@boost@@PAV112@@Z,
0x10174800,0xeb,??0Part@View@RBX@@QAE@ABV?$shared_ptr@VPartInstance@RBX@@@boost@@PAV112@@Z,
0x101749c0,0x371,?resolve@MegaTextureProxy@View@RBX@@UAE?AV?$ReferenceCountedPointer@VTexture@G3D@@@G3D@@PAVRenderDevice@5@@Z,
0x10174d40,0x98,?getSurfacesTexture@MaterialFactory@View@RBX@@AAE?AV?$ReferenceCountedPointer@VTextureProxy@Render@RBX@@@G3D@@VColor3@5@@Z,
0x10175620,0x1d1,?getMegaMaterial@MaterialFactory@View@RBX@@QAE?AV?$ReferenceCountedPointer@VMaterial@Render@RBX@@@G3D@@UAttributes@123@@Z,
0x10175800,0x22a,?getMaterial@MaterialFactory@View@RBX@@QAE?AV?$ReferenceCountedPointer@VMaterial@Render@RBX@@@G3D@@UAttributes@123@@Z,
0x10176170,0x8e8,??$meshFace@$0A@@@YAXABVVector3@G3D@@MVRenderSurfaceTypes@View@RBX@@MAAV?$ReferenceCountedPointer@VLevel@Mesh@Render@RBX@@@1@@Z,
0x10176a60,0x8ec,??$meshFace@$00@@YAXABVVector3@G3D@@MVRenderSurfaceTypes@View@RBX@@MAAV?$ReferenceCountedPointer@VLevel@Mesh@Render@RBX@@@1@@Z,
0x10177350,0x8ec,??$meshFace@$01@@YAXABVVector3@G3D@@MVRenderSurfaceTypes@View@RBX@@MAAV?$ReferenceCountedPointer@VLevel@Mesh@Render@RBX@@@1@@Z,
0x10177c40,0x8ec,??$meshFace@$02@@YAXABVVector3@G3D@@MVRenderSurfaceTypes@View@RBX@@MAAV?$ReferenceCountedPointer@VLevel@Mesh@Render@RBX@@@1@@Z,
0x10178530,0x8ec,??$meshFace@$03@@YAXABVVector3@G3D@@MVRenderSurfaceTypes@View@RBX@@MAAV?$ReferenceCountedPointer@VLevel@Mesh@Render@RBX@@@1@@Z,
0x10178e20,0x8ec,??$meshFace@$04@@YAXABVVector3@G3D@@MVRenderSurfaceTypes@View@RBX@@MAAV?$ReferenceCountedPointer@VLevel@Mesh@Render@RBX@@@1@@Z,
0x10179d10,0x754,??0BrickMesh@View@RBX@@AAE@ABVVector3@G3D@@VRenderSurfaceTypes@12@VBrickColor@2@@Z,
0x1017aaa0,0x120,?create@BrickMesh@View@RBX@@SA?AV?$ReferenceCountedPointer@VMesh@Render@RBX@@@G3D@@ABVVector3@5@VRenderSurfaceTypes@23@VBrickColor@3@@Z,
0x1017abc0,0x135,??0PBBBuilder@@QAE@AAV?$ReferenceCountedPointer@VLevel@Mesh@Render@RBX@@@G3D@@VVector3@2@VRenderSurfaceTypes@View@RBX@@@Z,
0x1017ae60,0x3b9,??$buildFace@$00VTopBottom@@@LevelBuilder@View@RBX@@IAEXVTopBottom@@VRect2D@G3D@@MVVector2@5@2HVVector2int16@5@@Z,
0x1017b220,0x3b9,??$buildFace@$03VTopBottom@@@LevelBuilder@View@RBX@@IAEXVTopBottom@@VRect2D@G3D@@MVVector2@5@2HVVector2int16@5@@Z,
0x1017b5e0,0x3a9,??$buildFace@$02VSide@@@LevelBuilder@View@RBX@@IAEXVSide@@VRect2D@G3D@@MVVector2@5@2HVVector2int16@5@@Z,
0x1017b990,0x3a9,??$buildFace@$0A@VSide@@@LevelBuilder@View@RBX@@IAEXVSide@@VRect2D@G3D@@MVVector2@5@2HVVector2int16@5@@Z,
0x1017bd40,0x3a9,??$buildFace@$04VSide@@@LevelBuilder@View@RBX@@IAEXVSide@@VRect2D@G3D@@MVVector2@5@2HVVector2int16@5@@Z,
0x1017c0f0,0x3a9,??$buildFace@$01VSide@@@LevelBuilder@View@RBX@@IAEXVSide@@VRect2D@G3D@@MVVector2@5@2HVVector2int16@5@@Z,
0x1017c4a0,0x330,??$buildFace@$00VTopBottom@@@LevelBuilder@View@RBX@@IAEXVTopBottom@@VVector2int16@G3D@@W4Purpose@012@@Z,
0x1017c7d0,0x330,??$buildFace@$03VTopBottom@@@LevelBuilder@View@RBX@@IAEXVTopBottom@@VVector2int16@G3D@@W4Purpose@012@@Z,
0x1017cb00,0x330,??$buildFace@$02VSide@@@LevelBuilder@View@RBX@@IAEXVSide@@VVector2int16@G3D@@W4Purpose@012@@Z,
0x1017ce30,0x32d,??$buildFace@$0A@VSide@@@LevelBuilder@View@RBX@@IAEXVSide@@VVector2int16@G3D@@W4Purpose@012@@Z,
0x1017d160,0x330,??$buildFace@$04VSide@@@LevelBuilder@View@RBX@@IAEXVSide@@VVector2int16@G3D@@W4Purpose@012@@Z,
0x1017d490,0x330,??$buildFace@$01VSide@@@LevelBuilder@View@RBX@@IAEXVSide@@VVector2int16@G3D@@W4Purpose@012@@Z,
0x1017da00,0x151,??0PBBMesh@View@RBX@@AAE@ABVVector3@G3D@@W4NormalId@2@@Z,
0x1017db60,0x1b1,??0PBBMesh@View@RBX@@AAE@ABVVector3@G3D@@W4NormalId@2@ABVVector2@4@@Z,
0x1017dd20,0x264,??0PBBMesh@View@RBX@@AAE@ABVVector3@G3D@@VRenderSurfaceTypes@12@@Z,
0x1017dfa0,0x305,??$buildFace@$0A@VDeformSide3@@@LevelBuilder@View@RBX@@IAEXVDeformSide3@@VRect2D@G3D@@MVVector2@5@2HVVector2int16@5@@Z,
0x1017e2b0,0x2f5,??$buildFace@$00VDeformTop3@@@LevelBuilder@View@RBX@@IAEXVDeformTop3@@VRect2D@G3D@@MVVector2@5@2HVVector2int16@5@@Z,
0x1017e5b0,0x305,??$buildFace@$02VDeformSide3@@@LevelBuilder@View@RBX@@IAEXVDeformSide3@@VRect2D@G3D@@MVVector2@5@2HVVector2int16@5@@Z,
0x1017e8c0,0x345,??$buildFace@$04VDeformFront@@@LevelBuilder@View@RBX@@IAEXVDeformFront@@VRect2D@G3D@@MVVector2@5@2HVVector2int16@5@@Z,
0x1017ec10,0x31f,??$buildFace@$0A@VDeformSide3@@@LevelBuilder@View@RBX@@IAEXVDeformSide3@@VVector2int16@G3D@@W4Purpose@012@@Z,
0x1017ef30,0x31a,??$buildFace@$00VDeformTop3@@@LevelBuilder@View@RBX@@IAEXVDeformTop3@@VVector2int16@G3D@@W4Purpose@012@@Z,
0x1017f250,0x322,??$buildFace@$02VDeformSide3@@@LevelBuilder@View@RBX@@IAEXVDeformSide3@@VVector2int16@G3D@@W4Purpose@012@@Z,
0x1017f580,0x31a,??$buildFace@$04VDeformFront@@@LevelBuilder@View@RBX@@IAEXVDeformFront@@VVector2int16@G3D@@W4Purpose@012@@Z,
0x1017f8a0,0x3d1,??$buildFace@$01VWedgeBuilder@@@LevelBuilder@View@RBX@@IAEXVWedgeBuilder@@VRect2D@G3D@@MVVector2@5@2HVVector2int16@5@@Z,
0x1017fc80,0x3d1,??$buildFace@$03VWedgeBuilder@@@LevelBuilder@View@RBX@@IAEXVWedgeBuilder@@VRect2D@G3D@@MVVector2@5@2HVVector2int16@5@@Z,
0x101801c0,0x44a,??$buildFace@$01VWedgeBuilder@@@LevelBuilder@View@RBX@@IAEXVWedgeBuilder@@VVector2int16@G3D@@W4Purpose@012@@Z,
0x10180610,0x44a,??$buildFace@$03VWedgeBuilder@@@LevelBuilder@View@RBX@@IAEXVWedgeBuilder@@VVector2int16@G3D@@W4Purpose@012@@Z,
0x10180a60,0x171,??0WedgeMesh@View@RBX@@AAE@ABVVector3@G3D@@VRenderSurfaceTypes@12@@Z,
0x10180be0,0x17b,??0WedgeMesh@View@RBX@@AAE@ABVVector3@G3D@@W4NormalId@2@@Z,
0x10180d60,0x1db,??0WedgeMesh@View@RBX@@AAE@ABVVector3@G3D@@W4NormalId@2@ABVVector2@4@@Z,
0x10181160,0x305,??$buildFace@$0A@VDeformSide@@@LevelBuilder@View@RBX@@IAEXVDeformSide@@VRect2D@G3D@@MVVector2@5@2HVVector2int16@5@@Z,
0x10181470,0x335,??$buildFace@$00VDeformTop@@@LevelBuilder@View@RBX@@IAEXVDeformTop@@VRect2D@G3D@@MVVector2@5@2HVVector2int16@5@@Z,
0x101817b0,0x335,??$buildFace@$01VDeformFrontBack@@@LevelBuilder@View@RBX@@IAEXVDeformFrontBack@@VRect2D@G3D@@MVVector2@5@2HVVector2int16@5@@Z,
0x10181af0,0x305,??$buildFace@$02VDeformSide@@@LevelBuilder@View@RBX@@IAEXVDeformSide@@VRect2D@G3D@@MVVector2@5@2HVVector2int16@5@@Z,
0x10181e00,0x335,??$buildFace@$04VDeformFrontBack@@@LevelBuilder@View@RBX@@IAEXVDeformFrontBack@@VRect2D@G3D@@MVVector2@5@2HVVector2int16@5@@Z,
0x10182140,0x31f,??$buildFace@$0A@VDeformSide@@@LevelBuilder@View@RBX@@IAEXVDeformSide@@VVector2int16@G3D@@W4Purpose@012@@Z,
0x10182460,0x322,??$buildFace@$00VDeformTop@@@LevelBuilder@View@RBX@@IAEXVDeformTop@@VVector2int16@G3D@@W4Purpose@012@@Z,
0x10182790,0x322,??$buildFace@$01VDeformFrontBack@@@LevelBuilder@View@RBX@@IAEXVDeformFrontBack@@VVector2int16@G3D@@W4Purpose@012@@Z,
0x10182ac0,0x322,??$buildFace@$02VDeformSide@@@LevelBuilder@View@RBX@@IAEXVDeformSide@@VVector2int16@G3D@@W4Purpose@012@@Z,
0x10182df0,0x322,??$buildFace@$04VDeformFrontBack@@@LevelBuilder@View@RBX@@IAEXVDeformFrontBack@@VVector2int16@G3D@@W4Purpose@012@@Z,
0x10183120,0x3d1,??$buildFace@$03VTorsoBuilder@@@LevelBuilder@View@RBX@@IAEXVTorsoBuilder@@VRect2D@G3D@@MVVector2@5@2HVVector2int16@5@@Z,
0x10183640,0x44d,??$buildFace@$03VTorsoBuilder@@@LevelBuilder@View@RBX@@IAEXVTorsoBuilder@@VVector2int16@G3D@@W4Purpose@012@@Z,
0x10183a90,0x187,??0TorsoMesh@View@RBX@@AAE@ABVVector3@G3D@@VRenderSurfaceTypes@12@@Z,
0x10183c20,0x190,??0TorsoMesh@View@RBX@@AAE@ABVVector3@G3D@@W4NormalId@2@@Z,
0x10183db0,0x1ff,??0TorsoMesh@View@RBX@@AAE@ABVVector3@G3D@@W4NormalId@2@ABVVector2@4@@Z,
0x10184150,0x355,??$buildFace@$0A@P6AXAAVVector3@G3D@@0AAVVector2@2@ABV12@ABVVector2int16@2@@Z@LevelBuilder@View@RBX@@IAEXP6AXAAVVector3@G3D@@0AAVVector2@4@ABV34@ABVVector2int16@4@@ZVRect2D@4@MV54@6HV64@@Z,
0x101844b0,0x355,??$buildFace@$00P6AXAAVVector3@G3D@@0AAVVector2@2@ABV12@ABVVector2int16@2@@Z@LevelBuilder@View@RBX@@IAEXP6AXAAVVector3@G3D@@0AAVVector2@4@ABV34@ABVVector2int16@4@@ZVRect2D@4@MV54@6HV64@@Z,
0x10184810,0x355,??$buildFace@$01P6AXAAVVector3@G3D@@0AAVVector2@2@ABV12@ABVVector2int16@2@@Z@LevelBuilder@View@RBX@@IAEXP6AXAAVVector3@G3D@@0AAVVector2@4@ABV34@ABVVector2int16@4@@ZVRect2D@4@MV54@6HV64@@Z,
0x10184b70,0x355,??$buildFace@$02P6AXAAVVector3@G3D@@0AAVVector2@2@ABV12@ABVVector2int16@2@@Z@LevelBuilder@View@RBX@@IAEXP6AXAAVVector3@G3D@@0AAVVector2@4@ABV34@ABVVector2int16@4@@ZVRect2D@4@MV54@6HV64@@Z,
0x10184ed0,0x355,??$buildFace@$03P6AXAAVVector3@G3D@@0AAVVector2@2@ABV12@ABVVector2int16@2@@Z@LevelBuilder@View@RBX@@IAEXP6AXAAVVector3@G3D@@0AAVVector2@4@ABV34@ABVVector2int16@4@@ZVRect2D@4@MV54@6HV64@@Z,
0x10185230,0x355,??$buildFace@$04P6AXAAVVector3@G3D@@0AAVVector2@2@ABV12@ABVVector2int16@2@@Z@LevelBuilder@View@RBX@@IAEXP6AXAAVVector3@G3D@@0AAVVector2@4@ABV34@ABVVector2int16@4@@ZVRect2D@4@MV54@6HV64@@Z,
0x10185590,0x317,??$buildFace@$0A@P6AXAAVVector3@G3D@@0AAVVector2@2@ABV12@ABVVector2int16@2@@Z@LevelBuilder@View@RBX@@IAEXP6AXAAVVector3@G3D@@0AAVVector2@4@ABV34@ABVVector2int16@4@@ZV64@W4Purpose@012@@Z,
0x101858b0,0x31a,??$buildFace@$00P6AXAAVVector3@G3D@@0AAVVector2@2@ABV12@ABVVector2int16@2@@Z@LevelBuilder@View@RBX@@IAEXP6AXAAVVector3@G3D@@0AAVVector2@4@ABV34@ABVVector2int16@4@@ZV64@W4Purpose@012@@Z,
0x10185bd0,0x31a,??$buildFace@$01P6AXAAVVector3@G3D@@0AAVVector2@2@ABV12@ABVVector2int16@2@@Z@LevelBuilder@View@RBX@@IAEXP6AXAAVVector3@G3D@@0AAVVector2@4@ABV34@ABVVector2int16@4@@ZV64@W4Purpose@012@@Z,
0x10185ef0,0x31a,??$buildFace@$02P6AXAAVVector3@G3D@@0AAVVector2@2@ABV12@ABVVector2int16@2@@Z@LevelBuilder@View@RBX@@IAEXP6AXAAVVector3@G3D@@0AAVVector2@4@ABV34@ABVVector2int16@4@@ZV64@W4Purpose@012@@Z,
0x10186210,0x31a,??$buildFace@$03P6AXAAVVector3@G3D@@0AAVVector2@2@ABV12@ABVVector2int16@2@@Z@LevelBuilder@View@RBX@@IAEXP6AXAAVVector3@G3D@@0AAVVector2@4@ABV34@ABVVector2int16@4@@ZV64@W4Purpose@012@@Z,
0x10186530,0x31a,??$buildFace@$04P6AXAAVVector3@G3D@@0AAVVector2@2@ABV12@ABVVector2int16@2@@Z@LevelBuilder@View@RBX@@IAEXP6AXAAVVector3@G3D@@0AAVVector2@4@ABV34@ABVVector2int16@4@@ZV64@W4Purpose@012@@Z,
0x10186970,0x311,??0SphereMesh@View@RBX@@AAE@ABVVector3@G3D@@VRenderSurfaceTypes@12@@Z,
0x10186c90,0x178,??0SphereMesh@View@RBX@@AAE@ABVVector3@G3D@@W4NormalId@2@@Z,
0x10186e10,0x1d9,??0SphereMesh@View@RBX@@AAE@ABVVector3@G3D@@W4NormalId@2@ABVVector2@4@@Z,
0x10187030,0x62,??0CylinderBuilder@@QAE@AAV?$ReferenceCountedPointer@VLevel@Mesh@Render@RBX@@@G3D@@VVector3@2@VRenderSurfaceTypes@View@RBX@@I@Z,
0x10187350,0x14d,??0CylinderAlongXMesh@View@RBX@@AAE@ABVVector3@G3D@@VRenderSurfaceTypes@12@@Z,
0x101874a0,0x153,??0CylinderAlongXMesh@View@RBX@@AAE@ABVVector3@G3D@@W4NormalId@2@@Z,
0x10187600,0x1b3,??0CylinderAlongXMesh@View@RBX@@AAE@ABVVector3@G3D@@W4NormalId@2@ABVVector2@4@@Z,
0x101877c0,0xe6,??0HeadBuilder@@QAE@V?$ReferenceCountedPointer@VLevel@Mesh@Render@RBX@@@G3D@@VVector3@2@VRenderSurfaceTypes@View@RBX@@IM@Z,
0x10187b50,0x335,??$buildFace@$00VEndcapTransform@@@LevelBuilder@View@RBX@@IAEXVEndcapTransform@@VRect2D@G3D@@MVVector2@5@2HVVector2int16@5@@Z,
0x10187e90,0x335,??$buildFace@$03VEndcapTransform@@@LevelBuilder@View@RBX@@IAEXVEndcapTransform@@VRect2D@G3D@@MVVector2@5@2HVVector2int16@5@@Z,
0x101881d0,0x345,??$buildFace@$02VCylinderTransform@@@LevelBuilder@View@RBX@@IAEXVCylinderTransform@@VRect2D@G3D@@MVVector2@5@2HVVector2int16@5@@Z,
0x10188520,0x345,??$buildFace@$0A@VCylinderTransform@@@LevelBuilder@View@RBX@@IAEXVCylinderTransform@@VRect2D@G3D@@MVVector2@5@2HVVector2int16@5@@Z,
0x10188870,0x345,??$buildFace@$04VCylinderTransform@@@LevelBuilder@View@RBX@@IAEXVCylinderTransform@@VRect2D@G3D@@MVVector2@5@2HVVector2int16@5@@Z,
0x10188bc0,0x345,??$buildFace@$01VCylinderTransform@@@LevelBuilder@View@RBX@@IAEXVCylinderTransform@@VRect2D@G3D@@MVVector2@5@2HVVector2int16@5@@Z,
0x10188f10,0x31a,??$buildFace@$00VEndcapTransform@@@LevelBuilder@View@RBX@@IAEXVEndcapTransform@@VVector2int16@G3D@@W4Purpose@012@@Z,
0x10189230,0x31a,??$buildFace@$03VEndcapTransform@@@LevelBuilder@View@RBX@@IAEXVEndcapTransform@@VVector2int16@G3D@@W4Purpose@012@@Z,
0x10189550,0x322,??$buildFace@$02VCylinderTransform@@@LevelBuilder@View@RBX@@IAEXVCylinderTransform@@VVector2int16@G3D@@W4Purpose@012@@Z,
0x10189880,0x31f,??$buildFace@$0A@VCylinderTransform@@@LevelBuilder@View@RBX@@IAEXVCylinderTransform@@VVector2int16@G3D@@W4Purpose@012@@Z,
0x10189ba0,0x322,??$buildFace@$04VCylinderTransform@@@LevelBuilder@View@RBX@@IAEXVCylinderTransform@@VVector2int16@G3D@@W4Purpose@012@@Z,
0x10189ed0,0x322,??$buildFace@$01VCylinderTransform@@@LevelBuilder@View@RBX@@IAEXVCylinderTransform@@VVector2int16@G3D@@W4Purpose@012@@Z,
0x1018a360,0x1e5,??0HeadMesh@View@RBX@@AAE@ABVVector3@G3D@@VRenderSurfaceTypes@12@@Z,
0x1018a550,0x18a,??0HeadMesh@View@RBX@@AAE@ABVVector3@G3D@@W4NormalId@2@@Z,
0x1018a6e0,0x1e4,??0HeadMesh@View@RBX@@AAE@ABVVector3@G3D@@W4NormalId@2@ABVVector2@4@@Z,
0x1018a8f0,0x456,?loadFromMeshFile@FileMesh@View@RBX@@QAE_NABVVector3@G3D@@VMeshId@3@@Z,
0x1018ad50,0x101,?create@FileMesh@View@RBX@@SA?AV?$ReferenceCountedPointer@VMesh@Render@RBX@@@G3D@@ABVVector3@5@VMeshId@3@@Z,
0x1018af40,0x52,??0LevelBuilder@View@RBX@@IAE@AAV?$ReferenceCountedPointer@VLevel@Mesh@Render@RBX@@@G3D@@VVector3@4@VRenderSurfaceTypes@12@@Z,
0x1018b8e0,0x86,??$create@VNetworkSettings@RBX@@@?$Creatable@VInstance@RBX@@@RBX@@SA?AV?$shared_ptr@VNetworkSettings@RBX@@@boost@@XZ,
0x1018bc50,0x86,??$create@VClient@Network@RBX@@@?$Creatable@VInstance@RBX@@@RBX@@SA?AV?$shared_ptr@VClient@Network@RBX@@@boost@@XZ,
0x1018bce0,0xbb,?create@Creator@?$FactoryProduct@VClient@Network@RBX@@VPeer@23@$1?sClient@23@3PADA@RBX@@UBE?AV?$shared_ptr@VObject@RBX@@@boost@@XZ,
0x1018bee0,0x86,??$create@VServer@Network@RBX@@@?$Creatable@VInstance@RBX@@@RBX@@SA?AV?$shared_ptr@VServer@Network@RBX@@@boost@@XZ,
0x1018bf70,0xbb,?create@Creator@?$FactoryProduct@VServer@Network@RBX@@VPeer@23@$1?sServer@23@3PADA@RBX@@UBE?AV?$shared_ptr@VObject@RBX@@@boost@@XZ,
0x1018c030,0xbb,?create@Creator@?$FactoryProduct@VNetworkSettings@RBX@@VItem@GlobalSettings@2@$1?sNetworkSettings@2@3QBDB@RBX@@UBE?AV?$shared_ptr@VObject@RBX@@@boost@@XZ,
0x1018c3b0,0x24,?getCharacterAppearance@Player@Network@RBX@@QBE?AV?$basic_string@DU?$char_traits@D@std@@V?$allocator@D@2@@std@@XZ,
0x1018c800,0x8d,?getValue@?$GetSetImpl@P8Player@Network@RBX@@BE?AV?$basic_string@DU?$char_traits@D@std@@V?$allocator@D@2@@std@@XZP8123@AEXABV45@@Z@?$PropDescriptor@VPlayer@Network@RBX@@V?$basic_string@DU?$char_traits@D@std@@V?$allocator@D@2@@std@@@Reflection@RBX@@UBE?AV?$basic_string@DU?$char_traits@D@std@@V?$allocator@D@2@@std@@PBVDescribedBase@34@@Z,
0x1018cda0,0x5b,??$getset@P8Player@Network@RBX@@BEPAVModelInstance@3@XZP8123@AEXPAV43@@Z@?$PropDescriptor@VPlayer@Network@RBX@@PAVModelInstance@3@@Reflection@RBX@@SA?AV?$auto_ptr@VGetSet@?$TypedPropertyDescriptor@PAVModelInstance@RBX@@@Reflection@RBX@@@std@@P8Player@Network@2@BEPAVModelInstance@2@XZP8562@AEXPAV72@@Z@Z,
0x1018ce00,0x5b,??$getset@P8Player@Network@RBX@@BE?AV?$basic_string@DU?$char_traits@D@std@@V?$allocator@D@2@@std@@XZP8123@AEXABV45@@Z@?$PropDescriptor@VPlayer@Network@RBX@@V?$basic_string@DU?$char_traits@D@std@@V?$allocator@D@2@@std@@@Reflection@RBX@@SA?AV?$auto_ptr@VGetSet@?$TypedPropertyDescriptor@V?$basic_string@DU?$char_traits@D@std@@V?$allocator@D@2@@std@@@Reflection@RBX@@@std@@P8Player@Network@2@BE?AV?$basic_string@DU?$char_traits@D@std@@V?$allocator@D@2@@4@XZP8562@AEXABV74@@Z@Z,
0x1018e0e0,0x1ac,??RGenericSlotAdapter@?$SignalDescImpl@$01$$A6AXV?$basic_string@DU?$char_traits@D@std@@V?$allocator@D@2@@std@@V?$shared_ptr@VInstance@RBX@@@boost@@@Z@Reflection@RBX@@QAEXV?$basic_string@DU?$char_traits@D@std@@V?$allocator@D@2@@std@@V?$shared_ptr@VInstance@RBX@@@boost@@@Z,
0x1018e2e0,0x71,??0TSignalInstance@?$TSignalDesc@$$A6AXV?$basic_string@DU?$char_traits@D@std@@V?$allocator@D@2@@std@@V?$shared_ptr@VInstance@RBX@@@boost@@@Z@Reflection@RBX@@QAE@PAVSignalSource@23@ABVSignalDescriptor@23@@Z,
0x1018e360,0x5a,??1TSignalInstance@?$TSignalDesc@$$A6AXV?$basic_string@DU?$char_traits@D@std@@V?$allocator@D@2@@std@@H@Z@Reflection@RBX@@UAE@XZ,
0x1018e3c0,0x1e,??_ETSignalInstance@?$TSignalDesc@$$A6AXV?$basic_string@DU?$char_traits@D@std@@V?$allocator@D@2@@std@@H@Z@Reflection@RBX@@UAEPAXI@Z,
0x1018e4d0,0xaa,??$?0P8Player@Network@RBX@@BE?AV?$basic_string@DU?$char_traits@D@std@@V?$allocator@D@2@@std@@XZP8012@AEXABV34@@Z@?$PropDescriptor@VPlayer@Network@RBX@@V?$basic_string@DU?$char_traits@D@std@@V?$allocator@D@2@@std@@@Reflection@RBX@@QAE@PBD0P8Player@Network@2@BE?AV?$basic_string@DU?$char_traits@D@std@@V?$allocator@D@2@@std@@XZP8342@AEXABV56@@ZW4Functionality@PropertyDescriptor@12@@Z,
0x1018ee60,0x134,??0?$SignalDesc@VPlayer@Network@RBX@@$$A6AXV?$basic_string@DU?$char_traits@D@std@@V?$allocator@D@2@@std@@V?$shared_ptr@VInstance@RBX@@@boost@@@Z@Reflection@RBX@@QAE@PBD00@Z,
0x1018efa0,0x73,?newSignalInstance@?$TSignalDesc@$$A6AXV?$basic_string@DU?$char_traits@D@std@@V?$allocator@D@2@@std@@V?$shared_ptr@VInstance@RBX@@@boost@@@Z@Reflection@RBX@@EBEPAVSignalInstance@23@AAVSignalSource@23@@Z,
0x1018fef0,0x26,?setName@Player@Network@RBX@@UAEXABV?$basic_string@DU?$char_traits@D@std@@V?$allocator@D@2@@std@@@Z,
0x10190250,0xe7,?connectGeneric@?$SignalDescImpl@$01$$A6AXV?$basic_string@DU?$char_traits@D@std@@V?$allocator@D@2@@std@@V?$shared_ptr@VInstance@RBX@@@boost@@@Z@Reflection@RBX@@MBE?AVconnection@signals@boost@@PAVSignalInstance@23@PAVGenericSlotWrapper@23@W4connect_position@56@@Z,
0x10190bf0,0x4f,?setCharacterAppearance@Player@Network@RBX@@QAEXABV?$basic_string@DU?$char_traits@D@std@@V?$allocator@D@2@@std@@@Z,
0x10190cf0,0x55,?declareSignature@?$BoundFuncDesc@VPlayers@Network@RBX@@$$A6AXV?$shared_ptr@VInstance@RBX@@@boost@@V?$basic_string@DU?$char_traits@D@std@@V?$allocator@D@2@@std@@@Z$01@Reflection@RBX@@AAEXPBD0@Z,
0x10190db0,0x72,??$?0V?$basic_string@DU?$char_traits@D@std@@V?$allocator@D@2@@std@@@XmlElement@@QAE@ABVName@RBX@@V?$basic_string@DU?$char_traits@D@std@@V?$allocator@D@2@@std@@@Z,
0x101918c0,0x4d,??$getset@P8Players@Network@RBX@@BEHXZH@?$PropDescriptor@VPlayers@Network@RBX@@H@Reflection@RBX@@SA?AV?$auto_ptr@VGetSet@?$TypedPropertyDescriptor@H@Reflection@RBX@@@std@@P8Players@Network@2@BEHXZH@Z,
0x10191970,0x4d,??$getset@P8Players@Network@RBX@@BEPAVPlayer@23@XZH@?$PropDescriptor@VPlayers@Network@RBX@@PAVPlayer@23@@Reflection@RBX@@SA?AV?$auto_ptr@VGetSet@?$TypedPropertyDescriptor@PAVPlayer@Network@RBX@@@Reflection@RBX@@@std@@P8Players@Network@2@BEPAVPlayer@62@XZH@Z,
0x10191c10,0xb8,?getPlayerByID@Players@Network@RBX@@QAE?AV?$shared_ptr@VInstance@RBX@@@boost@@H@Z,
0x10191cd0,0x163,?playerFromCharacter@Players@Network@RBX@@QAE?AV?$shared_ptr@VInstance@RBX@@@boost@@V45@@Z,
0x101936e0,0xab,??0?$BoundFuncDesc@VPlayers@Network@RBX@@$$A6A?AV?$shared_ptr@VInstance@RBX@@@boost@@H@Z$00@Reflection@RBX@@QAE@P8Players@Network@2@AE?AV?$shared_ptr@VInstance@RBX@@@boost@@H@ZPBD1W4Security@FunctionDescriptor@12@@Z,
0x10193790,0xb0,??$call@V?$shared_ptr@VInstance@RBX@@@boost@@@?$BoundFuncDesc@VPlayers@Network@RBX@@$$A6A?AV?$shared_ptr@VInstance@RBX@@@boost@@H@Z$00@Reflection@RBX@@ABEXPAVPlayers@Network@2@AAVValue@12@1@Z,
0x10193840,0xda,?execute@?$BoundFuncDesc@VPlayers@Network@RBX@@$$A6A?AV?$shared_ptr@VInstance@RBX@@@boost@@H@Z$00@Reflection@RBX@@UBEXPAVDescribedBase@23@AAVArguments@FunctionDescriptor@23@@Z,
0x10193920,0xab,??0?$BoundFuncDesc@VPlayers@Network@RBX@@$$A6AXV?$basic_string@DU?$char_traits@D@std@@V?$allocator@D@2@@std@@@Z$00@Reflection@RBX@@QAE@P8Players@Network@2@AEXV?$basic_string@DU?$char_traits@D@std@@V?$allocator@D@2@@std@@@ZPBD2W4Security@FunctionDescriptor@12@@Z,
0x101939d0,0xec,?execute@?$BoundFuncDesc@VPlayers@Network@RBX@@$$A6AXV?$basic_string@DU?$char_traits@D@std@@V?$allocator@D@2@@std@@@Z$00@Reflection@RBX@@UBEXPAVDescribedBase@23@AAVArguments@FunctionDescriptor@23@@Z,
0x10193ac0,0x9b,??0?$BoundFuncDesc@VPlayers@Network@RBX@@$$A6AXV?$shared_ptr@VInstance@RBX@@@boost@@V?$basic_string@DU?$char_traits@D@std@@V?$allocator@D@2@@std@@@Z$01@Reflection@RBX@@QAE@P8Players@Network@2@AEXV?$shared_ptr@VInstance@RBX@@@boost@@V?$basic_string@DU?$char_traits@D@std@@V?$allocator@D@2@@std@@@ZPBD33W4Security@FunctionDescriptor@12@@Z,
0x10193b60,0x97,??$call@X@?$BoundFuncDesc@VPlayers@Network@RBX@@$$A6AXV?$shared_ptr@VInstance@RBX@@@boost@@V?$basic_string@DU?$char_traits@D@std@@V?$allocator@D@2@@std@@@Z$01@Reflection@RBX@@ABEXPAVPlayers@Network@2@AAVValue@12@11@Z,
0x10193c00,0x126,?execute@?$BoundFuncDesc@VPlayers@Network@RBX@@$$A6AXV?$shared_ptr@VInstance@RBX@@@boost@@V?$basic_string@DU?$char_traits@D@std@@V?$allocator@D@2@@std@@@Z$01@Reflection@RBX@@UBEXPAVDescribedBase@23@AAVArguments@FunctionDescriptor@23@@Z,
0x10193d50,0x78,??0?$BoundFuncDesc@VPlayers@Network@RBX@@$$A6A?AV?$shared_ptr@$$CBV?$vector@V?$shared_ptr@VInstance@RBX@@@boost@@V?$allocator@V?$shared_ptr@VInstance@RBX@@@boost@@@std@@@std@@@boost@@XZ$0A@@Reflection@RBX@@QAE@P8Players@Network@2@AE?AV?$shared_ptr@$$CBV?$vector@V?$shared_ptr@VInstance@RBX@@@boost@@V?$allocator@V?$shared_ptr@VInstance@RBX@@@boost@@@std@@@std@@@boost@@XZPBDW4Security@FunctionDescriptor@12@@Z,
0x10193dd0,0xa4,??$call@V?$shared_ptr@$$CBV?$vector@V?$shared_ptr@VInstance@RBX@@@boost@@V?$allocator@V?$shared_ptr@VInstance@RBX@@@boost@@@std@@@std@@@boost@@@?$BoundFuncDesc@VPlayers@Network@RBX@@$$A6A?AV?$shared_ptr@$$CBV?$vector@V?$shared_ptr@VInstance@RBX@@@boost@@V?$allocator@V?$shared_ptr@VInstance@RBX@@@boost@@@std@@@std@@@boost@@XZ$0A@@Reflection@RBX@@ABEXPAVPlayers@Network@2@AAVValue@12@@Z,
0x10193e80,0x5a,?execute@?$BoundFuncDesc@VPlayers@Network@RBX@@$$A6A?AV?$shared_ptr@$$CBV?$vector@V?$shared_ptr@VInstance@RBX@@@boost@@V?$allocator@V?$shared_ptr@VInstance@RBX@@@boost@@@std@@@std@@@boost@@XZ$0A@@Reflection@RBX@@UBEXPAVDescribedBase@23@AAVArguments@FunctionDescriptor@23@@Z,
0x10193f00,0xab,??0?$BoundFuncDesc@VPlayers@Network@RBX@@$$A6A?AV?$shared_ptr@VInstance@RBX@@@boost@@V45@@Z$00@Reflection@RBX@@QAE@P8Players@Network@2@AE?AV?$shared_ptr@VInstance@RBX@@@boost@@V56@@ZPBD2W4Security@FunctionDescriptor@12@@Z,
0x10193fb0,0xd0,??$call@V?$shared_ptr@VInstance@RBX@@@boost@@@?$BoundFuncDesc@VPlayers@Network@RBX@@$$A6A?AV?$shared_ptr@VInstance@RBX@@@boost@@V45@@Z$00@Reflection@RBX@@ABEXPAVPlayers@Network@2@AAVValue@12@1@Z,
0x10194080,0xda,?execute@?$BoundFuncDesc@VPlayers@Network@RBX@@$$A6A?AV?$shared_ptr@VInstance@RBX@@@boost@@V45@@Z$00@Reflection@RBX@@UBEXPAVDescribedBase@23@AAVArguments@FunctionDescriptor@23@@Z,
0x10194680,0x4ad,?processRequests@AbuseReporter@Network@RBX@@CA?AW4work_result@worker_thread@3@V?$shared_ptr@Udata@AbuseReporter@Network@RBX@@@boost@@V?$basic_string@DU?$char_traits@D@std@@V?$allocator@D@2@@std@@@Z,
0x10194b30,0x2da,?reportAbuse@Players@Network@RBX@@QAEXPAVPlayer@23@V?$basic_string@DU?$char_traits@D@std@@V?$allocator@D@2@@std@@@Z,
0x10194e10,0xc9,?reportAbuse@Players@Network@RBX@@QAEXV?$shared_ptr@VInstance@RBX@@@boost@@V?$basic_string@DU?$char_traits@D@std@@V?$allocator@D@2@@std@@@Z,
0x10194ff0,0x1f0,?chat@Players@Network@RBX@@QAEXV?$basic_string@DU?$char_traits@D@std@@V?$allocator@D@2@@std@@@Z,
0x10195520,0xe7,?fire@?$SignalDescImpl@$01$$A6AXV?$basic_string@DU?$char_traits@D@std@@V?$allocator@D@2@@std@@V?$shared_ptr@VInstance@RBX@@@boost@@@Z@Reflection@RBX@@QAEXPAVSignalSource@23@V?$basic_string@DU?$char_traits@D@std@@V?$allocator@D@2@@std@@V?$shared_ptr@VInstance@RBX@@@boost@@@Z,
0x10195710,0x17f,?createLocalPlayer@Players@Network@RBX@@QAE?AV?$shared_ptr@VInstance@RBX@@@boost@@H@Z,
0x10196310,0x196,??0AbuseReporter@Network@RBX@@QAE@V?$basic_string@DU?$char_traits@D@std@@V?$allocator@D@2@@std@@@Z,
0x101964b0,0xcb,?setAbuseReportUrl@Players@Network@RBX@@QAEXV?$basic_string@DU?$char_traits@D@std@@V?$allocator@D@2@@std@@@Z,
0x10196790,0x97,?declareSignature@?$BoundFuncDesc@VClient@Network@RBX@@$$A6AXV?$basic_string@DU?$char_traits@D@std@@V?$allocator@D@2@@std@@HHH@Z$03@Reflection@RBX@@AAEXPBD000@Z,
0x10196db0,0x1f6,?connect@Client@Network@RBX@@QAEXV?$basic_string@DU?$char_traits@D@std@@V?$allocator@D@2@@std@@HHH@Z,
0x10197080,0x95,??$create@VReplicator@Network@RBX@@USystemAddress@@PAVRakPeer@@@?$Creatable@VInstance@RBX@@@RBX@@SA?AV?$shared_ptr@VReplicator@Network@RBX@@@boost@@USystemAddress@@PAVRakPeer@@@Z,
0x10197610,0x15b,??RGenericSlotAdapter@?$SignalDescImpl@$01$$A6AXV?$basic_string@DU?$char_traits@D@std@@V?$allocator@D@2@@std@@H@Z@Reflection@RBX@@QAEXV?$basic_string@DU?$char_traits@D@std@@V?$allocator@D@2@@std@@H@Z,
0x10197770,0x9b,??1?$BoundFuncDesc@VClient@Network@RBX@@$$A6AXV?$basic_string@DU?$char_traits@D@std@@V?$allocator@D@2@@std@@HHH@Z$03@Reflection@RBX@@UAE@XZ,
0x10197810,0x71,??0TSignalInstance@?$TSignalDesc@$$A6AXV?$basic_string@DU?$char_traits@D@std@@V?$allocator@D@2@@std@@H@Z@Reflection@RBX@@QAE@PAVSignalSource@23@ABVSignalDescriptor@23@@Z,
0x10197ac0,0x73,?newSignalInstance@?$TSignalDesc@$$A6AXV?$basic_string@DU?$char_traits@D@std@@V?$allocator@D@2@@std@@H@Z@Reflection@RBX@@EBEPAVSignalInstance@23@AAVSignalSource@23@@Z,
0x10197d60,0x134,??0?$SignalDesc@VClient@Network@RBX@@$$A6AXV?$basic_string@DU?$char_traits@D@std@@V?$allocator@D@2@@std@@V?$shared_ptr@VInstance@RBX@@@boost@@@Z@Reflection@RBX@@QAE@PBD00@Z,
0x10197ea0,0x134,??0?$SignalDesc@VClient@Network@RBX@@$$A6AXV?$basic_string@DU?$char_traits@D@std@@V?$allocator@D@2@@std@@H@Z@Reflection@RBX@@QAE@PBD00@Z,
0x10197fe0,0xce,??0?$SignalDesc@VClient@Network@RBX@@$$A6AXV?$basic_string@DU?$char_traits@D@std@@V?$allocator@D@2@@std@@@Z@Reflection@RBX@@QAE@PBD0@Z,
0x101980b0,0xe1,??0?$BoundFuncDesc@VClient@Network@RBX@@$$A6AXV?$basic_string@DU?$char_traits@D@std@@V?$allocator@D@2@@std@@HHH@Z$03@Reflection@RBX@@QAE@P8Client@Network@2@AEXV?$basic_string@DU?$char_traits@D@std@@V?$allocator@D@2@@std@@HHH@ZPBD2222HW4Security@FunctionDescriptor@12@@Z,
0x101981a0,0x1e7,?execute@?$BoundFuncDesc@VClient@Network@RBX@@$$A6AXV?$basic_string@DU?$char_traits@D@std@@V?$allocator@D@2@@std@@HHH@Z$03@Reflection@RBX@@UBEXPAVDescribedBase@23@AAVArguments@FunctionDescriptor@23@@Z,
0x10198390,0x1e,??_E?$BoundFuncDesc@VClient@Network@RBX@@$$A6AXV?$basic_string@DU?$char_traits@D@std@@V?$allocator@D@2@@std@@HHH@Z$03@Reflection@RBX@@UAEPAXI@Z,
0x10198a10,0x87,?fire@?$SignalDescImpl@$01$$A6AXV?$basic_string@DU?$char_traits@D@std@@V?$allocator@D@2@@std@@H@Z@Reflection@RBX@@QAEXPAVSignalSource@23@V?$basic_string@DU?$char_traits@D@std@@V?$allocator@D@2@@std@@H@Z,
0x10199190,0xe7,?connectGeneric@?$SignalDescImpl@$01$$A6AXV?$basic_string@DU?$char_traits@D@std@@V?$allocator@D@2@@std@@H@Z@Reflection@RBX@@MBE?AVconnection@signals@boost@@PAVSignalInstance@23@PAVGenericSlotWrapper@23@W4connect_position@56@@Z,
0x1019a030,0x95,??$create@VClientProxy@Server@Network@RBX@@USystemAddress@@PAV234@@?$Creatable@VInstance@RBX@@@RBX@@SA?AV?$shared_ptr@VClientProxy@Server@Network@RBX@@@boost@@USystemAddress@@PAVServer@Network@1@@Z,
0x1019a1b0,0x17b,??$shared_from_dynamic_cast@VPlayer@Network@RBX@@VInstance@3@@RBX@@YA?AV?$shared_ptr@VPlayer@Network@RBX@@@boost@@PAV?$enable_shared_from_this@VInstance@RBX@@@2@@Z,
0x1019aa70,0x134,??0?$SignalDesc@VServer@Network@RBX@@$$A6AXV?$basic_string@DU?$char_traits@D@std@@V?$allocator@D@2@@std@@V?$shared_ptr@VInstance@RBX@@@boost@@@Z@Reflection@RBX@@QAE@PBD00@Z,
0x1019bbd0,0x1d,?readableString@Guid@RBX@@QBE?AV?$basic_string@DU?$char_traits@D@std@@V?$allocator@D@2@@std@@H@Z,
0x1019cc30,0x38,??0ChangePropertyItem@Replicator@Network@RBX@@QAE@AAV123@ABV?$shared_ptr@$$CBVInstance@RBX@@@boost@@ABVPropertyDescriptor@Reflection@3@@Z,
0x1019dcd0,0x1f,??$serialize@VVector3@G3D@@@Network@RBX@@YAXABVConstProperty@Reflection@1@AAVBitStream@RakNet@@@Z,
0x1019dcf0,0x32,??$deserialize@VVector3@G3D@@@Network@RBX@@YAXAAVProperty@Reflection@1@AAVBitStream@RakNet@@@Z,
0x1019e6d0,0x1f,??$serialize@VColor3@G3D@@@Network@RBX@@YAXABVConstProperty@Reflection@1@AAVBitStream@RakNet@@@Z,
0x1019e6f0,0x1f,??$serialize@VCoordinateFrame@G3D@@@Network@RBX@@YAXABVConstProperty@Reflection@1@AAVBitStream@RakNet@@@Z,
0x1019e740,0x25,??$deserialize@VColor3@G3D@@@Network@RBX@@YAXAAVProperty@Reflection@1@AAVBitStream@RakNet@@@Z,
0x1019e770,0x2d,??$deserialize@VCoordinateFrame@G3D@@@Network@RBX@@YAXAAVProperty@Reflection@1@AAVBitStream@RakNet@@@Z,
0x1019f290,0x10c,??$visitChildren@V?$bind_t@XV?$mf1@XVReplicator@Network@RBX@@V?$shared_ptr@VInstance@RBX@@@boost@@@_mfi@boost@@V?$list2@V?$value@PAVReplicator@Network@RBX@@@_bi@boost@@V?$arg@$00@3@@_bi@3@@_bi@boost@@@Instance@RBX@@QBEXV?$bind_t@XV?$mf1@XVReplicator@Network@RBX@@V?$shared_ptr@VInstance@RBX@@@boost@@@_mfi@boost@@V?$list2@V?$value@PAVReplicator@Network@RBX@@@_bi@boost@@V?$arg@$00@3@@_bi@3@@_bi@boost@@@Z,
0x1019f3a0,0x10c,??$visitChildren@V?$bind_t@_NV?$mf1@_NVReplicator@Network@RBX@@V?$shared_ptr@VInstance@RBX@@@boost@@@_mfi@boost@@V?$list2@V?$value@PAVReplicator@Network@RBX@@@_bi@boost@@V?$arg@$00@3@@_bi@3@@_bi@boost@@@Instance@RBX@@QBEXV?$bind_t@_NV?$mf1@_NVReplicator@Network@RBX@@V?$shared_ptr@VInstance@RBX@@@boost@@@_mfi@boost@@V?$list2@V?$value@PAVReplicator@Network@RBX@@@_bi@boost@@V?$arg@$00@3@@_bi@3@@_bi@boost@@@Z,
0x1019f4b0,0x172,??$shared_from_polymorphic_downcast@VItem@Stats@RBX@@VInstance@3@@RBX@@YA?AV?$shared_ptr@VItem@Stats@RBX@@@boost@@PAV?$enable_shared_from_this@VInstance@RBX@@@2@@Z,
0x1019f630,0x178,??$shared_from@VReplicator@Network@RBX@@@RBX@@YA?AV?$shared_ptr@VReplicator@Network@RBX@@@boost@@PAVReplicator@Network@0@@Z,
0x1019f930,0xb8,?getPlayer@Replicator@Network@RBX@@QAE?AV?$shared_ptr@VInstance@RBX@@@boost@@XZ,
0x101a1c20,0x36c,?onPropertyChanged@Replicator@Network@RBX@@IAEXV?$shared_ptr@VInstance@RBX@@@boost@@PBVPropertyDescriptor@Reflection@3@@Z,
0x101a35b0,0x15b,??RGenericSlotAdapter@?$SignalDescImpl@$01$$A6AXV?$basic_string@DU?$char_traits@D@std@@V?$allocator@D@2@@std@@_N@Z@Reflection@RBX@@QAEXV?$basic_string@DU?$char_traits@D@std@@V?$allocator@D@2@@std@@_N@Z,
0x101a38d0,0x71,??0TSignalInstance@?$TSignalDesc@$$A6AXV?$basic_string@DU?$char_traits@D@std@@V?$allocator@D@2@@std@@_N@Z@Reflection@RBX@@QAE@PAVSignalSource@23@ABVSignalDescriptor@23@@Z,
0x101a4210,0x134,??0?$SignalDesc@VReplicator@Network@RBX@@$$A6AXV?$basic_string@DU?$char_traits@D@std@@V?$allocator@D@2@@std@@_N@Z@Reflection@RBX@@QAE@PBD00@Z,
0x101a4350,0x73,?newSignalInstance@?$TSignalDesc@$$A6AXV?$basic_string@DU?$char_traits@D@std@@V?$allocator@D@2@@std@@_N@Z@Reflection@RBX@@EBEPAVSignalInstance@23@AAVSignalSource@23@@Z,
0x101a4420,0x78,??0?$BoundFuncDesc@VReplicator@Network@RBX@@$$A6A?AV?$shared_ptr@VDescribedBase@Reflection@RBX@@@boost@@XZ$0A@@Reflection@RBX@@QAE@P8Replicator@Network@2@AE?AV?$shared_ptr@VDescribedBase@Reflection@RBX@@@boost@@XZPBDW4Security@FunctionDescriptor@12@@Z,
0x101a44a0,0xa4,??$call@V?$shared_ptr@VDescribedBase@Reflection@RBX@@@boost@@@?$BoundFuncDesc@VReplicator@Network@RBX@@$$A6A?AV?$shared_ptr@VDescribedBase@Reflection@RBX@@@boost@@XZ$0A@@Reflection@RBX@@ABEXPAVReplicator@Network@2@AAVValue@12@@Z,
0x101a4550,0x5a,?execute@?$BoundFuncDesc@VReplicator@Network@RBX@@$$A6A?AV?$shared_ptr@VDescribedBase@Reflection@RBX@@@boost@@XZ$0A@@Reflection@RBX@@UBEXPAVDescribedBase@23@AAVArguments@FunctionDescriptor@23@@Z,
0x101a4690,0x78,??0?$BoundFuncDesc@VReplicator@Network@RBX@@$$A6A?AV?$shared_ptr@VInstance@RBX@@@boost@@XZ$0A@@Reflection@RBX@@QAE@P8Replicator@Network@2@AE?AV?$shared_ptr@VInstance@RBX@@@boost@@XZPBDW4Security@FunctionDescriptor@12@@Z,
0x101a4710,0xa4,??$call@V?$shared_ptr@VInstance@RBX@@@boost@@@?$BoundFuncDesc@VReplicator@Network@RBX@@$$A6A?AV?$shared_ptr@VInstance@RBX@@@boost@@XZ$0A@@Reflection@RBX@@ABEXPAVReplicator@Network@2@AAVValue@12@@Z,
0x101a47c0,0x5a,?execute@?$BoundFuncDesc@VReplicator@Network@RBX@@$$A6A?AV?$shared_ptr@VInstance@RBX@@@boost@@XZ$0A@@Reflection@RBX@@UBEXPAVDescribedBase@23@AAVArguments@FunctionDescriptor@23@@Z,
0x101a5f00,0x87,?fire@?$SignalDescImpl@$01$$A6AXV?$basic_string@DU?$char_traits@D@std@@V?$allocator@D@2@@std@@_N@Z@Reflection@RBX@@QAEXPAVSignalSource@23@V?$basic_string@DU?$char_traits@D@std@@V?$allocator@D@2@@std@@_N@Z,
0x101a6200,0x1aa,??0ReplicatorStatsItem@Replicator@Network@RBX@@QAE@ABV?$shared_ptr@VReplicator@Network@RBX@@@boost@@PBURakNetStatistics@@@Z,
0x101a6bc0,0xd3,??$create@VReplicatorStatsItem@Replicator@Network@RBX@@V?$shared_ptr@VReplicator@Network@RBX@@@boost@@PAURakNetStatistics@@@?$Creatable@VInstance@RBX@@@RBX@@SA?AV?$shared_ptr@VReplicatorStatsItem@Replicator@Network@RBX@@@boost@@V?$shared_ptr@VReplicator@Network@RBX@@@3@PAURakNetStatistics@@@Z,
0x101a9a80,0xe7,?connectGeneric@?$SignalDescImpl@$01$$A6AXV?$basic_string@DU?$char_traits@D@std@@V?$allocator@D@2@@std@@_N@Z@Reflection@RBX@@MBE?AVconnection@signals@boost@@PAVSignalInstance@23@PAVGenericSlotWrapper@23@W4connect_position@56@@Z,
0x101a9b70,0x8f,?newMarker@Marker@Network@RBX@@SA?AV?$shared_ptr@VMarker@Network@RBX@@@boost@@XZ,
0x101a9c00,0x1e4,?sendMarker@Replicator@Network@RBX@@QAE?AV?$shared_ptr@VDescribedBase@Reflection@RBX@@@boost@@XZ,
0x101ab720,0x4b,??6Network@RBX@@YAAAVBitStream@RakNet@@AAV23@ABV?$basic_string@DU?$char_traits@D@std@@V?$allocator@D@2@@std@@@Z,
0x101abad0,0x39,??$?5VColor3@G3D@@@Network@RBX@@YAAAVBitStream@RakNet@@AAV23@AAVColor3@G3D@@@Z,
0x101abc90,0xc4,??$?5VCoordinateFrame@G3D@@@Network@RBX@@YAAAVBitStream@RakNet@@AAV23@AAVCoordinateFrame@G3D@@@Z,
0x101aca80,0xb0,?trySend@StringSender@Network@RBX@@QAE_NAAVBitStream@RakNet@@ABV?$basic_string@DU?$char_traits@D@std@@V?$allocator@D@2@@std@@@Z,
0x101ace20,0x82,?receive@StringReceiver@Network@RBX@@QAEXAAVBitStream@RakNet@@AAV?$basic_string@DU?$char_traits@D@std@@V?$allocator@D@2@@std@@@Z,
0x101acfa0,0x187,?send@StringSender@Network@RBX@@QAEXAAVBitStream@RakNet@@ABV?$basic_string@DU?$char_traits@D@std@@V?$allocator@D@2@@std@@@Z,
0x101e8b4d,0x69,??__C@YGXPAX0IHP6EX00@ZP6EX0@Z@Z,
0x101ec780,0x39,?selectColor@Draw@RBX@@SAABVColor3@G3D@@XZ,
0x101eccb0,0xb3,?getTextureProxy@Textures@RBX@@SA?AV?$ReferenceCountedPointer@VTextureProxyBase@RBX@@@G3D@@PAVAdorn@2@ABVContentId@2@@Z,
0x101ecd70,0xd2,?hitTestBall@HitTest@RBX@@CA_NABVPart@2@AAVRay@G3D@@AAVVector3@5@M@Z,
0x101ece50,0xa7,?hitTestCylinder@HitTest@RBX@@CA_NABVPart@2@AAVRay@G3D@@AAVVector3@5@M@Z,
0x101ecf00,0xbf,?hitTestBox@HitTest@RBX@@CA_NABVPart@2@AAVRay@G3D@@AAVVector3@5@M@Z,
0x101ecfc0,0x6c,?hitTest@HitTest@RBX@@SA_NABVPart@2@AAVRay@G3D@@AAVVector3@5@M@Z,
0x101ed030,0xa4,?cylinder@DrawAdorn@RBX@@SAXPAVAdorn@2@ABVCoordinateFrame@G3D@@HMMABVColor3@5@@Z,
0x101ed0e0,0x18c,?surfaceBorder@DrawAdorn@RBX@@CAXPAVAdorn@2@ABVVector3@G3D@@MHABVColor4@5@@Z,
0x101ed500,0xd,?hashCode@@YAIABVMeshDirectedEdgeKey@G3D@@@Z,
0x101efe80,0x32,?baseTexture@Level@Material@Render@RBX@@QBE?AV?$ReferenceCountedPointer@VTexture@G3D@@@G3D@@PAVRenderDevice@6@@Z,
0x101efec0,0x32,?matte@Level@Material@Render@RBX@@QBE?AV?$ReferenceCountedPointer@VTexture@G3D@@@G3D@@PAVRenderDevice@6@@Z,
0x101eff00,0x26,?dropShadowMesh@Mesh@Render@RBX@@QAE?AV?$ReferenceCountedPointer@VLevel@Mesh@Render@RBX@@@G3D@@XZ,
0x101eff30,0x8b,?renderShadowVolumeGeometry@RenderScene@Render@RBX@@AAEXPAVRenderDevice@G3D@@ABVGLight@5@_NM@Z,
0x101f06a0,0xff,?computeShadowVolumeGeometry@RenderScene@Render@RBX@@ABEXAAV?$Array@I@G3D@@AAV?$Array@VVector3@G3D@@@5@ABVGLight@5@_NM@Z,
0x101f1200,0x209,?presetLighting@RenderScene@Render@RBX@@QAEXV?$ReferenceCountedPointer@VSky@G3D@@@G3D@@VLightingParameters@5@VColor3@5@2@Z,
0x101f1680,0x2d2,?markStencilShadows@RenderScene@Render@RBX@@AAEXPAVRenderDevice@G3D@@ABVGCamera@5@ABVGLight@5@@Z,
0x101f1960,0x66d,?allocateProxies@RenderScene@Render@RBX@@AAEXPAVRenderDevice@G3D@@ABVGCamera@5@@Z,
0x101f1fd0,0xbb,?computeProxyArrays@RenderScene@Render@RBX@@AAEXPAVRenderDevice@G3D@@ABVGCamera@5@@Z,
0x101f2090,0x3ba,?render@RenderScene@Render@RBX@@QAEXPAVRenderDevice@G3D@@ABVGCamera@5@@Z,
0x101f52e0,0xfd,??$addSamples@V?$_Vector_iterator@V?$ReferenceCountedPointer@VChunk@Render@RBX@@@G3D@@V?$allocator@V?$ReferenceCountedPointer@VChunk@Render@RBX@@@G3D@@@std@@@std@@@Clusterer@Render@RBX@@QAEXV?$_Vector_iterator@V?$ReferenceCountedPointer@VChunk@Render@RBX@@@G3D@@V?$allocator@V?$ReferenceCountedPointer@VChunk@Render@RBX@@@G3D@@@std@@@std@@0@Z,
0x101f67f0,0x13d,??0Level@Material@Render@RBX@@AAE@V?$ReferenceCountedPointer@VTextureProxy@Render@RBX@@@G3D@@VColor3@5@MMMM@Z,
0x101f6ef0,0xfa,?appendLevel@Material@Render@RBX@@QAEABVLevel@123@V?$ReferenceCountedPointer@VTextureProxy@Render@RBX@@@G3D@@VColor3@6@MMMM@Z,
0x101f8950,0x82,?getToneMap@EffectSettings@Render@RBX@@SAPAVToneMap@G3D@@XZ,
0x101f8bc0,0x3cd,?update@EffectSettings@Render@RBX@@QAE?AV?$ReferenceCountedPointer@VLighting@G3D@@@G3D@@MM_NMABV45@ABVLightingParameters@5@AAV65@@Z,
0x101f9740,0x381,?renderShadows@AggregateChunk@Render@RBX@@UAEXPAVRenderDevice@G3D@@ABVGLight@5@_NM@Z,
0x101f9d00,0x4,?cframe@AggregateChunk@Render@RBX@@UAEABVCoordinateFrame@G3D@@XZ,
0x101f9d10,0x26,?getMaterial@AggregateChunk@Render@RBX@@UAE?AV?$ReferenceCountedPointer@VMaterial@Render@RBX@@@G3D@@XZ,
0x101f9d40,0x26,?getMesh@AggregateChunk@Render@RBX@@UAE?AV?$ReferenceCountedPointer@VMesh@Render@RBX@@@G3D@@XZ,
0x101fa520,0x1ab,?go@Clusterer@Render@RBX@@QAEAAV?$vector@VCluster@Clusterer@Render@RBX@@V?$allocator@VCluster@Clusterer@Render@RBX@@@std@@@std@@I@Z,
0x10221220,0x46,??__Fcreators@?1??getCreators@?$AbstractFactoryProduct@VInstance@RBX@@@RBX@@KAAAV?$map@PBVName@RBX@@PBVICreator@2@U?$less@PBVName@RBX@@@std@@V?$allocator@U?$pair@QBVName@RBX@@PBVICreator@2@@std@@@5@@std@@XZ@YAXXZ,
0x10221a60,0xa,??__Fvalue@?1??ptr@Context@Security@RBX@@CAAAV?$thread_specific_ptr@VContext@Security@RBX@@@boost@@XZ@YAXXZ,
0x102239e0,0x16,??__Fobj@?1??instance@?$singleton_default@Upool_type@?$singleton_pool@VLuaAllocator@@$0BA@Udefault_user_allocator_new_delete@boost@@Vwin32_mutex@pool@details@3@$0CA@@boost@@@pool@details@boost@@SAAAUpool_type@?$singleton_pool@VLuaAllocator@@$0BA@Udefault_user_allocator_new_delete@boost@@Vwin32_mutex@pool@details@3@$0CA@@4@XZ@YAXXZ,
0x10223a00,0x16,??__Fobj@?1??instance@?$singleton_default@Upool_type@?$singleton_pool@VLuaAllocator@@$0CA@Udefault_user_allocator_new_delete@boost@@Vwin32_mutex@pool@details@3@$0CA@@boost@@@pool@details@boost@@SAAAUpool_type@?$singleton_pool@VLuaAllocator@@$0CA@Udefault_user_allocator_new_delete@boost@@Vwin32_mutex@pool@details@3@$0CA@@4@XZ@YAXXZ,
0x102248e0,0xa,??__Ffoo@?1??classDescriptor@?$Described@V?$Value@VColor3@G3D@@$1?sColor3Value@RBX@@3PADA@RBX@@$1?sColor3Value@2@3PADAV?$FactoryProduct@V?$Value@VColor3@G3D@@$1?sColor3Value@RBX@@3PADA@RBX@@VInstance@2@$1?sColor3Value@2@3PADA@2@@Reflection@RBX@@SAAAVClassDescriptor@23@XZ@YAXXZ,
0x102248f0,0xa,??__Ffoo@?1??classDescriptor@?$Described@V?$Value@VCoordinateFrame@G3D@@$1?sCFrameValue@RBX@@3PADA@RBX@@$1?sCFrameValue@2@3PADAV?$FactoryProduct@V?$Value@VCoordinateFrame@G3D@@$1?sCFrameValue@RBX@@3PADA@RBX@@VInstance@2@$1?sCFrameValue@2@3PADA@2@@Reflection@RBX@@SAAAVClassDescriptor@23@XZ@YAXXZ,
0x10224900,0xa,??__Ffoo@?1??classDescriptor@?$Described@V?$Value@VVector3@G3D@@$1?sVector3Value@RBX@@3PADA@RBX@@$1?sVector3Value@2@3PADAV?$FactoryProduct@V?$Value@VVector3@G3D@@$1?sVector3Value@RBX@@3PADA@RBX@@VInstance@2@$1?sVector3Value@2@3PADA@2@@Reflection@RBX@@SAAAVClassDescriptor@23@XZ@YAXXZ,
0x10224910,0xa,??__Ffoo@?1??classDescriptor@?$Described@V?$Value@V?$basic_string@DU?$char_traits@D@std@@V?$allocator@D@2@@std@@$1?sStringValue@RBX@@3PADA@RBX@@$1?sStringValue@2@3PADAV?$FactoryProduct@V?$Value@V?$basic_string@DU?$char_traits@D@std@@V?$allocator@D@2@@std@@$1?sStringValue@RBX@@3PADA@RBX@@VInstance@2@$1?sStringValue@2@3PADA@2@@Reflection@RBX@@SAAAVClassDescriptor@23@XZ@YAXXZ,
0x100068f0,,?onAddListener@?$Notifier@VInstance@RBX@@VPropertyChanged@2@@RBX@@MBEXPAV?$Listener@VInstance@RBX@@VPropertyChanged@2@@2@@Z,
0x100068f0,,?onRemoveListener@?$Notifier@VInstance@RBX@@VPropertyChanged@2@@RBX@@MBEXPAV?$Listener@VInstance@RBX@@VPropertyChanged@2@@2@@Z,
0x1000cfd0,,??1Job@CWebService@Roblox@@QAE@XZ,
0x1000d370,,??1StandardOutMessage@RBX@@QAE@XZ,
0x1003ea30,,??1Type@Reflection@RBX@@UAE@XZ,
0x10047dc0,,??1?$AbstractFactoryProduct@VInstance@RBX@@@RBX@@UAE@XZ,
0x10048490,,??_G?$AbstractFactoryProduct@VInstance@RBX@@@RBX@@UAEPAXI@Z,
0x10048490,,??_E?$AbstractFactoryProduct@VInstance@RBX@@@RBX@@UAEPAXI@Z,
0x1004a1e0,,??1?$Association@VInstance@RBX@@@RBX@@QAE@XZ,
0x10068b30,,??_E?$DescribedCreatable@VScript@RBX@@VInstance@2@$1?sScript@2@3PADA@RBX@@WBA@AEPAXI@Z,
0x10068b40,,??_E?$DescribedCreatable@VScript@RBX@@VInstance@2@$1?sScript@2@3PADA@RBX@@WBE@AEPAXI@Z,
0x10068d00,,??_EScript@RBX@@WBA@AEPAXI@Z,
0x10068d10,,??_EScript@RBX@@WBE@AEPAXI@Z,
0x10068fd0,,??_GScript@RBX@@UAEPAXI@Z,
0x10068fd0,,??_EScript@RBX@@UAEPAXI@Z,
0x10069c80,,??_E?$DescribedCreatable@VLocalScript@RBX@@VScript@2@$1?sLocalScript@2@3PADA@RBX@@WBA@AEPAXI@Z,
0x10069c90,,??_E?$DescribedCreatable@VLocalScript@RBX@@VScript@2@$1?sLocalScript@2@3PADA@RBX@@WBE@AEPAXI@Z,
0x10069db0,,??_ELocalScript@RBX@@WBA@AEPAXI@Z,
0x10069dc0,,??_ELocalScript@RBX@@WBE@AEPAXI@Z,
0x10069e60,,??_ELocalScript@RBX@@UAEPAXI@Z,
0x10069e60,,??_GLocalScript@RBX@@UAEPAXI@Z,
0x1006cd10,,??1?$Notifier@VInstance@RBX@@VPropertyChanged@2@@RBX@@MAE@XZ,
0x1006cd10,,??1?$Notifier@VStandardOut@RBX@@UStandardOutMessage@2@@RBX@@MAE@XZ,
0x1008c880,,??_E?$DescribedCreatable@VHint@RBX@@VMessage@2@$1?sHint@2@3PADA@RBX@@WBA@AEPAXI@Z,
0x1008c880,,??_EHint@RBX@@WBA@AEPAXI@Z,
0x1008cad0,,??_E?$DescribedCreatable@VObjectValue@RBX@@VInstance@2@$1?sObjectValue@2@3PADA@RBX@@WBE@AEPAXI@Z,
0x1008e350,,??_E?$DescribedCreatable@VObjectValue@RBX@@VInstance@2@$1?sObjectValue@2@3PADA@RBX@@WBA@AEPAXI@Z,
0x1008e470,,??_E?$DescribedCreatable@VHint@RBX@@VMessage@2@$1?sHint@2@3PADA@RBX@@WBE@AEPAXI@Z,
0x1008e470,,??_EHint@RBX@@WBE@AEPAXI@Z,
0x1008e5a0,,??_EObjectValue@RBX@@WBE@AEPAXI@Z,
0x1008e610,,??_EObjectValue@RBX@@WBA@AEPAXI@Z,
0x1008e6a0,,??_EObjectValue@RBX@@UAEPAXI@Z,
0x1008e6a0,,??_GObjectValue@RBX@@UAEPAXI@Z,
0x100bdfd0,,??_E?$DescribedCreatable@VTeam@RBX@@VInstance@2@$1?sTeam@2@3QBDB@RBX@@WBA@AEPAXI@Z,
0x100be080,,??_ETeam@RBX@@WBA@AEPAXI@Z,
0x100be090,,??_ETeam@RBX@@WBE@AEPAXI@Z,
0x100be5f0,,??_E?$DescribedCreatable@VTeam@RBX@@VInstance@2@$1?sTeam@2@3QBDB@RBX@@WBE@AEPAXI@Z,
0x100c27d0,,??_E?$DescribedCreatable@VCamera@RBX@@VInstance@2@$1?sCamera@2@3PADA@RBX@@WBE@AEPAXI@Z,
0x100c40e0,,??_E?$DescribedCreatable@VCamera@RBX@@VInstance@2@$1?sCamera@2@3PADA@RBX@@WBA@AEPAXI@Z,
0x100c42f0,,??_ECamera@RBX@@WBE@AEPAXI@Z,
0x100c4360,,??_ECamera@RBX@@WBA@AEPAXI@Z,
0x100e0510,,??_E?$DescribedCreatable@VShirtGraphic@RBX@@VCharacterAppearance@2@$1?sShirtGraphic@2@3QBDB@RBX@@WBA@AEPAXI@Z,
0x100e0580,,??_EBodyColors@RBX@@WBA@AEPAXI@Z,
0x100e0580,,??_E?$DescribedCreatable@VBodyColors@RBX@@VCharacterAppearance@2@$1?sBodyColors@2@3QBDB@RBX@@WBA@AEPAXI@Z,
0x100e0590,,??_EBodyColors@RBX@@WBE@AEPAXI@Z,
0x100e0590,,??_E?$DescribedCreatable@VBodyColors@RBX@@VCharacterAppearance@2@$1?sBodyColors@2@3QBDB@RBX@@WBE@AEPAXI@Z,
0x100e05f0,,??_ESkin@RBX@@WBE@AEPAXI@Z,
0x100e05f0,,??_E?$DescribedCreatable@VSkin@RBX@@VCharacterAppearance@2@$1?sSkin@2@3QBDB@RBX@@WBE@AEPAXI@Z,
0x100e0630,,??_ESkin@RBX@@WBA@AEPAXI@Z,
0x100e0630,,??_E?$DescribedCreatable@VSkin@RBX@@VCharacterAppearance@2@$1?sSkin@2@3QBDB@RBX@@WBA@AEPAXI@Z,
0x100e1280,,??_E?$DescribedCreatable@VShirtGraphic@RBX@@VCharacterAppearance@2@$1?sShirtGraphic@2@3QBDB@RBX@@WBE@AEPAXI@Z,
0x100e1540,,??_EShirtGraphic@RBX@@WBA@AEPAXI@Z,
0x100e1550,,??_EShirtGraphic@RBX@@WBE@AEPAXI@Z,
0x100e15a0,,??_EShirtGraphic@RBX@@UAEPAXI@Z,
0x100e15a0,,??_GShirtGraphic@RBX@@UAEPAXI@Z,
0x100e18d0,,??_E?$DescribedCreatable@VShirt@RBX@@VShirtGraphic@2@$1?sShirt@2@3QBDB@RBX@@WBA@AEPAXI@Z,
0x100e18d0,,??_EShirt@RBX@@WBA@AEPAXI@Z,
0x100e18e0,,??_E?$DescribedCreatable@VShirt@RBX@@VShirtGraphic@2@$1?sShirt@2@3QBDB@RBX@@WBE@AEPAXI@Z,
0x100e18e0,,??_EShirt@RBX@@WBE@AEPAXI@Z,
0x100e4500,,??_EFeature@RBX@@WBA@AEPAXI@Z,
0x100e4510,,??_EFeature@RBX@@WBE@AEPAXI@Z,
0x100e48c0,,??_EMotorFeature@RBX@@WBA@AEPAXI@Z,
0x100e48c0,,??_E?$DescribedCreatable@VMotorFeature@RBX@@VFeature@2@$1?sMotorFeature@2@3QBDB@RBX@@WBA@AEPAXI@Z,
0x100e4c60,,??_GFeature@RBX@@UAEPAXI@Z,
0x100e4c60,,??_EFeature@RBX@@UAEPAXI@Z,
0x100e7880,,??_E?$DescribedCreatable@VHole@RBX@@VFeature@2@$1?sHole@2@3QBDB@RBX@@WBA@AEPAXI@Z,
0x100e7880,,??_EHole@RBX@@WBA@AEPAXI@Z,
0x100e7990,,??_EHole@RBX@@WBE@AEPAXI@Z,
0x100e7990,,??_E?$DescribedCreatable@VHole@RBX@@VFeature@2@$1?sHole@2@3QBDB@RBX@@WBE@AEPAXI@Z,
0x100e7aa0,,??_EMotorFeature@RBX@@WBE@AEPAXI@Z,
0x100e7aa0,,??_E?$DescribedCreatable@VMotorFeature@RBX@@VFeature@2@$1?sMotorFeature@2@3QBDB@RBX@@WBE@AEPAXI@Z,
0x100ea2a0,,??_EBodyMover@RBX@@WBE@AEPAXI@Z,
0x100ea330,,??_EBodyMover@RBX@@WBA@AEPAXI@Z,
0x100eb640,,??_E?$DescribedCreatable@VBodyVelocity@RBX@@VBodyMover@2@$1?sBodyVelocity@2@3PADA@RBX@@WBE@AEPAXI@Z,
0x100eb640,,??_EBodyVelocity@RBX@@WBE@AEPAXI@Z,
0x100eb6e0,,??_E?$DescribedCreatable@VRocket@RBX@@VBodyMover@2@$1?sRocket@2@3PADA@RBX@@WBE@AEPAXI@Z,
0x100ebaf0,,??_GBodyMover@RBX@@UAEPAXI@Z,
0x100ebaf0,,??_EBodyMover@RBX@@UAEPAXI@Z,
0x100ecf10,,??_E?$DescribedCreatable@VBodyGyro@RBX@@VBodyMover@2@$1?sBodyGyro@2@3PADA@RBX@@WBA@AEPAXI@Z,
0x100ecf10,,??_EBodyGyro@RBX@@WBA@AEPAXI@Z,
0x100ecf20,,??_E?$DescribedCreatable@VBodyGyro@RBX@@VBodyMover@2@$1?sBodyGyro@2@3PADA@RBX@@WBE@AEPAXI@Z,
0x100ecf20,,??_EBodyGyro@RBX@@WBE@AEPAXI@Z,
0x100ed280,,??_EBodyForce@RBX@@WBA@AEPAXI@Z,
0x100ed280,,??_E?$DescribedCreatable@VBodyForce@RBX@@VBodyMover@2@$1?sBodyForce@2@3PADA@RBX@@WBA@AEPAXI@Z,
0x100ed290,,??_EBodyForce@RBX@@WBE@AEPAXI@Z,
0x100ed290,,??_E?$DescribedCreatable@VBodyForce@RBX@@VBodyMover@2@$1?sBodyForce@2@3PADA@RBX@@WBE@AEPAXI@Z,
0x100ed680,,??_EBodyPosition@RBX@@WBA@AEPAXI@Z,
0x100ed680,,??_E?$DescribedCreatable@VBodyPosition@RBX@@VBodyMover@2@$1?sBodyPosition@2@3PADA@RBX@@WBA@AEPAXI@Z,
0x100ed690,,??_EBodyPosition@RBX@@WBE@AEPAXI@Z,
0x100ed690,,??_E?$DescribedCreatable@VBodyPosition@RBX@@VBodyMover@2@$1?sBodyPosition@2@3PADA@RBX@@WBE@AEPAXI@Z,
0x100ed7a0,,??_E?$DescribedCreatable@VBodyVelocity@RBX@@VBodyMover@2@$1?sBodyVelocity@2@3PADA@RBX@@WBA@AEPAXI@Z,
0x100ed7a0,,??_EBodyVelocity@RBX@@WBA@AEPAXI@Z,
0x100edaf0,,??_E?$DescribedCreatable@VBodyThrust@RBX@@VBodyMover@2@$1?sBodyThrust@2@3PADA@RBX@@WBA@AEPAXI@Z,
0x100edaf0,,??_EBodyThrust@RBX@@WBA@AEPAXI@Z,
0x100edb00,,??_E?$DescribedCreatable@VBodyThrust@RBX@@VBodyMover@2@$1?sBodyThrust@2@3PADA@RBX@@WBE@AEPAXI@Z,
0x100edb00,,??_EBodyThrust@RBX@@WBE@AEPAXI@Z,
0x100edea0,,??_E?$DescribedCreatable@VRocket@RBX@@VBodyMover@2@$1?sRocket@2@3PADA@RBX@@WBA@AEPAXI@Z,
0x100ee030,,??_ERocket@RBX@@WBA@AEPAXI@Z,
0x100ee040,,??_ERocket@RBX@@WBE@AEPAXI@Z,
0x100ee090,,??1Rocket@RBX@@UAE@XZ,
0x100ee110,,??_GRocket@RBX@@UAEPAXI@Z,
0x100ee110,,??_ERocket@RBX@@UAEPAXI@Z,
0x100eeb10,,??_EMessage@RBX@@WBE@AEPAXI@Z,
0x100eeb80,,??_EMessage@RBX@@WBA@AEPAXI@Z,
0x100ffb00,,??_E?$DescribedCreatable@VTexture@RBX@@VDecal@2@$1?sTexture@2@3PADA@RBX@@WBA@AEPAXI@Z,
0x100ffb00,,??_ETexture@RBX@@WBA@AEPAXI@Z,
0x10100080,,??_EDecal@RBX@@WBA@AEPAXI@Z,
0x10100090,,??_EDecal@RBX@@WBE@AEPAXI@Z,
0x101000f0,,??_EDecal@RBX@@UAEPAXI@Z,
0x101000f0,,??_GDecal@RBX@@UAEPAXI@Z,
0x10100390,,??_E?$DescribedCreatable@VTexture@RBX@@VDecal@2@$1?sTexture@2@3PADA@RBX@@WBE@AEPAXI@Z,
0x10100390,,??_ETexture@RBX@@WBE@AEPAXI@Z,
0x10101960,,??_EType@Reflection@RBX@@UAEPAXI@Z,
0x10101960,,??_GType@Reflection@RBX@@UAEPAXI@Z,
0x101019f0,,?onServiceProvider@Instance@RBX@@UAEXPBVServiceProvider@2@0@Z,
0x1012d930,,??_E?$DescribedCreatable@VSpecialShape@RBX@@VInstance@2@$1?sSpecialShape@2@3PADA@RBX@@WBA@AEPAXI@Z,
0x1012d940,,??_E?$DescribedCreatable@VSpecialShape@RBX@@VInstance@2@$1?sSpecialShape@2@3PADA@RBX@@WBE@AEPAXI@Z,
0x1012dab0,,??_ESpecialShape@RBX@@WBA@AEPAXI@Z,
0x1012dac0,,??_ESpecialShape@RBX@@WBE@AEPAXI@Z,
0x1012db20,,??1SpecialShape@RBX@@UAE@XZ,
0x1012db90,,??_GSpecialShape@RBX@@UAEPAXI@Z,
0x1012db90,,??_ESpecialShape@RBX@@UAEPAXI@Z,
0x101e8dcc,,?terminate@@YAXXZ,
0x10224cd0,,,`dynamic atexit destructor for 'RBX::Texture::prop_StudsPerTileV''
0x10224cf0,,,`dynamic atexit destructor for 'RBX::Texture::prop_StudsPerTileU''
0x10224d10,,,`dynamic atexit destructor for 'RBX::Decal::prop_Shiny''
0x10224d30,,,`dynamic atexit destructor for 'RBX::Decal::prop_Specular''
0x10225590,,,`dynamic atexit destructor for 'RBX::FaceInstance::prop_Face''
