address,size,type,symbol,name
0x10003590,0x7f,library,?FormatV@?$CStringT@DV?$StrTraitATL@DV?$ChTraitsCRT@D@ATL@@@ATL@@@ATL@@QAEXPBDPAD@Z,
0x100036f0,0x69,library,?AddBackslash@?$CPathT@V?$CStringT@DV?$StrTraitATL@DV?$ChTraitsCRT@D@ATL@@@ATL@@@ATL@@@ATL@@QAEXXZ,
0x10003760,0x5f,library,?StripPath@?$CPathT@V?$CStringT@DV?$StrTraitATL@DV?$ChTraitsCRT@D@ATL@@@ATL@@@ATL@@@ATL@@QAEXXZ,
0x100039c0,0x80,library,?Concatenate@?$CSimpleStringT@D$0A@@ATL@@KAXAAV12@PBDH1H@Z,
0x10004c60,0x99,library,?AtlCrtErrorCheck@ATL@@YAHH@Z,
0x10004d00,0x60,library,?Empty@?$CSimpleStringT@D$0A@@ATL@@QAEXXZ,
0x10004d60,0x8c,library,?SetString@?$CSimpleStringT@D$0A@@ATL@@QAEXPBDH@Z,
0x10004df0,0x69,library,?CloneData@?$CSimpleStringT@D$0A@@ATL@@CAPAUCStringData@2@PAU32@@Z,
0x10004e60,0xb,library,?ThrowMemoryException@?$CSimpleStringT@D$0A@@ATL@@KAXXZ,
0x10004e70,0x41,library,?ReleaseBuffer@?$CSimpleStringT@D$0A@@ATL@@QAEXH@Z,
0x10004ec0,0xaa,library,??0?$CStringT@DV?$StrTraitATL@DV?$ChTraitsCRT@D@ATL@@@ATL@@@ATL@@QAE@PBD@Z,
0x10004f70,0x75,library,?AtlFindStringResourceInstance@ATL@@YAPAUHINSTANCE__@@IG@Z,
0x10004ff0,0x68,library,?_AtlGetStringResourceImage@ATL@@YAPBUATLSTRINGRESOURCEIMAGE@1@PAUHINSTANCE__@@PAUHRSRC__@@I@Z,
0x10005060,0xc6,library,?LoadStringA@?$CStringT@DV?$StrTraitATL@DV?$ChTraitsCRT@D@ATL@@@ATL@@@ATL@@QAEHPAUHINSTANCE__@@I@Z,
0x10005130,0x7a,library,?Fork@?$CSimpleStringT@D$0A@@ATL@@AAEXH@Z,
0x100051b0,0x18,library,?AtlThrowImpl@ATL@@YGXJ@Z,
0x100051d0,0x4c,library,?PrepareWrite2@?$CSimpleStringT@D$0A@@ATL@@AAEXH@Z,
0x10005220,0x37,library,?Reallocate@?$CSimpleStringT@D$0A@@ATL@@AAEXH@Z,
0x10005260,0x24,library,??1?$CAtlSafeAllocBufferManager@VCCRTAllocator@ATL@@@_ATL_SAFE_ALLOCA_IMPL@ATL@@QAE@XZ,
0x10005290,0x22,library,??$AtlAdd@I@ATL@@YAJPAIII@Z,
0x100052c0,0x8f,library,??0?$CStringT@DV?$StrTraitATL@DV?$ChTraitsCRT@D@ATL@@@ATL@@@ATL@@QAE@PB_W@Z,
0x10005350,0x9a,library,??4?$CStringT@DV?$StrTraitATL@DV?$ChTraitsCRT@D@ATL@@@ATL@@@ATL@@QAEAAV01@PB_W@Z,
0x100053f0,0x3b,library,??MCFileTime@ATL@@QBE_NV01@@Z,
0x10005430,0x61,library,?RemoveFileSpec@?$CPathT@V?$CStringT@DV?$StrTraitATL@DV?$ChTraitsCRT@D@ATL@@@ATL@@@ATL@@@ATL@@QAEHXZ,
0x100054a0,0x14,library,?Format@?$CStringT@DV?$StrTraitATL@DV?$ChTraitsCRT@D@ATL@@@ATL@@@ATL@@QAAXPBDZZ,
0x100054c0,0x8e,library,?Append@?$CPathT@V?$CStringT@DV?$StrTraitATL@DV?$ChTraitsCRT@D@ATL@@@ATL@@@ATL@@@ATL@@QAEHPBD@Z,
0x10005550,0x1f,library,??1?$CPathT@V?$CStringT@DV?$StrTraitATL@DV?$ChTraitsCRT@D@ATL@@@ATL@@@ATL@@@ATL@@QAE@XZ,
0x100055d0,0x20,library,??$AtlMultiply@I@ATL@@YAJPAIII@Z,
0x100055f0,0x1b,library,?AtlThrowLastWin32@ATL@@YGXXZ,
0x10005610,0xa,library,??1CComBSTR@ATL@@QAE@XZ,
0x10005620,0x11,library,?Allocate@CCRTHeap@ATL@@UAEPAXI@Z,
0x10005640,0xf,library,?Free@CCRTHeap@ATL@@UAEXPAX@Z,
0x10005650,0x16,library,?Reallocate@CCRTHeap@ATL@@UAEPAXPAXI@Z,
0x10005670,0x11,library,?GetSize@CCRTHeap@ATL@@UAEIPAX@Z,
0x10005690,0x12,library,??1?$CA2WEX@$0IA@@ATL@@QAE@XZ,
0x100056b0,0xc2,library,?Init@?$CW2AEX@$0IA@@ATL@@AAEXPB_WI@Z,
0x10005780,0x93,library,??$AtlConvAllocMemory@D@ATL@@YAXPAPADHPADH@Z,
0x1000dfe0,0x90,library,??1?$CSoapHandler@VCWebService@Roblox@@@ATL@@UAE@XZ,
0x1000e180,0x16d,library,??1?$CIsapiExtension@V?$CThreadPool@VCIsapiWorker@ATL@@VCRTThreadTraits@2@VWin32WaitTraits@2@@ATL@@VCNoRequestStats@2@UCDefaultErrorProvider@2@VCRTThreadTraits@2@VCNoStatClass@2@V62@@ATL@@QAE@XZ,
0x1000e2f0,0x41,library,??1?$CDllCache@V?$CWorkerThread@VCRTThreadTraits@ATL@@@ATL@@VCDllCachePeer@2@@ATL@@QAE@XZ,
0x10010100,0xaa,library,??0?$CSoapHandler@VCWebService@Roblox@@@ATL@@QAE@XZ,
0x100101b0,0x11d,library,?SoapFault@?$CSoapHandler@VCWebService@Roblox@@@ATL@@UAEJW4SOAP_ERROR_CODE@2@PB_WH@Z,
0x100102d0,0x103,library,?InitializeHandler@?$CSoapHandler@VCWebService@Roblox@@@ATL@@UAEKPAUAtlServerRequest@2@PAUIServiceProvider@@@Z,
0x100103e0,0x325,library,?HandleRequest@?$CSoapHandler@VCWebService@Roblox@@@ATL@@UAEKPAUAtlServerRequest@2@PAUIServiceProvider@@@Z,
0x10010710,0x76,library,?GenerateAppError@?$CSoapHandler@VCWebService@Roblox@@@ATL@@UAEJPAUIWriteStream@2@J@Z,
0x10010790,0x35,library,?UninitializeHandler@?$CSoapHandler@VCWebService@Roblox@@@ATL@@UAEXXZ,
0x100107d0,0x2e,library,?GetFlags@?$IRequestHandlerImpl@VCWebService@Roblox@@@ATL@@UAEKPAK@Z,
0x10010800,0x6a,library,?InitializeHandler@?$IRequestHandlerImpl@V?$CSDLGenerator@VCWebService@Roblox@@$1?s_szClassNameWSDL34@@3QBDB@ATL@@@ATL@@UAEKPAUAtlServerRequest@2@PAUIServiceProvider@@@Z,
0x10010870,0x25,library,?CreateRequestHandler@?$IRequestHandlerImpl@VCWebService@Roblox@@@ATL@@SAHPAUIIsapiExtension@2@PAPAUIUnknown@@@Z,
0x10010e20,0x281,library,?InitializeHandler@?$CSDLGenerator@VCWebService@Roblox@@$1?s_szClassNameWSDL34@@3QBDB@ATL@@UAEKPAUAtlServerRequest@2@PAUIServiceProvider@@@Z,
0x100110b0,0x6,library,?GetHandlerName@?$CSDLGenerator@VCWebService@Roblox@@$1?s_szClassNameWSDL34@@3QBDB@ATL@@UAEPBDXZ,
0x100110c0,0x2e,library,?GetFlags@?$IRequestHandlerImpl@V?$CSDLGenerator@VCWebService@Roblox@@$1?s_szClassNameWSDL34@@3QBDB@ATL@@@ATL@@UAEKPAK@Z,
0x100110f0,0x14,library,?InitializeChild@?$IRequestHandlerImpl@V?$CSDLGenerator@VCWebService@Roblox@@$1?s_szClassNameWSDL34@@3QBDB@ATL@@@ATL@@UAEKPAUAtlServerRequest@2@PAUIServiceProvider@@PAUIHttpRequestLookup@2@@Z,
0x10011120,0x24,library,?CreateRequestHandler@?$IRequestHandlerImpl@V?$CSDLGenerator@VCWebService@Roblox@@$1?s_szClassNameWSDL34@@3QBDB@ATL@@@ATL@@SAHPAUIIsapiExtension@2@PAPAUIUnknown@@@Z,
0x10011150,0x6,library,?InitRequestHandlerClass@?$IRequestHandlerImpl@V?$CSDLGenerator@VCWebService@Roblox@@$1?s_szClassNameWSDL34@@3QBDB@ATL@@@ATL@@SAHPAUIHttpServerContext@2@PAUIIsapiExtension@2@@Z,
0x10011160,0x5f,library,??0?$CAtlDllModuleT@VCDllMainOverride@@@ATL@@QAE@XZ,
0x100111c0,0x69,library,??1?$CAtlDllModuleT@VCDllMainOverride@@@ATL@@UAE@XZ,
0x10011230,0x19,library,?AddCommonRGSReplacements@?$CAtlModuleT@VCDllMainOverride@@@ATL@@UAEJPAUIRegistrarBase@@@Z,
0x10011250,0x20,library,?CreateRequest@?$CIsapiExtension@V?$CThreadPool@VCIsapiWorker@ATL@@VCRTThreadTraits@2@VWin32WaitTraits@2@@ATL@@VCNoRequestStats@2@UCDefaultErrorProvider@2@VCRTThreadTraits@2@VCNoStatClass@2@V62@@ATL@@UAEPAUAtlServerRequest@2@XZ,
0x10011270,0x24,library,?FreeRequest@?$CIsapiExtension@V?$CThreadPool@VCIsapiWorker@ATL@@VCRTThreadTraits@2@VWin32WaitTraits@2@@ATL@@VCNoRequestStats@2@UCDefaultErrorProvider@2@VCRTThreadTraits@2@VCNoStatClass@2@V62@@ATL@@UAEXPAUAtlServerRequest@2@@Z,
0x100112a0,0x160,library,??0?$CIsapiExtension@V?$CThreadPool@VCIsapiWorker@ATL@@VCRTThreadTraits@2@VWin32WaitTraits@2@@ATL@@VCNoRequestStats@2@UCDefaultErrorProvider@2@VCRTThreadTraits@2@VCNoStatClass@2@V62@@ATL@@QAE@XZ,
0x10011400,0x8d,library,?TransferRequest@?$CIsapiExtension@V?$CThreadPool@VCIsapiWorker@ATL@@VCRTThreadTraits@2@VWin32WaitTraits@2@@ATL@@VCNoRequestStats@2@UCDefaultErrorProvider@2@VCRTThreadTraits@2@VCNoStatClass@2@V62@@ATL@@UAEKPAUAtlServerRequest@2@PAUIServiceProvider@@PAUIWriteStream@2@PAUIHttpRequestLookup@2@PBDG_NPAUCStencilState@2@@Z,
0x10011490,0x14b,library,?HttpExtensionProc@?$CIsapiExtension@V?$CThreadPool@VCIsapiWorker@ATL@@VCRTThreadTraits@2@VWin32WaitTraits@2@@ATL@@VCNoRequestStats@2@UCDefaultErrorProvider@2@VCRTThreadTraits@2@VCNoStatClass@2@V62@@ATL@@QAEKPAU_EXTENSION_CONTROL_BLOCK@@@Z,
0x100115e0,0x1f,library,?QueueRequest@?$CIsapiExtension@V?$CThreadPool@VCIsapiWorker@ATL@@VCRTThreadTraits@2@VWin32WaitTraits@2@@ATL@@VCNoRequestStats@2@UCDefaultErrorProvider@2@VCRTThreadTraits@2@VCNoStatClass@2@V62@@ATL@@UAEHPAUAtlServerRequest@2@@Z,
0x10011600,0xb,library,?GetThreadWorker@?$CIsapiExtension@V?$CThreadPool@VCIsapiWorker@ATL@@VCRTThreadTraits@2@VWin32WaitTraits@2@@ATL@@VCNoRequestStats@2@UCDefaultErrorProvider@2@VCRTThreadTraits@2@VCNoStatClass@2@V62@@ATL@@UAEPAVCIsapiWorker@2@XZ,
0x10011610,0x12,library,?SetThreadWorker@?$CIsapiExtension@V?$CThreadPool@VCIsapiWorker@ATL@@VCRTThreadTraits@2@VWin32WaitTraits@2@@ATL@@VCNoRequestStats@2@UCDefaultErrorProvider@2@VCRTThreadTraits@2@VCNoStatClass@2@V62@@ATL@@UAEHPAVCIsapiWorker@2@@Z,
0x10011630,0x6,library,?GetExtensionDesc@?$CIsapiExtension@V?$CThreadPool@VCIsapiWorker@ATL@@VCRTThreadTraits@2@VWin32WaitTraits@2@@ATL@@VCNoRequestStats@2@UCDefaultErrorProvider@2@VCRTThreadTraits@2@VCNoStatClass@2@V62@@ATL@@UAEPBDXZ,
0x10011640,0x4,library,?GetIOCompletionHandle@?$CIsapiExtension@V?$CThreadPool@VCIsapiWorker@ATL@@VCRTThreadTraits@2@VWin32WaitTraits@2@@ATL@@VCNoRequestStats@2@UCDefaultErrorProvider@2@VCRTThreadTraits@2@VCNoStatClass@2@V62@@ATL@@UAEPAXXZ,
0x10011650,0x6,library,?GetDllCacheTimeout@?$CIsapiExtension@V?$CThreadPool@VCIsapiWorker@ATL@@VCRTThreadTraits@2@VWin32WaitTraits@2@@ATL@@VCNoRequestStats@2@UCDefaultErrorProvider@2@VCRTThreadTraits@2@VCNoStatClass@2@V62@@ATL@@UAEKXZ,
0x10011660,0x6,library,?GetStencilCacheTimeout@?$CIsapiExtension@V?$CThreadPool@VCIsapiWorker@ATL@@VCRTThreadTraits@2@VWin32WaitTraits@2@@ATL@@VCNoRequestStats@2@UCDefaultErrorProvider@2@VCRTThreadTraits@2@VCNoStatClass@2@V62@@ATL@@UAEKXZ,
0x10011670,0xb,library,?GetStencilLifespan@?$CIsapiExtension@V?$CThreadPool@VCIsapiWorker@ATL@@VCRTThreadTraits@2@VWin32WaitTraits@2@@ATL@@VCNoRequestStats@2@UCDefaultErrorProvider@2@VCRTThreadTraits@2@VCNoStatClass@2@V62@@ATL@@UAE_JXZ,
0x10011680,0x14,library,?OnThreadAttach@?$CIsapiExtension@V?$CThreadPool@VCIsapiWorker@ATL@@VCRTThreadTraits@2@VWin32WaitTraits@2@@ATL@@VCNoRequestStats@2@UCDefaultErrorProvider@2@VCRTThreadTraits@2@VCNoStatClass@2@V62@@ATL@@UAEHXZ,
0x100116a0,0x6,library,?OnThreadTerminate@?$CIsapiExtension@V?$CThreadPool@VCIsapiWorker@ATL@@VCRTThreadTraits@2@VWin32WaitTraits@2@@ATL@@VCNoRequestStats@2@UCDefaultErrorProvider@2@VCRTThreadTraits@2@VCNoStatClass@2@V62@@ATL@@UAEXXZ,
0x100116b0,0x297,library,?GetExtensionVersion@?$CIsapiExtension@V?$CThreadPool@VCIsapiWorker@ATL@@VCRTThreadTraits@2@VWin32WaitTraits@2@@ATL@@VCNoRequestStats@2@UCDefaultErrorProvider@2@VCRTThreadTraits@2@VCNoStatClass@2@V62@@ATL@@QAEHPAU_HSE_VERSION_INFO@@@Z,
0x10011950,0x199,library,?TerminateExtension@?$CIsapiExtension@V?$CThreadPool@VCIsapiWorker@ATL@@VCRTThreadTraits@2@VWin32WaitTraits@2@@ATL@@VCNoRequestStats@2@UCDefaultErrorProvider@2@VCRTThreadTraits@2@VCNoStatClass@2@V62@@ATL@@QAEHK@Z,
0x10011af0,0xc3,library,?RequestComplete@?$CIsapiExtension@V?$CThreadPool@VCIsapiWorker@ATL@@VCRTThreadTraits@2@VWin32WaitTraits@2@@ATL@@VCNoRequestStats@2@UCDefaultErrorProvider@2@VCRTThreadTraits@2@VCNoStatClass@2@V62@@ATL@@UAEXPAUAtlServerRequest@2@KK@Z,
0x10011bc0,0x2c8,library,?LoadDispatchFile@?$CIsapiExtension@V?$CThreadPool@VCIsapiWorker@ATL@@VCRTThreadTraits@2@VWin32WaitTraits@2@@ATL@@VCNoRequestStats@2@UCDefaultErrorProvider@2@VCRTThreadTraits@2@VCNoStatClass@2@V62@@ATL@@UAEKPBDPAUAtlServerRequest@2@@Z,
0x10011e90,0xf4,library,?GetCacheServerContext@?$CIsapiExtension@V?$CThreadPool@VCIsapiWorker@ATL@@VCRTThreadTraits@2@VWin32WaitTraits@2@@ATL@@VCNoRequestStats@2@UCDefaultErrorProvider@2@VCRTThreadTraits@2@VCNoStatClass@2@V62@@ATL@@UAEHPAUAtlServerRequest@2@PAUIFileCache@2@PAPAUIHttpServerContext@2@@Z,
0x10011f90,0x2d4,library,?TransmitFromCache@?$CIsapiExtension@V?$CThreadPool@VCIsapiWorker@ATL@@VCRTThreadTraits@2@VWin32WaitTraits@2@@ATL@@VCNoRequestStats@2@UCDefaultErrorProvider@2@VCRTThreadTraits@2@VCNoStatClass@2@V62@@ATL@@UAEHPAUAtlServerRequest@2@PAH@Z,
0x10012270,0x446,library,?DispatchStencilCall@?$CIsapiExtension@V?$CThreadPool@VCIsapiWorker@ATL@@VCRTThreadTraits@2@VWin32WaitTraits@2@@ATL@@VCNoRequestStats@2@UCDefaultErrorProvider@2@VCRTThreadTraits@2@VCNoStatClass@2@V62@@ATL@@UAEHPAUAtlServerRequest@2@@Z,
0x100126c0,0x100,library,?QueryInterface@?$CIsapiExtension@V?$CThreadPool@VCIsapiWorker@ATL@@VCRTThreadTraits@2@VWin32WaitTraits@2@@ATL@@VCNoRequestStats@2@UCDefaultErrorProvider@2@VCRTThreadTraits@2@VCNoStatClass@2@V62@@ATL@@UAGJABU_GUID@@PAPAX@Z,
0x100127c0,0x165,library,?QueryService@?$CIsapiExtension@V?$CThreadPool@VCIsapiWorker@ATL@@VCRTThreadTraits@2@VWin32WaitTraits@2@@ATL@@VCNoRequestStats@2@UCDefaultErrorProvider@2@VCRTThreadTraits@2@VCNoStatClass@2@V62@@ATL@@UAGJABU_GUID@@0PAPAX@Z,
0x10012930,0x149,library,?AddService@?$CIsapiExtension@V?$CThreadPool@VCIsapiWorker@ATL@@VCRTThreadTraits@2@VWin32WaitTraits@2@@ATL@@VCNoRequestStats@2@UCDefaultErrorProvider@2@VCRTThreadTraits@2@VCNoStatClass@2@V62@@ATL@@UAEJABU_GUID@@0PAUIUnknown@@PAUHINSTANCE__@@@Z,
0x10012a80,0x152,library,?RemoveService@?$CIsapiExtension@V?$CThreadPool@VCIsapiWorker@ATL@@VCRTThreadTraits@2@VWin32WaitTraits@2@@ATL@@VCNoRequestStats@2@UCDefaultErrorProvider@2@VCRTThreadTraits@2@VCNoStatClass@2@V62@@ATL@@UAEJABU_GUID@@0@Z,
0x10012be0,0x34,library,?LoadRequestHandler@?$CIsapiExtension@V?$CThreadPool@VCIsapiWorker@ATL@@VCRTThreadTraits@2@VWin32WaitTraits@2@@ATL@@VCNoRequestStats@2@UCDefaultErrorProvider@2@VCRTThreadTraits@2@VCNoStatClass@2@V62@@ATL@@UAEKPBD0PAUIHttpServerContext@2@PAPAUHINSTANCE__@@PAPAUIRequestHandler@2@@Z,
0x10012c20,0x52,library,??1?$CWorkerThread@VCRTThreadTraits@ATL@@@ATL@@QAE@XZ,
0x10012c80,0x3d,library,??1?$CThreadPool@VCIsapiWorker@ATL@@VCRTThreadTraits@2@VWin32WaitTraits@2@@ATL@@QAE@XZ,
0x10012cc0,0x43,library,?SetSize@?$CThreadPool@VCIsapiWorker@ATL@@VCRTThreadTraits@2@VWin32WaitTraits@2@@ATL@@UAGJH@Z,
0x10012d10,0x1e,library,?GetSize@?$CThreadPool@VCIsapiWorker@ATL@@VCRTThreadTraits@2@VWin32WaitTraits@2@@ATL@@UAGJPAH@Z,
0x10012d30,0x10,library,?SetTimeout@?$CThreadPool@VCIsapiWorker@ATL@@VCRTThreadTraits@2@VWin32WaitTraits@2@@ATL@@UAGJK@Z,
0x10012d40,0x1e,library,?GetTimeout@?$CThreadPool@VCIsapiWorker@ATL@@VCRTThreadTraits@2@VWin32WaitTraits@2@@ATL@@UAGJPAK@Z,
0x10012d60,0x88,library,?QueryInterface@?$CThreadPool@VCIsapiWorker@ATL@@VCRTThreadTraits@2@VWin32WaitTraits@2@@ATL@@UAGJABU_GUID@@PAPAX@Z,
0x10012df0,0x82,library,?QueryInterface@?$CDllCache@V?$CWorkerThread@VCRTThreadTraits@ATL@@@ATL@@VCDllCachePeer@2@@ATL@@UAGJABU_GUID@@PAPAX@Z,
0x10012e80,0x1f2,library,?Load@?$CDllCache@V?$CWorkerThread@VCRTThreadTraits@ATL@@@ATL@@VCDllCachePeer@2@@ATL@@UAEPAUHINSTANCE__@@PBDPAX@Z,
0x10013080,0x83,library,?Free@?$CDllCache@V?$CWorkerThread@VCRTThreadTraits@ATL@@@ATL@@VCDllCachePeer@2@@ATL@@UAEHPAUHINSTANCE__@@@Z,
0x10013110,0x77,library,?AddRefModule@?$CDllCache@V?$CWorkerThread@VCRTThreadTraits@ATL@@@ATL@@VCDllCachePeer@2@@ATL@@UAEHPAUHINSTANCE__@@@Z,
0x10013190,0x7e,library,?ReleaseModule@?$CDllCache@V?$CWorkerThread@VCRTThreadTraits@ATL@@@ATL@@VCDllCachePeer@2@@ATL@@UAEHPAUHINSTANCE__@@@Z,
0x10013210,0x82,library,?GetEntries@?$CDllCache@V?$CWorkerThread@VCRTThreadTraits@ATL@@@ATL@@VCDllCachePeer@2@@ATL@@UAEJKPAUDLL_CACHE_ENTRY@2@PAK@Z,
0x100132a0,0x167,library,?Flush@?$CDllCache@V?$CWorkerThread@VCRTThreadTraits@ATL@@@ATL@@VCDllCachePeer@2@@ATL@@UAEJXZ,
0x10013410,0x10,library,?Execute@?$CDllCache@V?$CWorkerThread@VCRTThreadTraits@ATL@@@ATL@@VCDllCachePeer@2@@ATL@@UAEJKPAX@Z,
0x10013420,0x17,library,?CloseHandle@?$CDllCache@V?$CWorkerThread@VCRTThreadTraits@ATL@@@ATL@@VCDllCachePeer@2@@ATL@@UAEJPAX@Z,
0x10013440,0x19,library,?Execute@?$CFileCache@V?$CWorkerThread@VCRTThreadTraits@ATL@@@ATL@@VCNoStatClass@2@VCPageCachePeer@2@VCOldFlusher@2@VCComCriticalSection@2@VCExpireCuller@2@@ATL@@UAEJKPAX@Z,
0x10013460,0x1a,library,?CloseHandle@?$CFileCache@V?$CWorkerThread@VCRTThreadTraits@ATL@@@ATL@@VCNoStatClass@2@VCPageCachePeer@2@VCOldFlusher@2@VCComCriticalSection@2@VCExpireCuller@2@@ATL@@UAEJPAX@Z,
0x10013480,0x9f,library,??1?$CFileCache@V?$CWorkerThread@VCRTThreadTraits@ATL@@@ATL@@VCNoStatClass@2@VCPageCachePeer@2@VCOldFlusher@2@VCComCriticalSection@2@VCExpireCuller@2@@ATL@@QAE@XZ,
0x10013520,0x122,library,?QueryInterface@?$CFileCache@V?$CWorkerThread@VCRTThreadTraits@ATL@@@ATL@@VCNoStatClass@2@VCPageCachePeer@2@VCOldFlusher@2@VCComCriticalSection@2@VCExpireCuller@2@@ATL@@UAGJABU_GUID@@PAPAX@Z,
0x10013650,0x270,library,?AddFile@?$CFileCache@V?$CWorkerThread@VCRTThreadTraits@ATL@@@ATL@@VCNoStatClass@2@VCPageCachePeer@2@VCOldFlusher@2@VCComCriticalSection@2@VCExpireCuller@2@@ATL@@UAGJPBD0PAU_FILETIME@@PAXPAPAU__CACHEITEM@2@@Z,
0x100138c0,0x2f,library,?OnDestroyEntry@?$CFileCache@V?$CWorkerThread@VCRTThreadTraits@ATL@@@ATL@@VCNoStatClass@2@VCPageCachePeer@2@VCOldFlusher@2@VCComCriticalSection@2@VCExpireCuller@2@@ATL@@UAEXPBUNodeType@?$CMemoryCacheBase@V?$CFileCache@V?$CWorkerThread@VCRTThreadTraits@ATL@@@ATL@@VCNoStatClass@2@VCPageCachePeer@2@VCOldFlusher@2@VCComCriticalSection@2@VCExpireCuller@2@@ATL@@PADU?$CCacheDataPeer@VCPageCachePeer@ATL@@@2@V?$CFixedStringT@V?$CStringT@DV?$StrTraitATL@DV?$ChTraitsCRT@D@ATL@@@ATL@@@ATL@@$0IA@@2@V?$CStringElementTraits@V?$CFixedStringT@V?$CStringT@DV?$StrTraitATL@DV?$ChTraitsCRT@D@ATL@@@ATL@@@ATL@@$0IA@@ATL@@@2@VCOldFlusher@2@VCExpireCuller@2@VCComCriticalSection@2@VCNoStatClass@2@@2@@Z,
0x100138f0,0xbc,library,?LookupFile@?$CFileCache@V?$CWorkerThread@VCRTThreadTraits@ATL@@@ATL@@VCNoStatClass@2@VCPageCachePeer@2@VCOldFlusher@2@VCComCriticalSection@2@VCExpireCuller@2@@ATL@@UAGJPBDPAPAU__CACHEITEM@2@@Z,
0x100139b0,0x34,library,?GetFile@?$CFileCache@V?$CWorkerThread@VCRTThreadTraits@ATL@@@ATL@@VCNoStatClass@2@VCPageCachePeer@2@VCOldFlusher@2@VCComCriticalSection@2@VCExpireCuller@2@@ATL@@UAGJQAU__CACHEITEM@2@PAPADPAPAX@Z,
0x100139f0,0x4f,library,?ReleaseFile@?$CFileCache@V?$CWorkerThread@VCRTThreadTraits@ATL@@@ATL@@VCNoStatClass@2@VCPageCachePeer@2@VCOldFlusher@2@VCComCriticalSection@2@VCExpireCuller@2@@ATL@@UAGJQAU__CACHEITEM@2@@Z,
0x10013a40,0x13,library,?RemoveFile@?$CFileCache@V?$CWorkerThread@VCRTThreadTraits@ATL@@@ATL@@VCNoStatClass@2@VCPageCachePeer@2@VCOldFlusher@2@VCComCriticalSection@2@VCExpireCuller@2@@ATL@@UAGJQAU__CACHEITEM@2@@Z,
0x10013a60,0xcc,library,?RemoveFileByName@?$CFileCache@V?$CWorkerThread@VCRTThreadTraits@ATL@@@ATL@@VCNoStatClass@2@VCPageCachePeer@2@VCOldFlusher@2@VCComCriticalSection@2@VCExpireCuller@2@@ATL@@UAGJPBD@Z,
0x10013b30,0x11,library,?Flush@?$CFileCache@V?$CWorkerThread@VCRTThreadTraits@ATL@@@ATL@@VCNoStatClass@2@VCPageCachePeer@2@VCOldFlusher@2@VCComCriticalSection@2@VCExpireCuller@2@@ATL@@UAGJXZ,
0x10013b50,0x10,library,?SetMaxAllowedSize@?$CFileCache@V?$CWorkerThread@VCRTThreadTraits@ATL@@@ATL@@VCNoStatClass@2@VCPageCachePeer@2@VCOldFlusher@2@VCComCriticalSection@2@VCExpireCuller@2@@ATL@@UAGJK@Z,
0x10013b60,0x1e,library,?GetMaxAllowedSize@?$CFileCache@V?$CWorkerThread@VCRTThreadTraits@ATL@@@ATL@@VCNoStatClass@2@VCPageCachePeer@2@VCOldFlusher@2@VCComCriticalSection@2@VCExpireCuller@2@@ATL@@UAGJPAK@Z,
0x10013b80,0x10,library,?SetMaxAllowedEntries@?$CFileCache@V?$CWorkerThread@VCRTThreadTraits@ATL@@@ATL@@VCNoStatClass@2@VCPageCachePeer@2@VCOldFlusher@2@VCComCriticalSection@2@VCExpireCuller@2@@ATL@@UAGJK@Z,
0x10013b90,0x1e,library,?GetMaxAllowedEntries@?$CFileCache@V?$CWorkerThread@VCRTThreadTraits@ATL@@@ATL@@VCNoStatClass@2@VCPageCachePeer@2@VCOldFlusher@2@VCComCriticalSection@2@VCExpireCuller@2@@ATL@@UAGJPAK@Z,
0x10013bb0,0xf,library,?ResetCache@?$CFileCache@V?$CWorkerThread@VCRTThreadTraits@ATL@@@ATL@@VCNoStatClass@2@VCPageCachePeer@2@VCOldFlusher@2@VCComCriticalSection@2@VCExpireCuller@2@@ATL@@UAGJXZ,
0x10013bc0,0x10,library,?AddRef@?$CComObjectGlobal@V?$CStencilCache@V?$CWorkerThread@VCRTThreadTraits@ATL@@@ATL@@VCNoStatClass@2@VCComCriticalSection@2@VCOldFlusher@2@VCLifetimeCuller@2@@ATL@@@ATL@@UAGKXZ,
0x10013bd0,0x10,library,?Release@?$CComObjectGlobal@V?$CStencilCache@V?$CWorkerThread@VCRTThreadTraits@ATL@@@ATL@@VCNoStatClass@2@VCComCriticalSection@2@VCOldFlusher@2@VCLifetimeCuller@2@@ATL@@@ATL@@UAGKXZ,
0x10013be0,0x1d,library,?QueryInterface@?$CComObjectGlobal@V?$CStencilCache@V?$CWorkerThread@VCRTThreadTraits@ATL@@@ATL@@VCNoStatClass@2@VCComCriticalSection@2@VCOldFlusher@2@VCLifetimeCuller@2@@ATL@@@ATL@@UAGJABU_GUID@@PAPAX@Z,
0x10013c00,0x17,library,?Execute@?$CStencilCache@V?$CWorkerThread@VCRTThreadTraits@ATL@@@ATL@@VCNoStatClass@2@VCComCriticalSection@2@VCOldFlusher@2@VCLifetimeCuller@2@@ATL@@UAEJKPAX@Z,
0x10013c20,0x1a,library,?CloseHandle@?$CStencilCache@V?$CWorkerThread@VCRTThreadTraits@ATL@@@ATL@@VCNoStatClass@2@VCComCriticalSection@2@VCOldFlusher@2@VCLifetimeCuller@2@@ATL@@UAEJPAX@Z,
0x10013c40,0x180,library,?CacheStencil@?$CStencilCache@V?$CWorkerThread@VCRTThreadTraits@ATL@@@ATL@@VCNoStatClass@2@VCComCriticalSection@2@VCOldFlusher@2@VCLifetimeCuller@2@@ATL@@UAGJPBDPAXKPAPAU__CACHEITEM@2@PAUHINSTANCE__@@PAUIMemoryCacheClient@2@@Z,
0x10013dc0,0xbe,library,?LookupStencil@?$CStencilCache@V?$CWorkerThread@VCRTThreadTraits@ATL@@@ATL@@VCNoStatClass@2@VCComCriticalSection@2@VCOldFlusher@2@VCLifetimeCuller@2@@ATL@@UAGJPBDPAPAU__CACHEITEM@2@@Z,
0x10013e80,0x27,library,?GetStencil@?$CStencilCache@V?$CWorkerThread@VCRTThreadTraits@ATL@@@ATL@@VCNoStatClass@2@VCComCriticalSection@2@VCOldFlusher@2@VCLifetimeCuller@2@@ATL@@UBGJQAU__CACHEITEM@2@PAPAX@Z,
0x10013eb0,0x45,library,?AddRefStencil@?$CStencilCache@V?$CWorkerThread@VCRTThreadTraits@ATL@@@ATL@@VCNoStatClass@2@VCComCriticalSection@2@VCOldFlusher@2@VCLifetimeCuller@2@@ATL@@UAGJQAU__CACHEITEM@2@@Z,
0x10013f00,0x4d,library,?ReleaseStencil@?$CStencilCache@V?$CWorkerThread@VCRTThreadTraits@ATL@@@ATL@@VCNoStatClass@2@VCComCriticalSection@2@VCOldFlusher@2@VCLifetimeCuller@2@@ATL@@UAGJQAU__CACHEITEM@2@@Z,
0x10013f50,0x13,library,?RemoveStencil@?$CStencilCache@V?$CWorkerThread@VCRTThreadTraits@ATL@@@ATL@@VCNoStatClass@2@VCComCriticalSection@2@VCOldFlusher@2@VCLifetimeCuller@2@@ATL@@UAGJQAU__CACHEITEM@2@@Z,
0x10013f70,0xcc,library,?RemoveStencilByName@?$CStencilCache@V?$CWorkerThread@VCRTThreadTraits@ATL@@@ATL@@VCNoStatClass@2@VCComCriticalSection@2@VCOldFlusher@2@VCLifetimeCuller@2@@ATL@@UAGJPBD@Z,
0x10014040,0xf,library,?RemoveAllStencils@?$CStencilCache@V?$CWorkerThread@VCRTThreadTraits@ATL@@@ATL@@VCNoStatClass@2@VCComCriticalSection@2@VCOldFlusher@2@VCLifetimeCuller@2@@ATL@@UAGJXZ,
0x10014050,0x1d,library,?SetDefaultLifespan@?$CStencilCache@V?$CWorkerThread@VCRTThreadTraits@ATL@@@ATL@@VCNoStatClass@2@VCComCriticalSection@2@VCOldFlusher@2@VCLifetimeCuller@2@@ATL@@UAGJ_K@Z,
0x10014070,0x27,library,?GetDefaultLifespan@?$CStencilCache@V?$CWorkerThread@VCRTThreadTraits@ATL@@@ATL@@VCNoStatClass@2@VCComCriticalSection@2@VCOldFlusher@2@VCLifetimeCuller@2@@ATL@@UAGJPA_K@Z,
0x100140a0,0x3f,library,?OnDestroyEntry@?$CStencilCache@V?$CWorkerThread@VCRTThreadTraits@ATL@@@ATL@@VCNoStatClass@2@VCComCriticalSection@2@VCOldFlusher@2@VCLifetimeCuller@2@@ATL@@UAEXPBUNodeType@?$CMemoryCacheBase@V?$CStencilCache@V?$CWorkerThread@VCRTThreadTraits@ATL@@@ATL@@VCNoStatClass@2@VCComCriticalSection@2@VCOldFlusher@2@VCLifetimeCuller@2@@ATL@@PAXUCCacheDataEx@2@V?$CFixedStringT@V?$CStringT@DV?$StrTraitATL@DV?$ChTraitsCRT@D@ATL@@@ATL@@@ATL@@$0IA@@2@V?$CStringElementTraitsI@V?$CFixedStringT@V?$CStringT@DV?$StrTraitATL@DV?$ChTraitsCRT@D@ATL@@@ATL@@@ATL@@$0IA@@ATL@@V?$CDefaultCharTraits@D@2@@2@VCOldFlusher@2@VCLifetimeCuller@2@VCComCriticalSection@2@VCNoStatClass@2@@2@@Z,
0x100140e0,0x1b,library,?GetCurrentAllocSize@?$CFileCache@V?$CWorkerThread@VCRTThreadTraits@ATL@@@ATL@@VCNoStatClass@2@VCPageCachePeer@2@VCOldFlusher@2@VCComCriticalSection@2@VCExpireCuller@2@@ATL@@UAGJPAK@Z,
0x100142d0,0x1e,library,??_E?$CSoapHandler@VCWebService@Roblox@@@ATL@@UAEPAXI@Z,
0x100142f0,0x4c,library,??_E?$IRequestHandlerImpl@VCWebService@Roblox@@@ATL@@UAEPAXI@Z,
0x100143d0,0x4c,library,??_E?$IRequestHandlerImpl@V?$CSDLGenerator@VCWebService@Roblox@@$1?s_szClassNameWSDL34@@3QBDB@ATL@@@ATL@@UAEPAXI@Z,
0x10014420,0x3a,library,??_E?$CComObjectGlobal@V?$CStencilCache@V?$CWorkerThread@VCRTThreadTraits@ATL@@@ATL@@VCNoStatClass@2@VCComCriticalSection@2@VCOldFlusher@2@VCLifetimeCuller@2@@ATL@@@ATL@@UAEPAXI@Z,
0x10014460,0x5c,library,??4?$CSimpleStringT@_W$0A@@ATL@@QAEAAV01@ABV01@@Z,
0x100144c0,0x82,library,?Add@?$CSimpleArray@UDLL_CACHE_ENTRY@ATL@@V?$CSimpleArrayEqualHelper@UDLL_CACHE_ENTRY@ATL@@@2@@ATL@@QAEHABUDLL_CACHE_ENTRY@2@@Z,
0x10014550,0x52,library,?RemoveAt@?$CSimpleArray@UDLL_CACHE_ENTRY@ATL@@V?$CSimpleArrayEqualHelper@UDLL_CACHE_ENTRY@ATL@@@2@@ATL@@QAEHH@Z,
0x100145b0,0x8b,library,??0?$CFixedStringT@V?$CStringT@DV?$StrTraitATL@DV?$ChTraitsCRT@D@ATL@@@ATL@@@ATL@@$0IA@@ATL@@QAE@PBD@Z,
0x10014640,0x25,library,??4?$CComPtr@UIHttpServerContext@ATL@@@ATL@@QAEPAUIHttpServerContext@1@PAU21@@Z,
0x10014f40,0x270,library,?ReturnCriticalError@?$CIsapiExtension@V?$CThreadPool@VCIsapiWorker@ATL@@VCRTThreadTraits@2@VWin32WaitTraits@2@@ATL@@VCNoRequestStats@2@UCDefaultErrorProvider@2@VCRTThreadTraits@2@VCNoStatClass@2@V62@@ATL@@QAEKPAU_EXTENSION_CONTROL_BLOCK@@@Z,
0x100151b0,0x288,library,?SetCriticalIsapiError@?$CIsapiExtension@V?$CThreadPool@VCIsapiWorker@ATL@@VCRTThreadTraits@2@VWin32WaitTraits@2@@ATL@@VCNoRequestStats@2@UCDefaultErrorProvider@2@VCRTThreadTraits@2@VCNoStatClass@2@V62@@ATL@@QAEHK@Z,
0x10015440,0x163,library,?AsyncCallback@?$CIsapiExtension@V?$CThreadPool@VCIsapiWorker@ATL@@VCRTThreadTraits@2@VWin32WaitTraits@2@@ATL@@VCNoRequestStats@2@UCDefaultErrorProvider@2@VCRTThreadTraits@2@VCNoStatClass@2@V62@@ATL@@SGXPAU_EXTENSION_CONTROL_BLOCK@@PAXKK@Z,
0x100155b0,0x191,library,?LoadDllHandler@?$CIsapiExtension@V?$CThreadPool@VCIsapiWorker@ATL@@VCRTThreadTraits@2@VWin32WaitTraits@2@@ATL@@VCNoRequestStats@2@UCDefaultErrorProvider@2@VCRTThreadTraits@2@VCNoStatClass@2@V62@@ATL@@QAEKPBDPAUAtlServerRequest@2@@Z,
0x10015750,0xc8,library,?StartAsyncFlush@?$CIsapiExtension@V?$CThreadPool@VCIsapiWorker@ATL@@VCRTThreadTraits@2@VWin32WaitTraits@2@@ATL@@VCNoRequestStats@2@UCDefaultErrorProvider@2@VCRTThreadTraits@2@VCNoStatClass@2@V62@@ATL@@QAEHPAUAtlServerRequest@2@@Z,
0x10015820,0xed,library,?GetService@?$CIsapiExtension@V?$CThreadPool@VCIsapiWorker@ATL@@VCRTThreadTraits@2@VWin32WaitTraits@2@@ATL@@VCNoRequestStats@2@UCDefaultErrorProvider@2@VCRTThreadTraits@2@VCNoStatClass@2@V62@@ATL@@QAEJABU_GUID@@0PAPAX@Z,
0x10015910,0x13,library,?GetThreadHandle@?$CWorkerThread@VCRTThreadTraits@ATL@@@ATL@@QAEPAXXZ,
0x10015930,0x10c,library,?Initialize@?$CWorkerThread@VCRTThreadTraits@ATL@@@ATL@@QAEJXZ,
0x10015a40,0xce,library,?RemoveHandle@?$CWorkerThread@VCRTThreadTraits@ATL@@@ATL@@QAEJPAX@Z,
0x10015b10,0xb5,library,?Shutdown@?$CWorkerThread@VCRTThreadTraits@ATL@@@ATL@@QAEJK@Z,
0x10015bd0,0xd5,library,?Initialize@?$CThreadPool@VCIsapiWorker@ATL@@VCRTThreadTraits@2@VWin32WaitTraits@2@@ATL@@QAEJPAXHK0@Z,
0x10015cb0,0xb0,library,?Shutdown@?$CThreadPool@VCIsapiWorker@ATL@@VCRTThreadTraits@2@VWin32WaitTraits@2@@ATL@@QAEXK@Z,
0x10015d60,0x281,library,?InternalResizePool@?$CThreadPool@VCIsapiWorker@ATL@@VCRTThreadTraits@2@VWin32WaitTraits@2@@ATL@@IAEJHH@Z,
0x10015ff0,0x60,library,?RemoveDllEntry@?$CDllCache@V?$CWorkerThread@VCRTThreadTraits@ATL@@@ATL@@VCDllCachePeer@2@@ATL@@IAEXAAUDLL_CACHE_ENTRY@2@@Z,
0x10016050,0x6a,library,??0?$CDllCache@V?$CWorkerThread@VCRTThreadTraits@ATL@@@ATL@@VCDllCachePeer@2@@ATL@@QAE@XZ,
0x100160c0,0xbe,library,?Uninitialize@?$CDllCache@V?$CWorkerThread@VCRTThreadTraits@ATL@@@ATL@@VCDllCachePeer@2@@ATL@@QAEJXZ,
0x10016180,0x8d,library,?Add@?$CSimpleArray@UDllInfo@CDllCachePeer@ATL@@V?$CSimpleArrayEqualHelper@UDllInfo@CDllCachePeer@ATL@@@3@@ATL@@QAEHABUDllInfo@CDllCachePeer@2@@Z,
0x10016210,0x96,library,??0?$CFileCache@V?$CWorkerThread@VCRTThreadTraits@ATL@@@ATL@@VCNoStatClass@2@VCPageCachePeer@2@VCOldFlusher@2@VCComCriticalSection@2@VCExpireCuller@2@@ATL@@QAE@XZ,
0x100162b0,0x6e,library,?Uninitialize@?$CFileCache@V?$CWorkerThread@VCRTThreadTraits@ATL@@@ATL@@VCNoStatClass@2@VCPageCachePeer@2@VCOldFlusher@2@VCComCriticalSection@2@VCExpireCuller@2@@ATL@@QAEJXZ,
0x10016320,0x1f5,library,?AddEntry@?$CMemoryCacheBase@V?$CFileCache@V?$CWorkerThread@VCRTThreadTraits@ATL@@@ATL@@VCNoStatClass@2@VCPageCachePeer@2@VCOldFlusher@2@VCComCriticalSection@2@VCExpireCuller@2@@ATL@@PADU?$CCacheDataPeer@VCPageCachePeer@ATL@@@2@V?$CFixedStringT@V?$CStringT@DV?$StrTraitATL@DV?$ChTraitsCRT@D@ATL@@@ATL@@@ATL@@$0IA@@2@V?$CStringElementTraits@V?$CFixedStringT@V?$CStringT@DV?$StrTraitATL@DV?$ChTraitsCRT@D@ATL@@@ATL@@@ATL@@$0IA@@ATL@@@2@VCOldFlusher@2@VCExpireCuller@2@VCComCriticalSection@2@VCNoStatClass@2@@ATL@@QAEJABV?$CFixedStringT@V?$CStringT@DV?$StrTraitATL@DV?$ChTraitsCRT@D@ATL@@@ATL@@@ATL@@$0IA@@2@ABQADKPAPAU__CACHEITEM@2@@Z,
0x10016520,0x2c,library,?CommitEntry@?$CMemoryCacheBase@V?$CFileCache@V?$CWorkerThread@VCRTThreadTraits@ATL@@@ATL@@VCNoStatClass@2@VCPageCachePeer@2@VCOldFlusher@2@VCComCriticalSection@2@VCExpireCuller@2@@ATL@@PADU?$CCacheDataPeer@VCPageCachePeer@ATL@@@2@V?$CFixedStringT@V?$CStringT@DV?$StrTraitATL@DV?$ChTraitsCRT@D@ATL@@@ATL@@@ATL@@$0IA@@2@V?$CStringElementTraits@V?$CFixedStringT@V?$CStringT@DV?$StrTraitATL@DV?$ChTraitsCRT@D@ATL@@@ATL@@@ATL@@$0IA@@ATL@@@2@VCOldFlusher@2@VCExpireCuller@2@VCComCriticalSection@2@VCNoStatClass@2@@ATL@@QAEJQAU__CACHEITEM@2@@Z,
0x10016550,0x70,library,?LookupEntry@?$CMemoryCacheBase@V?$CFileCache@V?$CWorkerThread@VCRTThreadTraits@ATL@@@ATL@@VCNoStatClass@2@VCPageCachePeer@2@VCOldFlusher@2@VCComCriticalSection@2@VCExpireCuller@2@@ATL@@PADU?$CCacheDataPeer@VCPageCachePeer@ATL@@@2@V?$CFixedStringT@V?$CStringT@DV?$StrTraitATL@DV?$ChTraitsCRT@D@ATL@@@ATL@@@ATL@@$0IA@@2@V?$CStringElementTraits@V?$CFixedStringT@V?$CStringT@DV?$StrTraitATL@DV?$ChTraitsCRT@D@ATL@@@ATL@@@ATL@@$0IA@@ATL@@@2@VCOldFlusher@2@VCExpireCuller@2@VCComCriticalSection@2@VCNoStatClass@2@@ATL@@QAEJABV?$CFixedStringT@V?$CStringT@DV?$StrTraitATL@DV?$ChTraitsCRT@D@ATL@@@ATL@@@ATL@@$0IA@@2@PAPAU__CACHEITEM@2@@Z,
0x100165c0,0x3a,library,?ReleaseEntry@?$CMemoryCacheBase@V?$CFileCache@V?$CWorkerThread@VCRTThreadTraits@ATL@@@ATL@@VCNoStatClass@2@VCPageCachePeer@2@VCOldFlusher@2@VCComCriticalSection@2@VCExpireCuller@2@@ATL@@PADU?$CCacheDataPeer@VCPageCachePeer@ATL@@@2@V?$CFixedStringT@V?$CStringT@DV?$StrTraitATL@DV?$ChTraitsCRT@D@ATL@@@ATL@@@ATL@@$0IA@@2@V?$CStringElementTraits@V?$CFixedStringT@V?$CStringT@DV?$StrTraitATL@DV?$ChTraitsCRT@D@ATL@@@ATL@@@ATL@@$0IA@@ATL@@@2@VCOldFlusher@2@VCExpireCuller@2@VCComCriticalSection@2@VCNoStatClass@2@@ATL@@QAEKQAU__CACHEITEM@2@@Z,
0x10016600,0xc6,library,?RemoveEntry@?$CMemoryCacheBase@V?$CFileCache@V?$CWorkerThread@VCRTThreadTraits@ATL@@@ATL@@VCNoStatClass@2@VCPageCachePeer@2@VCOldFlusher@2@VCComCriticalSection@2@VCExpireCuller@2@@ATL@@PADU?$CCacheDataPeer@VCPageCachePeer@ATL@@@2@V?$CFixedStringT@V?$CStringT@DV?$StrTraitATL@DV?$ChTraitsCRT@D@ATL@@@ATL@@@ATL@@$0IA@@2@V?$CStringElementTraits@V?$CFixedStringT@V?$CStringT@DV?$StrTraitATL@DV?$ChTraitsCRT@D@ATL@@@ATL@@@ATL@@$0IA@@ATL@@@2@VCOldFlusher@2@VCExpireCuller@2@VCComCriticalSection@2@VCNoStatClass@2@@ATL@@QAEJQAU__CACHEITEM@2@@Z,
0x100166d0,0x4e,library,?FlushEntries@?$CMemoryCacheBase@V?$CFileCache@V?$CWorkerThread@VCRTThreadTraits@ATL@@@ATL@@VCNoStatClass@2@VCPageCachePeer@2@VCOldFlusher@2@VCComCriticalSection@2@VCExpireCuller@2@@ATL@@PADU?$CCacheDataPeer@VCPageCachePeer@ATL@@@2@V?$CFixedStringT@V?$CStringT@DV?$StrTraitATL@DV?$ChTraitsCRT@D@ATL@@@ATL@@@ATL@@$0IA@@2@V?$CStringElementTraits@V?$CFixedStringT@V?$CStringT@DV?$StrTraitATL@DV?$ChTraitsCRT@D@ATL@@@ATL@@@ATL@@$0IA@@ATL@@@2@VCOldFlusher@2@VCExpireCuller@2@VCComCriticalSection@2@VCNoStatClass@2@@ATL@@QAEJXZ,
0x10016720,0x32,library,?CanAddEntry@?$CMemoryCacheBase@V?$CFileCache@V?$CWorkerThread@VCRTThreadTraits@ATL@@@ATL@@VCNoStatClass@2@VCPageCachePeer@2@VCOldFlusher@2@VCComCriticalSection@2@VCExpireCuller@2@@ATL@@PADU?$CCacheDataPeer@VCPageCachePeer@ATL@@@2@V?$CFixedStringT@V?$CStringT@DV?$StrTraitATL@DV?$ChTraitsCRT@D@ATL@@@ATL@@@ATL@@$0IA@@2@V?$CStringElementTraits@V?$CFixedStringT@V?$CStringT@DV?$StrTraitATL@DV?$ChTraitsCRT@D@ATL@@@ATL@@@ATL@@$0IA@@ATL@@@2@VCOldFlusher@2@VCExpireCuller@2@VCComCriticalSection@2@VCNoStatClass@2@@ATL@@IAE_NK@Z,
0x10016760,0x5c,library,??0?$CComObjectGlobal@V?$CStencilCache@V?$CWorkerThread@VCRTThreadTraits@ATL@@@ATL@@VCNoStatClass@2@VCComCriticalSection@2@VCOldFlusher@2@VCLifetimeCuller@2@@ATL@@@ATL@@QAE@PAX@Z,
0x100167c0,0xd1,library,??1?$CStencilCache@V?$CWorkerThread@VCRTThreadTraits@ATL@@@ATL@@VCNoStatClass@2@VCComCriticalSection@2@VCOldFlusher@2@VCLifetimeCuller@2@@ATL@@QAE@XZ,
0x100168a0,0x230,library,?AddEntry@?$CMemoryCacheBase@V?$CStencilCache@V?$CWorkerThread@VCRTThreadTraits@ATL@@@ATL@@VCNoStatClass@2@VCComCriticalSection@2@VCOldFlusher@2@VCLifetimeCuller@2@@ATL@@PAXUCCacheDataEx@2@V?$CFixedStringT@V?$CStringT@DV?$StrTraitATL@DV?$ChTraitsCRT@D@ATL@@@ATL@@@ATL@@$0IA@@2@V?$CStringElementTraitsI@V?$CFixedStringT@V?$CStringT@DV?$StrTraitATL@DV?$ChTraitsCRT@D@ATL@@@ATL@@@ATL@@$0IA@@ATL@@V?$CDefaultCharTraits@D@2@@2@VCOldFlusher@2@VCLifetimeCuller@2@VCComCriticalSection@2@VCNoStatClass@2@@ATL@@QAEJABV?$CFixedStringT@V?$CStringT@DV?$StrTraitATL@DV?$ChTraitsCRT@D@ATL@@@ATL@@@ATL@@$0IA@@2@ABQAXKPAPAU__CACHEITEM@2@@Z,
0x10016ad0,0xae,library,?LookupEntry@?$CMemoryCacheBase@V?$CStencilCache@V?$CWorkerThread@VCRTThreadTraits@ATL@@@ATL@@VCNoStatClass@2@VCComCriticalSection@2@VCOldFlusher@2@VCLifetimeCuller@2@@ATL@@PAXUCCacheDataEx@2@V?$CFixedStringT@V?$CStringT@DV?$StrTraitATL@DV?$ChTraitsCRT@D@ATL@@@ATL@@@ATL@@$0IA@@2@V?$CStringElementTraitsI@V?$CFixedStringT@V?$CStringT@DV?$StrTraitATL@DV?$ChTraitsCRT@D@ATL@@@ATL@@@ATL@@$0IA@@ATL@@V?$CDefaultCharTraits@D@2@@2@VCOldFlusher@2@VCLifetimeCuller@2@VCComCriticalSection@2@VCNoStatClass@2@@ATL@@QAEJABV?$CFixedStringT@V?$CStringT@DV?$StrTraitATL@DV?$ChTraitsCRT@D@ATL@@@ATL@@@ATL@@$0IA@@2@PAPAU__CACHEITEM@2@@Z,
0x10016b80,0x3d,library,?ReleaseEntry@?$CMemoryCacheBase@V?$CStencilCache@V?$CWorkerThread@VCRTThreadTraits@ATL@@@ATL@@VCNoStatClass@2@VCComCriticalSection@2@VCOldFlusher@2@VCLifetimeCuller@2@@ATL@@PAXUCCacheDataEx@2@V?$CFixedStringT@V?$CStringT@DV?$StrTraitATL@DV?$ChTraitsCRT@D@ATL@@@ATL@@@ATL@@$0IA@@2@V?$CStringElementTraitsI@V?$CFixedStringT@V?$CStringT@DV?$StrTraitATL@DV?$ChTraitsCRT@D@ATL@@@ATL@@@ATL@@$0IA@@ATL@@V?$CDefaultCharTraits@D@2@@2@VCOldFlusher@2@VCLifetimeCuller@2@VCComCriticalSection@2@VCNoStatClass@2@@ATL@@QAEKQAU__CACHEITEM@2@@Z,
0x10016bc0,0xc4,library,?RemoveEntry@?$CMemoryCacheBase@V?$CStencilCache@V?$CWorkerThread@VCRTThreadTraits@ATL@@@ATL@@VCNoStatClass@2@VCComCriticalSection@2@VCOldFlusher@2@VCLifetimeCuller@2@@ATL@@PAXUCCacheDataEx@2@V?$CFixedStringT@V?$CStringT@DV?$StrTraitATL@DV?$ChTraitsCRT@D@ATL@@@ATL@@@ATL@@$0IA@@2@V?$CStringElementTraitsI@V?$CFixedStringT@V?$CStringT@DV?$StrTraitATL@DV?$ChTraitsCRT@D@ATL@@@ATL@@@ATL@@$0IA@@ATL@@V?$CDefaultCharTraits@D@2@@2@VCOldFlusher@2@VCLifetimeCuller@2@VCComCriticalSection@2@VCNoStatClass@2@@ATL@@QAEJQAU__CACHEITEM@2@@Z,
0x10016c90,0x4e,library,?FlushEntries@?$CMemoryCacheBase@V?$CStencilCache@V?$CWorkerThread@VCRTThreadTraits@ATL@@@ATL@@VCNoStatClass@2@VCComCriticalSection@2@VCOldFlusher@2@VCLifetimeCuller@2@@ATL@@PAXUCCacheDataEx@2@V?$CFixedStringT@V?$CStringT@DV?$StrTraitATL@DV?$ChTraitsCRT@D@ATL@@@ATL@@@ATL@@$0IA@@2@V?$CStringElementTraitsI@V?$CFixedStringT@V?$CStringT@DV?$StrTraitATL@DV?$ChTraitsCRT@D@ATL@@@ATL@@@ATL@@$0IA@@ATL@@V?$CDefaultCharTraits@D@2@@2@VCOldFlusher@2@VCLifetimeCuller@2@VCComCriticalSection@2@VCNoStatClass@2@@ATL@@QAEJXZ,
0x10016ce0,0xa1,library,?RemoveAllEntries@?$CMemoryCacheBase@V?$CStencilCache@V?$CWorkerThread@VCRTThreadTraits@ATL@@@ATL@@VCNoStatClass@2@VCComCriticalSection@2@VCOldFlusher@2@VCLifetimeCuller@2@@ATL@@PAXUCCacheDataEx@2@V?$CFixedStringT@V?$CStringT@DV?$StrTraitATL@DV?$ChTraitsCRT@D@ATL@@@ATL@@@ATL@@$0IA@@2@V?$CStringElementTraitsI@V?$CFixedStringT@V?$CStringT@DV?$StrTraitATL@DV?$ChTraitsCRT@D@ATL@@@ATL@@@ATL@@$0IA@@ATL@@V?$CDefaultCharTraits@D@2@@2@VCOldFlusher@2@VCLifetimeCuller@2@VCComCriticalSection@2@VCNoStatClass@2@@ATL@@QAEJXZ,
0x10016d90,0xb0,library,?Add@?$CSimpleArray@UServiceNode@?$CIsapiExtension@V?$CThreadPool@VCIsapiWorker@ATL@@VCRTThreadTraits@2@VWin32WaitTraits@2@@ATL@@VCNoRequestStats@2@UCDefaultErrorProvider@2@VCRTThreadTraits@2@VCNoStatClass@2@V62@@ATL@@VCServiceEqualHelper@23@@ATL@@QAEHABUServiceNode@?$CIsapiExtension@V?$CThreadPool@VCIsapiWorker@ATL@@VCRTThreadTraits@2@VWin32WaitTraits@2@@ATL@@VCNoRequestStats@2@UCDefaultErrorProvider@2@VCRTThreadTraits@2@VCNoStatClass@2@V62@@2@@Z,
0x10016e40,0x4d,library,?RemoveAt@?$CSimpleArray@UServiceNode@?$CIsapiExtension@V?$CThreadPool@VCIsapiWorker@ATL@@VCRTThreadTraits@2@VWin32WaitTraits@2@@ATL@@VCNoRequestStats@2@UCDefaultErrorProvider@2@VCRTThreadTraits@2@VCNoStatClass@2@V62@@ATL@@VCServiceEqualHelper@23@@ATL@@QAEHH@Z,
0x10016e90,0x24,library,??A?$CSimpleArray@UServiceNode@?$CIsapiExtension@V?$CThreadPool@VCIsapiWorker@ATL@@VCRTThreadTraits@2@VWin32WaitTraits@2@@ATL@@VCNoRequestStats@2@UCDefaultErrorProvider@2@VCRTThreadTraits@2@VCNoStatClass@2@V62@@ATL@@VCServiceEqualHelper@23@@ATL@@QAEAAUServiceNode@?$CIsapiExtension@V?$CThreadPool@VCIsapiWorker@ATL@@VCRTThreadTraits@2@VWin32WaitTraits@2@@ATL@@VCNoRequestStats@2@UCDefaultErrorProvider@2@VCRTThreadTraits@2@VCNoStatClass@2@V62@@1@H@Z,
0x10016ec0,0x61,library,?Find@?$CSimpleArray@UServiceNode@?$CIsapiExtension@V?$CThreadPool@VCIsapiWorker@ATL@@VCRTThreadTraits@2@VWin32WaitTraits@2@@ATL@@VCNoRequestStats@2@UCDefaultErrorProvider@2@VCRTThreadTraits@2@VCNoStatClass@2@V62@@ATL@@VCServiceEqualHelper@23@@ATL@@QBEHABUServiceNode@?$CIsapiExtension@V?$CThreadPool@VCIsapiWorker@ATL@@VCRTThreadTraits@2@VWin32WaitTraits@2@@ATL@@VCNoRequestStats@2@UCDefaultErrorProvider@2@VCRTThreadTraits@2@VCNoStatClass@2@V62@@2@@Z,
0x100170d0,0x53,library,??0?$CComObjectNoLock@VCWebService@Roblox@@@ATL@@QAE@PAX@Z,
0x10017130,0x13,library,?AddRef@?$CComObjectNoLock@VCWebService@Roblox@@@ATL@@UAGKXZ,
0x10017150,0x31,library,?Release@?$CComObjectNoLock@VCWebService@Roblox@@@ATL@@UAGKXZ,
0x10017190,0x20,library,?QueryInterface@?$CComObjectNoLock@VCWebService@Roblox@@@ATL@@UAGJABU_GUID@@PAPAX@Z,
0x100171b0,0x7c,library,??0?$CComObjectStack@VCWebService@Roblox@@@ATL@@QAE@PAX@Z,
0x10017230,0x43,library,??1?$CComObjectStack@VCWebService@Roblox@@@ATL@@UAE@XZ,
0x10017280,0x8,library,?QueryInterface@?$CComObjectStack@VCWebService@Roblox@@@ATL@@UAGJABU_GUID@@PAPAX@Z,
0x10017290,0x61,library,??1?$CComObjectNoLock@V?$CSDLGenerator@VCWebService@Roblox@@$1?s_szClassNameWSDL34@@3QBDB@ATL@@@ATL@@UAE@XZ,
0x10017300,0x14,library,?AddRef@?$CComObjectNoLock@V?$CSDLGenerator@VCWebService@Roblox@@$1?s_szClassNameWSDL34@@3QBDB@ATL@@@ATL@@UAGKXZ,
0x10017320,0x27,library,?Release@?$CComObjectNoLock@V?$CSDLGenerator@VCWebService@Roblox@@$1?s_szClassNameWSDL34@@3QBDB@ATL@@@ATL@@UAGKXZ,
0x10017350,0x1d,library,?QueryInterface@?$CComObjectNoLock@V?$CSDLGenerator@VCWebService@Roblox@@$1?s_szClassNameWSDL34@@3QBDB@ATL@@@ATL@@UAGJABU_GUID@@PAPAX@Z,
0x10017370,0x11,library,?AddRef@?$CComObjectNoLock@VCCacheServerContext@ATL@@@ATL@@UAGKXZ,
0x10017390,0x2c,library,?Release@?$CComObjectNoLock@VCCacheServerContext@ATL@@@ATL@@UAGKXZ,
0x100173c0,0x1d,library,?QueryInterface@?$CComObjectNoLock@VCCacheServerContext@ATL@@@ATL@@UAGJABU_GUID@@PAPAX@Z,
0x100173e0,0x8,library,??1?$CMemoryCacheBase@V?$CFileCache@V?$CWorkerThread@VCRTThreadTraits@ATL@@@ATL@@VCNoStatClass@2@VCPageCachePeer@2@VCOldFlusher@2@VCComCriticalSection@2@VCExpireCuller@2@@ATL@@PADU?$CCacheDataPeer@VCPageCachePeer@ATL@@@2@V?$CFixedStringT@V?$CStringT@DV?$StrTraitATL@DV?$ChTraitsCRT@D@ATL@@@ATL@@@ATL@@$0IA@@2@V?$CStringElementTraits@V?$CFixedStringT@V?$CStringT@DV?$StrTraitATL@DV?$ChTraitsCRT@D@ATL@@@ATL@@@ATL@@$0IA@@ATL@@@2@VCOldFlusher@2@VCExpireCuller@2@VCComCriticalSection@2@VCNoStatClass@2@@ATL@@QAE@XZ,
0x100173f0,0x65,library,??_E?$CComObjectNoLock@VCWebService@Roblox@@@ATL@@UAEPAXI@Z,
0x100174c0,0x1e,library,??_E?$CComObjectNoLock@V?$CSDLGenerator@VCWebService@Roblox@@$1?s_szClassNameWSDL34@@3QBDB@ATL@@@ATL@@UAEPAXI@Z,
0x100174e0,0x32,library,??_E?$CComObjectNoLock@VCCacheServerContext@ATL@@@ATL@@UAEPAXI@Z,
0x10017520,0x68,library,?CloneData@?$CSimpleStringT@_W$0A@@ATL@@CAPAUCStringData@2@PAU32@@Z,
0x10017590,0x71,library,?Add@?$CSimpleMap@KPAXV?$CSimpleMapEqualHelper@KPAX@ATL@@@ATL@@QAEHABKABQAX@Z,
0x10017610,0xb5,library,?RemoveAt@?$CSimpleMap@KPAXV?$CSimpleMapEqualHelper@KPAX@ATL@@@ATL@@QAEHH@Z,
0x100176d0,0x45,library,?RemoveAt@?$CSimpleArray@PAXV?$CSimpleArrayEqualHelper@PAX@ATL@@@ATL@@QAEHH@Z,
0x10017ab0,0x45,library,?Refresh@?$CWorkerThread@VCRTThreadTraits@ATL@@@ATL@@IAEJXZ,
0x10017b00,0xe2,library,?AddHandle@?$CWorkerThread@VCRTThreadTraits@ATL@@@ATL@@QAEJPAXPAUIWorkerThreadClient@2@K@Z,
0x10017bf0,0x9e,library,?RemoveAllClients@?$CWorkerThread@VCRTThreadTraits@ATL@@@ATL@@IAEXXZ,
0x10017c90,0x6b,library,?_WorkerThreadProc@?$CWorkerThread@VCRTThreadTraits@ATL@@@ATL@@KGKPAV12@@Z,
0x10017d00,0x47,library,?RemoveAt@?$CSimpleArray@UWorkerClientEntry@?$CWorkerThread@VCRTThreadTraits@ATL@@@ATL@@V?$CSimpleArrayEqualHelperFalse@UWorkerClientEntry@?$CWorkerThread@VCRTThreadTraits@ATL@@@ATL@@@3@@ATL@@QAEHH@Z,
0x10017d50,0xe,library,?WorkerThreadProc@?$CThreadPool@VCIsapiWorker@ATL@@VCRTThreadTraits@2@VWin32WaitTraits@2@@ATL@@KGKPAX@Z,
0x10017d60,0x79,library,??0?$CMemoryCacheBase@V?$CFileCache@V?$CWorkerThread@VCRTThreadTraits@ATL@@@ATL@@VCNoStatClass@2@VCPageCachePeer@2@VCOldFlusher@2@VCComCriticalSection@2@VCExpireCuller@2@@ATL@@PADU?$CCacheDataPeer@VCPageCachePeer@ATL@@@2@V?$CFixedStringT@V?$CStringT@DV?$StrTraitATL@DV?$ChTraitsCRT@D@ATL@@@ATL@@@ATL@@$0IA@@2@V?$CStringElementTraits@V?$CFixedStringT@V?$CStringT@DV?$StrTraitATL@DV?$ChTraitsCRT@D@ATL@@@ATL@@@ATL@@$0IA@@ATL@@@2@VCOldFlusher@2@VCExpireCuller@2@VCComCriticalSection@2@VCNoStatClass@2@@ATL@@QAE@XZ,
0x10017de0,0xc9,library,?CullEntries@?$CMemoryCacheBase@V?$CFileCache@V?$CWorkerThread@VCRTThreadTraits@ATL@@@ATL@@VCNoStatClass@2@VCPageCachePeer@2@VCOldFlusher@2@VCComCriticalSection@2@VCExpireCuller@2@@ATL@@PADU?$CCacheDataPeer@VCPageCachePeer@ATL@@@2@V?$CFixedStringT@V?$CStringT@DV?$StrTraitATL@DV?$ChTraitsCRT@D@ATL@@@ATL@@@ATL@@$0IA@@2@V?$CStringElementTraits@V?$CFixedStringT@V?$CStringT@DV?$StrTraitATL@DV?$ChTraitsCRT@D@ATL@@@ATL@@@ATL@@$0IA@@ATL@@@2@VCOldFlusher@2@VCExpireCuller@2@VCComCriticalSection@2@VCNoStatClass@2@@ATL@@QAEJXZ,
0x10017eb0,0xa1,library,?RemoveAllEntries@?$CMemoryCacheBase@V?$CFileCache@V?$CWorkerThread@VCRTThreadTraits@ATL@@@ATL@@VCNoStatClass@2@VCPageCachePeer@2@VCOldFlusher@2@VCComCriticalSection@2@VCExpireCuller@2@@ATL@@PADU?$CCacheDataPeer@VCPageCachePeer@ATL@@@2@V?$CFixedStringT@V?$CStringT@DV?$StrTraitATL@DV?$ChTraitsCRT@D@ATL@@@ATL@@@ATL@@$0IA@@2@V?$CStringElementTraits@V?$CFixedStringT@V?$CStringT@DV?$StrTraitATL@DV?$ChTraitsCRT@D@ATL@@@ATL@@@ATL@@$0IA@@ATL@@@2@VCOldFlusher@2@VCExpireCuller@2@VCComCriticalSection@2@VCNoStatClass@2@@ATL@@QAEJXZ,
0x10017f60,0xd3,library,?RemoveAt@?$CMemoryCacheBase@V?$CFileCache@V?$CWorkerThread@VCRTThreadTraits@ATL@@@ATL@@VCNoStatClass@2@VCPageCachePeer@2@VCOldFlusher@2@VCComCriticalSection@2@VCExpireCuller@2@@ATL@@PADU?$CCacheDataPeer@VCPageCachePeer@ATL@@@2@V?$CFixedStringT@V?$CStringT@DV?$StrTraitATL@DV?$ChTraitsCRT@D@ATL@@@ATL@@@ATL@@$0IA@@2@V?$CStringElementTraits@V?$CFixedStringT@V?$CStringT@DV?$StrTraitATL@DV?$ChTraitsCRT@D@ATL@@@ATL@@@ATL@@$0IA@@ATL@@@2@VCOldFlusher@2@VCExpireCuller@2@VCComCriticalSection@2@VCNoStatClass@2@@ATL@@IAEJPAU__POSITION@@H@Z,
0x10018040,0x3c,library,?InternalRemoveEntry@?$CMemoryCacheBase@V?$CFileCache@V?$CWorkerThread@VCRTThreadTraits@ATL@@@ATL@@VCNoStatClass@2@VCPageCachePeer@2@VCOldFlusher@2@VCComCriticalSection@2@VCExpireCuller@2@@ATL@@PADU?$CCacheDataPeer@VCPageCachePeer@ATL@@@2@V?$CFixedStringT@V?$CStringT@DV?$StrTraitATL@DV?$ChTraitsCRT@D@ATL@@@ATL@@@ATL@@$0IA@@2@V?$CStringElementTraits@V?$CFixedStringT@V?$CStringT@DV?$StrTraitATL@DV?$ChTraitsCRT@D@ATL@@@ATL@@@ATL@@$0IA@@ATL@@@2@VCOldFlusher@2@VCExpireCuller@2@VCComCriticalSection@2@VCNoStatClass@2@@ATL@@IAEJPAUNodeType@12@@Z,
0x10018080,0xe0,library,??0?$CStencilCache@V?$CWorkerThread@VCRTThreadTraits@ATL@@@ATL@@VCNoStatClass@2@VCComCriticalSection@2@VCOldFlusher@2@VCLifetimeCuller@2@@ATL@@QAE@XZ,
0x10018160,0xc9,library,?CullEntries@?$CMemoryCacheBase@V?$CStencilCache@V?$CWorkerThread@VCRTThreadTraits@ATL@@@ATL@@VCNoStatClass@2@VCComCriticalSection@2@VCOldFlusher@2@VCLifetimeCuller@2@@ATL@@PAXUCCacheDataEx@2@V?$CFixedStringT@V?$CStringT@DV?$StrTraitATL@DV?$ChTraitsCRT@D@ATL@@@ATL@@@ATL@@$0IA@@2@V?$CStringElementTraitsI@V?$CFixedStringT@V?$CStringT@DV?$StrTraitATL@DV?$ChTraitsCRT@D@ATL@@@ATL@@@ATL@@$0IA@@ATL@@V?$CDefaultCharTraits@D@2@@2@VCOldFlusher@2@VCLifetimeCuller@2@VCComCriticalSection@2@VCNoStatClass@2@@ATL@@QAEJXZ,
0x10018230,0xc5,library,?RemoveAt@?$CMemoryCacheBase@V?$CStencilCache@V?$CWorkerThread@VCRTThreadTraits@ATL@@@ATL@@VCNoStatClass@2@VCComCriticalSection@2@VCOldFlusher@2@VCLifetimeCuller@2@@ATL@@PAXUCCacheDataEx@2@V?$CFixedStringT@V?$CStringT@DV?$StrTraitATL@DV?$ChTraitsCRT@D@ATL@@@ATL@@@ATL@@$0IA@@2@V?$CStringElementTraitsI@V?$CFixedStringT@V?$CStringT@DV?$StrTraitATL@DV?$ChTraitsCRT@D@ATL@@@ATL@@@ATL@@$0IA@@ATL@@V?$CDefaultCharTraits@D@2@@2@VCOldFlusher@2@VCLifetimeCuller@2@VCComCriticalSection@2@VCNoStatClass@2@@ATL@@IAEJPAU__POSITION@@H@Z,
0x10018300,0x3f,library,?InternalRemoveEntry@?$CMemoryCacheBase@V?$CStencilCache@V?$CWorkerThread@VCRTThreadTraits@ATL@@@ATL@@VCNoStatClass@2@VCComCriticalSection@2@VCOldFlusher@2@VCLifetimeCuller@2@@ATL@@PAXUCCacheDataEx@2@V?$CFixedStringT@V?$CStringT@DV?$StrTraitATL@DV?$ChTraitsCRT@D@ATL@@@ATL@@@ATL@@$0IA@@2@V?$CStringElementTraitsI@V?$CFixedStringT@V?$CStringT@DV?$StrTraitATL@DV?$ChTraitsCRT@D@ATL@@@ATL@@@ATL@@$0IA@@ATL@@V?$CDefaultCharTraits@D@2@@2@VCOldFlusher@2@VCLifetimeCuller@2@VCComCriticalSection@2@VCNoStatClass@2@@ATL@@IAEJPAUNodeType@12@@Z,
0x10018710,0x40,library,??1?$CStrBufT@D$0A@@ATL@@QAE@XZ,
0x10018750,0x14,library,??1?$CAutoPtr@UNodeType@?$CMemoryCacheBase@V?$CFileCache@V?$CWorkerThread@VCRTThreadTraits@ATL@@@ATL@@VCNoStatClass@2@VCPageCachePeer@2@VCOldFlusher@2@VCComCriticalSection@2@VCExpireCuller@2@@ATL@@PADU?$CCacheDataPeer@VCPageCachePeer@ATL@@@2@V?$CFixedStringT@V?$CStringT@DV?$StrTraitATL@DV?$ChTraitsCRT@D@ATL@@@ATL@@@ATL@@$0IA@@2@V?$CStringElementTraits@V?$CFixedStringT@V?$CStringT@DV?$StrTraitATL@DV?$ChTraitsCRT@D@ATL@@@ATL@@@ATL@@$0IA@@ATL@@@2@VCOldFlusher@2@VCExpireCuller@2@VCComCriticalSection@2@VCNoStatClass@2@@ATL@@@ATL@@QAE@XZ,
0x10018770,0x12,library,??1?$CAutoPtr@UNodeType@?$CMemoryCacheBase@V?$CStencilCache@V?$CWorkerThread@VCRTThreadTraits@ATL@@@ATL@@VCNoStatClass@2@VCComCriticalSection@2@VCOldFlusher@2@VCLifetimeCuller@2@@ATL@@PAXUCCacheDataEx@2@V?$CFixedStringT@V?$CStringT@DV?$StrTraitATL@DV?$ChTraitsCRT@D@ATL@@@ATL@@@ATL@@$0IA@@2@V?$CStringElementTraitsI@V?$CFixedStringT@V?$CStringT@DV?$StrTraitATL@DV?$ChTraitsCRT@D@ATL@@@ATL@@@ATL@@$0IA@@ATL@@V?$CDefaultCharTraits@D@2@@2@VCOldFlusher@2@VCLifetimeCuller@2@VCComCriticalSection@2@VCNoStatClass@2@@ATL@@@ATL@@QAE@XZ,
0x10018790,0x56,library,??_GNodeType@?$CMemoryCacheBase@V?$CFileCache@V?$CWorkerThread@VCRTThreadTraits@ATL@@@ATL@@VCNoStatClass@2@VCPageCachePeer@2@VCOldFlusher@2@VCComCriticalSection@2@VCExpireCuller@2@@ATL@@PADU?$CCacheDataPeer@VCPageCachePeer@ATL@@@2@V?$CFixedStringT@V?$CStringT@DV?$StrTraitATL@DV?$ChTraitsCRT@D@ATL@@@ATL@@@ATL@@$0IA@@2@V?$CStringElementTraits@V?$CFixedStringT@V?$CStringT@DV?$StrTraitATL@DV?$ChTraitsCRT@D@ATL@@@ATL@@@ATL@@$0IA@@ATL@@@2@VCOldFlusher@2@VCExpireCuller@2@VCComCriticalSection@2@VCNoStatClass@2@@ATL@@QAEPAXI@Z,
0x100187f0,0x6f,library,?Add@?$CSimpleArray@PAXV?$CSimpleArrayEqualHelper@PAX@ATL@@@ATL@@QAEHABQAX@Z,
0x10018900,0x113,library,?WorkerThreadProc@?$CWorkerThread@VCRTThreadTraits@ATL@@@ATL@@IAEKXZ,
0x10018a20,0x75,library,?Add@?$CSimpleArray@UWorkerClientEntry@?$CWorkerThread@VCRTThreadTraits@ATL@@@ATL@@V?$CSimpleArrayEqualHelperFalse@UWorkerClientEntry@?$CWorkerThread@VCRTThreadTraits@ATL@@@ATL@@@3@@ATL@@QAEHABUWorkerClientEntry@?$CWorkerThread@VCRTThreadTraits@ATL@@@2@@Z,
0x10018aa0,0x130,library,?ThreadProc@?$CThreadPool@VCIsapiWorker@ATL@@VCRTThreadTraits@2@VWin32WaitTraits@2@@ATL@@IAEKXZ,
0x10018c60,0x4f,library,?CopyHandles@?$CWorkerThread@VCRTThreadTraits@ATL@@@ATL@@AAEHQAPAX@Z,
0x10018cb0,0x56,library,?CopyClientEntries@?$CWorkerThread@VCRTThreadTraits@ATL@@@ATL@@AAEHQAUWorkerClientEntry@12@@Z,
0x10018d10,0xb1,library,?GrowBuffer@?$CAtlArray@UStencilToken@ATL@@V?$CElementTraits@UStencilToken@ATL@@@2@@ATL@@AAE_NI@Z,
0x10018dd0,0x9a,library,?GrowBuffer@?$CAtlArray@UParseState@CSoapRootHandler@ATL@@VCParseStateElementTraits@23@@ATL@@AAE_NI@Z,
0x10018e70,0x6d,library,?CallConstructors@?$CAtlArray@UParseState@CSoapRootHandler@ATL@@VCParseStateElementTraits@23@@ATL@@CAXPAUParseState@CSoapRootHandler@2@I@Z,
0x10018ee0,0x74,library,?CallDestructors@?$CAtlArray@UParseState@CSoapRootHandler@ATL@@VCParseStateElementTraits@23@@ATL@@CAXPAUParseState@CSoapRootHandler@2@I@Z,
0x10018f60,0x8c,library,?RemoveAll@?$CAtlMap@V?$CFixedStringT@V?$CStringT@_WV?$StrTraitATL@_WV?$ChTraitsCRT@_W@ATL@@@ATL@@@ATL@@$0BA@@ATL@@UParseState@CSoapRootHandler@2@V?$CStringRefElementTraits@V?$CFixedStringT@V?$CStringT@_WV?$StrTraitATL@_WV?$ChTraitsCRT@_W@ATL@@@ATL@@@ATL@@$0BA@@ATL@@@2@V?$CElementTraits@UParseState@CSoapRootHandler@ATL@@@2@@ATL@@QAEXXZ,
0x10018ff0,0x79,library,?GetNode@?$CAtlMap@V?$CFixedStringT@V?$CStringT@_WV?$StrTraitATL@_WV?$ChTraitsCRT@_W@ATL@@@ATL@@@ATL@@$0BA@@ATL@@UParseState@CSoapRootHandler@2@V?$CStringRefElementTraits@V?$CFixedStringT@V?$CStringT@_WV?$StrTraitATL@_WV?$ChTraitsCRT@_W@ATL@@@ATL@@@ATL@@$0BA@@ATL@@@2@V?$CElementTraits@UParseState@CSoapRootHandler@ATL@@@2@@ATL@@ABEPAVCNode@12@ABV?$CFixedStringT@V?$CStringT@_WV?$StrTraitATL@_WV?$ChTraitsCRT@_W@ATL@@@ATL@@@ATL@@$0BA@@2@AAI1AAPAV312@@Z,
0x10019070,0x10d,library,?RemoveAll@?$CAtlMap@V?$CStringT@DV?$StrTraitATL@DV?$ChTraitsCRT@D@ATL@@@ATL@@@ATL@@PBU_soapmap@@V?$CStringElementTraits@V?$CStringT@DV?$StrTraitATL@DV?$ChTraitsCRT@D@ATL@@@ATL@@@ATL@@@2@V?$CElementTraits@PBU_soapmap@@@2@@ATL@@QAEXXZ,
0x10019180,0xa7,library,?GetNode@?$CAtlMap@V?$CStringT@DV?$StrTraitATL@DV?$ChTraitsCRT@D@ATL@@@ATL@@@ATL@@PBU_soapmap@@V?$CStringElementTraits@V?$CStringT@DV?$StrTraitATL@DV?$ChTraitsCRT@D@ATL@@@ATL@@@ATL@@@2@V?$CElementTraits@PBU_soapmap@@@2@@ATL@@ABEPAVCNode@12@PBDAAI1AAPAV312@@Z,
0x10019230,0x3c,library,?FindNextNode@?$CAtlMap@V?$CStringT@DV?$StrTraitATL@DV?$ChTraitsCRT@D@ATL@@@ATL@@@ATL@@PBU_soapmap@@V?$CStringElementTraits@V?$CStringT@DV?$StrTraitATL@DV?$ChTraitsCRT@D@ATL@@@ATL@@@ATL@@@2@V?$CElementTraits@PBU_soapmap@@@2@@ATL@@ABEPAVCNode@12@PAV312@@Z,
0x10019440,0x68,library,?SetAt@?$CAtlMap@V?$CFixedStringT@V?$CStringT@DV?$StrTraitATL@DV?$ChTraitsCRT@D@ATL@@@ATL@@@ATL@@$0IA@@ATL@@PAUNodeType@?$CMemoryCacheBase@V?$CFileCache@V?$CWorkerThread@VCRTThreadTraits@ATL@@@ATL@@VCNoStatClass@2@VCPageCachePeer@2@VCOldFlusher@2@VCComCriticalSection@2@VCExpireCuller@2@@ATL@@PADU?$CCacheDataPeer@VCPageCachePeer@ATL@@@2@V?$CFixedStringT@V?$CStringT@DV?$StrTraitATL@DV?$ChTraitsCRT@D@ATL@@@ATL@@@ATL@@$0IA@@2@V?$CStringElementTraits@V?$CFixedStringT@V?$CStringT@DV?$StrTraitATL@DV?$ChTraitsCRT@D@ATL@@@ATL@@@ATL@@$0IA@@ATL@@@2@VCOldFlusher@2@VCExpireCuller@2@VCComCriticalSection@2@VCNoStatClass@2@@2@V?$CStringElementTraits@V?$CFixedStringT@V?$CStringT@DV?$StrTraitATL@DV?$ChTraitsCRT@D@ATL@@@ATL@@@ATL@@$0IA@@ATL@@@2@V?$CElementTraits@PAUNodeType@?$CMemoryCacheBase@V?$CFileCache@V?$CWorkerThread@VCRTThreadTraits@ATL@@@ATL@@VCNoStatClass@2@VCPageCachePeer@2@VCOldFlusher@2@VCComCriticalSection@2@VCExpireCuller@2@@ATL@@PADU?$CCacheDataPeer@VCPageCachePeer@ATL@@@2@V?$CFixedStringT@V?$CStringT@DV?$StrTraitATL@DV?$ChTraitsCRT@D@ATL@@@ATL@@@ATL@@$0IA@@2@V?$CStringElementTraits@V?$CFixedStringT@V?$CStringT@DV?$StrTraitATL@DV?$ChTraitsCRT@D@ATL@@@ATL@@@ATL@@$0IA@@ATL@@@2@VCOldFlusher@2@VCExpireCuller@2@VCComCriticalSection@2@VCNoStatClass@2@@ATL@@@2@@ATL@@QAEPAU__POSITION@@PBDABQAUNodeType@?$CMemoryCacheBase@V?$CFileCache@V?$CWorkerThread@VCRTThreadTraits@ATL@@@ATL@@VCNoStatClass@2@VCPageCachePeer@2@VCOldFlusher@2@VCComCriticalSection@2@VCExpireCuller@2@@ATL@@PADU?$CCacheDataPeer@VCPageCachePeer@ATL@@@2@V?$CFixedStringT@V?$CStringT@DV?$StrTraitATL@DV?$ChTraitsCRT@D@ATL@@@ATL@@@ATL@@$0IA@@2@V?$CStringElementTraits@V?$CFixedStringT@V?$CStringT@DV?$StrTraitATL@DV?$ChTraitsCRT@D@ATL@@@ATL@@@ATL@@$0IA@@ATL@@@2@VCOldFlusher@2@VCExpireCuller@2@VCComCriticalSection@2@VCNoStatClass@2@@2@@Z,
0x100194b0,0x68,library,?SetAt@?$CAtlMap@V?$CFixedStringT@V?$CStringT@DV?$StrTraitATL@DV?$ChTraitsCRT@D@ATL@@@ATL@@@ATL@@$0IA@@ATL@@PAUNodeType@?$CMemoryCacheBase@V?$CStencilCache@V?$CWorkerThread@VCRTThreadTraits@ATL@@@ATL@@VCNoStatClass@2@VCComCriticalSection@2@VCOldFlusher@2@VCLifetimeCuller@2@@ATL@@PAXUCCacheDataEx@2@V?$CFixedStringT@V?$CStringT@DV?$StrTraitATL@DV?$ChTraitsCRT@D@ATL@@@ATL@@@ATL@@$0IA@@2@V?$CStringElementTraitsI@V?$CFixedStringT@V?$CStringT@DV?$StrTraitATL@DV?$ChTraitsCRT@D@ATL@@@ATL@@@ATL@@$0IA@@ATL@@V?$CDefaultCharTraits@D@2@@2@VCOldFlusher@2@VCLifetimeCuller@2@VCComCriticalSection@2@VCNoStatClass@2@@2@V?$CStringElementTraitsI@V?$CFixedStringT@V?$CStringT@DV?$StrTraitATL@DV?$ChTraitsCRT@D@ATL@@@ATL@@@ATL@@$0IA@@ATL@@V?$CDefaultCharTraits@D@2@@2@V?$CElementTraits@PAUNodeType@?$CMemoryCacheBase@V?$CStencilCache@V?$CWorkerThread@VCRTThreadTraits@ATL@@@ATL@@VCNoStatClass@2@VCComCriticalSection@2@VCOldFlusher@2@VCLifetimeCuller@2@@ATL@@PAXUCCacheDataEx@2@V?$CFixedStringT@V?$CStringT@DV?$StrTraitATL@DV?$ChTraitsCRT@D@ATL@@@ATL@@@ATL@@$0IA@@2@V?$CStringElementTraitsI@V?$CFixedStringT@V?$CStringT@DV?$StrTraitATL@DV?$ChTraitsCRT@D@ATL@@@ATL@@@ATL@@$0IA@@ATL@@V?$CDefaultCharTraits@D@2@@2@VCOldFlusher@2@VCLifetimeCuller@2@VCComCriticalSection@2@VCNoStatClass@2@@ATL@@@2@@ATL@@QAEPAU__POSITION@@PBDABQAUNodeType@?$CMemoryCacheBase@V?$CStencilCache@V?$CWorkerThread@VCRTThreadTraits@ATL@@@ATL@@VCNoStatClass@2@VCComCriticalSection@2@VCOldFlusher@2@VCLifetimeCuller@2@@ATL@@PAXUCCacheDataEx@2@V?$CFixedStringT@V?$CStringT@DV?$StrTraitATL@DV?$ChTraitsCRT@D@ATL@@@ATL@@@ATL@@$0IA@@2@V?$CStringElementTraitsI@V?$CFixedStringT@V?$CStringT@DV?$StrTraitATL@DV?$ChTraitsCRT@D@ATL@@@ATL@@@ATL@@$0IA@@ATL@@V?$CDefaultCharTraits@D@2@@2@VCOldFlusher@2@VCLifetimeCuller@2@VCComCriticalSection@2@VCNoStatClass@2@@2@@Z,
0x10019520,0x6a,library,?RemoveAtPos@?$CAtlMap@V?$CFixedStringT@V?$CStringT@DV?$StrTraitATL@DV?$ChTraitsCRT@D@ATL@@@ATL@@@ATL@@$0IA@@ATL@@PAUNodeType@?$CMemoryCacheBase@V?$CFileCache@V?$CWorkerThread@VCRTThreadTraits@ATL@@@ATL@@VCNoStatClass@2@VCPageCachePeer@2@VCOldFlusher@2@VCComCriticalSection@2@VCExpireCuller@2@@ATL@@PADU?$CCacheDataPeer@VCPageCachePeer@ATL@@@2@V?$CFixedStringT@V?$CStringT@DV?$StrTraitATL@DV?$ChTraitsCRT@D@ATL@@@ATL@@@ATL@@$0IA@@2@V?$CStringElementTraits@V?$CFixedStringT@V?$CStringT@DV?$StrTraitATL@DV?$ChTraitsCRT@D@ATL@@@ATL@@@ATL@@$0IA@@ATL@@@2@VCOldFlusher@2@VCExpireCuller@2@VCComCriticalSection@2@VCNoStatClass@2@@2@V?$CStringElementTraits@V?$CFixedStringT@V?$CStringT@DV?$StrTraitATL@DV?$ChTraitsCRT@D@ATL@@@ATL@@@ATL@@$0IA@@ATL@@@2@V?$CElementTraits@PAUNodeType@?$CMemoryCacheBase@V?$CFileCache@V?$CWorkerThread@VCRTThreadTraits@ATL@@@ATL@@VCNoStatClass@2@VCPageCachePeer@2@VCOldFlusher@2@VCComCriticalSection@2@VCExpireCuller@2@@ATL@@PADU?$CCacheDataPeer@VCPageCachePeer@ATL@@@2@V?$CFixedStringT@V?$CStringT@DV?$StrTraitATL@DV?$ChTraitsCRT@D@ATL@@@ATL@@@ATL@@$0IA@@2@V?$CStringElementTraits@V?$CFixedStringT@V?$CStringT@DV?$StrTraitATL@DV?$ChTraitsCRT@D@ATL@@@ATL@@@ATL@@$0IA@@ATL@@@2@VCOldFlusher@2@VCExpireCuller@2@VCComCriticalSection@2@VCNoStatClass@2@@ATL@@@2@@ATL@@QAEXPAU__POSITION@@@Z,
0x10019590,0x4f,library,??1?$CAtlMap@V?$CFixedStringT@V?$CStringT@DV?$StrTraitATL@DV?$ChTraitsCRT@D@ATL@@@ATL@@@ATL@@$0IA@@ATL@@PAUNodeType@?$CMemoryCacheBase@V?$CFileCache@V?$CWorkerThread@VCRTThreadTraits@ATL@@@ATL@@VCNoStatClass@2@VCPageCachePeer@2@VCOldFlusher@2@VCComCriticalSection@2@VCExpireCuller@2@@ATL@@PADU?$CCacheDataPeer@VCPageCachePeer@ATL@@@2@V?$CFixedStringT@V?$CStringT@DV?$StrTraitATL@DV?$ChTraitsCRT@D@ATL@@@ATL@@@ATL@@$0IA@@2@V?$CStringElementTraits@V?$CFixedStringT@V?$CStringT@DV?$StrTraitATL@DV?$ChTraitsCRT@D@ATL@@@ATL@@@ATL@@$0IA@@ATL@@@2@VCOldFlusher@2@VCExpireCuller@2@VCComCriticalSection@2@VCNoStatClass@2@@2@V?$CStringElementTraits@V?$CFixedStringT@V?$CStringT@DV?$StrTraitATL@DV?$ChTraitsCRT@D@ATL@@@ATL@@@ATL@@$0IA@@ATL@@@2@V?$CElementTraits@PAUNodeType@?$CMemoryCacheBase@V?$CFileCache@V?$CWorkerThread@VCRTThreadTraits@ATL@@@ATL@@VCNoStatClass@2@VCPageCachePeer@2@VCOldFlusher@2@VCComCriticalSection@2@VCExpireCuller@2@@ATL@@PADU?$CCacheDataPeer@VCPageCachePeer@ATL@@@2@V?$CFixedStringT@V?$CStringT@DV?$StrTraitATL@DV?$ChTraitsCRT@D@ATL@@@ATL@@@ATL@@$0IA@@2@V?$CStringElementTraits@V?$CFixedStringT@V?$CStringT@DV?$StrTraitATL@DV?$ChTraitsCRT@D@ATL@@@ATL@@@ATL@@$0IA@@ATL@@@2@VCOldFlusher@2@VCExpireCuller@2@VCComCriticalSection@2@VCNoStatClass@2@@ATL@@@2@@ATL@@QAE@XZ,
0x10019d90,0x96,library,??$CreateRequestHandlerSync@VCWebService@Roblox@@@ATL@@YAHPAUIIsapiExtension@0@PAPAUIUnknown@@@Z,
0x10019e30,0x80,library,??$CreateRequestHandlerSync@V?$CSDLGenerator@VCWebService@Roblox@@$1?s_szClassNameWSDL34@@3QBDB@ATL@@@ATL@@YAHPAUIIsapiExtension@0@PAPAUIUnknown@@@Z,
0x10019eb0,0x5f,library,??$Initialize@VCRTThreadTraits@ATL@@@?$CDllCache@V?$CWorkerThread@VCRTThreadTraits@ATL@@@ATL@@VCDllCachePeer@2@@ATL@@QAEJPAV?$CWorkerThread@VCRTThreadTraits@ATL@@@1@K@Z,
0x10019f10,0x67,library,??$Initialize@VCRTThreadTraits@ATL@@@?$CFileCache@V?$CWorkerThread@VCRTThreadTraits@ATL@@@ATL@@VCNoStatClass@2@VCPageCachePeer@2@VCOldFlusher@2@VCComCriticalSection@2@VCExpireCuller@2@@ATL@@QAEJPAV?$CWorkerThread@VCRTThreadTraits@ATL@@@1@@Z,
0x10019f80,0xb1,library,??$Initialize@VCRTThreadTraits@ATL@@@?$CStencilCache@V?$CWorkerThread@VCRTThreadTraits@ATL@@@ATL@@VCNoStatClass@2@VCComCriticalSection@2@VCOldFlusher@2@VCLifetimeCuller@2@@ATL@@QAEJPAUIServiceProvider@@PAV?$CWorkerThread@VCRTThreadTraits@ATL@@@1@K_J@Z,
0x1001a040,0x255,library,??$RenderError@UCDefaultErrorProvider@ATL@@@ATL@@YAXPAUIHttpServerContext@0@KKPAUCDefaultErrorProvider@0@@Z,
0x1001a2a0,0x48,library,??$SafeStringCopy@$$BY0BEF@D@ATL@@YA_NAAY0BEF@DPBD@Z,
0x1001ab50,0x4c,library,??0?$PerThreadWrapper@V?$CSDLGenerator@VCWebService@Roblox@@$1?s_szClassNameWSDL34@@3QBDB@ATL@@@ATL@@QAE@XZ,
0x1001aba0,0x55,library,??_E?$PerThreadWrapper@VCWebService@Roblox@@@ATL@@UAEPAXI@Z,
0x1001ac00,0xe,library,??_E?$PerThreadWrapper@V?$CSDLGenerator@VCWebService@Roblox@@$1?s_szClassNameWSDL34@@3QBDB@ATL@@@ATL@@UAEPAXI@Z,
0x1001ac10,0x39,library,?Hash@?$CStringRefElementTraits@V?$CFixedStringT@V?$CStringT@_WV?$StrTraitATL@_WV?$ChTraitsCRT@_W@ATL@@@ATL@@@ATL@@$0BA@@ATL@@@ATL@@SAKABV?$CFixedStringT@V?$CStringT@_WV?$StrTraitATL@_WV?$ChTraitsCRT@_W@ATL@@@ATL@@@ATL@@$0BA@@2@@Z,
0x1001ac50,0x5d,library,?CompareElements@?$CStringRefElementTraits@V?$CFixedStringT@V?$CStringT@_WV?$StrTraitATL@_WV?$ChTraitsCRT@_W@ATL@@@ATL@@@ATL@@$0BA@@ATL@@@ATL@@SA_NABV?$CFixedStringT@V?$CStringT@_WV?$StrTraitATL@_WV?$ChTraitsCRT@_W@ATL@@@ATL@@@ATL@@$0BA@@2@0@Z,
0x1001af80,0xe5,library,?AddTimer@?$CWorkerThread@VCRTThreadTraits@ATL@@@ATL@@QAEJKPAUIWorkerThreadClient@2@KPAPAX@Z,
0x1001b070,0x4f,library,?Release@?$PerThreadWrapper@VCWebService@Roblox@@@ATL@@UAGKXZ,
0x1001b0c0,0x50,library,?Release@?$PerThreadWrapper@V?$CSDLGenerator@VCWebService@Roblox@@$1?s_szClassNameWSDL34@@3QBDB@ATL@@@ATL@@UAGKXZ,
0x1001b110,0x50,library,??0?$CFixedStringT@V?$CStringT@DV?$StrTraitATL@DV?$ChTraitsCRT@D@ATL@@@ATL@@@ATL@@$0EAA@@ATL@@QAE@XZ,
0x1001b160,0x37,library,??1?$CFixedStringT@V?$CStringT@DV?$StrTraitATL@DV?$ChTraitsCRT@D@ATL@@@ATL@@@ATL@@$0EAA@@ATL@@UAE@XZ,
0x1001b1a0,0x4f,library,??_E?$CFixedStringT@V?$CStringT@DV?$StrTraitATL@DV?$ChTraitsCRT@D@ATL@@@ATL@@@ATL@@$0EAA@@ATL@@UAEPAXI@Z,
0x1001b520,0x13f,library,?Rehash@?$CAtlMap@V?$CFixedStringT@V?$CStringT@_WV?$StrTraitATL@_WV?$ChTraitsCRT@_W@ATL@@@ATL@@@ATL@@$0BA@@ATL@@UParseState@CSoapRootHandler@2@V?$CStringRefElementTraits@V?$CFixedStringT@V?$CStringT@_WV?$StrTraitATL@_WV?$ChTraitsCRT@_W@ATL@@@ATL@@@ATL@@$0BA@@ATL@@@2@V?$CElementTraits@UParseState@CSoapRootHandler@ATL@@@2@@ATL@@QAEXI@Z,
0x1001b660,0x6e,library,?PickSize@?$CAtlMap@V?$CFixedStringT@V?$CStringT@DV?$StrTraitATL@DV?$ChTraitsCRT@D@ATL@@@ATL@@@ATL@@$0IA@@ATL@@PAUNodeType@?$CMemoryCacheBase@V?$CFileCache@V?$CWorkerThread@VCRTThreadTraits@ATL@@@ATL@@VCNoStatClass@2@VCPageCachePeer@2@VCOldFlusher@2@VCComCriticalSection@2@VCExpireCuller@2@@ATL@@PADU?$CCacheDataPeer@VCPageCachePeer@ATL@@@2@V?$CFixedStringT@V?$CStringT@DV?$StrTraitATL@DV?$ChTraitsCRT@D@ATL@@@ATL@@@ATL@@$0IA@@2@V?$CStringElementTraits@V?$CFixedStringT@V?$CStringT@DV?$StrTraitATL@DV?$ChTraitsCRT@D@ATL@@@ATL@@@ATL@@$0IA@@ATL@@@2@VCOldFlusher@2@VCExpireCuller@2@VCComCriticalSection@2@VCNoStatClass@2@@2@V?$CStringElementTraits@V?$CFixedStringT@V?$CStringT@DV?$StrTraitATL@DV?$ChTraitsCRT@D@ATL@@@ATL@@@ATL@@$0IA@@ATL@@@2@V?$CElementTraits@PAUNodeType@?$CMemoryCacheBase@V?$CFileCache@V?$CWorkerThread@VCRTThreadTraits@ATL@@@ATL@@VCNoStatClass@2@VCPageCachePeer@2@VCOldFlusher@2@VCComCriticalSection@2@VCExpireCuller@2@@ATL@@PADU?$CCacheDataPeer@VCPageCachePeer@ATL@@@2@V?$CFixedStringT@V?$CStringT@DV?$StrTraitATL@DV?$ChTraitsCRT@D@ATL@@@ATL@@@ATL@@$0IA@@2@V?$CStringElementTraits@V?$CFixedStringT@V?$CStringT@DV?$StrTraitATL@DV?$ChTraitsCRT@D@ATL@@@ATL@@@ATL@@$0IA@@ATL@@@2@VCOldFlusher@2@VCExpireCuller@2@VCComCriticalSection@2@VCNoStatClass@2@@ATL@@@2@@ATL@@ABEII@Z,
0x1001b6d0,0x15d,library,?NewNode@?$CAtlMap@V?$CFixedStringT@V?$CStringT@_WV?$StrTraitATL@_WV?$ChTraitsCRT@_W@ATL@@@ATL@@@ATL@@$0BA@@ATL@@UParseState@CSoapRootHandler@2@V?$CStringRefElementTraits@V?$CFixedStringT@V?$CStringT@_WV?$StrTraitATL@_WV?$ChTraitsCRT@_W@ATL@@@ATL@@@ATL@@$0BA@@ATL@@@2@V?$CElementTraits@UParseState@CSoapRootHandler@ATL@@@2@@ATL@@AAEPAVCNode@12@ABV?$CFixedStringT@V?$CStringT@_WV?$StrTraitATL@_WV?$ChTraitsCRT@_W@ATL@@@ATL@@@ATL@@$0BA@@2@II@Z,
0x1001b830,0x87,library,?FreeNode@?$CAtlMap@V?$CFixedStringT@V?$CStringT@_WV?$StrTraitATL@_WV?$ChTraitsCRT@_W@ATL@@@ATL@@@ATL@@$0BA@@ATL@@UParseState@CSoapRootHandler@2@V?$CStringRefElementTraits@V?$CFixedStringT@V?$CStringT@_WV?$StrTraitATL@_WV?$ChTraitsCRT@_W@ATL@@@ATL@@@ATL@@$0BA@@ATL@@@2@V?$CElementTraits@UParseState@CSoapRootHandler@ATL@@@2@@ATL@@AAEXPAVCNode@12@@Z,
0x1001b8c0,0x2a,library,?FreePlexes@?$CAtlMap@V?$CFixedStringT@V?$CStringT@DV?$StrTraitATL@DV?$ChTraitsCRT@D@ATL@@@ATL@@@ATL@@$0IA@@ATL@@PAUNodeType@?$CMemoryCacheBase@V?$CFileCache@V?$CWorkerThread@VCRTThreadTraits@ATL@@@ATL@@VCNoStatClass@2@VCPageCachePeer@2@VCOldFlusher@2@VCComCriticalSection@2@VCExpireCuller@2@@ATL@@PADU?$CCacheDataPeer@VCPageCachePeer@ATL@@@2@V?$CFixedStringT@V?$CStringT@DV?$StrTraitATL@DV?$ChTraitsCRT@D@ATL@@@ATL@@@ATL@@$0IA@@2@V?$CStringElementTraits@V?$CFixedStringT@V?$CStringT@DV?$StrTraitATL@DV?$ChTraitsCRT@D@ATL@@@ATL@@@ATL@@$0IA@@ATL@@@2@VCOldFlusher@2@VCExpireCuller@2@VCComCriticalSection@2@VCNoStatClass@2@@2@V?$CStringElementTraits@V?$CFixedStringT@V?$CStringT@DV?$StrTraitATL@DV?$ChTraitsCRT@D@ATL@@@ATL@@@ATL@@$0IA@@ATL@@@2@V?$CElementTraits@PAUNodeType@?$CMemoryCacheBase@V?$CFileCache@V?$CWorkerThread@VCRTThreadTraits@ATL@@@ATL@@VCNoStatClass@2@VCPageCachePeer@2@VCOldFlusher@2@VCComCriticalSection@2@VCExpireCuller@2@@ATL@@PADU?$CCacheDataPeer@VCPageCachePeer@ATL@@@2@V?$CFixedStringT@V?$CStringT@DV?$StrTraitATL@DV?$ChTraitsCRT@D@ATL@@@ATL@@@ATL@@$0IA@@2@V?$CStringElementTraits@V?$CFixedStringT@V?$CStringT@DV?$StrTraitATL@DV?$ChTraitsCRT@D@ATL@@@ATL@@@ATL@@$0IA@@ATL@@@2@VCOldFlusher@2@VCExpireCuller@2@VCComCriticalSection@2@VCNoStatClass@2@@ATL@@@2@@ATL@@AAEXXZ,
0x1001b8f0,0xcb,library,?InitHashTable@?$CAtlMap@V?$CFixedStringT@V?$CStringT@DV?$StrTraitATL@DV?$ChTraitsCRT@D@ATL@@@ATL@@@ATL@@$0IA@@ATL@@PAUNodeType@?$CMemoryCacheBase@V?$CFileCache@V?$CWorkerThread@VCRTThreadTraits@ATL@@@ATL@@VCNoStatClass@2@VCPageCachePeer@2@VCOldFlusher@2@VCComCriticalSection@2@VCExpireCuller@2@@ATL@@PADU?$CCacheDataPeer@VCPageCachePeer@ATL@@@2@V?$CFixedStringT@V?$CStringT@DV?$StrTraitATL@DV?$ChTraitsCRT@D@ATL@@@ATL@@@ATL@@$0IA@@2@V?$CStringElementTraits@V?$CFixedStringT@V?$CStringT@DV?$StrTraitATL@DV?$ChTraitsCRT@D@ATL@@@ATL@@@ATL@@$0IA@@ATL@@@2@VCOldFlusher@2@VCExpireCuller@2@VCComCriticalSection@2@VCNoStatClass@2@@2@V?$CStringElementTraits@V?$CFixedStringT@V?$CStringT@DV?$StrTraitATL@DV?$ChTraitsCRT@D@ATL@@@ATL@@@ATL@@$0IA@@ATL@@@2@V?$CElementTraits@PAUNodeType@?$CMemoryCacheBase@V?$CFileCache@V?$CWorkerThread@VCRTThreadTraits@ATL@@@ATL@@VCNoStatClass@2@VCPageCachePeer@2@VCOldFlusher@2@VCComCriticalSection@2@VCExpireCuller@2@@ATL@@PADU?$CCacheDataPeer@VCPageCachePeer@ATL@@@2@V?$CFixedStringT@V?$CStringT@DV?$StrTraitATL@DV?$ChTraitsCRT@D@ATL@@@ATL@@@ATL@@$0IA@@2@V?$CStringElementTraits@V?$CFixedStringT@V?$CStringT@DV?$StrTraitATL@DV?$ChTraitsCRT@D@ATL@@@ATL@@@ATL@@$0IA@@ATL@@@2@VCOldFlusher@2@VCExpireCuller@2@VCComCriticalSection@2@VCNoStatClass@2@@ATL@@@2@@ATL@@QAE_NI_N@Z,
0x1001b9c0,0x12e,library,?Rehash@?$CAtlMap@V?$CStringT@DV?$StrTraitATL@DV?$ChTraitsCRT@D@ATL@@@ATL@@@ATL@@PBU_soapmap@@V?$CStringElementTraits@V?$CStringT@DV?$StrTraitATL@DV?$ChTraitsCRT@D@ATL@@@ATL@@@ATL@@@2@V?$CElementTraits@PBU_soapmap@@@2@@ATL@@QAEXI@Z,
0x1001baf0,0x13f,library,?NewNode@?$CAtlMap@V?$CStringT@DV?$StrTraitATL@DV?$ChTraitsCRT@D@ATL@@@ATL@@@ATL@@PBU_soapmap@@V?$CStringElementTraits@V?$CStringT@DV?$StrTraitATL@DV?$ChTraitsCRT@D@ATL@@@ATL@@@ATL@@@2@V?$CElementTraits@PBU_soapmap@@@2@@ATL@@AAEPAVCNode@12@PBDII@Z,
0x1001bdd0,0xae,library,?GetNode@?$CAtlMap@V?$CFixedStringT@V?$CStringT@DV?$StrTraitATL@DV?$ChTraitsCRT@D@ATL@@@ATL@@@ATL@@$0IA@@ATL@@PAUNodeType@?$CMemoryCacheBase@V?$CFileCache@V?$CWorkerThread@VCRTThreadTraits@ATL@@@ATL@@VCNoStatClass@2@VCPageCachePeer@2@VCOldFlusher@2@VCComCriticalSection@2@VCExpireCuller@2@@ATL@@PADU?$CCacheDataPeer@VCPageCachePeer@ATL@@@2@V?$CFixedStringT@V?$CStringT@DV?$StrTraitATL@DV?$ChTraitsCRT@D@ATL@@@ATL@@@ATL@@$0IA@@2@V?$CStringElementTraits@V?$CFixedStringT@V?$CStringT@DV?$StrTraitATL@DV?$ChTraitsCRT@D@ATL@@@ATL@@@ATL@@$0IA@@ATL@@@2@VCOldFlusher@2@VCExpireCuller@2@VCComCriticalSection@2@VCNoStatClass@2@@2@V?$CStringElementTraits@V?$CFixedStringT@V?$CStringT@DV?$StrTraitATL@DV?$ChTraitsCRT@D@ATL@@@ATL@@@ATL@@$0IA@@ATL@@@2@V?$CElementTraits@PAUNodeType@?$CMemoryCacheBase@V?$CFileCache@V?$CWorkerThread@VCRTThreadTraits@ATL@@@ATL@@VCNoStatClass@2@VCPageCachePeer@2@VCOldFlusher@2@VCComCriticalSection@2@VCExpireCuller@2@@ATL@@PADU?$CCacheDataPeer@VCPageCachePeer@ATL@@@2@V?$CFixedStringT@V?$CStringT@DV?$StrTraitATL@DV?$ChTraitsCRT@D@ATL@@@ATL@@@ATL@@$0IA@@2@V?$CStringElementTraits@V?$CFixedStringT@V?$CStringT@DV?$StrTraitATL@DV?$ChTraitsCRT@D@ATL@@@ATL@@@ATL@@$0IA@@ATL@@@2@VCOldFlusher@2@VCExpireCuller@2@VCComCriticalSection@2@VCNoStatClass@2@@ATL@@@2@@ATL@@ABEPAVCNode@12@PBDAAI1AAPAV312@@Z,
0x1001be80,0x8c,library,?RemoveAll@?$CAtlMap@V?$CFixedStringT@V?$CStringT@DV?$StrTraitATL@DV?$ChTraitsCRT@D@ATL@@@ATL@@@ATL@@$0IA@@ATL@@PAUNodeType@?$CMemoryCacheBase@V?$CFileCache@V?$CWorkerThread@VCRTThreadTraits@ATL@@@ATL@@VCNoStatClass@2@VCPageCachePeer@2@VCOldFlusher@2@VCComCriticalSection@2@VCExpireCuller@2@@ATL@@PADU?$CCacheDataPeer@VCPageCachePeer@ATL@@@2@V?$CFixedStringT@V?$CStringT@DV?$StrTraitATL@DV?$ChTraitsCRT@D@ATL@@@ATL@@@ATL@@$0IA@@2@V?$CStringElementTraits@V?$CFixedStringT@V?$CStringT@DV?$StrTraitATL@DV?$ChTraitsCRT@D@ATL@@@ATL@@@ATL@@$0IA@@ATL@@@2@VCOldFlusher@2@VCExpireCuller@2@VCComCriticalSection@2@VCNoStatClass@2@@2@V?$CStringElementTraits@V?$CFixedStringT@V?$CStringT@DV?$StrTraitATL@DV?$ChTraitsCRT@D@ATL@@@ATL@@@ATL@@$0IA@@ATL@@@2@V?$CElementTraits@PAUNodeType@?$CMemoryCacheBase@V?$CFileCache@V?$CWorkerThread@VCRTThreadTraits@ATL@@@ATL@@VCNoStatClass@2@VCPageCachePeer@2@VCOldFlusher@2@VCComCriticalSection@2@VCExpireCuller@2@@ATL@@PADU?$CCacheDataPeer@VCPageCachePeer@ATL@@@2@V?$CFixedStringT@V?$CStringT@DV?$StrTraitATL@DV?$ChTraitsCRT@D@ATL@@@ATL@@@ATL@@$0IA@@2@V?$CStringElementTraits@V?$CFixedStringT@V?$CStringT@DV?$StrTraitATL@DV?$ChTraitsCRT@D@ATL@@@ATL@@@ATL@@$0IA@@ATL@@@2@VCOldFlusher@2@VCExpireCuller@2@VCComCriticalSection@2@VCNoStatClass@2@@ATL@@@2@@ATL@@QAEXXZ,
0x1001bf10,0x7e,library,?GetNode@?$CAtlMap@V?$CFixedStringT@V?$CStringT@DV?$StrTraitATL@DV?$ChTraitsCRT@D@ATL@@@ATL@@@ATL@@$0IA@@ATL@@PAUNodeType@?$CMemoryCacheBase@V?$CStencilCache@V?$CWorkerThread@VCRTThreadTraits@ATL@@@ATL@@VCNoStatClass@2@VCComCriticalSection@2@VCOldFlusher@2@VCLifetimeCuller@2@@ATL@@PAXUCCacheDataEx@2@V?$CFixedStringT@V?$CStringT@DV?$StrTraitATL@DV?$ChTraitsCRT@D@ATL@@@ATL@@@ATL@@$0IA@@2@V?$CStringElementTraitsI@V?$CFixedStringT@V?$CStringT@DV?$StrTraitATL@DV?$ChTraitsCRT@D@ATL@@@ATL@@@ATL@@$0IA@@ATL@@V?$CDefaultCharTraits@D@2@@2@VCOldFlusher@2@VCLifetimeCuller@2@VCComCriticalSection@2@VCNoStatClass@2@@2@V?$CStringElementTraitsI@V?$CFixedStringT@V?$CStringT@DV?$StrTraitATL@DV?$ChTraitsCRT@D@ATL@@@ATL@@@ATL@@$0IA@@ATL@@V?$CDefaultCharTraits@D@2@@2@V?$CElementTraits@PAUNodeType@?$CMemoryCacheBase@V?$CStencilCache@V?$CWorkerThread@VCRTThreadTraits@ATL@@@ATL@@VCNoStatClass@2@VCComCriticalSection@2@VCOldFlusher@2@VCLifetimeCuller@2@@ATL@@PAXUCCacheDataEx@2@V?$CFixedStringT@V?$CStringT@DV?$StrTraitATL@DV?$ChTraitsCRT@D@ATL@@@ATL@@@ATL@@$0IA@@2@V?$CStringElementTraitsI@V?$CFixedStringT@V?$CStringT@DV?$StrTraitATL@DV?$ChTraitsCRT@D@ATL@@@ATL@@@ATL@@$0IA@@ATL@@V?$CDefaultCharTraits@D@2@@2@VCOldFlusher@2@VCLifetimeCuller@2@VCComCriticalSection@2@VCNoStatClass@2@@ATL@@@2@@ATL@@ABEPAVCNode@12@PBDAAI1AAPAV312@@Z,
0x1001cca0,0x48,library,?Hash@?$CStringElementTraitsI@V?$CFixedStringT@V?$CStringT@DV?$StrTraitATL@DV?$ChTraitsCRT@D@ATL@@@ATL@@@ATL@@$0IA@@ATL@@V?$CDefaultCharTraits@D@2@@ATL@@SAKPBD@Z,
0x1001cd30,0x5,library,?AddRef@?$CComObjectStack@VCWebService@Roblox@@@ATL@@UAGKXZ,
0x1001cd40,0x56,library,??0CPair@?$CAtlMap@V?$CFixedStringT@V?$CStringT@_WV?$StrTraitATL@_WV?$ChTraitsCRT@_W@ATL@@@ATL@@@ATL@@$0BA@@ATL@@UParseState@CSoapRootHandler@2@V?$CStringRefElementTraits@V?$CFixedStringT@V?$CStringT@_WV?$StrTraitATL@_WV?$ChTraitsCRT@_W@ATL@@@ATL@@@ATL@@$0BA@@ATL@@@2@V?$CElementTraits@UParseState@CSoapRootHandler@ATL@@@2@@ATL@@IAE@ABV?$CFixedStringT@V?$CStringT@_WV?$StrTraitATL@_WV?$ChTraitsCRT@_W@ATL@@@ATL@@@ATL@@$0BA@@2@@Z,
0x1001cda0,0x98,library,??0?$CFixedStringT@V?$CStringT@_WV?$StrTraitATL@_WV?$ChTraitsCRT@_W@ATL@@@ATL@@@ATL@@$0BA@@ATL@@QAE@ABV01@@Z,
0x1001cfc0,0x15f,library,?NewNode@?$CAtlMap@V?$CFixedStringT@V?$CStringT@DV?$StrTraitATL@DV?$ChTraitsCRT@D@ATL@@@ATL@@@ATL@@$0IA@@ATL@@PAUNodeType@?$CMemoryCacheBase@V?$CFileCache@V?$CWorkerThread@VCRTThreadTraits@ATL@@@ATL@@VCNoStatClass@2@VCPageCachePeer@2@VCOldFlusher@2@VCComCriticalSection@2@VCExpireCuller@2@@ATL@@PADU?$CCacheDataPeer@VCPageCachePeer@ATL@@@2@V?$CFixedStringT@V?$CStringT@DV?$StrTraitATL@DV?$ChTraitsCRT@D@ATL@@@ATL@@@ATL@@$0IA@@2@V?$CStringElementTraits@V?$CFixedStringT@V?$CStringT@DV?$StrTraitATL@DV?$ChTraitsCRT@D@ATL@@@ATL@@@ATL@@$0IA@@ATL@@@2@VCOldFlusher@2@VCExpireCuller@2@VCComCriticalSection@2@VCNoStatClass@2@@2@V?$CStringElementTraits@V?$CFixedStringT@V?$CStringT@DV?$StrTraitATL@DV?$ChTraitsCRT@D@ATL@@@ATL@@@ATL@@$0IA@@ATL@@@2@V?$CElementTraits@PAUNodeType@?$CMemoryCacheBase@V?$CFileCache@V?$CWorkerThread@VCRTThreadTraits@ATL@@@ATL@@VCNoStatClass@2@VCPageCachePeer@2@VCOldFlusher@2@VCComCriticalSection@2@VCExpireCuller@2@@ATL@@PADU?$CCacheDataPeer@VCPageCachePeer@ATL@@@2@V?$CFixedStringT@V?$CStringT@DV?$StrTraitATL@DV?$ChTraitsCRT@D@ATL@@@ATL@@@ATL@@$0IA@@2@V?$CStringElementTraits@V?$CFixedStringT@V?$CStringT@DV?$StrTraitATL@DV?$ChTraitsCRT@D@ATL@@@ATL@@@ATL@@$0IA@@ATL@@@2@VCOldFlusher@2@VCExpireCuller@2@VCComCriticalSection@2@VCNoStatClass@2@@ATL@@@2@@ATL@@AAEPAVCNode@12@PBDII@Z,
0x1001d120,0x13f,library,?Rehash@?$CAtlMap@V?$CFixedStringT@V?$CStringT@DV?$StrTraitATL@DV?$ChTraitsCRT@D@ATL@@@ATL@@@ATL@@$0IA@@ATL@@PAUNodeType@?$CMemoryCacheBase@V?$CFileCache@V?$CWorkerThread@VCRTThreadTraits@ATL@@@ATL@@VCNoStatClass@2@VCPageCachePeer@2@VCOldFlusher@2@VCComCriticalSection@2@VCExpireCuller@2@@ATL@@PADU?$CCacheDataPeer@VCPageCachePeer@ATL@@@2@V?$CFixedStringT@V?$CStringT@DV?$StrTraitATL@DV?$ChTraitsCRT@D@ATL@@@ATL@@@ATL@@$0IA@@2@V?$CStringElementTraits@V?$CFixedStringT@V?$CStringT@DV?$StrTraitATL@DV?$ChTraitsCRT@D@ATL@@@ATL@@@ATL@@$0IA@@ATL@@@2@VCOldFlusher@2@VCExpireCuller@2@VCComCriticalSection@2@VCNoStatClass@2@@2@V?$CStringElementTraits@V?$CFixedStringT@V?$CStringT@DV?$StrTraitATL@DV?$ChTraitsCRT@D@ATL@@@ATL@@@ATL@@$0IA@@ATL@@@2@V?$CElementTraits@PAUNodeType@?$CMemoryCacheBase@V?$CFileCache@V?$CWorkerThread@VCRTThreadTraits@ATL@@@ATL@@VCNoStatClass@2@VCPageCachePeer@2@VCOldFlusher@2@VCComCriticalSection@2@VCExpireCuller@2@@ATL@@PADU?$CCacheDataPeer@VCPageCachePeer@ATL@@@2@V?$CFixedStringT@V?$CStringT@DV?$StrTraitATL@DV?$ChTraitsCRT@D@ATL@@@ATL@@@ATL@@$0IA@@2@V?$CStringElementTraits@V?$CFixedStringT@V?$CStringT@DV?$StrTraitATL@DV?$ChTraitsCRT@D@ATL@@@ATL@@@ATL@@$0IA@@ATL@@@2@VCOldFlusher@2@VCExpireCuller@2@VCComCriticalSection@2@VCNoStatClass@2@@ATL@@@2@@ATL@@QAEXI@Z,
0x1001d260,0x81,library,?FreeNode@?$CAtlMap@V?$CFixedStringT@V?$CStringT@DV?$StrTraitATL@DV?$ChTraitsCRT@D@ATL@@@ATL@@@ATL@@$0IA@@ATL@@PAUNodeType@?$CMemoryCacheBase@V?$CFileCache@V?$CWorkerThread@VCRTThreadTraits@ATL@@@ATL@@VCNoStatClass@2@VCPageCachePeer@2@VCOldFlusher@2@VCComCriticalSection@2@VCExpireCuller@2@@ATL@@PADU?$CCacheDataPeer@VCPageCachePeer@ATL@@@2@V?$CFixedStringT@V?$CStringT@DV?$StrTraitATL@DV?$ChTraitsCRT@D@ATL@@@ATL@@@ATL@@$0IA@@2@V?$CStringElementTraits@V?$CFixedStringT@V?$CStringT@DV?$StrTraitATL@DV?$ChTraitsCRT@D@ATL@@@ATL@@@ATL@@$0IA@@ATL@@@2@VCOldFlusher@2@VCExpireCuller@2@VCComCriticalSection@2@VCNoStatClass@2@@2@V?$CStringElementTraits@V?$CFixedStringT@V?$CStringT@DV?$StrTraitATL@DV?$ChTraitsCRT@D@ATL@@@ATL@@@ATL@@$0IA@@ATL@@@2@V?$CElementTraits@PAUNodeType@?$CMemoryCacheBase@V?$CFileCache@V?$CWorkerThread@VCRTThreadTraits@ATL@@@ATL@@VCNoStatClass@2@VCPageCachePeer@2@VCOldFlusher@2@VCComCriticalSection@2@VCExpireCuller@2@@ATL@@PADU?$CCacheDataPeer@VCPageCachePeer@ATL@@@2@V?$CFixedStringT@V?$CStringT@DV?$StrTraitATL@DV?$ChTraitsCRT@D@ATL@@@ATL@@@ATL@@$0IA@@2@V?$CStringElementTraits@V?$CFixedStringT@V?$CStringT@DV?$StrTraitATL@DV?$ChTraitsCRT@D@ATL@@@ATL@@@ATL@@$0IA@@ATL@@@2@VCOldFlusher@2@VCExpireCuller@2@VCComCriticalSection@2@VCNoStatClass@2@@ATL@@@2@@ATL@@AAEXPAVCNode@12@@Z,
0x1001d2f0,0x79,library,?UpdateRehashThresholds@?$CAtlMap@V?$CFixedStringT@V?$CStringT@DV?$StrTraitATL@DV?$ChTraitsCRT@D@ATL@@@ATL@@@ATL@@$0IA@@ATL@@PAUNodeType@?$CMemoryCacheBase@V?$CFileCache@V?$CWorkerThread@VCRTThreadTraits@ATL@@@ATL@@VCNoStatClass@2@VCPageCachePeer@2@VCOldFlusher@2@VCComCriticalSection@2@VCExpireCuller@2@@ATL@@PADU?$CCacheDataPeer@VCPageCachePeer@ATL@@@2@V?$CFixedStringT@V?$CStringT@DV?$StrTraitATL@DV?$ChTraitsCRT@D@ATL@@@ATL@@@ATL@@$0IA@@2@V?$CStringElementTraits@V?$CFixedStringT@V?$CStringT@DV?$StrTraitATL@DV?$ChTraitsCRT@D@ATL@@@ATL@@@ATL@@$0IA@@ATL@@@2@VCOldFlusher@2@VCExpireCuller@2@VCComCriticalSection@2@VCNoStatClass@2@@2@V?$CStringElementTraits@V?$CFixedStringT@V?$CStringT@DV?$StrTraitATL@DV?$ChTraitsCRT@D@ATL@@@ATL@@@ATL@@$0IA@@ATL@@@2@V?$CElementTraits@PAUNodeType@?$CMemoryCacheBase@V?$CFileCache@V?$CWorkerThread@VCRTThreadTraits@ATL@@@ATL@@VCNoStatClass@2@VCPageCachePeer@2@VCOldFlusher@2@VCComCriticalSection@2@VCExpireCuller@2@@ATL@@PADU?$CCacheDataPeer@VCPageCachePeer@ATL@@@2@V?$CFixedStringT@V?$CStringT@DV?$StrTraitATL@DV?$ChTraitsCRT@D@ATL@@@ATL@@@ATL@@$0IA@@2@V?$CStringElementTraits@V?$CFixedStringT@V?$CStringT@DV?$StrTraitATL@DV?$ChTraitsCRT@D@ATL@@@ATL@@@ATL@@$0IA@@ATL@@@2@VCOldFlusher@2@VCExpireCuller@2@VCComCriticalSection@2@VCNoStatClass@2@@ATL@@@2@@ATL@@AAEXXZ,
0x10021310,0x55,library,?GetSize@CComHeap@ATL@@UAEIPAX@Z,
0x10021370,0x6,library,?Reallocate@CComHeap@ATL@@UAEPAXPAXI@Z,
0x10021380,0x6,library,?Free@CComHeap@ATL@@UAEXPAX@Z,
0x10021390,0x6,library,?Allocate@CComHeap@ATL@@UAEPAXI@Z,
0x100213a0,0x4,library,?Clone@CFixedStringMgr@ATL@@UAEPAUIAtlStringMgr@2@XZ,
0x100213b0,0xc9,library,?Reallocate@CFixedStringMgr@ATL@@UAEPAUCStringData@2@PAU32@HH@Z,
0x10021480,0x39,library,?Free@CFixedStringMgr@ATL@@UAEXPAUCStringData@2@@Z,
0x100214c0,0x6d,library,?Allocate@CFixedStringMgr@ATL@@UAEPAUCStringData@2@HH@Z,
0x10021530,0x13,library,?Cache@CCacheServerContext@ATL@@UAEHH@Z,
0x10021550,0x7,library,?IsCached@CCacheServerContext@ATL@@UAEHXZ,
0x10021560,0x19,library,?SetExpiration@CCacheServerContext@ATL@@UAEJU_FILETIME@@@Z,
0x10021580,0x26,library,?GetExpiration@CCacheServerContext@ATL@@UAEJPAU_FILETIME@@@Z,
0x100215b0,0x18,library,?MapUrlToPathEx@CWrappedServerContext@ATL@@UAEHPBDKPAU_HSE_URL_MAPEX_INFO@@@Z,
0x100215d0,0x5,library,?TransmitFile@CCacheServerContext@ATL@@UAEHPAXP6GXPAU_EXTENSION_CONTROL_BLOCK@@0KK@Z0PBDKK0K0KK@Z,
0x100215e0,0xff,library,?DoneWithSession@CCacheServerContext@ATL@@UAEHK@Z,
0x100216e0,0x24,library,?Close@CAtlTemporaryFile@ATL@@QAEJPBD@Z,
0x10021710,0x8a,library,?SendResponseHeader@CCacheServerContext@ATL@@UAEHPBD0H@Z,
0x100217a0,0x73,library,?WriteClient@CCacheServerContext@ATL@@UAEHPAXPAK@Z,
0x10021820,0x18,library,?GetImpersonationToken@CCacheServerContext@ATL@@UAEHPAPAX@Z,
0x10021840,0x18,library,?GetServerVariable@CWrappedServerContext@ATL@@UAEHPBDPADPAK@Z,
0x10021860,0x18,library,?GetContentType@CWrappedServerContext@ATL@@UAEPBDXZ,
0x10021880,0x18,library,?GetAvailableData@CWrappedServerContext@ATL@@UAEPAEXZ,
0x100218a0,0x18,library,?GetAvailableBytes@CWrappedServerContext@ATL@@UAEKXZ,
0x100218c0,0x18,library,?GetTotalBytes@CWrappedServerContext@ATL@@UAEKXZ,
0x100218e0,0x18,library,?GetScriptPathTranslated@CWrappedServerContext@ATL@@UAEPBDXZ,
0x10021900,0x18,library,?GetPathTranslated@CWrappedServerContext@ATL@@UAEPBDXZ,
0x10021920,0x18,library,?GetPathInfo@CWrappedServerContext@ATL@@UAEPBDXZ,
0x10021940,0x18,library,?GetQueryString@CWrappedServerContext@ATL@@UAEPBDXZ,
0x10021960,0x18,library,?GetRequestMethod@CWrappedServerContext@ATL@@UAEPBDXZ,
0x10021980,0x4e,library,?GetGITPtr@CAtlModule@ATL@@UAEJPAPAUIGlobalInterfaceTable@@@Z,
0x100219d0,0x4,library,?GetLockCount@CAtlModule@ATL@@UAEJXZ,
0x100219e0,0xb,library,?Unlock@CAtlModule@ATL@@UAEJXZ,
0x100219f0,0xb,library,?Lock@CAtlModule@ATL@@UAEJXZ,
0x10021a00,0x9,library,?GetResourceInstance@?$ITagReplacerImpl@V_CSDLGenerator@ATL@@@ATL@@UAEPAUHINSTANCE__@@XZ,
0x10021a10,0xd,library,?SetStream@?$ITagReplacerImpl@V_CSDLGenerator@ATL@@@ATL@@UAEPAUIWriteStream@2@PAU32@@Z,
0x10021a20,0x8,library,?GetContext@?$ITagReplacerImpl@V_CSDLGenerator@ATL@@@ATL@@UAEJABU_GUID@@PAPAX@Z,
0x10021a30,0xda,library,?RenderReplacement@?$ITagReplacerImpl@V_CSDLGenerator@ATL@@@ATL@@UAEKKKKPAX@Z,
0x10021b10,0x5f7,library,?GetReplacementMethodMap@_CSDLGenerator@ATL@@QBEXPAPBU?$CTagReplacerMethodEntry@V_CSDLGenerator@ATL@@@2@@Z,
0x10022110,0x25,library,?OnGetNamespace@_CSDLGenerator@ATL@@QAEKXZ,
0x10022140,0x20,library,?OnGetNextFunction@_CSDLGenerator@ATL@@QAEKXZ,
0x10022160,0x2d,library,?OnGetFunctionName@_CSDLGenerator@ATL@@QAEKXZ,
0x10022190,0x85,library,?OnGetNextParameter@_CSDLGenerator@ATL@@QAEKXZ,
0x10022220,0x2d,library,?OnIsInParameter@_CSDLGenerator@ATL@@QAEKXZ,
0x10022250,0x7e,library,?OnGetParameterName@_CSDLGenerator@ATL@@QAEKXZ,
0x100222d0,0x28,library,?OnNotIsArrayParameter@_CSDLGenerator@ATL@@QAEKXZ,
0x10022300,0x39,library,?OnIsParameterUDT@_CSDLGenerator@ATL@@QAEKXZ,
0x10022340,0x90,library,?OnGetParameterSoapType@_CSDLGenerator@ATL@@QAEKXZ,
0x100223d0,0x2d,library,?OnIsParameterDynamicArray@_CSDLGenerator@ATL@@QAEKXZ,
0x10022400,0x2d,library,?OnIsArrayParameter@_CSDLGenerator@ATL@@QAEKXZ,
0x10022430,0x2b,library,?OnIsParameterOneDimensional@_CSDLGenerator@ATL@@QAEKXZ,
0x10022460,0x3b,library,?OnGetParameterArraySize@_CSDLGenerator@ATL@@QAEKXZ,
0x100224a0,0x68,library,?Write@CWriteStreamHelper@ATL@@QAEHH@Z,
0x10022510,0x29,library,?OnGetParameterArraySoapDims@_CSDLGenerator@ATL@@QAEKXZ,
0x10022540,0xae,library,?GetSoapDims@_CSDLGenerator@ATL@@AAEKPBU_soapmapentry@@@Z,
0x100225f0,0x2d,library,?OnIsOutParameter@_CSDLGenerator@ATL@@QAEKXZ,
0x10022620,0x57,library,?OnGetNextEnum@_CSDLGenerator@ATL@@QAEKXZ,
0x10022680,0x36,library,?OnGetEnumName@_CSDLGenerator@ATL@@QAEKXZ,
0x100226c0,0x57,library,?OnGetNextStruct@_CSDLGenerator@ATL@@QAEKXZ,
0x10022720,0x48,library,?OnGetNextEnumElement@_CSDLGenerator@ATL@@QAEKXZ,
0x10022770,0x4d,library,?OnGetEnumElementName@_CSDLGenerator@ATL@@QAEKXZ,
0x100227c0,0x36,library,?OnNotIsArrayField@_CSDLGenerator@ATL@@QAEKXZ,
0x10022800,0x47,library,?OnIsFieldUDT@_CSDLGenerator@ATL@@QAEKXZ,
0x10022850,0x98,library,?OnGetStructFieldSoapType@_CSDLGenerator@ATL@@QAEKXZ,
0x100228f0,0x3b,library,?OnIsArrayField@_CSDLGenerator@ATL@@QAEKXZ,
0x10022930,0x39,library,?OnIsFieldOneDimensional@_CSDLGenerator@ATL@@QAEKXZ,
0x10022970,0x49,library,?OnGetFieldArraySize@_CSDLGenerator@ATL@@QAEKXZ,
0x100229c0,0x37,library,?OnGetFieldArraySoapDims@_CSDLGenerator@ATL@@QAEKXZ,
0x10022a00,0x25,library,?OnGetServiceName@_CSDLGenerator@ATL@@QAEKXZ,
0x10022a30,0x216,library,?OnGetURL@_CSDLGenerator@ATL@@QAEKXZ,
0x10022c50,0x1c6,library,??$AtlGenXMLValue@PA_W@@YAJPAUIWriteStream@ATL@@PAPA_W@Z,
0x10022e20,0x265,library,?EscapeXML@ATL@@YAHPB_WHPA_WHK@Z,
0x10023090,0x53,library,?_AtlCopyNCRPair@ATL@@YAHKPA_W@Z,
0x100230f0,0x54,library,?_AtlCopyNCR@ATL@@YAH_WPA_W@Z,
0x10023150,0xd3,library,?Write@CWriteStreamHelper@ATL@@QAEHPB_W@Z,
0x10023230,0x3e7,library,?AtlUnicodeToUTF8@ATL@@YAHPB_WHPADH@Z,
0x10023620,0x70,library,?OnGetNextHeader@_CSDLGenerator@ATL@@QAEKXZ,
0x10023690,0x39,library,?OnGetHeaderName@_CSDLGenerator@ATL@@QAEKXZ,
0x100236d0,0x26,library,?OnNotIsArrayHeader@_CSDLGenerator@ATL@@QAEKXZ,
0x10023700,0x2b,library,?OnIsArrayHeader@_CSDLGenerator@ATL@@QAEKXZ,
0x10023730,0x35,library,?OnIsHeaderUDT@_CSDLGenerator@ATL@@QAEKXZ,
0x10023770,0x83,library,?OnGetHeaderSoapType@_CSDLGenerator@ATL@@QAEKXZ,
0x10023800,0x29,library,?OnIsHeaderOneDimensional@_CSDLGenerator@ATL@@QAEKXZ,
0x10023830,0x37,library,?OnGetHeaderArraySize@_CSDLGenerator@ATL@@QAEKXZ,
0x10023870,0x23,library,?OnGetHeaderArraySoapDims@_CSDLGenerator@ATL@@QAEKXZ,
0x100238a0,0x45,library,?OnGetNextFunctionHeader@_CSDLGenerator@ATL@@QAEKXZ,
0x100238f0,0x3f,library,?OnGetFunctionHeaderName@_CSDLGenerator@ATL@@QAEKXZ,
0x10023930,0x2d,library,?OnIsInHeader@_CSDLGenerator@ATL@@QAEKXZ,
0x10023960,0x2d,library,?OnIsOutHeader@_CSDLGenerator@ATL@@QAEKXZ,
0x10023990,0x2d,library,?OnIsRequiredHeader@_CSDLGenerator@ATL@@QAEKXZ,
0x100239c0,0x1a,library,?OnIsDocumentLiteral@_CSDLGenerator@ATL@@QAEKXZ,
0x100239e0,0x1a,library,?OnIsRpcEncoded@_CSDLGenerator@ATL@@QAEKXZ,
0x10023a00,0x3b,library,?OnIsFieldDynamicArray@_CSDLGenerator@ATL@@QAEKXZ,
0x10023a40,0x55,library,?OnGetFieldSizeIsName@_CSDLGenerator@ATL@@QAEKXZ,
0x10023aa0,0x227,library,?FindReplacementOffset@?$ITagReplacerImpl@V_CSDLGenerator@ATL@@@ATL@@UAEKPBDPAK011PAPAXPAUIAtlMemMgr@2@@Z,
0x10023cd0,0x42,library,??$SafeStringCopy@$$BY0EB@D@ATL@@YA_NAAY0EB@DPBD@Z,
0x10023d20,0x66,library,?FindReplacementOffsetInMap@?$ITagReplacerImpl@V_CSDLGenerator@ATL@@@ATL@@QAEKPBDPAKPBU?$CTagReplacerMethodEntry@V_CSDLGenerator@ATL@@@2@@Z,
0x10023d90,0x5b,library,?CleanupHeaders@CSoapRootHandler@ATL@@UAEXXZ,
0x10023df0,0x1d3,library,?CleanupHelper@CSoapRootHandler@ATL@@AAEXPBU_soapmap@@PAX@Z,
0x10023fd0,0x4f,library,?IsNullElement@CSoapRootHandler@ATL@@AAE_NPBU_soapmapentry@@PAXK@Z,
0x10024020,0xe8,library,?GetSizeIsValue@CSoapRootHandler@ATL@@AAEIPAXPBU_soapmap@@PBU_soapmapentry@@@Z,
0x10024270,0x8e,library,?Cleanup@CSoapRootHandler@ATL@@UAEXXZ,
0x10024300,0x27,library,?RemoveAll@?$CAtlArray@UParseState@CSoapRootHandler@ATL@@VCParseStateElementTraits@23@@ATL@@QAEXXZ,
0x10024330,0x97,library,?SetCount@?$CAtlArray@UParseState@CSoapRootHandler@ATL@@VCParseStateElementTraits@23@@ATL@@QAE_NIH@Z,
0x100243d0,0x151,library,?GenerateResponse@CSoapRootHandler@ATL@@UAEJPAUIWriteStream@2@@Z,
0x10024530,0x22,library,?StartBody@CResponseGenerator@CSoapRootHandler@ATL@@UAEJPAUIWriteStream@3@@Z,
0x10024560,0x11c,library,?StartEntry@CResponseGenerator@CSoapRootHandler@ATL@@UAEJPAUIWriteStream@3@PBU_soapmap@@PBU_soapmapentry@@@Z,
0x10024680,0x22,library,?StartBody@CRpcEncodedGenerator@CSoapRootHandler@ATL@@UAEJPAUIWriteStream@3@@Z,
0x100246b0,0xa9,library,?StartMap@CRpcEncodedGenerator@CSoapRootHandler@ATL@@UAEJPAUIWriteStream@3@PBU_soapmap@@_N@Z,
0x10024760,0x66,library,?EndMap@CRpcEncodedGenerator@CSoapRootHandler@ATL@@UAEJPAUIWriteStream@3@PBU_soapmap@@_N@Z,
0x100247d0,0xe0,library,?StartMap@CDocLiteralGenerator@CSoapRootHandler@ATL@@UAEJPAUIWriteStream@3@PBU_soapmap@@_N@Z,
0x100248b0,0x91,library,?EndMap@CDocLiteralGenerator@CSoapRootHandler@ATL@@UAEJPAUIWriteStream@3@PBU_soapmap@@_N@Z,
0x10024950,0x75,library,?StartEntry@CPADGenerator@CSoapRootHandler@ATL@@UAEJPAUIWriteStream@3@PBU_soapmap@@PBU_soapmapentry@@@Z,
0x100249d0,0xb1,library,?GenerateHeaders@CSoapRootHandler@ATL@@AAEJPAVCResponseGenerator@12@PBU_soapmap@@PAUIWriteStream@2@@Z,
0x10024a90,0x7d,library,?StartHeaders@CResponseGenerator@CSoapRootHandler@ATL@@QAEJPAUIWriteStream@3@PBU_soapmap@@@Z,
0x10024b10,0x3bf,library,?GenerateResponseHelper@CSoapRootHandler@ATL@@AAEJPAVCResponseGenerator@12@PBU_soapmap@@PAXPAUIWriteStream@2@_N@Z,
0x10024ed0,0xbf,library,?GetArrayInformation@CSoapRootHandler@ATL@@AAEJPAUIWriteStream@2@PBU_soapmap@@PBU_soapmapentry@@PAXAAI4@Z,
0x10024f90,0x19e,library,?GenerateArrayInfo@CSoapRootHandler@ATL@@AAEJPBU_soapmapentry@@PBHPAUIWriteStream@2@@Z,
0x10025130,0x15b,library,?AtlSoapGenElementValue@@YAJPAXPAUIWriteStream@ATL@@W4SOAPTYPES@@PAUIAtlMemMgr@2@@Z,
0x10025290,0x2f,library,??$AtlGenXMLValue@M@@YAJPAUIWriteStream@ATL@@PAM@Z,
0x100252c0,0x17f,library,??$AtlGenXMLValue@N@@YAJPAUIWriteStream@ATL@@PAN@Z,
0x10025440,0xc5,library,?AtlGenXMLBlobValue@@YAJPAUIWriteStream@ATL@@PAU_tagATLSOAP_BLOB@@PAUIAtlMemMgr@2@_N@Z,
0x10025510,0x82,library,?Base64EncodeGetRequiredLength@ATL@@YAHHK@Z,
0x100255a0,0x39,library,?AtlHexEncodeGetRequiredLength@ATL@@YAHH@Z,
0x100255e0,0x1e8,library,?Base64Encode@ATL@@YAHPBEHPADPAHK@Z,
0x100257d0,0x73,library,?AtlHexEncode@ATL@@YAHPBEHPADPAH@Z,
0x10025850,0x41,library,??$AtlGenXMLValue@_J@@YAJPAUIWriteStream@ATL@@PA_J@Z,
0x100258a0,0x79,library,?Write@CWriteStreamHelper@ATL@@QAEH_J@Z,
0x10025920,0x3b,library,??$AtlGenXMLValue@H@@YAJPAUIWriteStream@ATL@@PAH@Z,
0x10025960,0x3f,library,??$AtlGenXMLValue@F@@YAJPAUIWriteStream@ATL@@PAF@Z,
0x100259a0,0x3c,library,??$AtlGenXMLValue@D@@YAJPAUIWriteStream@ATL@@PAD@Z,
0x100259e0,0x41,library,??$AtlGenXMLValue@_K@@YAJPAUIWriteStream@ATL@@PA_K@Z,
0x10025a30,0x79,library,?Write@CWriteStreamHelper@ATL@@QAEH_K@Z,
0x10025ab0,0x3b,library,??$AtlGenXMLValue@I@@YAJPAUIWriteStream@ATL@@PAI@Z,
0x10025af0,0x68,library,?Write@CWriteStreamHelper@ATL@@QAEHI@Z,
0x10025b60,0x3f,library,??$AtlGenXMLValue@G@@YAJPAUIWriteStream@ATL@@PAG@Z,
0x10025ba0,0x3c,library,??$AtlGenXMLValue@E@@YAJPAUIWriteStream@ATL@@PAE@Z,
0x10025be0,0x85,library,?GenerateXSDWrapper@CSoapRootHandler@ATL@@AAEJ_NH0PAUIWriteStream@2@@Z,
0x10025c70,0xde,library,?GenerateEnum@CSoapRootHandler@ATL@@AAEJPAUIWriteStream@2@PAXPBU_soapmapentry@@_N@Z,
0x10025d50,0x8c,library,?EndEntry@CResponseGenerator@CSoapRootHandler@ATL@@QAEJPAUIWriteStream@3@PBU_soapmap@@PBU_soapmapentry@@@Z,
0x10025de0,0xc0,library,?BeginParse@CSoapRootHandler@ATL@@UAEJPAUIStream@@@Z,
0x10025ea0,0x8,library,??1CComVariant@ATL@@QAE@XZ,
0x10025eb0,0x146,library,?DispatchSoapCall@CSoapRootHandler@ATL@@UAEJPB_WH0H@Z,
0x10026000,0xcd,library,?CheckSoapHeaders@CSoapRootHandler@ATL@@AAEJABUParseState@12@@Z,
0x100260d0,0x5,library,?characters@ISAXContentHandlerImpl@ATL@@UAGJPB_WH@Z,
0x100260e0,0x122,library,?characters@CSoapRootHandler@ATL@@UAGJPB_WH@Z,
0x10026210,0x22,library,?GetState@CSoapRootHandler@ATL@@AAEAAUParseState@12@XZ,
0x10026720,0x8a,library,??0?$CFixedStringT@V?$CStringT@_WV?$StrTraitATL@_WV?$ChTraitsCRT@_W@ATL@@@ATL@@@ATL@@$0EAA@@ATL@@QAE@PB_WH@Z,
0x100267b0,0x4d,library,??_E?$CFixedStringT@V?$CStringT@_WV?$StrTraitATL@_WV?$ChTraitsCRT@_W@ATL@@@ATL@@@ATL@@$0EAA@@ATL@@UAEPAXI@Z,
0x10026800,0x35,library,??1?$CFixedStringT@V?$CStringT@_WV?$StrTraitATL@_WV?$ChTraitsCRT@_W@ATL@@@ATL@@@ATL@@$0EAA@@ATL@@UAE@XZ,
0x10026840,0x5d,library,?Empty@?$CSimpleStringT@_W$0A@@ATL@@QAEXXZ,
0x100268a0,0x85,library,??$AtlStrToNum@N_W@ATL@@YAHPANPB_WPAPA_W@Z,
0x10026930,0x2d,library,?SkipWhitespace@ATL@@YAPB_WPB_W@Z,
0x10026a60,0x13f,library,?Base64Decode@ATL@@YAHPBDHPAEPAH@Z,
0x10026ba0,0xdf,library,?AtlHexDecode@ATL@@YAHPBDHPAEPAH@Z,
0x10026e00,0x8a,library,??$AtlStrToNum@_J_W@ATL@@YAHPA_JPB_WPAPA_WH@Z,
0x10027130,0x8a,library,??$AtlStrToNum@_K_W@ATL@@YAHPA_KPB_WPAPA_WH@Z,
0x100272d0,0x24b,library,?endElement@CSoapRootHandler@ATL@@UAGJPB_WH0H0H@Z,
0x10027520,0x67,library,??0ParseState@CSoapRootHandler@ATL@@QAE@ABU012@@Z,
0x10027590,0x6a,library,?IsEqualElement@CSoapRootHandler@ATL@@AAEHHPB_WH0H0H0@Z,
0x10027600,0xf6,library,?CheckEndElement@CSoapRootHandler@ATL@@AAEJABUParseState@12@@Z,
0x10027700,0x15,library,?PopState@CSoapRootHandler@ATL@@AAEX_N@Z,
0x10027720,0x70,library,?RemoveAt@?$CAtlArray@UParseState@CSoapRootHandler@ATL@@VCParseStateElementTraits@23@@ATL@@QAEXII@Z,
0x10027790,0x1f4,library,?startElement@CSoapRootHandler@ATL@@UAGJPB_WH0H0HPAUISAXAttributes@@@Z,
0x10027990,0x24c,library,?ProcessParams@CSoapRootHandler@ATL@@AAEJPB_WH0HPAUISAXAttributes@@@Z,
0x10027be0,0x73,library,?ValidateArrayEntry@CSoapRootHandler@ATL@@AAEJAAUParseState@12@PB_WH@Z,
0x10027c60,0xfd,library,?AllocateArray@CSoapRootHandler@ATL@@AAEJPBU_soapmapentry@@PAPAXII@Z,
0x10027d60,0xba,library,?ChainEntry@CSoapRootHandler@ATL@@AAEJABUParseState@12@PB_WH1HPAUISAXAttributes@@@Z,
0x10027e20,0x14e,library,?GetElementEntry@CSoapRootHandler@ATL@@AAEJAAUParseState@12@PB_W1HPAUISAXAttributes@@PAPBU_soapmapentry@@@Z,
0x10027f70,0x18f,library,?CheckID@CSoapRootHandler@ATL@@AAEJPB_W0HPAUISAXAttributes@@@Z,
0x10028100,0x66,library,?GetAttribute@ATL@@YAJPAUISAXAttributes@@PB_WHPAPB_WPAHPA_WH@Z,
0x10028170,0x8a,library,??0?$CFixedStringT@V?$CStringT@_WV?$StrTraitATL@_WV?$ChTraitsCRT@_W@ATL@@@ATL@@@ATL@@$0BA@@ATL@@QAE@PB_WH@Z,
0x10028200,0x6a,library,?RemoveAtPos@?$CAtlMap@V?$CFixedStringT@V?$CStringT@_WV?$StrTraitATL@_WV?$ChTraitsCRT@_W@ATL@@@ATL@@@ATL@@$0BA@@ATL@@UParseState@CSoapRootHandler@2@V?$CStringRefElementTraits@V?$CFixedStringT@V?$CStringT@_WV?$StrTraitATL@_WV?$ChTraitsCRT@_W@ATL@@@ATL@@@ATL@@$0BA@@ATL@@@2@V?$CElementTraits@UParseState@CSoapRootHandler@ATL@@@2@@ATL@@QAEXPAU__POSITION@@@Z,
0x10028270,0x3c,library,?SetBit@CBitVector@CSoapRootHandler@ATL@@QAE_NI@Z,
0x100282b0,0x93,library,?Grow@CBitVector@CSoapRootHandler@ATL@@AAE_NI@Z,
0x10028350,0xf7,library,?CheckMustUnderstandHeader@CSoapRootHandler@ATL@@AAEJPAUISAXAttributes@@@Z,
0x10028450,0xab,library,?IsNullEntry@CSoapRootHandler@ATL@@AAEJPBU_soapmapentry@@PAUISAXAttributes@@@Z,
0x10028500,0x1bb,library,?GetSection5Info@CSoapRootHandler@ATL@@AAEJABUParseState@12@PBU_soapmapentry@@PAUISAXAttributes@@@Z,
0x100288b0,0xb9,library,?UpdateArray@CSoapRootHandler@ATL@@AAEPAXAAUParseState@12@PBU_soapmapentry@@@Z,
0x10028970,0x29,library,?IsRpcEncoded@CSoapRootHandler@ATL@@AAE_NXZ,
0x100289a0,0x1dd,library,?CheckHref@CSoapRootHandler@ATL@@AAEJPBU_soapmapentry@@PAXPAUISAXAttributes@@KK@Z,
0x10028b80,0xc0,library,?SetAt@?$CAtlMap@V?$CFixedStringT@V?$CStringT@_WV?$StrTraitATL@_WV?$ChTraitsCRT@_W@ATL@@@ATL@@@ATL@@$0BA@@ATL@@UParseState@CSoapRootHandler@2@V?$CStringRefElementTraits@V?$CFixedStringT@V?$CStringT@_WV?$StrTraitATL@_WV?$ChTraitsCRT@_W@ATL@@@ATL@@@ATL@@$0BA@@ATL@@@2@V?$CElementTraits@UParseState@CSoapRootHandler@ATL@@@2@@ATL@@QAEPAU__POSITION@@ABV?$CFixedStringT@V?$CStringT@_WV?$StrTraitATL@_WV?$ChTraitsCRT@_W@ATL@@@ATL@@@ATL@@$0BA@@2@ABUParseState@CSoapRootHandler@2@@Z,
0x10028c40,0x66,library,?ProcessString@CSoapRootHandler@ATL@@AAEJPBU_soapmapentry@@PAX@Z,
0x10028cb0,0xd7,library,?PushState@CSoapRootHandler@ATL@@AAEJPAXPBU_soapmap@@PBU_soapmapentry@@KIII@Z,
0x10028d90,0x75,library,?ProcessUDT@CSoapRootHandler@ATL@@AAEJPBU_soapmapentry@@PAX@Z,
0x10028e10,0x5,library,?processingInstruction@ISAXContentHandlerImpl@ATL@@UAGJPB_WH0H@Z,
0x10028e20,0x20,library,?startDocument@CSoapRootHandler@ATL@@UAGJXZ,
0x10028e40,0x42,library,??1?$CAtlIsapiBuffer@$0BAAA@@ATL@@QAE@XZ,
0x10028e90,0xa4,library,?Append@?$CAtlIsapiBuffer@$0BAAA@@ATL@@QAEHPBDH@Z,
0x10028f40,0x77,library,?ReAlloc@?$CAtlIsapiBuffer@$0BAAA@@ATL@@QAEHK@Z,
0x10028fc0,0x5f,library,?Alloc@?$CAtlIsapiBuffer@$0BAAA@@ATL@@QAEHK@Z,
0x10029020,0x4d,library,??_E?$CFixedStringT@V?$CStringT@_WV?$StrTraitATL@_WV?$ChTraitsCRT@_W@ATL@@@ATL@@@ATL@@$0BA@@ATL@@UAEPAXI@Z,
0x10029070,0x60,library,??0?$CSimpleStringT@_W$0A@@ATL@@QAE@PB_WHPAUIAtlStringMgr@1@@Z,
0x100290d0,0x4f,library,??_E?$CFixedStringT@V?$CStringT@DV?$StrTraitATL@DV?$ChTraitsCRT@D@ATL@@@ATL@@@ATL@@$0BAE@@ATL@@UAEPAXI@Z,
0x10029120,0x35,library,??1?$CFixedStringT@V?$CStringT@_WV?$StrTraitATL@_WV?$ChTraitsCRT@_W@ATL@@@ATL@@@ATL@@$0BA@@ATL@@UAE@XZ,
0x10029160,0x7b,library,?Append@?$CSimpleStringT@D$0A@@ATL@@QAEXPBDH@Z,
0x100291e0,0x59,library,??1ParseState@CSoapRootHandler@ATL@@QAE@XZ,
0x10029240,0x12c,library,??$GetStatusHeader@UCDefaultErrorProvider@ATL@@@ATL@@YAXAAV?$CStringT@DV?$StrTraitATL@DV?$ChTraitsCRT@D@ATL@@@ATL@@@0@KKPAUCDefaultErrorProvider@0@PAI@Z,
0x10029370,0x37,library,??1?$CFixedStringT@V?$CStringT@DV?$StrTraitATL@DV?$ChTraitsCRT@D@ATL@@@ATL@@@ATL@@$0BAA@@ATL@@UAE@XZ,
0x100293b0,0x4f,library,??_E?$CFixedStringT@V?$CStringT@DV?$StrTraitATL@DV?$ChTraitsCRT@D@ATL@@@ATL@@@ATL@@$0BAA@@ATL@@UAEPAXI@Z,
0x10029400,0x50,library,??0?$CFixedStringT@V?$CStringT@DV?$StrTraitATL@DV?$ChTraitsCRT@D@ATL@@@ATL@@@ATL@@$0BAA@@ATL@@QAE@XZ,
0x10029450,0x4e,library,??0ParseState@CSoapRootHandler@ATL@@QAE@PAXKIIIPBU_soapmap@@PBU_soapmapentry@@@Z,
0x100294a0,0x45,library,?RelocateElements@CParseStateElementTraits@CSoapRootHandler@ATL@@SAXPAUParseState@23@0I@Z,
0x100294f0,0x18,library,?Empty@?$CAtlIsapiBuffer@$0BAAA@@ATL@@QAEXXZ,
0x10029510,0x45,library,?Terminate@CIsapiWorker@ATL@@UAEXPAX@Z,
0x10029560,0x7a,library,?Execute@CIsapiWorker@ATL@@QAEXPAUAtlServerRequest@2@PAXPAU_OVERLAPPED@@@Z,
0x100295e0,0x67,library,?Initialize@CIsapiWorker@ATL@@UAEHPAX@Z,
0x10029650,0x2e,library,??_ECIsapiWorker@ATL@@UAEPAXI@Z,
0x10029680,0x51,library,?IsExpired@CExpireCuller@ATL@@QAEHPAUCCullerCacheData@2@@Z,
0x100296e0,0x7b,library,??1_CSDLGenerator@ATL@@UAE@XZ,
0x10029760,0x1e,library,??_E_CSDLGenerator@ATL@@UAEPAXI@Z,
0x10029780,0x4f,library,??1?$CAtlMap@V?$CStringT@DV?$StrTraitATL@DV?$ChTraitsCRT@D@ATL@@@ATL@@@ATL@@PBU_soapmap@@V?$CStringElementTraits@V?$CStringT@DV?$StrTraitATL@DV?$ChTraitsCRT@D@ATL@@@ATL@@@ATL@@@2@V?$CElementTraits@PBU_soapmap@@@2@@ATL@@QAE@XZ,
0x100297d0,0x150,library,??0_CSDLGenerator@ATL@@QAE@XZ,
0x10029920,0xc5,library,??1CCacheServerContext@ATL@@UAE@XZ,
0x100299f0,0x1e,library,??_ECCacheServerContext@ATL@@UAEPAXI@Z,
0x10029a10,0x18,library,?WriteClient@CWrappedServerContext@ATL@@UAEHPAXPAK@Z,
0x10029a30,0x18,library,?AsyncWriteClient@CWrappedServerContext@ATL@@UAEHPAXPAK@Z,
0x10029a50,0x18,library,?ReadClient@CWrappedServerContext@ATL@@UAEHPAXPAK@Z,
0x10029a70,0x18,library,?AsyncReadClient@CWrappedServerContext@ATL@@UAEHPAXPAK@Z,
0x10029a90,0x18,library,?SendRedirectResponse@CWrappedServerContext@ATL@@UAEHPBD@Z,
0x10029ab0,0x18,library,?SendResponseHeader@CWrappedServerContext@ATL@@UAEHPBD0H@Z,
0x10029ad0,0x18,library,?DoneWithSession@CWrappedServerContext@ATL@@UAEHK@Z,
0x10029af0,0x18,library,?RequestIOCompletion@CWrappedServerContext@ATL@@UAEHP6GXPAU_EXTENSION_CONTROL_BLOCK@@PAXKK@ZPAK@Z,
0x10029b10,0x18,library,?TransmitFile@CWrappedServerContext@ATL@@UAEHPAXP6GXPAU_EXTENSION_CONTROL_BLOCK@@0KK@Z0PBDKK0K0KK@Z,
0x10029b30,0x18,library,?AppendToLog@CCacheServerContext@ATL@@UAEHPBDPAK@Z,
0x10029b50,0x2e,library,??_ECWrappedServerContext@ATL@@UAEPAXI@Z,
0x10029b80,0x66,library,??0CCacheServerContext@ATL@@QAE@XZ,
0x10029bf0,0x3b,library,?Access@CLifetimeCuller@ATL@@QAEXPAUCCullerCacheData@2@@Z,
0x10029c30,0x63,library,?Commit@CLifetimeCuller@ATL@@QAEXPAUCCullerCacheData@2@@Z,
0x10029ca0,0xf2,library,?AtlInternalQueryInterface@ATL@@YGJPAXPBU_ATL_INTMAP_ENTRY@1@ABU_GUID@@PAPAX@Z,
0x10029da0,0xfb,library,?Commit@CExpireCuller@ATL@@QAEXPAUCCullerCacheData@2@@Z,
0x10029ea0,0xf,library,?AtlHresultFromWin32@ATL@@YAJK@Z,
0x10029eb0,0x348,library,?_AtlGetHandlerName@ATL@@YAKPBDPAD@Z,
0x1002a200,0x44,library,?GetErrorText@CDefaultErrorProvider@ATL@@SAHIIPAPBDPAI@Z,
0x1002a250,0x64,library,??0CAtlModule@ATL@@QAE@XZ,
0x1002a2c0,0x10b,library,?AtlComModuleGetClassObject@ATL@@YGJPAU_ATL_COM_MODULE70@1@ABU_GUID@@1PAPAX@Z,
0x1002a3d0,0x4f,library,??_E?$CFixedStringT@V?$CStringT@DV?$StrTraitATL@DV?$ChTraitsCRT@D@ATL@@@ATL@@@ATL@@$0IA@@ATL@@UAEPAXI@Z,
0x1002a420,0xad,library,??0?$CStringT@DV?$StrTraitATL@DV?$ChTraitsCRT@D@ATL@@@ATL@@@ATL@@QAE@PBDPAUIAtlStringMgr@1@@Z,
0x1002a4d0,0x7,library,??1CFixedStringMgr@ATL@@UAE@XZ,
0x1002a4e0,0x1f,library,??_ECFixedStringMgr@ATL@@UAEPAXI@Z,
0x1002a500,0x44,library,?AtlCallTermFunc@ATL@@YGXPAU_ATL_MODULE70@1@@Z,
0x1002a550,0x77,library,?Add@CPageCachePeer@ATL@@SAHPAUPeerInfo@12@0@Z,
0x1002a5d0,0x37,library,??1?$CFixedStringT@V?$CStringT@DV?$StrTraitATL@DV?$ChTraitsCRT@D@ATL@@@ATL@@@ATL@@$0IA@@ATL@@UAE@XZ,
0x1002a610,0x13,library,??1?$CHeapPtr@DVCCRTAllocator@ATL@@@ATL@@QAE@XZ,
0x1002a630,0x15,library,?AtlHresultFromLastError@ATL@@YAJXZ,
0x1002a650,0x5a,library,?Add@CDllCachePeer@ATL@@QAEHPAUHINSTANCE__@@PAUDllInfo@12@@Z,
0x1002a6b0,0x48,library,??$SafeStringCopy@$$BY0BAE@D@ATL@@YA_NAAY0BAE@DPBD@Z,
0x1002a700,0x1d1,library,?_AtlLoadRequestHandler@ATL@@YAKPBD0PAUIHttpServerContext@1@PAPAUHINSTANCE__@@PAPAUIRequestHandler@1@PAUIIsapiExtension@1@PAUIDllCache@1@@Z,
0x1002a8e0,0x44,library,?IsFullPathA@ATL@@YAHPBD@Z,
0x1002a930,0x17b,library,?GetScriptFullFileName@ATL@@YAHPBDPADPAUIHttpServerContext@1@@Z,
0x1002aab0,0x18,library,??1?$CComCritSecLock@VCComCriticalSection@ATL@@@ATL@@QAE@XZ,
0x1002aad0,0x1a,library,?memcpy_s@Checked@ATL@@YAXPAXIPBXI@Z,
0x1002ab20,0x17,library,?IsAsyncDoneStatus@ATL@@YA_NK@Z,
0x1002ab40,0x25,library,?IsAsyncStatus@ATL@@YA_NK@Z,
0x1002ab80,0x4f,library,?AsciiStricmp@ATL@@YAHPBD0@Z,
0x1002abd0,0x94,library,?AtlImpersonateClient@ATL@@YAHPAUIHttpServerContext@1@@Z,
0x1002ac70,0x1f,library,??1CSetThreadToken@ATL@@QAE@XZ,
0x1002ac90,0x14,library,??1CAtlFile@ATL@@QAE@XZ,
0x1002acb0,0x114,library,?Initialize@CCacheServerContext@ATL@@QAEHPAUIHttpServerContext@2@PAUIFileCache@2@@Z,
0x1002add0,0x10d,library,?Create@CAtlTemporaryFile@ATL@@QAEJPBDK@Z,
0x1002aee0,0x1d3,library,?_AtlCrackHandler@ATL@@YAHPBDPADPAK12@Z,
0x1002b0c0,0x3b,library,??9CFileTime@ATL@@QBE_NV01@@Z,
0x1002b100,0x7f,library,?GetHandlerName@CStencil@ATL@@QAE_NPADI0I@Z,
0x1002b180,0x7d,library,?Init@CComCriticalSection@ATL@@QAEJXZ,
0x1002b200,0x115,library,?_AtlGetScriptPathTranslated@ATL@@YAXPBDAAV?$CFixedStringT@V?$CStringT@DV?$StrTraitATL@DV?$ChTraitsCRT@D@ATL@@@ATL@@@ATL@@$0BAE@@1@@Z,
0x1002b320,0x5b,library,?AsciiStrnicmp@ATL@@YAHPBD0I@Z,
0x1002b380,0x91,library,?CreateInstance@?$_CComObjectHeapNoLock@VCServerContext@ATL@@@ATL@@SGJPAPAV12@PAX@Z,
0x1002b420,0x116,library,?_AtlTransferRequest@ATL@@YAKPAUAtlServerRequest@1@PAUIServiceProvider@@PAUIWriteStream@1@PAUIHttpRequestLookup@1@PBDG_NPAUCStencilState@1@@Z,
0x1002b540,0x72,library,??0?$CComObjectStackEx@VCTransferServerContext@ATL@@@ATL@@QAE@PAX@Z,
0x1002b5c0,0x6,library,?GetRequestMethod@CTransferServerContext@ATL@@UAEPBDXZ,
0x1002b5d0,0x7,library,?GetQueryString@CTransferServerContext@ATL@@UAEPBDXZ,
0x1002b5e0,0x4,library,?GetPathTranslated@CTransferServerContext@ATL@@UAEPBDXZ,
0x1002b600,0x95,library,?WriteClient@CTransferServerContext@ATL@@UAEHPAXPAK@Z,
0x1002b6a0,0x5,library,?AsyncReadClient@CCacheServerContext@ATL@@UAEHPAXPAK@Z,
0x1002b6b0,0x64,library,??_ECTransferServerContext@ATL@@UAEPAXI@Z,
0x1002b720,0x1e,library,??_E?$CComObjectStackEx@VCTransferServerContext@ATL@@@ATL@@UAEPAXI@Z,
0x1002b740,0x56,library,??1?$CComObjectStackEx@VCTransferServerContext@ATL@@@ATL@@UAE@XZ,
0x1002b7a0,0x26f,library,?Initialize@CTransferServerContext@ATL@@QAEHPBDPAUIWriteStream@2@PAUIHttpServerContext@2@@Z,
0x1002ba10,0xe5,library,?Alloc@CAllocTransferAsyncContext@ATL@@UAEKPAPAUIHttpServerContext@2@@Z,
0x1002bb00,0x4e,library,??0?$CComObjectNoLock@VCTransferServerContext@ATL@@@ATL@@QAE@PAX@Z,
0x1002bb50,0x1d,library,?QueryInterface@?$CComObjectNoLock@VCTransferServerContext@ATL@@@ATL@@UAGJABU_GUID@@PAPAX@Z,
0x1002bb70,0x11,library,?AddRef@?$CComObjectNoLock@VCTransferServerContext@ATL@@@ATL@@UAGKXZ,
0x1002bb90,0x2c,library,?Release@?$CComObjectNoLock@VCTransferServerContext@ATL@@@ATL@@UAGKXZ,
0x1002bbc0,0x1e,library,??_E?$CComObjectNoLock@VCTransferServerContext@ATL@@@ATL@@UAEPAXI@Z,
0x1002bbe0,0x59,library,??1?$CComObjectNoLock@VCTransferServerContext@ATL@@@ATL@@UAE@XZ,
0x1002bc40,0x5f6,library,?_AtlRenderInclude@ATL@@YAKPAUIHttpServerContext@1@PBD1GPAVCAllocContextBase@1@PAUIServiceProvider@@PAUIHttpRequestLookup@1@PAUCStencilState@1@@Z,
0x1002c240,0x17,library,?IsAsyncContinueStatus@ATL@@YA_NK@Z,
0x1002c260,0x16,library,??0CComCriticalSection@ATL@@QAE@XZ,
0x1002c280,0x5b,library,?_ReleaseAtlServerRequest@ATL@@YAXPAUAtlServerRequest@1@@Z,
0x1002c2e0,0x119,library,?Render@CStencil@ATL@@UBEKPAUITagReplacer@2@PAUIWriteStream@2@PAUCStencilState@2@@Z,
0x1002c400,0xa,library,??1CSaveThreadLocale@CStencil@ATL@@QAE@XZ,
0x1002c410,0x117,library,?FinishParseReplacements@CStencil@ATL@@UAE_NXZ,
0x1002c530,0x19,library,?ParseReplacements@CStencil@ATL@@UAE_NPAUITagReplacer@2@@Z,
0x1002c550,0x21,library,??1CStencil@ATL@@UAE@XZ,
0x1002c580,0x7a,library,?QueryInterface@CStencil@ATL@@UAGJABU_GUID@@PAPAX@Z,
0x1002c600,0x25,library,?Free@CStencil@ATL@@UAGJPBX@Z,
0x1002c630,0x35,library,??_ECStencil@ATL@@UAEPAXI@Z,
0x1002c670,0x28,library,?Parse@CStencil@ATL@@UAE_NPAUITagReplacer@2@@Z,
0x1002c6a0,0x1fe,library,?ParseToken@CStencil@ATL@@UAE?AW4PARSE_TOKEN_RESULT@12@PBD0PAK1@Z,
0x1002c8a0,0x4c,library,?SkipSpace@ATL@@YAPBDPBDG@Z,
0x1002c8f0,0xab,library,?ParseEndWhile@CStencil@ATL@@QAEKPBD0PAK1@Z,
0x1002c9a0,0x145,library,?AddToken@CStencil@ATL@@QAEKPBD0K00KKKKH@Z,
0x1002caf0,0xbd,library,?ParseEndIf@CStencil@ATL@@QAEKPBD0PAK1@Z,
0x1002cbb0,0x9c,library,?ParseElse@CStencil@ATL@@QAEKPBD0PAK1@Z,
0x1002cc50,0x20b,library,?ParseLocale@CStencil@ATL@@QAEKPBD0@Z,
0x1002ce60,0x4e,library,?RSkipSpace@ATL@@YAPBDPBD0G@Z,
0x1002ceb0,0xd1,library,??0?$CStringT@_WV?$StrTraitATL@_WV?$ChTraitsCRT@_W@ATL@@@ATL@@@ATL@@QAE@PBDH@Z,
0x1002cf90,0x48,library,?PrepareWrite2@?$CSimpleStringT@_W$0A@@ATL@@AAEXH@Z,
0x1002cfe0,0x7a,library,?Fork@?$CSimpleStringT@_W$0A@@ATL@@AAEXH@Z,
0x1002d060,0x2d,library,?Reallocate@?$CSimpleStringT@_W$0A@@ATL@@AAEXH@Z,
0x1002d090,0xfc,library,?ParseHandler@CStencil@ATL@@QAE?AW4PARSE_TOKEN_RESULT@12@PBD0@Z,
0x1002d190,0xae,library,?CheckTag@CStencil@ATL@@IAEHPBDK0K@Z,
0x1002d240,0x1c9,library,?ParseCodepage@CStencil@ATL@@QAEKPBD0@Z,
0x1002d410,0xd4,library,?ParseReplacement@CStencil@ATL@@QAEKPBD0KK@Z,
0x1002d4f0,0x242,library,?GetHandlerAndMethodNames@CStencil@ATL@@QAEKPBD0PADI1I@Z,
0x1002d740,0x231,library,?ParseReplacementsFromBuffer@CStencil@ATL@@UAE_NPAUITagReplacer@2@PBD1@Z,
0x1002d980,0x198,library,?RenderToken@CStencil@ATL@@UBEKKPAUITagReplacer@2@PAUIWriteStream@2@PAKPAUCStencilState@2@@Z,
0x1002db20,0xd9,library,?Uninitialize@CStencil@ATL@@QAEXXZ,
0x1002dc00,0x70,library,??0CStencil@ATL@@QAE@PAUIAtlMemMgr@1@@Z,
0x1002dc70,0x26b,library,?InitializeSDL@_CSDLGenerator@ATL@@IAEJPAVCSoapRootHandler@2@@Z,
0x1002dee0,0x182,library,?GenerateWSDLHelper@_CSDLGenerator@ATL@@AAEJPBU_soapmap@@AAV?$CAtlMap@V?$CStringT@DV?$StrTraitATL@DV?$ChTraitsCRT@D@ATL@@@ATL@@@ATL@@PBU_soapmap@@V?$CStringElementTraits@V?$CStringT@DV?$StrTraitATL@DV?$ChTraitsCRT@D@ATL@@@ATL@@@ATL@@@2@V?$CElementTraits@PBU_soapmap@@@2@@2@1@Z,
0x1002e070,0x71,library,??0?$CSimpleStringT@D$0A@@ATL@@QAE@PBDHPAUIAtlStringMgr@1@@Z,
0x1002e0f0,0x62,library,?SetAt@?$CAtlMap@V?$CStringT@DV?$StrTraitATL@DV?$ChTraitsCRT@D@ATL@@@ATL@@@ATL@@PBU_soapmap@@V?$CStringElementTraits@V?$CStringT@DV?$StrTraitATL@DV?$ChTraitsCRT@D@ATL@@@ATL@@@ATL@@@2@V?$CElementTraits@PBU_soapmap@@@2@@ATL@@QAEPAU__POSITION@@PBDABQBU_soapmap@@@Z,
0x1002e160,0xf,library,??1?$CComPtr@UIDllCache@ATL@@@ATL@@QAE@XZ,
0x1002e170,0x8,library,?Write@IStreamImpl@ATL@@UAGJPBXKPAK@Z,
0x1002e180,0x8,library,?Seek@IStreamImpl@ATL@@UAGJT_LARGE_INTEGER@@KPAT_ULARGE_INTEGER@@@Z,
0x1002e190,0x8,library,?SetSize@IStreamImpl@ATL@@UAGJT_ULARGE_INTEGER@@@Z,
0x1002e1a0,0x8,library,?Revert@IStreamImpl@ATL@@UAGJXZ,
0x1002e1b0,0x8,library,?CopyTo@IStreamImpl@ATL@@UAGJPAUIStream@@T_ULARGE_INTEGER@@PAT4@2@Z,
0x1002e1c0,0x8,library,?Clone@IStreamImpl@ATL@@UAGJPAPAUIStream@@@Z,
0x1002e1d0,0xad,library,?QueryInterface@CStreamOnServerContext@ATL@@UAGJABU_GUID@@PAPAX@Z,
0x1002e280,0x7f,library,?Read@CStreamOnServerContext@ATL@@UAGJPAXKPAK@Z,
0x1002e300,0x164,library,?ReadClientData@ATL@@YAHPAUIHttpServerContext@1@PADPAKK@Z,
0x1002e470,0xa2,library,?Init@?$CA2WEX@$0IA@@ATL@@AAEXPBDI@Z,
0x1002e520,0x87,library,??$AtlConvAllocMemory@_W@ATL@@YAXPAPA_WHPA_WH@Z,
0x1002e5b0,0x112,library,?SetSoapMapFromName@CSoapRootHandler@ATL@@IAEJPB_WH0H_N@Z,
0x1002e6d0,0x1c1,library,?GetSoapMapFromName@CSoapRootHandler@ATL@@AAEPBU_soapmap@@PB_WH0HPAH_N@Z,
0x1002e8a0,0x82,library,??1CHttpResponse@ATL@@UAE@XZ,
0x1002e930,0x62,library,?WriteStream@CHttpResponse@ATL@@UAEJPBDHPAK@Z,
0x1002e9a0,0x73,library,?WriteLen@CHttpResponse@ATL@@QAEHPBDK@Z,
0x1002ea20,0x16f,library,?SendHeadersInternal@CHttpResponse@ATL@@QAEHH@Z,
0x1002eb90,0x123,library,?RenderHeaders@CHttpResponse@ATL@@QAEXAAV?$CStringT@DV?$StrTraitATL@DV?$ChTraitsCRT@D@ATL@@@ATL@@@2@@Z,
0x1002ecc0,0x13,library,?FlushStream@CHttpResponse@ATL@@UAEJXZ,
0x1002ece0,0x1e,library,??_ECHttpResponse@ATL@@UAEPAXI@Z,
0x1002ed00,0x5,library,??1?$CSimpleMap@V?$CStringT@DV?$StrTraitATL@DV?$ChTraitsCRT@D@ATL@@@ATL@@@ATL@@V12@V?$CSimpleMapEqualHelper@V?$CStringT@DV?$StrTraitATL@DV?$ChTraitsCRT@D@ATL@@@ATL@@@ATL@@V12@@2@@ATL@@QAE@XZ,
0x1002ed10,0x8b,library,?RemoveAll@?$CSimpleMap@V?$CStringT@DV?$StrTraitATL@DV?$ChTraitsCRT@D@ATL@@@ATL@@@ATL@@V12@V?$CSimpleMapEqualHelper@V?$CStringT@DV?$StrTraitATL@DV?$ChTraitsCRT@D@ATL@@@ATL@@@ATL@@V12@@2@@ATL@@QAEXXZ,
0x1002eda0,0x189,library,?Flush@CHttpResponse@ATL@@QAEHH@Z,
0x1002ef30,0xd5,library,?AppendHeader@CHttpResponse@ATL@@QAEHPBD0@Z,
0x1002f010,0x61,library,?Add@?$CSimpleMap@V?$CStringT@DV?$StrTraitATL@DV?$ChTraitsCRT@D@ATL@@@ATL@@@ATL@@V12@V?$CSimpleMapEqualHelper@V?$CStringT@DV?$StrTraitATL@DV?$ChTraitsCRT@D@ATL@@@ATL@@@ATL@@V12@@2@@ATL@@QAEHABV?$CStringT@DV?$StrTraitATL@DV?$ChTraitsCRT@D@ATL@@@ATL@@@2@0@Z,
0x1002f080,0x87,library,?InternalSetAtIndex@?$CSimpleMap@V?$CStringT@DV?$StrTraitATL@DV?$ChTraitsCRT@D@ATL@@@ATL@@@ATL@@V12@V?$CSimpleMapEqualHelper@V?$CStringT@DV?$StrTraitATL@DV?$ChTraitsCRT@D@ATL@@@ATL@@@ATL@@V12@@2@@ATL@@QAEXHABV?$CStringT@DV?$StrTraitATL@DV?$ChTraitsCRT@D@ATL@@@ATL@@@2@0@Z,
0x1002f110,0xe7,library,??0CHttpResponse@ATL@@QAE@PAUIHttpServerContext@1@@Z,
0x1002f200,0x7e,library,?InitializeSOAP@CSoapRootHandler@ATL@@QAEJPAUIServiceProvider@@@Z,
0x1002f280,0x1aa,library,?GenerateFault@CSoapFault@ATL@@QAEJPAUIWriteStream@2@@Z,
0x1002f430,0x96,library,?SetString@?$CSimpleStringT@_W$0A@@ATL@@QAEXPB_WH@Z,
0x1002f4d0,0x7d,library,??1CSoapFault@ATL@@QAE@XZ,
0x1002f550,0x5d,library,??0CSoapFault@ATL@@QAE@XZ,
0x1002f5b0,0x166,library,?SetContentType@CHttpResponse@ATL@@QAEHPBD@Z,
0x1002f720,0x79,library,?SetAt@?$CSimpleMap@V?$CStringT@DV?$StrTraitATL@DV?$ChTraitsCRT@D@ATL@@@ATL@@@ATL@@V12@V?$CSimpleMapEqualHelper@V?$CStringT@DV?$StrTraitATL@DV?$ChTraitsCRT@D@ATL@@@ATL@@@ATL@@V12@@2@@ATL@@QAEHABV?$CStringT@DV?$StrTraitATL@DV?$ChTraitsCRT@D@ATL@@@ATL@@@2@0@Z,
0x1002f7a0,0x4e,library,?FindKey@?$CSimpleMap@V?$CStringT@DV?$StrTraitATL@DV?$ChTraitsCRT@D@ATL@@@ATL@@@ATL@@V12@V?$CSimpleMapEqualHelper@V?$CStringT@DV?$StrTraitATL@DV?$ChTraitsCRT@D@ATL@@@ATL@@@ATL@@V12@@2@@ATL@@QBEHABV?$CStringT@DV?$StrTraitATL@DV?$ChTraitsCRT@D@ATL@@@ATL@@@2@@Z,
0x1002f7f0,0xc,library,?AtlsHttpError@ATL@@YAKGG@Z,
0x1002f800,0x14,library,?Allocate@CWin32Heap@ATL@@UAEPAXI@Z,
0x1002f820,0x18,library,?Free@CWin32Heap@ATL@@UAEXPAX@Z,
0x1002f840,0x38,library,?Reallocate@CWin32Heap@ATL@@UAEPAXPAXI@Z,
0x1002f880,0x14,library,?GetSize@CWin32Heap@ATL@@UAEIPAX@Z,
0x1002f8a0,0x33,library,??_ECWin32Heap@ATL@@UAEPAXI@Z,
0x1002f8e0,0xc6,library,??0CSoapRootHandler@ATL@@QAE@PAUISAXXMLReader@@@Z,
0x1002f9b0,0x1e,library,??_ECSoapRootHandler@ATL@@UAEPAXI@Z,
0x1002f9d0,0x17,library,?SoapFault@CSoapRootHandler@ATL@@UAEJW4SOAP_ERROR_CODE@2@PB_WH@Z,
0x1002f9f0,0x64,library,??0CSAXStringBuilder@ATL@@QAE@PAUISAXXMLReader@@PAUISAXContentHandler@@@Z,
0x1002fa60,0x17f,library,?startElement@CSAXStringBuilder@ATL@@UAGJPB_WH0H0HPAUISAXAttributes@@@Z,
0x1002fbe0,0x89,library,?Append@?$CSimpleStringT@_W$0A@@ATL@@QAEXPB_WH@Z,
0x1002fc70,0xea,library,?endElement@CSAXStringBuilder@ATL@@UAGJPB_WH0H0H@Z,
0x1002fd60,0x79,library,?characters@CSAXStringBuilder@ATL@@UAGJPB_WH@Z,
0x1002fde0,0x55,library,??_ECSAXStringBuilder@ATL@@UAEPAXI@Z,
0x1002fe40,0x4d,library,??_E?$CFixedStringT@V?$CStringT@_WV?$StrTraitATL@_WV?$ChTraitsCRT@_W@ATL@@@ATL@@@ATL@@$0EA@@ATL@@UAEPAXI@Z,
0x1002fe90,0x84,library,?QueryInterface@CSAXStringBuilder@ATL@@UAGJABU_GUID@@PAPAX@Z,
0x1002ff20,0x8,library,?AddRef@?$CDllCache@V?$CWorkerThread@VCRTThreadTraits@ATL@@@ATL@@VCDllCachePeer@2@@ATL@@UAGKXZ,
0x1002ff30,0xd,library,?startElement@CSkipHandler@ATL@@UAGJPB_WH0H0HPAUISAXAttributes@@@Z,
0x1002ff40,0x2b,library,?endElement@CSkipHandler@ATL@@UAGJPB_WH0H0H@Z,
0x1002ff70,0x3d,library,??_ECSkipHandler@ATL@@UAEPAXI@Z,
0x1002ffb0,0x4f,library,??1?$CAtlMap@V?$CFixedStringT@V?$CStringT@_WV?$StrTraitATL@_WV?$ChTraitsCRT@_W@ATL@@@ATL@@@ATL@@$0BA@@ATL@@UParseState@CSoapRootHandler@2@V?$CStringRefElementTraits@V?$CFixedStringT@V?$CStringT@_WV?$StrTraitATL@_WV?$ChTraitsCRT@_W@ATL@@@ATL@@@ATL@@$0BA@@ATL@@@2@V?$CElementTraits@UParseState@CSoapRootHandler@ATL@@@2@@ATL@@QAE@XZ,
0x10030000,0x11,library,?AddRef@?$_CComObjectHeapNoLock@VCServerContext@ATL@@@ATL@@UAGKXZ,
0x10030020,0x3c,library,?Release@?$_CComObjectHeapNoLock@VCServerContext@ATL@@@ATL@@UAGKXZ,
0x10030060,0x15,library,?GetRequestMethod@CServerContext@ATL@@UAEPBDXZ,
0x10030080,0x15,library,?GetQueryString@CServerContext@ATL@@UAEPBDXZ,
0x100300a0,0x15,library,?GetPathInfo@CServerContext@ATL@@UAEPBDXZ,
0x100300c0,0x15,library,?GetPathTranslated@CServerContext@ATL@@UAEPBDXZ,
0x100300e0,0x4,library,?GetScriptPathTranslated@CServerContext@ATL@@UAEPBDXZ,
0x100300f0,0x15,library,?GetTotalBytes@CServerContext@ATL@@UAEKXZ,
0x10030110,0x15,library,?GetAvailableBytes@CServerContext@ATL@@UAEKXZ,
0x10030130,0x15,library,?GetAvailableData@CServerContext@ATL@@UAEPAEXZ,
0x10030150,0x15,library,?GetContentType@CServerContext@ATL@@UAEPBDXZ,
0x10030170,0x41,library,?GetServerVariable@CServerContext@ATL@@UAEHPBDPADPAK@Z,
0x100301c0,0x39,library,?GetImpersonationToken@CServerContext@ATL@@UAEHPAPAX@Z,
0x10030200,0x41,library,?WriteClient@CServerContext@ATL@@UAEHPAXPAK@Z,
0x10030250,0x41,library,?AsyncWriteClient@CServerContext@ATL@@UAEHPAXPAK@Z,
0x100302a0,0x3c,library,?ReadClient@CServerContext@ATL@@UAEHPAXPAK@Z,
0x100302e0,0x4e,library,?AsyncReadClient@CServerContext@ATL@@UAEHPAXPAK@Z,
0x10030330,0x5d,library,?SendRedirectResponse@CServerContext@ATL@@UAEHPBD@Z,
0x10030390,0xa4,library,?SendResponseHeader@CServerContext@ATL@@UAEHPBD0H@Z,
0x10030440,0x46,library,?DoneWithSession@CServerContext@ATL@@UAEHK@Z,
0x10030490,0x3c,library,?RequestIOCompletion@CServerContext@ATL@@UAEHP6GXPAU_EXTENSION_CONTROL_BLOCK@@PAXKK@ZPAK@Z,
0x100304d0,0x8d,library,?TransmitFile@CServerContext@ATL@@UAEHPAXP6GXPAU_EXTENSION_CONTROL_BLOCK@@0KK@Z0PBDKK0K0KK@Z,
0x10030560,0x54,library,?AppendToLog@CServerContext@ATL@@UAEHPBDPAK@Z,
0x100305c0,0x53,library,?MapUrlToPathEx@CServerContext@ATL@@UAEHPBDKPAU_HSE_URL_MAPEX_INFO@@@Z,
0x10030620,0x2b,library,??_E?$_CComObjectHeapNoLock@VCServerContext@ATL@@@ATL@@UAEPAXI@Z,
0x10030650,0x57,library,??1CServerContext@ATL@@UAE@XZ,
0x100306b0,0x1e,library,??_ECServerContext@ATL@@UAEPAXI@Z,
0x100306d0,0x7d,library,??0CServerContext@ATL@@QAE@XZ,
0x10030750,0x61,library,??4?$CSimpleStringT@D$0A@@ATL@@QAEAAV01@ABV01@@Z,
0x100307c0,0x26,library,??0CComBSTR@ATL@@QAE@PBD@Z,
0x10030870,0x8e,library,??0?$CStringT@_WV?$StrTraitATL@_WV?$ChTraitsCRT@_W@ATL@@@ATL@@@ATL@@QAE@PBD@Z,
0x10030900,0xc5,library,?LoadStringA@?$CStringT@_WV?$StrTraitATL@_WV?$ChTraitsCRT@_W@ATL@@@ATL@@@ATL@@QAEHPAUHINSTANCE__@@I@Z,
0x100309d0,0x88,library,??4?$CStringT@_WV?$StrTraitATL@_WV?$ChTraitsCRT@_W@ATL@@@ATL@@@ATL@@QAEAAV01@PBD@Z,
0x10030a60,0x1b,library,??1CWin32Heap@ATL@@UAE@XZ,
0x10030a80,0x15,library,??1?$CComObjectRootEx@VCComMultiThreadModel@ATL@@@ATL@@QAE@XZ,
0x10030aa0,0xb6,library,??1CSoapRootHandler@ATL@@UAE@XZ,
0x10030b60,0x1f,library,??1?$CSimpleStringT@_W$0A@@ATL@@QAE@XZ,
0x10034680,0x50,library,?AtlGetDefaultUrlPort@ATL@@YAGW4ATL_URL_SCHEME@1@@Z,
0x100346d0,0x14c,library,?AtlUnescapeUrl@ATL@@YAHPBDPADPAKK@Z,
0x10034820,0x55,library,?SetHostName@CUrl@ATL@@QAEHPBD@Z,
0x10034880,0x58,library,?SetUserName@CUrl@ATL@@QAEHPBD@Z,
0x100348e0,0x7b,library,?SetPassword@CUrl@ATL@@QAEHPBD@Z,
0x10034960,0x58,library,?SetUrlPath@CUrl@ATL@@QAEHPBD@Z,
0x100349c0,0x58,library,?SetExtraInfo@CUrl@ATL@@QAEHPBD@Z,
0x10034a20,0x55,library,?InitFields@CUrl@ATL@@AAEXXZ,
0x10035000,0x18,library,??1CRegKey@ATL@@QAE@XZ,
0x10035020,0xd7,library,?SetSchemeName@CUrl@ATL@@QAEHPBD@Z,
0x100351e0,0x43,library,??0CUrl@ATL@@QAE@XZ,
0x10035be0,0x80,library,?Right@?$CStringT@DV?$StrTraitATL@DV?$ChTraitsCRT@D@ATL@@@ATL@@@ATL@@QBE?AV12@H@Z,
0x10036890,0x3d2,library,?Parse@CUrl@ATL@@AAEHPBD@Z,
0x10036d00,0x5c,library,?MakeLower@?$CStringT@DV?$StrTraitATL@DV?$ChTraitsCRT@D@ATL@@@ATL@@@ATL@@QAEAAV12@XZ,
0x10037a10,0x10e,library,?CrackUrl@CUrl@ATL@@QAEHPBDK@Z,
0x10038450,0x3b,library,??Y?$CStringT@DV?$StrTraitATL@DV?$ChTraitsCRT@D@ATL@@@ATL@@@ATL@@QAEAAV01@PBD@Z,
0x101e5c2e,0x65,library,?_AtlGetThreadACPFake@ATL@@YGIXZ,
0x101e5c93,0x4,library,?_AtlGetThreadACPReal@ATL@@YGIXZ,
0x101e5c97,0x64,library,?_AtlGetThreadACPThunk@ATL@@YGIXZ,
0x101e5cfb,0x1d,library,?RemoveAll@?$CSimpleArray@GV?$CSimpleArrayEqualHelper@G@ATL@@@ATL@@QAEXXZ,
0x101e5d18,0x23,library,?AtlWinModuleInit@ATL@@YGJPAU_ATL_WIN_MODULE70@1@@Z,
0x101e5d3b,0x27,library,??A?$CSimpleArray@GV?$CSimpleArrayEqualHelper@G@ATL@@@ATL@@QAEAAGH@Z,
0x101e5d62,0x27,library,??A?$CSimpleArray@PAUHINSTANCE__@@V?$CSimpleArrayEqualHelper@PAUHINSTANCE__@@@ATL@@@ATL@@QAEAAPAUHINSTANCE__@@H@Z,
0x101e5d89,0x1a,library,??0_ATL_WIN_MODULE70@ATL@@QAE@XZ,
0x101e5da3,0x60,library,?AtlWinModuleTerm@ATL@@YGJPAU_ATL_WIN_MODULE70@1@PAUHINSTANCE__@@@Z,
0x101e5e03,0x1a,library,??0_ATL_BASE_MODULE70@ATL@@QAE@XZ,
0x101e5e1d,0x16,library,??1CAtlBaseModule@ATL@@QAE@XZ,
0x101e5e33,0x56,library,?GetHInstanceAt@CAtlBaseModule@ATL@@QAEPAUHINSTANCE__@@H@Z,
0x101e5e89,0x26,library,??0CAtlWinModule@ATL@@QAE@XZ,
0x101e5eaf,0xaf,library,??0CAtlBaseModule@ATL@@QAE@XZ,
0x101e5f5e,0x18,library,??1CAtlWinModule@ATL@@QAE@XZ,
0x101e5f76,0x2c,library,??0CAtlStringMgr@ATL@@QAE@PAUIAtlMemMgr@1@@Z,
0x101e5fa2,0x20,library,??$AtlMultiply@K@ATL@@YAJPAKKK@Z,
0x101e5fc2,0x8,library,?Free@CAtlStringMgr@ATL@@UAEXPAUCStringData@2@@Z,
0x101e5fca,0xe,library,?GetNilString@CAtlStringMgr@ATL@@UAEPAUCStringData@2@XZ,
0x101e5fd8,0x3,library,?Clone@CAtlStringMgr@ATL@@UAEPAUIAtlStringMgr@2@XZ,
0x101e5fdb,0x1d,library,??_ECAtlStringMgr@ATL@@UAEPAXI@Z,
0x101e5ff8,0x62,library,?Allocate@CAtlStringMgr@ATL@@UAEPAUCStringData@2@HH@Z,
0x101e605a,0x59,library,?Reallocate@CAtlStringMgr@ATL@@UAEPAUCStringData@2@PAU32@HH@Z,
0x101e60b3,0x42,library,?Term@CAtlComModule@ATL@@QAEXXZ,
0x101e60f5,0x45,library,??0CAtlComModule@ATL@@QAE@XZ,
0x100241c0,,library,?AtlSoapCleanupElement@@YAJPAXW4SOAPTYPES@@PAUIAtlMemMgr@ATL@@@Z,
0x10026240,,library,?AtlSoapGetElementValue@@YAJPB_WHPAXW4SOAPTYPES@@PAUIAtlMemMgr@ATL@@@Z,
0x10026520,,library,??$AtlGetSAXValue@N@@YAJPANPB_WH@Z,
0x10026c80,,library,??$AtlGetSAXValue@_J@@YAJPA_JPB_WH@Z,
0x10026fb0,,library,??$AtlGetSAXValue@_K@@YAJPA_KPB_WH@Z,
0x100286c0,,library,?AtlSoapGetArraySize@@YAJPAUISAXAttributes@@PAIPAPB_W2@Z,
0x10004ec0,170,library,,"ATL::CStringT<char,ATL::StrTraitATL<char,ATL::ChTraitsCRT<char> > >::CStringT<char,ATL::StrTraitATL<char,ATL::ChTraitsCRT<char> > >"
0x10004df0,105,library,,"ATL::CSimpleStringT<char,0>::CloneData"
0x10005130,122,library,,"ATL::CSimpleStringT<char,0>::Fork"
0x100054a0,20,library,,"ATL::CStringT<char,ATL::StrTraitATL<char,ATL::ChTraitsCRT<char> > >::Format"
0x10004d60,140,library,,"ATL::CSimpleStringT<char,0>::SetString"
0x100051b0,24,library,,ATL::AtlThrowImpl
0x100052c0,143,library,,"ATL::CStringT<char,ATL::StrTraitATL<char,ATL::ChTraitsCRT<char> > >::CStringT<char,ATL::StrTraitATL<char,ATL::ChTraitsCRT<char> > >"
0x100307f0,125,library,,A2WBSTR
