address,size,type,symbol,name
0x10001740,0x5,library,??1?$vector@V?$basic_string@DU?$char_traits@D@std@@V?$allocator@D@2@@std@@V?$allocator@V?$basic_string@DU?$char_traits@D@std@@V?$allocator@D@2@@std@@@2@@std@@QAE@XZ,
0x10001750,0x21,library,?size@?$vector@V?$basic_string@DU?$char_traits@D@std@@V?$allocator@D@2@@std@@V?$allocator@V?$basic_string@DU?$char_traits@D@std@@V?$allocator@D@2@@std@@@2@@std@@QBEIXZ,
0x10001780,0x47,library,?_Tidy@?$vector@V?$basic_string@DU?$char_traits@D@std@@V?$allocator@D@2@@std@@V?$allocator@V?$basic_string@DU?$char_traits@D@std@@V?$allocator@D@2@@std@@@2@@std@@IAEXXZ,
0x10001800,0x154,library,?_Growmap@?$deque@V?$basic_string@DU?$char_traits@D@std@@V?$allocator@D@2@@std@@V?$allocator@V?$basic_string@DU?$char_traits@D@std@@V?$allocator@D@2@@std@@@2@@std@@IAEXI@Z,
0x10001960,0x24,library,?_Destroy@?$vector@V?$basic_string@DU?$char_traits@D@std@@V?$allocator@D@2@@std@@V?$allocator@V?$basic_string@DU?$char_traits@D@std@@V?$allocator@D@2@@std@@@2@@std@@IAEXPAV?$basic_string@DU?$char_traits@D@std@@V?$allocator@D@2@@2@0@Z,
0x10001990,0x19,library,??0length_error@std@@QAE@ABV01@@Z,
0x100019b0,0x66,library,?_Xlen@?$deque@UStandardOutMessage@RBX@@V?$allocator@UStandardOutMessage@RBX@@@std@@@std@@KAXXZ,
0x10001a20,0x62,library,??$_Allocate@V?$basic_string@DU?$char_traits@D@std@@V?$allocator@D@2@@std@@@std@@YAPAV?$basic_string@DU?$char_traits@D@std@@V?$allocator@D@2@@0@IPAV10@@Z,
0x10001a90,0xe,library,?what@logic_error@std@@UBEPBDXZ,
0x10001aa0,0xc,library,??1bad_alloc@std@@UAE@XZ,
0x10001ab0,0x25,library,??_Ebad_alloc@std@@UAEPAXI@Z,
0x10001ae0,0x1a,library,??0bad_alloc@std@@QAE@ABV01@@Z,
0x10001b00,0x30,library,??_Elength_error@std@@UAEPAXI@Z,
0x10001b30,0x1b,library,??1length_error@std@@UAE@XZ,
0x10001b50,0x5f,library,??0logic_error@std@@QAE@ABV?$basic_string@DU?$char_traits@D@std@@V?$allocator@D@2@@1@@Z,
0x10001bb0,0x65,library,??0logic_error@std@@QAE@ABV01@@Z,
0x100037d0,0xaa,library,?push_back@?$vector@V?$basic_string@DU?$char_traits@D@std@@V?$allocator@D@2@@std@@V?$allocator@V?$basic_string@DU?$char_traits@D@std@@V?$allocator@D@2@@std@@@2@@std@@QAEXABV?$basic_string@DU?$char_traits@D@std@@V?$allocator@D@2@@2@@Z,
0x10003880,0x5,library,??1?$list@U_WIN32_FIND_DATAA@@V?$allocator@U_WIN32_FIND_DATAA@@@std@@@std@@QAE@XZ,
0x10003a40,0xbc,library,?insert@?$vector@V?$basic_string@DU?$char_traits@D@std@@V?$allocator@D@2@@std@@V?$allocator@V?$basic_string@DU?$char_traits@D@std@@V?$allocator@D@2@@std@@@2@@std@@QAE?AV?$_Vector_iterator@V?$basic_string@DU?$char_traits@D@std@@V?$allocator@D@2@@std@@V?$allocator@V?$basic_string@DU?$char_traits@D@std@@V?$allocator@D@2@@std@@@2@@2@V32@ABV?$basic_string@DU?$char_traits@D@std@@V?$allocator@D@2@@2@@Z,
0x10003b00,0x3c,library,?_Ufill@?$vector@V?$basic_string@DU?$char_traits@D@std@@V?$allocator@D@2@@std@@V?$allocator@V?$basic_string@DU?$char_traits@D@std@@V?$allocator@D@2@@std@@@2@@std@@IAEPAV?$basic_string@DU?$char_traits@D@std@@V?$allocator@D@2@@2@PAV32@IABV32@@Z,
0x10003b40,0x1a,library,?_Buynode@?$list@U_WIN32_FIND_DATAA@@V?$allocator@U_WIN32_FIND_DATAA@@@std@@@std@@IAEPAU_Node@?$_List_nod@U_WIN32_FIND_DATAA@@V?$allocator@U_WIN32_FIND_DATAA@@@std@@@2@XZ,
0x10003b60,0x47,library,?_Tidy@?$list@U_WIN32_FIND_DATAA@@V?$allocator@U_WIN32_FIND_DATAA@@@std@@@std@@IAEXXZ,
0x10003bd0,0x33b,library,?_Insert_n@?$vector@V?$basic_string@DU?$char_traits@D@std@@V?$allocator@D@2@@std@@V?$allocator@V?$basic_string@DU?$char_traits@D@std@@V?$allocator@D@2@@std@@@2@@std@@IAEXV?$_Vector_iterator@V?$basic_string@DU?$char_traits@D@std@@V?$allocator@D@2@@std@@V?$allocator@V?$basic_string@DU?$char_traits@D@std@@V?$allocator@D@2@@std@@@2@@2@IABV?$basic_string@DU?$char_traits@D@std@@V?$allocator@D@2@@2@@Z,
0x10003f10,0x66,library,?_Xlen@?$vector@PAV?$Listener@VStandardOut@RBX@@UStandardOutMessage@2@@RBX@@V?$allocator@PAV?$Listener@VStandardOut@RBX@@UStandardOutMessage@2@@RBX@@@std@@@std@@KAXXZ,
0x10003f80,0x3a,library,?_Buynode@?$list@U_WIN32_FIND_DATAA@@V?$allocator@U_WIN32_FIND_DATAA@@@std@@@std@@IAEPAU_Node@?$_List_nod@U_WIN32_FIND_DATAA@@V?$allocator@U_WIN32_FIND_DATAA@@@std@@@2@PAU342@0ABU_WIN32_FIND_DATAA@@@Z,
0x10003fc0,0x84,library,?_Incsize@?$list@U_WIN32_FIND_DATAA@@V?$allocator@U_WIN32_FIND_DATAA@@@std@@@std@@IAEXI@Z,
0x100040f0,0x29,library,??$_Umove@PAV?$basic_string@DU?$char_traits@D@std@@V?$allocator@D@2@@std@@@?$vector@V?$basic_string@DU?$char_traits@D@std@@V?$allocator@D@2@@std@@V?$allocator@V?$basic_string@DU?$char_traits@D@std@@V?$allocator@D@2@@std@@@2@@std@@IAEPAV?$basic_string@DU?$char_traits@D@std@@V?$allocator@D@2@@1@PAV21@00@Z,
0x10004120,0x27,library,??$fill@PAV?$basic_string@DU?$char_traits@D@std@@V?$allocator@D@2@@std@@V12@@std@@YAXPAV?$basic_string@DU?$char_traits@D@std@@V?$allocator@D@2@@0@0ABV10@@Z,
0x10004150,0x2b,library,??$_Unchecked_move_backward@PAV?$basic_string@DU?$char_traits@D@std@@V?$allocator@D@2@@std@@PAV12@@stdext@@YAPAV?$basic_string@DU?$char_traits@D@std@@V?$allocator@D@2@@std@@PAV12@00@Z,
0x10004180,0x51,library,??$_Allocate@U_Node@?$_List_nod@U_WIN32_FIND_DATAA@@V?$allocator@U_WIN32_FIND_DATAA@@@std@@@std@@@std@@YAPAU_Node@?$_List_nod@U_WIN32_FIND_DATAA@@V?$allocator@U_WIN32_FIND_DATAA@@@std@@@0@IPAU120@@Z,
0x100041e0,0x78,library,??$_Find_if@V?$_Iterator@$0A@@?$list@U_WIN32_FIND_DATAA@@V?$allocator@U_WIN32_FIND_DATAA@@@std@@@std@@UDateCompare@@@std@@YA?AV?$_Iterator@$0A@@?$list@U_WIN32_FIND_DATAA@@V?$allocator@U_WIN32_FIND_DATAA@@@std@@@0@V120@0UDateCompare@@@Z,
0x10004360,0xa0,library,??$_Uninit_fill_n@PAV?$basic_string@DU?$char_traits@D@std@@V?$allocator@D@2@@std@@IV12@V?$allocator@V?$basic_string@DU?$char_traits@D@std@@V?$allocator@D@2@@std@@@2@@std@@YAXPAV?$basic_string@DU?$char_traits@D@std@@V?$allocator@D@2@@0@IABV10@AAV?$allocator@V?$basic_string@DU?$char_traits@D@std@@V?$allocator@D@2@@std@@@0@U_Nonscalar_ptr_iterator_tag@0@U_Range_checked_iterator_tag@0@@Z,
0x10004400,0x58,library,??$_Move_backward_opt@PAV?$basic_string@DU?$char_traits@D@std@@V?$allocator@D@2@@std@@PAV12@@std@@YAPAV?$basic_string@DU?$char_traits@D@std@@V?$allocator@D@2@@0@PAV10@00Urandom_access_iterator_tag@0@U_Swap_move_tag@0@U_Range_checked_iterator_tag@0@@Z,
0x10004620,0xd6,library,??$_Uninit_move@PAV?$basic_string@DU?$char_traits@D@std@@V?$allocator@D@2@@std@@PAV12@V?$allocator@V?$basic_string@DU?$char_traits@D@std@@V?$allocator@D@2@@std@@@2@@std@@YAPAV?$basic_string@DU?$char_traits@D@std@@V?$allocator@D@2@@0@PAV10@00AAV?$allocator@V?$basic_string@DU?$char_traits@D@std@@V?$allocator@D@2@@std@@@0@U_Swap_move_tag@0@U_Range_checked_iterator_tag@0@@Z,
0x10004a10,0x6a,library,??$_Construct@U?$tss_adapter@VThreadLogManager@@@detail@boost@@U123@@std@@YAXPAU?$tss_adapter@VThreadLogManager@@@detail@boost@@ABU123@@Z,
0x10004bc0,0x65,library,??0runtime_error@std@@QAE@ABV01@@Z,
0x10005570,0x5f,library,??0runtime_error@std@@QAE@ABV?$basic_string@DU?$char_traits@D@std@@V?$allocator@D@2@@1@@Z,
0x10007900,0x13,library,?size@?$vector@V?$shared_ptr@VInstance@RBX@@@boost@@V?$allocator@V?$shared_ptr@VInstance@RBX@@@boost@@@std@@@std@@QBEIXZ,
0x10007920,0x2a,library,??9?$_Vector_const_iterator@V?$shared_ptr@VInstance@RBX@@@boost@@V?$allocator@V?$shared_ptr@VInstance@RBX@@@boost@@@std@@@std@@QBE_NABV01@@Z,
0x100085a0,0x17,library,??1?$auto_ptr@V?$basic_istream@DU?$char_traits@D@std@@@std@@@std@@QAE@XZ,
0x100086f0,0x3e,library,??D?$_String_const_iterator@DU?$char_traits@D@std@@V?$allocator@D@2@@std@@QBEABDXZ,
0x10008730,0x3c,library,??E?$_String_const_iterator@DU?$char_traits@D@std@@V?$allocator@D@2@@std@@QAEAAV01@XZ,
0x10008ac0,0x45,library,?clear@?$list@UItem@SignatureDescriptor@Reflection@RBX@@V?$allocator@UItem@SignatureDescriptor@Reflection@RBX@@@std@@@std@@QAEXXZ,
0x10008d20,0x2f,library,??8?$_String_const_iterator@DU?$char_traits@D@std@@V?$allocator@D@2@@std@@QBE_NABV01@@Z,
0x10009af0,0x87,library,??A?$map@PBVName@RBX@@PBVICreator@2@U?$less@PBVName@RBX@@@std@@V?$allocator@U?$pair@QBVName@RBX@@PBVICreator@2@@std@@@5@@std@@QAEAAPBVICreator@RBX@@ABQBVName@3@@Z,
0x10009b80,0x71,library,?erase@?$_Tree@V?$_Tmap_traits@PBVName@RBX@@PBVICreator@2@U?$less@PBVName@RBX@@@std@@V?$allocator@U?$pair@QBVName@RBX@@PBVICreator@2@@std@@@5@$0A@@std@@@std@@QAEIABQBVName@RBX@@@Z,
0x10009c00,0x1c4,library,?insert@?$_Tree@V?$_Tmap_traits@PBVName@RBX@@PBVICreator@2@U?$less@PBVName@RBX@@@std@@V?$allocator@U?$pair@QBVName@RBX@@PBVICreator@2@@std@@@5@$0A@@std@@@std@@QAE?AViterator@12@V312@ABU?$pair@QBVName@RBX@@PBVICreator@2@@2@@Z,
0x10009dd0,0xd3,library,?erase@?$_Tree@V?$_Tmap_traits@PBVName@RBX@@PBVICreator@2@U?$less@PBVName@RBX@@@std@@V?$allocator@U?$pair@QBVName@RBX@@PBVICreator@2@@std@@@5@$0A@@std@@@std@@QAE?AViterator@12@V312@0@Z,
0x10009eb0,0x5e,library,?equal_range@?$_Tree@V?$_Tmap_traits@PBVName@RBX@@PBVICreator@2@U?$less@PBVName@RBX@@@std@@V?$allocator@U?$pair@QBVName@RBX@@PBVICreator@2@@std@@@5@$0A@@std@@@std@@QAE?AU?$pair@Viterator@?$_Tree@V?$_Tmap_traits@PBVName@RBX@@PBVICreator@2@U?$less@PBVName@RBX@@@std@@V?$allocator@U?$pair@QBVName@RBX@@PBVICreator@2@@std@@@5@$0A@@std@@@std@@V123@@2@ABQBVName@RBX@@@Z,
0x10009f10,0x2a,library,??8const_iterator@?$_Tree@V?$_Tmap_traits@PBVName@RBX@@PBVICreator@2@U?$less@PBVName@RBX@@@std@@V?$allocator@U?$pair@QBVName@RBX@@PBVICreator@2@@std@@@5@$0A@@std@@@std@@QBE_NABV012@@Z,
0x10009f40,0xba,library,?insert@?$_Tree@V?$_Tmap_traits@PBVName@RBX@@PBVICreator@2@U?$less@PBVName@RBX@@@std@@V?$allocator@U?$pair@QBVName@RBX@@PBVICreator@2@@std@@@5@$0A@@std@@@std@@QAE?AU?$pair@Viterator@?$_Tree@V?$_Tmap_traits@PBVName@RBX@@PBVICreator@2@U?$less@PBVName@RBX@@@std@@V?$allocator@U?$pair@QBVName@RBX@@PBVICreator@2@@std@@@5@$0A@@std@@@std@@_N@2@ABU?$pair@QBVName@RBX@@PBVICreator@2@@2@@Z,
0x1000a000,0x2c7,library,?erase@?$_Tree@V?$_Tmap_traits@PBVName@RBX@@PBVICreator@2@U?$less@PBVName@RBX@@@std@@V?$allocator@U?$pair@QBVName@RBX@@PBVICreator@2@@std@@@5@$0A@@std@@@std@@QAE?AViterator@12@V312@@Z,
0x1000a2d0,0x22f,library,?_Insert@?$_Tree@V?$_Tmap_traits@PBVName@RBX@@PBVICreator@2@U?$less@PBVName@RBX@@@std@@V?$allocator@U?$pair@QBVName@RBX@@PBVICreator@2@@std@@@5@$0A@@std@@@std@@IAE?AViterator@12@_NPAU_Node@?$_Tree_nod@V?$_Tmap_traits@PBVName@RBX@@PBVICreator@2@U?$less@PBVName@RBX@@@std@@V?$allocator@U?$pair@QBVName@RBX@@PBVICreator@2@@std@@@5@$0A@@std@@@2@ABU?$pair@QBVName@RBX@@PBVICreator@2@@2@@Z,
0x1000a500,0x35,library,?_Erase@?$_Tree@V?$_Tmap_traits@PBVName@RBX@@PBVICreator@2@U?$less@PBVName@RBX@@@std@@V?$allocator@U?$pair@QBVName@RBX@@PBVICreator@2@@std@@@5@$0A@@std@@@std@@IAEXPAU_Node@?$_Tree_nod@V?$_Tmap_traits@PBVName@RBX@@PBVICreator@2@U?$less@PBVName@RBX@@@std@@V?$allocator@U?$pair@QBVName@RBX@@PBVICreator@2@@std@@@5@$0A@@std@@@2@@Z,
0x1000a540,0x4e,library,?_Lrotate@?$_Tree@V?$_Tmap_traits@PBVName@RBX@@PBVICreator@2@U?$less@PBVName@RBX@@@std@@V?$allocator@U?$pair@QBVName@RBX@@PBVICreator@2@@std@@@5@$0A@@std@@@std@@IAEXPAU_Node@?$_Tree_nod@V?$_Tmap_traits@PBVName@RBX@@PBVICreator@2@U?$less@PBVName@RBX@@@std@@V?$allocator@U?$pair@QBVName@RBX@@PBVICreator@2@@std@@@5@$0A@@std@@@2@@Z,
0x1000a590,0x1c,library,?_Max@?$_Tree@V?$_Tmap_traits@PBVName@RBX@@PBVICreator@2@U?$less@PBVName@RBX@@@std@@V?$allocator@U?$pair@QBVName@RBX@@PBVICreator@2@@std@@@5@$0A@@std@@@std@@KAPAU_Node@?$_Tree_nod@V?$_Tmap_traits@PBVName@RBX@@PBVICreator@2@U?$less@PBVName@RBX@@@std@@V?$allocator@U?$pair@QBVName@RBX@@PBVICreator@2@@std@@@5@$0A@@std@@@2@PAU342@@Z,
0x1000a5b0,0x1b,library,?_Min@?$_Tree@V?$_Tmap_traits@PBVName@RBX@@PBVICreator@2@U?$less@PBVName@RBX@@@std@@V?$allocator@U?$pair@QBVName@RBX@@PBVICreator@2@@std@@@5@$0A@@std@@@std@@KAPAU_Node@?$_Tree_nod@V?$_Tmap_traits@PBVName@RBX@@PBVICreator@2@U?$less@PBVName@RBX@@@std@@V?$allocator@U?$pair@QBVName@RBX@@PBVICreator@2@@std@@@5@$0A@@std@@@2@PAU342@@Z,
0x1000a5d0,0x52,library,?_Rrotate@?$_Tree@V?$_Tmap_traits@PBVName@RBX@@PBVICreator@2@U?$less@PBVName@RBX@@@std@@V?$allocator@U?$pair@QBVName@RBX@@PBVICreator@2@@std@@@5@$0A@@std@@@std@@IAEXPAU_Node@?$_Tree_nod@V?$_Tmap_traits@PBVName@RBX@@PBVICreator@2@U?$less@PBVName@RBX@@@std@@V?$allocator@U?$pair@QBVName@RBX@@PBVICreator@2@@std@@@5@$0A@@std@@@2@@Z,
0x1000a630,0x3f,library,?_Buynode@?$_Tree@V?$_Tmap_traits@PBVName@RBX@@PBVICreator@2@U?$less@PBVName@RBX@@@std@@V?$allocator@U?$pair@QBVName@RBX@@PBVICreator@2@@std@@@5@$0A@@std@@@std@@IAEPAU_Node@?$_Tree_nod@V?$_Tmap_traits@PBVName@RBX@@PBVICreator@2@U?$less@PBVName@RBX@@@std@@V?$allocator@U?$pair@QBVName@RBX@@PBVICreator@2@@std@@@5@$0A@@std@@@2@PAU342@00ABU?$pair@QBVName@RBX@@PBVICreator@2@@2@D@Z,
0x1000a670,0x37,library,?_Buynode@?$_Tree@V?$_Tmap_traits@PBVName@RBX@@PBVICreator@2@U?$less@PBVName@RBX@@@std@@V?$allocator@U?$pair@QBVName@RBX@@PBVICreator@2@@std@@@5@$0A@@std@@@std@@IAEPAU_Node@?$_Tree_nod@V?$_Tmap_traits@PBVName@RBX@@PBVICreator@2@U?$less@PBVName@RBX@@@std@@V?$allocator@U?$pair@QBVName@RBX@@PBVICreator@2@@std@@@5@$0A@@std@@@2@XZ,
0x1000a6b0,0x84,library,?_Dec@const_iterator@?$_Tree@V?$_Tmap_traits@PBVName@RBX@@PBVICreator@2@U?$less@PBVName@RBX@@@std@@V?$allocator@U?$pair@QBVName@RBX@@PBVICreator@2@@std@@@5@$0A@@std@@@std@@QAEXXZ,
0x1000a740,0x6c,library,?_Inc@const_iterator@?$_Tree@V?$_Tmap_traits@PBVName@RBX@@PBVICreator@2@U?$less@PBVName@RBX@@@std@@V?$allocator@U?$pair@QBVName@RBX@@PBVICreator@2@@std@@@5@$0A@@std@@@std@@QAEXXZ,
0x1000b5b0,0x117,library,?resize@?$vector@V?$shared_ptr@VInstance@RBX@@@boost@@V?$allocator@V?$shared_ptr@VInstance@RBX@@@boost@@@std@@@std@@QAEXIV?$shared_ptr@VInstance@RBX@@@boost@@@Z,
0x1000b6d0,0x2a,library,?begin@?$vector@V?$shared_ptr@VInstance@RBX@@@boost@@V?$allocator@V?$shared_ptr@VInstance@RBX@@@boost@@@std@@@std@@QAE?AV?$_Vector_iterator@V?$shared_ptr@VInstance@RBX@@@boost@@V?$allocator@V?$shared_ptr@VInstance@RBX@@@boost@@@std@@@2@XZ,
0x1000b700,0x2a,library,?end@?$vector@V?$shared_ptr@VInstance@RBX@@@boost@@V?$allocator@V?$shared_ptr@VInstance@RBX@@@boost@@@std@@@std@@QAE?AV?$_Vector_iterator@V?$shared_ptr@VInstance@RBX@@@boost@@V?$allocator@V?$shared_ptr@VInstance@RBX@@@boost@@@std@@@2@XZ,
0x1000b730,0x7f,library,?erase@?$vector@V?$shared_ptr@VInstance@RBX@@@boost@@V?$allocator@V?$shared_ptr@VInstance@RBX@@@boost@@@std@@@std@@QAE?AV?$_Vector_iterator@V?$shared_ptr@VInstance@RBX@@@boost@@V?$allocator@V?$shared_ptr@VInstance@RBX@@@boost@@@std@@@2@V32@0@Z,
0x1000b7b0,0x2fe,library,?_Insert_n@?$vector@V?$shared_ptr@VInstance@RBX@@@boost@@V?$allocator@V?$shared_ptr@VInstance@RBX@@@boost@@@std@@@std@@IAEXV?$_Vector_iterator@V?$shared_ptr@VInstance@RBX@@@boost@@V?$allocator@V?$shared_ptr@VInstance@RBX@@@boost@@@std@@@2@IABV?$shared_ptr@VInstance@RBX@@@boost@@@Z,
0x1000bab0,0x1b,library,?_Destroy@?$vector@V?$shared_ptr@VInstance@RBX@@@boost@@V?$allocator@V?$shared_ptr@VInstance@RBX@@@boost@@@std@@@std@@IAEXPAV?$shared_ptr@VInstance@RBX@@@boost@@0@Z,
0x1000bad0,0x33,library,?_Ufill@?$vector@V?$shared_ptr@VInstance@RBX@@@boost@@V?$allocator@V?$shared_ptr@VInstance@RBX@@@boost@@@std@@@std@@IAEPAV?$shared_ptr@VInstance@RBX@@@boost@@PAV34@IABV34@@Z,
0x1000c1a0,0x3d,library,??$_Distance2@Viterator@?$_Tree@V?$_Tmap_traits@PBVName@RBX@@PBVICreator@2@U?$less@PBVName@RBX@@@std@@V?$allocator@U?$pair@QBVName@RBX@@PBVICreator@2@@std@@@5@$0A@@std@@@std@@I@std@@YAXViterator@?$_Tree@V?$_Tmap_traits@PBVName@RBX@@PBVICreator@2@U?$less@PBVName@RBX@@@std@@V?$allocator@U?$pair@QBVName@RBX@@PBVICreator@2@@std@@@5@$0A@@std@@@0@0AAIUbidirectional_iterator_tag@0@@Z,
0x1000c1e0,0x29,library,??$_Umove@PAV?$shared_ptr@VInstance@RBX@@@boost@@@?$vector@V?$shared_ptr@VInstance@RBX@@@boost@@V?$allocator@V?$shared_ptr@VInstance@RBX@@@boost@@@std@@@std@@IAEPAV?$shared_ptr@VInstance@RBX@@@boost@@PAV23@00@Z,
0x1000c210,0x4c,library,??$_Unchecked_move_backward@PAV?$shared_ptr@VInstance@RBX@@@boost@@PAV12@@stdext@@YAPAV?$shared_ptr@VInstance@RBX@@@boost@@PAV12@00@Z,
0x1000c450,0x71,library,??$_Fill@PAV?$shared_ptr@VInstance@RBX@@@boost@@V12@@std@@YAXPAV?$shared_ptr@VInstance@RBX@@@boost@@0ABV12@@Z,
0x1000c4d0,0x4c,library,??$_Destroy_range@V?$shared_ptr@VInstance@RBX@@@boost@@V?$allocator@V?$shared_ptr@VInstance@RBX@@@boost@@@std@@@std@@YAXPAV?$shared_ptr@VInstance@RBX@@@boost@@0AAV?$allocator@V?$shared_ptr@VInstance@RBX@@@boost@@@0@U_Nonscalar_ptr_iterator_tag@0@@Z,
0x1000c520,0x3d,library,??$_Uninit_fill_n@PAV?$shared_ptr@VInstance@RBX@@@boost@@IV12@V?$allocator@V?$shared_ptr@VInstance@RBX@@@boost@@@std@@@std@@YAXPAV?$shared_ptr@VInstance@RBX@@@boost@@IABV12@AAV?$allocator@V?$shared_ptr@VInstance@RBX@@@boost@@@0@U_Nonscalar_ptr_iterator_tag@0@U_Range_checked_iterator_tag@0@@Z,
0x1000c6b0,0x7c,library,??$_Copy_opt@PAV?$shared_ptr@VInstance@RBX@@@boost@@PAV12@Uforward_iterator_tag@std@@@std@@YAPAV?$shared_ptr@VInstance@RBX@@@boost@@PAV12@00Uforward_iterator_tag@0@U_Nonscalar_ptr_iterator_tag@0@U_Range_checked_iterator_tag@0@@Z,
0x1000c730,0x7c,library,??$_Copy_backward_opt@PAV?$shared_ptr@VInstance@RBX@@@boost@@PAV12@Uforward_iterator_tag@std@@@std@@YAPAV?$shared_ptr@VInstance@RBX@@@boost@@PAV12@00Uforward_iterator_tag@0@U_Nonscalar_ptr_iterator_tag@0@U_Range_checked_iterator_tag@0@@Z,
0x1000c7b0,0x3d,library,??$_Uninit_copy@PAV?$shared_ptr@VInstance@RBX@@@boost@@PAV12@V?$allocator@V?$shared_ptr@VInstance@RBX@@@boost@@@std@@@std@@YAPAV?$shared_ptr@VInstance@RBX@@@boost@@PAV12@00AAV?$allocator@V?$shared_ptr@VInstance@RBX@@@boost@@@0@U_Nonscalar_ptr_iterator_tag@0@U_Range_checked_iterator_tag@0@@Z,
0x1000c870,0x19,library,??0out_of_range@std@@QAE@ABV01@@Z,
0x1000cfc0,0x5,library,??1?$queue@V?$basic_string@DU?$char_traits@D@std@@V?$allocator@D@2@@std@@V?$deque@V?$basic_string@DU?$char_traits@D@std@@V?$allocator@D@2@@std@@V?$allocator@V?$basic_string@DU?$char_traits@D@std@@V?$allocator@D@2@@std@@@2@@2@@std@@QAE@XZ,
0x1000d360,0x5,library,??1?$queue@UStandardOutMessage@RBX@@V?$deque@UStandardOutMessage@RBX@@V?$allocator@UStandardOutMessage@RBX@@@std@@@std@@@std@@QAE@XZ,
0x1000e3a0,0x5,library,??1?$map@V?$basic_string@DU?$char_traits@D@std@@V?$allocator@D@2@@std@@UJob@CWebService@Roblox@@U?$less@V?$basic_string@DU?$char_traits@D@std@@V?$allocator@D@2@@std@@@2@V?$allocator@U?$pair@$$CBV?$basic_string@DU?$char_traits@D@std@@V?$allocator@D@2@@std@@UJob@CWebService@Roblox@@@std@@@2@@std@@QAE@XZ,
0x100108a0,0xd7,library,??A?$map@V?$basic_string@DU?$char_traits@D@std@@V?$allocator@D@2@@std@@UJob@CWebService@Roblox@@U?$less@V?$basic_string@DU?$char_traits@D@std@@V?$allocator@D@2@@std@@@2@V?$allocator@U?$pair@$$CBV?$basic_string@DU?$char_traits@D@std@@V?$allocator@D@2@@std@@UJob@CWebService@Roblox@@@std@@@2@@std@@QAEAAUJob@CWebService@Roblox@@ABV?$basic_string@DU?$char_traits@D@std@@V?$allocator@D@2@@1@@Z,
0x10010980,0x41,library,??4?$_Tree@V?$_Tmap_traits@V?$basic_string@DU?$char_traits@D@std@@V?$allocator@D@2@@std@@UJob@CWebService@Roblox@@U?$less@V?$basic_string@DU?$char_traits@D@std@@V?$allocator@D@2@@std@@@2@V?$allocator@U?$pair@$$CBV?$basic_string@DU?$char_traits@D@std@@V?$allocator@D@2@@std@@UJob@CWebService@Roblox@@@std@@@2@$0A@@std@@@std@@QAEAAV01@ABV01@@Z,
0x100109d0,0xf5,library,?insert@?$_Tree@V?$_Tmap_traits@V?$basic_string@DU?$char_traits@D@std@@V?$allocator@D@2@@std@@UJob@CWebService@Roblox@@U?$less@V?$basic_string@DU?$char_traits@D@std@@V?$allocator@D@2@@std@@@2@V?$allocator@U?$pair@$$CBV?$basic_string@DU?$char_traits@D@std@@V?$allocator@D@2@@std@@UJob@CWebService@Roblox@@@std@@@2@$0A@@std@@@std@@QAE?AU?$pair@Viterator@?$_Tree@V?$_Tmap_traits@V?$basic_string@DU?$char_traits@D@std@@V?$allocator@D@2@@std@@UJob@CWebService@Roblox@@U?$less@V?$basic_string@DU?$char_traits@D@std@@V?$allocator@D@2@@std@@@2@V?$allocator@U?$pair@$$CBV?$basic_string@DU?$char_traits@D@std@@V?$allocator@D@2@@std@@UJob@CWebService@Roblox@@@std@@@2@$0A@@std@@@std@@_N@2@ABU?$pair@$$CBV?$basic_string@DU?$char_traits@D@std@@V?$allocator@D@2@@std@@UJob@CWebService@Roblox@@@2@@Z,
0x10010ad0,0x2e0,library,?erase@?$_Tree@V?$_Tmap_traits@V?$basic_string@DU?$char_traits@D@std@@V?$allocator@D@2@@std@@UJob@CWebService@Roblox@@U?$less@V?$basic_string@DU?$char_traits@D@std@@V?$allocator@D@2@@std@@@2@V?$allocator@U?$pair@$$CBV?$basic_string@DU?$char_traits@D@std@@V?$allocator@D@2@@std@@UJob@CWebService@Roblox@@@std@@@2@$0A@@std@@@std@@QAE?AViterator@12@V312@@Z,
0x10010db0,0x66,library,?find@?$_Tree@V?$_Tmap_traits@V?$basic_string@DU?$char_traits@D@std@@V?$allocator@D@2@@std@@UJob@CWebService@Roblox@@U?$less@V?$basic_string@DU?$char_traits@D@std@@V?$allocator@D@2@@std@@@2@V?$allocator@U?$pair@$$CBV?$basic_string@DU?$char_traits@D@std@@V?$allocator@D@2@@std@@UJob@CWebService@Roblox@@@std@@@2@$0A@@std@@@std@@QAE?AViterator@12@ABV?$basic_string@DU?$char_traits@D@std@@V?$allocator@D@2@@2@@Z,
0x10014100,0x1e,library,??8const_iterator@?$_Tree@V?$_Tmap_traits@V?$basic_string@DU?$char_traits@D@std@@V?$allocator@D@2@@std@@UJob@CWebService@Roblox@@U?$less@V?$basic_string@DU?$char_traits@D@std@@V?$allocator@D@2@@std@@@2@V?$allocator@U?$pair@$$CBV?$basic_string@DU?$char_traits@D@std@@V?$allocator@D@2@@std@@UJob@CWebService@Roblox@@@std@@@2@$0A@@std@@@std@@QBE_NABV012@@Z,
0x10014120,0x39,library,??1?$vector@V?$shared_ptr@VDataModel@RBX@@@boost@@V?$allocator@V?$shared_ptr@VDataModel@RBX@@@boost@@@std@@@std@@QAE@XZ,
0x10014160,0x7f,library,?push_back@?$vector@V?$shared_ptr@VDataModel@RBX@@@boost@@V?$allocator@V?$shared_ptr@VDataModel@RBX@@@boost@@@std@@@std@@QAEXABV?$shared_ptr@VDataModel@RBX@@@boost@@@Z,
0x100141e0,0x19,library,??1?$auto_ptr@$$CBV?$vector@VValue@Reflection@RBX@@V?$allocator@VValue@Reflection@RBX@@@std@@@std@@@std@@QAE@XZ,
0x10014200,0x76,library,??0?$vector@VValue@Reflection@RBX@@V?$allocator@VValue@Reflection@RBX@@@std@@@std@@QAE@I@Z,
0x10014280,0x5,library,??1?$vector@VValue@Reflection@RBX@@V?$allocator@VValue@Reflection@RBX@@@std@@@std@@QAE@XZ,
0x10014290,0x20,library,??A?$vector@VValue@Reflection@RBX@@V?$allocator@VValue@Reflection@RBX@@@std@@@std@@QBEABVValue@Reflection@RBX@@I@Z,
0x100142b0,0x19,library,??1?$auto_ptr@V?$vector@VValue@Reflection@RBX@@V?$allocator@VValue@Reflection@RBX@@@std@@@std@@@std@@QAE@XZ,
0x10014340,0x83,library,??1?$pair@$$CBV?$basic_string@DU?$char_traits@D@std@@V?$allocator@D@2@@std@@UJob@CWebService@Roblox@@@std@@QAE@XZ,
0x10014670,0x16,library,??R?$less@V?$basic_string@DU?$char_traits@D@std@@V?$allocator@D@2@@std@@@std@@QBE_NABV?$basic_string@DU?$char_traits@D@std@@V?$allocator@D@2@@1@0@Z,
0x10014690,0x7d,library,?_Tidy@?$deque@V?$basic_string@DU?$char_traits@D@std@@V?$allocator@D@2@@std@@V?$allocator@V?$basic_string@DU?$char_traits@D@std@@V?$allocator@D@2@@std@@@2@@std@@IAEXXZ,
0x10014710,0x86,library,?_Tidy@?$deque@UStandardOutMessage@RBX@@V?$allocator@UStandardOutMessage@RBX@@@std@@@std@@IAEXXZ,
0x10014840,0x239,library,?insert@?$_Tree@V?$_Tmap_traits@V?$basic_string@DU?$char_traits@D@std@@V?$allocator@D@2@@std@@UJob@CWebService@Roblox@@U?$less@V?$basic_string@DU?$char_traits@D@std@@V?$allocator@D@2@@std@@@2@V?$allocator@U?$pair@$$CBV?$basic_string@DU?$char_traits@D@std@@V?$allocator@D@2@@std@@UJob@CWebService@Roblox@@@std@@@2@$0A@@std@@@std@@QAE?AViterator@12@V312@ABU?$pair@$$CBV?$basic_string@DU?$char_traits@D@std@@V?$allocator@D@2@@std@@UJob@CWebService@Roblox@@@2@@Z,
0x10014a80,0xc8,library,?erase@?$_Tree@V?$_Tmap_traits@V?$basic_string@DU?$char_traits@D@std@@V?$allocator@D@2@@std@@UJob@CWebService@Roblox@@U?$less@V?$basic_string@DU?$char_traits@D@std@@V?$allocator@D@2@@std@@@2@V?$allocator@U?$pair@$$CBV?$basic_string@DU?$char_traits@D@std@@V?$allocator@D@2@@std@@UJob@CWebService@Roblox@@@std@@@2@$0A@@std@@@std@@QAE?AViterator@12@V312@0@Z,
0x10014b50,0x7a,library,?_Copy@?$_Tree@V?$_Tmap_traits@V?$basic_string@DU?$char_traits@D@std@@V?$allocator@D@2@@std@@UJob@CWebService@Roblox@@U?$less@V?$basic_string@DU?$char_traits@D@std@@V?$allocator@D@2@@std@@@2@V?$allocator@U?$pair@$$CBV?$basic_string@DU?$char_traits@D@std@@V?$allocator@D@2@@std@@UJob@CWebService@Roblox@@@std@@@2@$0A@@std@@@std@@IAEXABV12@@Z,
0x10014bd0,0x3e,library,?_Erase@?$_Tree@V?$_Tmap_traits@V?$basic_string@DU?$char_traits@D@std@@V?$allocator@D@2@@std@@UJob@CWebService@Roblox@@U?$less@V?$basic_string@DU?$char_traits@D@std@@V?$allocator@D@2@@std@@@2@V?$allocator@U?$pair@$$CBV?$basic_string@DU?$char_traits@D@std@@V?$allocator@D@2@@std@@UJob@CWebService@Roblox@@@std@@@2@$0A@@std@@@std@@IAEXPAU_Node@?$_Tree_nod@V?$_Tmap_traits@V?$basic_string@DU?$char_traits@D@std@@V?$allocator@D@2@@std@@UJob@CWebService@Roblox@@U?$less@V?$basic_string@DU?$char_traits@D@std@@V?$allocator@D@2@@std@@@2@V?$allocator@U?$pair@$$CBV?$basic_string@DU?$char_traits@D@std@@V?$allocator@D@2@@std@@UJob@CWebService@Roblox@@@std@@@2@$0A@@std@@@2@@Z,
0x10014c10,0x22d,library,?_Insert@?$_Tree@V?$_Tmap_traits@V?$basic_string@DU?$char_traits@D@std@@V?$allocator@D@2@@std@@UJob@CWebService@Roblox@@U?$less@V?$basic_string@DU?$char_traits@D@std@@V?$allocator@D@2@@std@@@2@V?$allocator@U?$pair@$$CBV?$basic_string@DU?$char_traits@D@std@@V?$allocator@D@2@@std@@UJob@CWebService@Roblox@@@std@@@2@$0A@@std@@@std@@IAE?AViterator@12@_NPAU_Node@?$_Tree_nod@V?$_Tmap_traits@V?$basic_string@DU?$char_traits@D@std@@V?$allocator@D@2@@std@@UJob@CWebService@Roblox@@U?$less@V?$basic_string@DU?$char_traits@D@std@@V?$allocator@D@2@@std@@@2@V?$allocator@U?$pair@$$CBV?$basic_string@DU?$char_traits@D@std@@V?$allocator@D@2@@std@@UJob@CWebService@Roblox@@@std@@@2@$0A@@std@@@2@ABU?$pair@$$CBV?$basic_string@DU?$char_traits@D@std@@V?$allocator@D@2@@std@@UJob@CWebService@Roblox@@@2@@Z,
0x10014e40,0x4c,library,?_Lrotate@?$_Tree@V?$_Tmap_traits@V?$basic_string@DU?$char_traits@D@std@@V?$allocator@D@2@@std@@UJob@CWebService@Roblox@@U?$less@V?$basic_string@DU?$char_traits@D@std@@V?$allocator@D@2@@std@@@2@V?$allocator@U?$pair@$$CBV?$basic_string@DU?$char_traits@D@std@@V?$allocator@D@2@@std@@UJob@CWebService@Roblox@@@std@@@2@$0A@@std@@@std@@IAEXPAU_Node@?$_Tree_nod@V?$_Tmap_traits@V?$basic_string@DU?$char_traits@D@std@@V?$allocator@D@2@@std@@UJob@CWebService@Roblox@@U?$less@V?$basic_string@DU?$char_traits@D@std@@V?$allocator@D@2@@std@@@2@V?$allocator@U?$pair@$$CBV?$basic_string@DU?$char_traits@D@std@@V?$allocator@D@2@@std@@UJob@CWebService@Roblox@@@std@@@2@$0A@@std@@@2@@Z,
0x10014e90,0x1c,library,?_Max@?$_Tree@V?$_Tmap_traits@V?$basic_string@DU?$char_traits@D@std@@V?$allocator@D@2@@std@@UJob@CWebService@Roblox@@U?$less@V?$basic_string@DU?$char_traits@D@std@@V?$allocator@D@2@@std@@@2@V?$allocator@U?$pair@$$CBV?$basic_string@DU?$char_traits@D@std@@V?$allocator@D@2@@std@@UJob@CWebService@Roblox@@@std@@@2@$0A@@std@@@std@@KAPAU_Node@?$_Tree_nod@V?$_Tmap_traits@V?$basic_string@DU?$char_traits@D@std@@V?$allocator@D@2@@std@@UJob@CWebService@Roblox@@U?$less@V?$basic_string@DU?$char_traits@D@std@@V?$allocator@D@2@@std@@@2@V?$allocator@U?$pair@$$CBV?$basic_string@DU?$char_traits@D@std@@V?$allocator@D@2@@std@@UJob@CWebService@Roblox@@@std@@@2@$0A@@std@@@2@PAU342@@Z,
0x10014eb0,0x50,library,?_Rrotate@?$_Tree@V?$_Tmap_traits@V?$basic_string@DU?$char_traits@D@std@@V?$allocator@D@2@@std@@UJob@CWebService@Roblox@@U?$less@V?$basic_string@DU?$char_traits@D@std@@V?$allocator@D@2@@std@@@2@V?$allocator@U?$pair@$$CBV?$basic_string@DU?$char_traits@D@std@@V?$allocator@D@2@@std@@UJob@CWebService@Roblox@@@std@@@2@$0A@@std@@@std@@IAEXPAU_Node@?$_Tree_nod@V?$_Tmap_traits@V?$basic_string@DU?$char_traits@D@std@@V?$allocator@D@2@@std@@UJob@CWebService@Roblox@@U?$less@V?$basic_string@DU?$char_traits@D@std@@V?$allocator@D@2@@std@@@2@V?$allocator@U?$pair@$$CBV?$basic_string@DU?$char_traits@D@std@@V?$allocator@D@2@@std@@UJob@CWebService@Roblox@@@std@@@2@$0A@@std@@@2@@Z,
0x10014f00,0x38,library,?_Tidy@?$_Tree@V?$_Tmap_traits@V?$basic_string@DU?$char_traits@D@std@@V?$allocator@D@2@@std@@UJob@CWebService@Roblox@@U?$less@V?$basic_string@DU?$char_traits@D@std@@V?$allocator@D@2@@std@@@2@V?$allocator@U?$pair@$$CBV?$basic_string@DU?$char_traits@D@std@@V?$allocator@D@2@@std@@UJob@CWebService@Roblox@@@std@@@2@$0A@@std@@@std@@IAEXXZ,
0x10016f30,0x8a,library,?insert@?$vector@V?$shared_ptr@VDataModel@RBX@@@boost@@V?$allocator@V?$shared_ptr@VDataModel@RBX@@@boost@@@std@@@std@@QAE?AV?$_Vector_iterator@V?$shared_ptr@VDataModel@RBX@@@boost@@V?$allocator@V?$shared_ptr@VDataModel@RBX@@@boost@@@std@@@2@V32@ABV?$shared_ptr@VDataModel@RBX@@@boost@@@Z,
0x10016fc0,0xb2,library,?_Construct_n@?$vector@VValue@Reflection@RBX@@V?$allocator@VValue@Reflection@RBX@@@std@@@std@@QAEXIABVValue@Reflection@RBX@@@Z,
0x10017080,0x4e,library,?_Tidy@?$vector@VValue@Reflection@RBX@@V?$allocator@VValue@Reflection@RBX@@@std@@@std@@IAEXXZ,
0x10017720,0x154,library,?_Growmap@?$deque@UStandardOutMessage@RBX@@V?$allocator@UStandardOutMessage@RBX@@@std@@@std@@IAEXI@Z,
0x100178e0,0xb0,library,?_Copy@?$_Tree@V?$_Tmap_traits@V?$basic_string@DU?$char_traits@D@std@@V?$allocator@D@2@@std@@UJob@CWebService@Roblox@@U?$less@V?$basic_string@DU?$char_traits@D@std@@V?$allocator@D@2@@std@@@2@V?$allocator@U?$pair@$$CBV?$basic_string@DU?$char_traits@D@std@@V?$allocator@D@2@@std@@UJob@CWebService@Roblox@@@std@@@2@$0A@@std@@@std@@IAEPAU_Node@?$_Tree_nod@V?$_Tmap_traits@V?$basic_string@DU?$char_traits@D@std@@V?$allocator@D@2@@std@@UJob@CWebService@Roblox@@U?$less@V?$basic_string@DU?$char_traits@D@std@@V?$allocator@D@2@@std@@@2@V?$allocator@U?$pair@$$CBV?$basic_string@DU?$char_traits@D@std@@V?$allocator@D@2@@std@@UJob@CWebService@Roblox@@@std@@@2@$0A@@std@@@2@PAU342@0@Z,
0x10017990,0x46,library,?_Lbound@?$_Tree@V?$_Tmap_traits@V?$basic_string@DU?$char_traits@D@std@@V?$allocator@D@2@@std@@UJob@CWebService@Roblox@@U?$less@V?$basic_string@DU?$char_traits@D@std@@V?$allocator@D@2@@std@@@2@V?$allocator@U?$pair@$$CBV?$basic_string@DU?$char_traits@D@std@@V?$allocator@D@2@@std@@UJob@CWebService@Roblox@@@std@@@2@$0A@@std@@@std@@IBEPAU_Node@?$_Tree_nod@V?$_Tmap_traits@V?$basic_string@DU?$char_traits@D@std@@V?$allocator@D@2@@std@@UJob@CWebService@Roblox@@U?$less@V?$basic_string@DU?$char_traits@D@std@@V?$allocator@D@2@@std@@@2@V?$allocator@U?$pair@$$CBV?$basic_string@DU?$char_traits@D@std@@V?$allocator@D@2@@std@@UJob@CWebService@Roblox@@@std@@@2@$0A@@std@@@2@ABV?$basic_string@DU?$char_traits@D@std@@V?$allocator@D@2@@2@@Z,
0x100179e0,0xc6,library,?_Buynode@?$_Tree@V?$_Tmap_traits@V?$basic_string@DU?$char_traits@D@std@@V?$allocator@D@2@@std@@UJob@CWebService@Roblox@@U?$less@V?$basic_string@DU?$char_traits@D@std@@V?$allocator@D@2@@std@@@2@V?$allocator@U?$pair@$$CBV?$basic_string@DU?$char_traits@D@std@@V?$allocator@D@2@@std@@UJob@CWebService@Roblox@@@std@@@2@$0A@@std@@@std@@IAEPAU_Node@?$_Tree_nod@V?$_Tmap_traits@V?$basic_string@DU?$char_traits@D@std@@V?$allocator@D@2@@std@@UJob@CWebService@Roblox@@U?$less@V?$basic_string@DU?$char_traits@D@std@@V?$allocator@D@2@@std@@@2@V?$allocator@U?$pair@$$CBV?$basic_string@DU?$char_traits@D@std@@V?$allocator@D@2@@std@@UJob@CWebService@Roblox@@@std@@@2@$0A@@std@@@2@PAU342@00ABU?$pair@$$CBV?$basic_string@DU?$char_traits@D@std@@V?$allocator@D@2@@std@@UJob@CWebService@Roblox@@@2@D@Z,
0x10018340,0x63,library,?_Inc@const_iterator@?$_Tree@V?$_Tmap_traits@V?$basic_string@DU?$char_traits@D@std@@V?$allocator@D@2@@std@@UJob@CWebService@Roblox@@U?$less@V?$basic_string@DU?$char_traits@D@std@@V?$allocator@D@2@@std@@@2@V?$allocator@U?$pair@$$CBV?$basic_string@DU?$char_traits@D@std@@V?$allocator@D@2@@std@@UJob@CWebService@Roblox@@@std@@@2@$0A@@std@@@std@@QAEXXZ,
0x100183b0,0x2c1,library,?_Insert_n@?$vector@V?$shared_ptr@VDataModel@RBX@@@boost@@V?$allocator@V?$shared_ptr@VDataModel@RBX@@@boost@@@std@@@std@@IAEXV?$_Vector_iterator@V?$shared_ptr@VDataModel@RBX@@@boost@@V?$allocator@V?$shared_ptr@VDataModel@RBX@@@boost@@@std@@@2@IABV?$shared_ptr@VDataModel@RBX@@@boost@@@Z,
0x10018680,0x57,library,?allocate@?$allocator@V?$shared_ptr@VDataModel@RBX@@@boost@@@std@@QAEPAV?$shared_ptr@VDataModel@RBX@@@boost@@I@Z,
0x100186e0,0x2b,library,?_Destroy@?$vector@VValue@Reflection@RBX@@V?$allocator@VValue@Reflection@RBX@@@std@@@std@@IAEXPAVValue@Reflection@RBX@@0@Z,
0x10018860,0x57,library,?allocate@?$allocator@PAUStandardOutMessage@RBX@@@std@@QAEPAPAUStandardOutMessage@RBX@@I@Z,
0x100188c0,0x37,library,?_Buynode@?$_Tree@V?$_Tmap_traits@V?$basic_string@DU?$char_traits@D@std@@V?$allocator@D@2@@std@@UJob@CWebService@Roblox@@U?$less@V?$basic_string@DU?$char_traits@D@std@@V?$allocator@D@2@@std@@@2@V?$allocator@U?$pair@$$CBV?$basic_string@DU?$char_traits@D@std@@V?$allocator@D@2@@std@@UJob@CWebService@Roblox@@@std@@@2@$0A@@std@@@std@@IAEPAU_Node@?$_Tree_nod@V?$_Tmap_traits@V?$basic_string@DU?$char_traits@D@std@@V?$allocator@D@2@@std@@UJob@CWebService@Roblox@@U?$less@V?$basic_string@DU?$char_traits@D@std@@V?$allocator@D@2@@std@@@2@V?$allocator@U?$pair@$$CBV?$basic_string@DU?$char_traits@D@std@@V?$allocator@D@2@@std@@UJob@CWebService@Roblox@@@std@@@2@$0A@@std@@@2@XZ,
0x10018bd0,0x83,library,?_Dec@const_iterator@?$_Tree@V?$_Tmap_traits@V?$basic_string@DU?$char_traits@D@std@@V?$allocator@D@2@@std@@UJob@CWebService@Roblox@@U?$less@V?$basic_string@DU?$char_traits@D@std@@V?$allocator@D@2@@std@@@2@V?$allocator@U?$pair@$$CBV?$basic_string@DU?$char_traits@D@std@@V?$allocator@D@2@@std@@UJob@CWebService@Roblox@@@std@@@2@$0A@@std@@@std@@QAEXXZ,
0x1001a2f0,0x52,library,??$_Allocate@UStandardOutMessage@RBX@@@std@@YAPAUStandardOutMessage@RBX@@IPAU12@@Z,
0x1001a350,0x64,library,??$_Construct@UStandardOutMessage@RBX@@U12@@std@@YAXPAUStandardOutMessage@RBX@@ABU12@@Z,
0x1001aa20,0x21,library,??$_Umove@PAV?$shared_ptr@VDataModel@RBX@@@boost@@@?$vector@V?$shared_ptr@VDataModel@RBX@@@boost@@V?$allocator@V?$shared_ptr@VDataModel@RBX@@@boost@@@std@@@std@@IAEPAV?$shared_ptr@VDataModel@RBX@@@boost@@PAV23@00@Z,
0x1001aa50,0x3f,library,??$_Unchecked_move_backward@PAV?$shared_ptr@VDataModel@RBX@@@boost@@PAV12@@stdext@@YAPAV?$shared_ptr@VDataModel@RBX@@@boost@@PAV12@00@Z,
0x1001aa90,0x52,library,??$_Allocate@U_Node@?$_Tree_nod@V?$_Tmap_traits@V?$basic_string@DU?$char_traits@D@std@@V?$allocator@D@2@@std@@UJob@CWebService@Roblox@@U?$less@V?$basic_string@DU?$char_traits@D@std@@V?$allocator@D@2@@std@@@2@V?$allocator@U?$pair@$$CBV?$basic_string@DU?$char_traits@D@std@@V?$allocator@D@2@@std@@UJob@CWebService@Roblox@@@std@@@2@$0A@@std@@@std@@@std@@YAPAU_Node@?$_Tree_nod@V?$_Tmap_traits@V?$basic_string@DU?$char_traits@D@std@@V?$allocator@D@2@@std@@UJob@CWebService@Roblox@@U?$less@V?$basic_string@DU?$char_traits@D@std@@V?$allocator@D@2@@std@@@2@V?$allocator@U?$pair@$$CBV?$basic_string@DU?$char_traits@D@std@@V?$allocator@D@2@@std@@UJob@CWebService@Roblox@@@std@@@2@$0A@@std@@@0@IPAU120@@Z,
0x1001aaf0,0x5c,library,??$_Allocate@V?$shared_ptr@VInstance@RBX@@@boost@@@std@@YAPAV?$shared_ptr@VInstance@RBX@@@boost@@IPAV12@@Z,
0x1001b1f0,0x5a,library,?push_back@?$vector@PAV?$Listener@VStandardOut@RBX@@UStandardOutMessage@2@@RBX@@V?$allocator@PAV?$Listener@VStandardOut@RBX@@UStandardOutMessage@2@@RBX@@@std@@@std@@QAEXABQAV?$Listener@VStandardOut@RBX@@UStandardOutMessage@2@@RBX@@@Z,
0x1001b250,0x8a,library,?insert@?$vector@PAV?$Listener@VStandardOut@RBX@@UStandardOutMessage@2@@RBX@@V?$allocator@PAV?$Listener@VStandardOut@RBX@@UStandardOutMessage@2@@RBX@@@std@@@std@@QAE?AV?$_Vector_iterator@PAV?$Listener@VStandardOut@RBX@@UStandardOutMessage@2@@RBX@@V?$allocator@PAV?$Listener@VStandardOut@RBX@@UStandardOutMessage@2@@RBX@@@std@@@2@V32@ABQAV?$Listener@VStandardOut@RBX@@UStandardOutMessage@2@@RBX@@@Z,
0x1001b2e0,0x23,library,?_Ufill@?$vector@PAV?$Listener@VStandardOut@RBX@@UStandardOutMessage@2@@RBX@@V?$allocator@PAV?$Listener@VStandardOut@RBX@@UStandardOutMessage@2@@RBX@@@std@@@std@@IAEPAPAV?$Listener@VStandardOut@RBX@@UStandardOutMessage@2@@RBX@@PAPAV34@IABQAV34@@Z,
0x1001b310,0x208,library,?_Insert_n@?$vector@PAV?$Listener@VStandardOut@RBX@@UStandardOutMessage@2@@RBX@@V?$allocator@PAV?$Listener@VStandardOut@RBX@@UStandardOutMessage@2@@RBX@@@std@@@std@@IAEXV?$_Vector_iterator@PAV?$Listener@VStandardOut@RBX@@UStandardOutMessage@2@@RBX@@V?$allocator@PAV?$Listener@VStandardOut@RBX@@UStandardOutMessage@2@@RBX@@@std@@@2@IABQAV?$Listener@VStandardOut@RBX@@UStandardOutMessage@2@@RBX@@@Z,
0x1001ca90,0x2f,library,??$_Uninit_fill_n@PAV?$shared_ptr@VDataModel@RBX@@@boost@@IV12@V?$allocator@V?$shared_ptr@VDataModel@RBX@@@boost@@@std@@@std@@YAXPAV?$shared_ptr@VDataModel@RBX@@@boost@@IABV12@AAV?$allocator@V?$shared_ptr@VDataModel@RBX@@@boost@@@0@U_Nonscalar_ptr_iterator_tag@0@U_Range_checked_iterator_tag@0@@Z,
0x1001cac0,0x43,library,??$_Destroy_range@V?$shared_ptr@VDataModel@RBX@@@boost@@V?$allocator@V?$shared_ptr@VDataModel@RBX@@@boost@@@std@@@std@@YAXPAV?$shared_ptr@VDataModel@RBX@@@boost@@0AAV?$allocator@V?$shared_ptr@VDataModel@RBX@@@boost@@@0@U_Nonscalar_ptr_iterator_tag@0@@Z,
0x1001cb10,0x6f,library,??$_Fill@PAV?$shared_ptr@VDataModel@RBX@@@boost@@V12@@std@@YAXPAV?$shared_ptr@VDataModel@RBX@@@boost@@0ABV12@@Z,
0x1001cb80,0x90,library,??$_Uninit_fill_n@PAVValue@Reflection@RBX@@IV123@V?$allocator@VValue@Reflection@RBX@@@std@@@std@@YAXPAVValue@Reflection@RBX@@IABV123@AAV?$allocator@VValue@Reflection@RBX@@@0@U_Nonscalar_ptr_iterator_tag@0@U_Range_checked_iterator_tag@0@@Z,
0x1001cc10,0x23,library,??$_Umove@PAPAV?$Listener@VStandardOut@RBX@@UStandardOutMessage@2@@RBX@@@?$vector@PAV?$Listener@VStandardOut@RBX@@UStandardOutMessage@2@@RBX@@V?$allocator@PAV?$Listener@VStandardOut@RBX@@UStandardOutMessage@2@@RBX@@@std@@@std@@IAEPAPAV?$Listener@VStandardOut@RBX@@UStandardOutMessage@2@@RBX@@PAPAV23@00@Z,
0x1001cc40,0x5c,library,??$_Allocate@PAV?$Listener@VStandardOut@RBX@@UStandardOutMessage@2@@RBX@@@std@@YAPAPAV?$Listener@VStandardOut@RBX@@UStandardOutMessage@2@@RBX@@IPAPAV12@@Z,
0x1001ccf0,0x1c,library,?destroy@?$allocator@VValue@Reflection@RBX@@@std@@QAEXPAVValue@Reflection@RBX@@@Z,
0x1001dd30,0x7a,library,??$_Construct@VValue@Reflection@RBX@@V123@@std@@YAXPAVValue@Reflection@RBX@@ABV123@@Z,
0x1001e830,0x74,library,??$_Copy_backward_opt@PAV?$shared_ptr@VDataModel@RBX@@@boost@@PAV12@Uforward_iterator_tag@std@@@std@@YAPAV?$shared_ptr@VDataModel@RBX@@@boost@@PAV12@00Uforward_iterator_tag@0@U_Nonscalar_ptr_iterator_tag@0@U_Range_checked_iterator_tag@0@@Z,
0x1001ea20,0xdb,library,??0?$vector@VValue@Reflection@RBX@@V?$allocator@VValue@Reflection@RBX@@@std@@@std@@QAE@ABV01@@Z,
0x1001f150,0x2f,library,??$_Uninit_copy@PAV?$shared_ptr@VDataModel@RBX@@@boost@@PAV12@V?$allocator@V?$shared_ptr@VDataModel@RBX@@@boost@@@std@@@std@@YAPAV?$shared_ptr@VDataModel@RBX@@@boost@@PAV12@00AAV?$allocator@V?$shared_ptr@VDataModel@RBX@@@boost@@@0@U_Nonscalar_ptr_iterator_tag@0@U_Range_checked_iterator_tag@0@@Z,
0x1001f180,0x33,library,??$_Ucopy@V?$_Vector_const_iterator@VValue@Reflection@RBX@@V?$allocator@VValue@Reflection@RBX@@@std@@@std@@@?$vector@VValue@Reflection@RBX@@V?$allocator@VValue@Reflection@RBX@@@std@@@std@@IAEPAVValue@Reflection@RBX@@V?$_Vector_const_iterator@VValue@Reflection@RBX@@V?$allocator@VValue@Reflection@RBX@@@std@@@1@0PAV234@@Z,
0x1001feb0,0x92,library,??$_Uninit_copy@PBVValue@Reflection@RBX@@PAV123@V?$allocator@VValue@Reflection@RBX@@@std@@@std@@YAPAVValue@Reflection@RBX@@PBV123@0PAV123@AAV?$allocator@VValue@Reflection@RBX@@@0@U_Nonscalar_ptr_iterator_tag@0@U_Range_checked_iterator_tag@0@@Z,
0x10032530,0x61,library,??$_Construct@U?$tss_adapter@V?$basic_string@DU?$char_traits@D@std@@V?$allocator@D@2@@std@@@detail@boost@@U123@@std@@YAXPAU?$tss_adapter@V?$basic_string@DU?$char_traits@D@std@@V?$allocator@D@2@@std@@@detail@boost@@ABU123@@Z,
0x100330d0,0x50,library,??$_Construct@V?$bind_t@XP6AXV?$shared_ptr@Udata@worker_thread@RBX@@@boost@@ABV?$function0@W4work_result@worker_thread@RBX@@V?$allocator@Vfunction_base@boost@@@std@@@2@@ZV?$list2@V?$value@V?$shared_ptr@Udata@worker_thread@RBX@@@boost@@@_bi@boost@@V?$value@V?$function0@W4work_result@worker_thread@RBX@@V?$allocator@Vfunction_base@boost@@@std@@@boost@@@23@@_bi@2@@_bi@boost@@V123@@std@@YAXPAV?$bind_t@XP6AXV?$shared_ptr@Udata@worker_thread@RBX@@@boost@@ABV?$function0@W4work_result@worker_thread@RBX@@V?$allocator@Vfunction_base@boost@@@std@@@2@@ZV?$list2@V?$value@V?$shared_ptr@Udata@worker_thread@RBX@@@boost@@@_bi@boost@@V?$value@V?$function0@W4work_result@worker_thread@RBX@@V?$allocator@Vfunction_base@boost@@@std@@@boost@@@23@@_bi@2@@_bi@boost@@ABV123@@Z,
0x100333b0,0x50,library,??$_Construct@V?$bind_t@XP6AXABV?$function0@XV?$allocator@Vfunction_base@boost@@@std@@@boost@@V?$basic_string@DU?$char_traits@D@std@@V?$allocator@D@2@@std@@@ZV?$list2@V?$value@V?$function0@XV?$allocator@Vfunction_base@boost@@@std@@@boost@@@_bi@boost@@V?$value@V?$basic_string@DU?$char_traits@D@std@@V?$allocator@D@2@@std@@@23@@_bi@2@@_bi@boost@@V123@@std@@YAXPAV?$bind_t@XP6AXABV?$function0@XV?$allocator@Vfunction_base@boost@@@std@@@boost@@V?$basic_string@DU?$char_traits@D@std@@V?$allocator@D@2@@std@@@ZV?$list2@V?$value@V?$function0@XV?$allocator@Vfunction_base@boost@@@std@@@boost@@@_bi@boost@@V?$value@V?$basic_string@DU?$char_traits@D@std@@V?$allocator@D@2@@std@@@23@@_bi@2@@_bi@boost@@ABV123@@Z,
0x100353b0,0x9a,library,?_Incsize@?$list@PAV?$linked_streambuf@DU?$char_traits@D@std@@@detail@iostreams@boost@@V?$allocator@PAV?$linked_streambuf@DU?$char_traits@D@std@@@detail@iostreams@boost@@@std@@@std@@IAEXI@Z,
0x10035670,0x19,library,??0failure@ios_base@std@@QAE@ABV012@@Z,
0x100381f0,0x3d,library,??$for_each@V?$_Iterator@$00@?$list@PAV?$linked_streambuf@DU?$char_traits@D@std@@@detail@iostreams@boost@@V?$allocator@PAV?$linked_streambuf@DU?$char_traits@D@std@@@detail@iostreams@boost@@@std@@@std@@Ucloser@?$chain_base@V?$chain@Uoutput@iostreams@boost@@DU?$char_traits@D@std@@V?$allocator@D@5@@iostreams@boost@@DU?$char_traits@D@std@@V?$allocator@D@5@Uoutput@23@@detail@iostreams@boost@@@std@@YA?AUcloser@?$chain_base@V?$chain@Uoutput@iostreams@boost@@DU?$char_traits@D@std@@V?$allocator@D@5@@iostreams@boost@@DU?$char_traits@D@std@@V?$allocator@D@5@Uoutput@23@@detail@iostreams@boost@@V?$_Iterator@$00@?$list@PAV?$linked_streambuf@DU?$char_traits@D@std@@@detail@iostreams@boost@@V?$allocator@PAV?$linked_streambuf@DU?$char_traits@D@std@@@detail@iostreams@boost@@@std@@@0@0U12345@@Z,
0x100392f0,0x1b,library,??1failure@ios_base@std@@UAE@XZ,
0x10039310,0x5b,library,??Y?$_String_const_iterator@DU?$char_traits@D@std@@V?$allocator@D@2@@std@@QAEAAV01@H@Z,
0x100394f0,0x80,library,??$_Construct@PAD@?$basic_string@DU?$char_traits@D@std@@V?$allocator@D@2@@std@@QAEXPAD0Uforward_iterator_tag@1@@Z,
0x1003a410,0x54,library,??$for_each@V?$reverse_iterator@V?$_Iterator@$00@?$list@PAV?$linked_streambuf@DU?$char_traits@D@std@@@detail@iostreams@boost@@V?$allocator@PAV?$linked_streambuf@DU?$char_traits@D@std@@@detail@iostreams@boost@@@std@@@std@@@std@@Ucloser@?$chain_base@V?$chain@Uinput@iostreams@boost@@DU?$char_traits@D@std@@V?$allocator@D@5@@iostreams@boost@@DU?$char_traits@D@std@@V?$allocator@D@5@Uinput@23@@detail@iostreams@boost@@@std@@YA?AUcloser@?$chain_base@V?$chain@Uinput@iostreams@boost@@DU?$char_traits@D@std@@V?$allocator@D@5@@iostreams@boost@@DU?$char_traits@D@std@@V?$allocator@D@5@Uinput@23@@detail@iostreams@boost@@V?$reverse_iterator@V?$_Iterator@$00@?$list@PAV?$linked_streambuf@DU?$char_traits@D@std@@@detail@iostreams@boost@@V?$allocator@PAV?$linked_streambuf@DU?$char_traits@D@std@@@detail@iostreams@boost@@@std@@@std@@@0@0U12345@@Z,
0x1003d9e0,0x19,library,??1_Sentry_base@?$basic_ostream@DU?$char_traits@D@std@@@std@@QAE@XZ,
0x1003da00,0x83,library,??0sentry@?$basic_ostream@DU?$char_traits@D@std@@@std@@QAE@AAV12@@Z,
0x1003da90,0x67,library,??1sentry@?$basic_ostream@DU?$char_traits@D@std@@@std@@QAE@XZ,
0x1003db00,0x1be,library,??$?6U?$char_traits@D@std@@@std@@YAAAV?$basic_ostream@DU?$char_traits@D@std@@@0@AAV10@PBD@Z,
0x1003dcc0,0x193,library,??$?6U?$char_traits@D@std@@@std@@YAAAV?$basic_ostream@DU?$char_traits@D@std@@@0@AAV10@D@Z,
0x1003ea90,0x71,library,?_Xlen@?$vector@IV?$allocator@I@std@@@std@@KAXXZ,
0x1003eb10,0x1c,library,?_Max@?$_Tree@V?$_Tmap_traits@HPAVName@RBX@@U?$less@H@std@@V?$allocator@U?$pair@$$CBHPAVName@RBX@@@std@@@4@$0A@@std@@@std@@KAPAU_Node@?$_Tree_nod@V?$_Tmap_traits@HPAVName@RBX@@U?$less@H@std@@V?$allocator@U?$pair@$$CBHPAVName@RBX@@@std@@@4@$0A@@std@@@2@PAU342@@Z,
0x1003f7a0,0x58,library,??$_Copy_opt@PAV?$basic_string@DU?$char_traits@D@std@@V?$allocator@D@2@@std@@PAV12@@std@@YAPAV?$basic_string@DU?$char_traits@D@std@@V?$allocator@D@2@@0@PAV10@00Urandom_access_iterator_tag@0@U_Nonscalar_ptr_iterator_tag@0@U_Range_checked_iterator_tag@0@@Z,
0x10041a50,0x7d,library,?erase@?$vector@V?$basic_string@DU?$char_traits@D@std@@V?$allocator@D@2@@std@@V?$allocator@V?$basic_string@DU?$char_traits@D@std@@V?$allocator@D@2@@std@@@2@@std@@QAE?AV?$_Vector_iterator@V?$basic_string@DU?$char_traits@D@std@@V?$allocator@D@2@@std@@V?$allocator@V?$basic_string@DU?$char_traits@D@std@@V?$allocator@D@2@@std@@@2@@2@V32@0@Z,
0x10041ad0,0x1b5,library,?_Insert_n@?$vector@IV?$allocator@I@std@@@std@@IAEXV?$_Vector_iterator@IV?$allocator@I@std@@@2@IABI@Z,
0x10041c90,0x243,library,?_Insert_n@?$vector@VBrickColor@RBX@@V?$allocator@VBrickColor@RBX@@@std@@@std@@IAEXV?$_Vector_iterator@VBrickColor@RBX@@V?$allocator@VBrickColor@RBX@@@std@@@2@IABVBrickColor@RBX@@@Z,
0x10041fa0,0x124,library,?resize@?$vector@V?$basic_string@DU?$char_traits@D@std@@V?$allocator@D@2@@std@@V?$allocator@V?$basic_string@DU?$char_traits@D@std@@V?$allocator@D@2@@std@@@2@@std@@QAEXIV?$basic_string@DU?$char_traits@D@std@@V?$allocator@D@2@@2@@Z,
0x100420d0,0x8d,library,?insert@?$vector@VBrickColor@RBX@@V?$allocator@VBrickColor@RBX@@@std@@@std@@QAE?AV?$_Vector_iterator@VBrickColor@RBX@@V?$allocator@VBrickColor@RBX@@@std@@@2@V32@ABVBrickColor@RBX@@@Z,
0x10042160,0x83,library,?push_back@?$vector@W4InputType@Controller@RBX@@V?$allocator@W4InputType@Controller@RBX@@@std@@@std@@QAEXABW4InputType@Controller@RBX@@@Z,
0x10042750,0xa,library,??1?$auto_ptr@VGetSet@?$TypedPropertyDescriptor@H@Reflection@RBX@@@std@@QAE@XZ,
0x100427c0,0x1b,library,?_Min@?$_Tree@V?$_Tmap_traits@UData@Guid@RBX@@V?$vector@UWaitItem@IdSerializer@Network@RBX@@V?$allocator@UWaitItem@IdSerializer@Network@RBX@@@std@@@std@@U?$less@UData@Guid@RBX@@@5@V?$allocator@U?$pair@$$CBUData@Guid@RBX@@V?$vector@UWaitItem@IdSerializer@Network@RBX@@V?$allocator@UWaitItem@IdSerializer@Network@RBX@@@std@@@std@@@std@@@5@$0A@@std@@@std@@KAPAU_Node@?$_Tree_nod@V?$_Tmap_traits@UData@Guid@RBX@@V?$vector@UWaitItem@IdSerializer@Network@RBX@@V?$allocator@UWaitItem@IdSerializer@Network@RBX@@@std@@@std@@U?$less@UData@Guid@RBX@@@5@V?$allocator@U?$pair@$$CBUData@Guid@RBX@@V?$vector@UWaitItem@IdSerializer@Network@RBX@@V?$allocator@UWaitItem@IdSerializer@Network@RBX@@@std@@@std@@@std@@@5@$0A@@std@@@2@PAU342@@Z,
0x10042850,0x26,library,??E?$_Vector_const_iterator@V?$shared_ptr@VInstance@RBX@@@boost@@V?$allocator@V?$shared_ptr@VInstance@RBX@@@boost@@@std@@@std@@QAEAAV01@XZ,
0x10042880,0x3a,library,??$?6DU?$char_traits@D@std@@H@std@@YAAAV?$basic_ostream@DU?$char_traits@D@std@@@0@AAV10@ABU?$_Smanip@H@0@@Z,
0x10042bc0,0x6c,library,?_Inc@const_iterator@?$_Tree@V?$_Tmap_traits@UData@Guid@RBX@@V?$vector@UWaitItem@IdSerializer@Network@RBX@@V?$allocator@UWaitItem@IdSerializer@Network@RBX@@@std@@@std@@U?$less@UData@Guid@RBX@@@5@V?$allocator@U?$pair@$$CBUData@Guid@RBX@@V?$vector@UWaitItem@IdSerializer@Network@RBX@@V?$allocator@UWaitItem@IdSerializer@Network@RBX@@@std@@@std@@@std@@@5@$0A@@std@@@std@@QAEXXZ,
0x10042c30,0x7b,library,??$_Construct@UItem@SignatureDescriptor@Reflection@RBX@@U1234@@std@@YAXPAUItem@SignatureDescriptor@Reflection@RBX@@ABU1234@@Z,
0x100431a0,0x2a,library,?begin@?$vector@PAVInstance@RBX@@V?$allocator@PAVInstance@RBX@@@std@@@std@@QAE?AV?$_Vector_iterator@PAVInstance@RBX@@V?$allocator@PAVInstance@RBX@@@std@@@2@XZ,
0x100431d0,0x9a,library,?_Incsize@?$list@UItem@SignatureDescriptor@Reflection@RBX@@V?$allocator@UItem@SignatureDescriptor@Reflection@RBX@@@std@@@std@@IAEXI@Z,
0x100445b0,0xc1,library,??$_Find_if@Vnamed_slot_map_iterator@detail@signals@boost@@Uis_callable@234@@std@@YA?AVnamed_slot_map_iterator@detail@signals@boost@@V1234@0Uis_callable@234@@Z,
0x100446e0,0xff,library,??$find_if@Vnamed_slot_map_iterator@detail@signals@boost@@Uis_callable@234@@std@@YA?AVnamed_slot_map_iterator@detail@signals@boost@@V1234@0Uis_callable@234@@Z,
0x100449f0,0x1b,library,?destroy@?$allocator@Vany@boost@@@std@@QAEXPAVany@boost@@@Z,
0x10044a10,0x23,library,??1?$_Tree_val@V?$_Tmap_traits@Vstored_group@detail@signals@boost@@V?$list@Uconnection_slot_pair@detail@signals@boost@@V?$allocator@Uconnection_slot_pair@detail@signals@boost@@@std@@@std@@V?$function2@_NVstored_group@detail@signals@boost@@V1234@V?$allocator@Vfunction_base@boost@@@std@@@4@V?$allocator@U?$pair@$$CBVstored_group@detail@signals@boost@@V?$list@Uconnection_slot_pair@detail@signals@boost@@V?$allocator@Uconnection_slot_pair@detail@signals@boost@@@std@@@std@@@std@@@6@$0A@@std@@@std@@QAE@XZ,
0x10044c60,0xab,library,??$_Uninit_fill_n@PAVany@boost@@IV12@V?$allocator@Vany@boost@@@std@@@std@@YAXPAVany@boost@@IABV12@AAV?$allocator@Vany@boost@@@0@U_Nonscalar_ptr_iterator_tag@0@U_Range_checked_iterator_tag@0@@Z,
0x10044d10,0x3e,library,?clear@?$list@Vconnection@signals@boost@@V?$allocator@Vconnection@signals@boost@@@std@@@std@@QAEXXZ,
0x10044f50,0x2a,library,?_Destroy@?$vector@Vany@boost@@V?$allocator@Vany@boost@@@std@@@std@@IAEXPAVany@boost@@0@Z,
0x100450a0,0x39,library,??1?$vector@Vany@boost@@V?$allocator@Vany@boost@@@std@@@std@@QAE@XZ,
0x100450e0,0xa7,library,?_Construct_n@?$vector@Vany@boost@@V?$allocator@Vany@boost@@@std@@@std@@QAEXIABVany@boost@@@Z,
0x100474d0,0x1e,library,??$fill@PAII@std@@YAXPAI0ABI@Z,
0x100474f0,0x57,library,??$_Lower_bound@PAPAVFunctionDescriptor@Reflection@RBX@@PAV123@HP6A_NPBV123@0@Z@std@@YAPAPAVFunctionDescriptor@Reflection@RBX@@PAPAV123@0ABQAV123@P6A_NPBV123@2@ZPAH@Z,
0x10047550,0x8d,library,?insert@?$vector@IV?$allocator@I@std@@@std@@QAE?AV?$_Vector_iterator@IV?$allocator@I@std@@@2@V32@ABI@Z,
0x10047b40,0x26,library,??G?$_Vector_const_iterator@V?$shared_ptr@VInstance@RBX@@@boost@@V?$allocator@V?$shared_ptr@VInstance@RBX@@@boost@@@std@@@std@@QBEHABV01@@Z,
0x10047bd0,0x1b,library,?_Min@?$_Tree@V?$_Tmap_traits@PAVInstance@RBX@@VInstanceHandle@2@U?$less@PAVInstance@RBX@@@std@@V?$allocator@U?$pair@QAVInstance@RBX@@VInstanceHandle@2@@std@@@5@$0A@@std@@@std@@KAPAU_Node@?$_Tree_nod@V?$_Tmap_traits@PAVInstance@RBX@@VInstanceHandle@2@U?$less@PAVInstance@RBX@@@std@@V?$allocator@U?$pair@QAVInstance@RBX@@VInstanceHandle@2@@std@@@5@$0A@@std@@@2@PAU342@@Z,
0x10047bf0,0x52,library,?_Rrotate@?$_Tree@V?$_Tmap_traits@PAVInstance@RBX@@VInstanceHandle@2@U?$less@PAVInstance@RBX@@@std@@V?$allocator@U?$pair@QAVInstance@RBX@@VInstanceHandle@2@@std@@@5@$0A@@std@@@std@@IAEXPAU_Node@?$_Tree_nod@V?$_Tmap_traits@PAVInstance@RBX@@VInstanceHandle@2@U?$less@PAVInstance@RBX@@@std@@V?$allocator@U?$pair@QAVInstance@RBX@@VInstanceHandle@2@@std@@@5@$0A@@std@@@2@@Z,
0x10047c50,0x6c,library,?_Inc@const_iterator@?$_Tree@V?$_Tmap_traits@PAVInstance@RBX@@VInstanceHandle@2@U?$less@PAVInstance@RBX@@@std@@V?$allocator@U?$pair@QAVInstance@RBX@@VInstanceHandle@2@@std@@@5@$0A@@std@@@std@@QAEXXZ,
0x100484e0,0x35,library,?_Erase@?$_Tree@V?$_Tmap_traits@UData@Guid@RBX@@PAVInstance@3@U?$less@UData@Guid@RBX@@@std@@V?$allocator@U?$pair@$$CBUData@Guid@RBX@@PAVInstance@3@@std@@@6@$0A@@std@@@std@@IAEXPAU_Node@?$_Tree_nod@V?$_Tmap_traits@UData@Guid@RBX@@PAVInstance@3@U?$less@UData@Guid@RBX@@@std@@V?$allocator@U?$pair@$$CBUData@Guid@RBX@@PAVInstance@3@@std@@@6@$0A@@std@@@2@@Z,
0x10048520,0x39,library,?_Lbound@?$_Tree@V?$_Tmap_traits@UData@Guid@RBX@@PAVInstance@3@U?$less@UData@Guid@RBX@@@std@@V?$allocator@U?$pair@$$CBUData@Guid@RBX@@PAVInstance@3@@std@@@6@$0A@@std@@@std@@IBEPAU_Node@?$_Tree_nod@V?$_Tmap_traits@UData@Guid@RBX@@PAVInstance@3@U?$less@UData@Guid@RBX@@@std@@V?$allocator@U?$pair@$$CBUData@Guid@RBX@@PAVInstance@3@@std@@@6@$0A@@std@@@2@ABUData@Guid@RBX@@@Z,
0x10048560,0x3b,library,?_Ubound@?$_Tree@V?$_Tmap_traits@UData@Guid@RBX@@PAVInstance@3@U?$less@UData@Guid@RBX@@@std@@V?$allocator@U?$pair@$$CBUData@Guid@RBX@@PAVInstance@3@@std@@@6@$0A@@std@@@std@@IBEPAU_Node@?$_Tree_nod@V?$_Tmap_traits@UData@Guid@RBX@@PAVInstance@3@U?$less@UData@Guid@RBX@@@std@@V?$allocator@U?$pair@$$CBUData@Guid@RBX@@PAVInstance@3@@std@@@6@$0A@@std@@@2@ABUData@Guid@RBX@@@Z,
0x10048e00,0x3d,library,??$_Distance2@Viterator@?$_Tree@V?$_Tmap_traits@UData@Guid@RBX@@PAVInstance@3@U?$less@UData@Guid@RBX@@@std@@V?$allocator@U?$pair@$$CBUData@Guid@RBX@@PAVInstance@3@@std@@@6@$0A@@std@@@std@@I@std@@YAXViterator@?$_Tree@V?$_Tmap_traits@UData@Guid@RBX@@PAVInstance@3@U?$less@UData@Guid@RBX@@@std@@V?$allocator@U?$pair@$$CBUData@Guid@RBX@@PAVInstance@3@@std@@@6@$0A@@std@@@0@0AAIUbidirectional_iterator_tag@0@@Z,
0x100496c0,0x2b8,library,?erase@?$_Tree@V?$_Tmap_traits@UData@Guid@RBX@@PAVInstance@3@U?$less@UData@Guid@RBX@@@std@@V?$allocator@U?$pair@$$CBUData@Guid@RBX@@PAVInstance@3@@std@@@6@$0A@@std@@@std@@QAE?AViterator@12@V312@@Z,
0x10049a50,0x3d,library,??$_Uninit_copy@PAV?$shared_ptr@VScript@RBX@@@boost@@PAV12@V?$allocator@V?$shared_ptr@VScript@RBX@@@boost@@@std@@@std@@YAPAV?$shared_ptr@VScript@RBX@@@boost@@PAV12@00AAV?$allocator@V?$shared_ptr@VScript@RBX@@@boost@@@0@U_Nonscalar_ptr_iterator_tag@0@U_Range_checked_iterator_tag@0@@Z,
0x10049f40,0xcb,library,?erase@?$_Tree@V?$_Tmap_traits@UData@Guid@RBX@@PAVInstance@3@U?$less@UData@Guid@RBX@@@std@@V?$allocator@U?$pair@$$CBUData@Guid@RBX@@PAVInstance@3@@std@@@6@$0A@@std@@@std@@QAE?AViterator@12@V312@0@Z,
0x1004a280,0x6d,library,?erase@?$_Tree@V?$_Tmap_traits@UData@Guid@RBX@@PAVInstance@3@U?$less@UData@Guid@RBX@@@std@@V?$allocator@U?$pair@$$CBUData@Guid@RBX@@PAVInstance@3@@std@@@6@$0A@@std@@@std@@QAEIABUData@Guid@RBX@@@Z,
0x1004a2f0,0x41,library,??$for_each@V?$_Vector_const_iterator@V?$shared_ptr@VInstance@RBX@@@boost@@V?$allocator@V?$shared_ptr@VInstance@RBX@@@boost@@@std@@@std@@V?$bind_t@XV?$mf0@XVInstance@RBX@@@_mfi@boost@@V?$list1@V?$arg@$00@boost@@@_bi@3@@_bi@boost@@@std@@YA?AV?$bind_t@XV?$mf0@XVInstance@RBX@@@_mfi@boost@@V?$list1@V?$arg@$00@boost@@@_bi@3@@_bi@boost@@V?$_Vector_const_iterator@V?$shared_ptr@VInstance@RBX@@@boost@@V?$allocator@V?$shared_ptr@VInstance@RBX@@@boost@@@std@@@0@0V123@@Z,
0x1004a490,0x34,library,??1?$map@UData@Guid@RBX@@PAVInstance@3@U?$less@UData@Guid@RBX@@@std@@V?$allocator@U?$pair@$$CBUData@Guid@RBX@@PAVInstance@3@@std@@@6@@std@@QAE@XZ,
0x1004a4d0,0x3f,library,??1?$vector@V?$shared_ptr@VInstance@RBX@@@boost@@V?$allocator@V?$shared_ptr@VInstance@RBX@@@boost@@@std@@@std@@QAE@XZ,
0x1004a510,0x61,library,?erase@?$vector@V?$shared_ptr@VInstance@RBX@@@boost@@V?$allocator@V?$shared_ptr@VInstance@RBX@@@boost@@@std@@@std@@QAE?AV?$_Vector_iterator@V?$shared_ptr@VInstance@RBX@@@boost@@V?$allocator@V?$shared_ptr@VInstance@RBX@@@boost@@@std@@@2@V32@@Z,
0x1004a580,0xdc,library,??0?$vector@V?$shared_ptr@VInstance@RBX@@@boost@@V?$allocator@V?$shared_ptr@VInstance@RBX@@@boost@@@std@@@std@@QAE@ABV01@@Z,
0x1004a6c0,0x2ed,library,?erase@?$_Tree@V?$_Tmap_traits@PAVInstance@RBX@@VInstanceHandle@2@U?$less@PAVInstance@RBX@@@std@@V?$allocator@U?$pair@QAVInstance@RBX@@VInstanceHandle@2@@std@@@5@$0A@@std@@@std@@QAE?AViterator@12@V312@@Z,
0x1004b5d0,0x8d,library,?insert@?$vector@V?$shared_ptr@VInstance@RBX@@@boost@@V?$allocator@V?$shared_ptr@VInstance@RBX@@@boost@@@std@@@std@@QAE?AV?$_Vector_iterator@V?$shared_ptr@VInstance@RBX@@@boost@@V?$allocator@V?$shared_ptr@VInstance@RBX@@@boost@@@std@@@2@V32@ABV?$shared_ptr@VInstance@RBX@@@boost@@@Z,
0x1004bb30,0xcb,library,?erase@?$_Tree@V?$_Tmap_traits@PAVInstance@RBX@@VInstanceHandle@2@U?$less@PAVInstance@RBX@@@std@@V?$allocator@U?$pair@QAVInstance@RBX@@VInstanceHandle@2@@std@@@5@$0A@@std@@@std@@QAE?AViterator@12@V312@0@Z,
0x1004c1e0,0x83,library,?push_back@?$vector@V?$shared_ptr@VInstance@RBX@@@boost@@V?$allocator@V?$shared_ptr@VInstance@RBX@@@boost@@@std@@@std@@QAEXABV?$shared_ptr@VInstance@RBX@@@boost@@@Z,
0x1004f4d0,0x16,library,??R?$less@VContentId@RBX@@@std@@QBE_NABVContentId@RBX@@0@Z,
0x1004f550,0x1c,library,?_Max@?$_Tree@V?$_Tmap_traits@PBVInstance@RBX@@UReplicationData@Replicator@Network@2@U?$less@PBVInstance@RBX@@@std@@V?$allocator@U?$pair@QBVInstance@RBX@@UReplicationData@Replicator@Network@2@@std@@@7@$0A@@std@@@std@@KAPAU_Node@?$_Tree_nod@V?$_Tmap_traits@PBVInstance@RBX@@UReplicationData@Replicator@Network@2@U?$less@PBVInstance@RBX@@@std@@V?$allocator@U?$pair@QBVInstance@RBX@@UReplicationData@Replicator@Network@2@@std@@@7@$0A@@std@@@2@PAU342@@Z,
0x1004f570,0x4e,library,?_Lrotate@?$_Tree@V?$_Tmap_traits@V?$basic_string@DU?$char_traits@D@std@@V?$allocator@D@2@@std@@V12@U?$less@V?$basic_string@DU?$char_traits@D@std@@V?$allocator@D@2@@std@@@2@V?$allocator@U?$pair@$$CBV?$basic_string@DU?$char_traits@D@std@@V?$allocator@D@2@@std@@V12@@std@@@2@$0A@@std@@@std@@IAEXPAU_Node@?$_Tree_nod@V?$_Tmap_traits@V?$basic_string@DU?$char_traits@D@std@@V?$allocator@D@2@@std@@V12@U?$less@V?$basic_string@DU?$char_traits@D@std@@V?$allocator@D@2@@std@@@2@V?$allocator@U?$pair@$$CBV?$basic_string@DU?$char_traits@D@std@@V?$allocator@D@2@@std@@V12@@std@@@2@$0A@@std@@@2@@Z,
0x1004f5c0,0x1c,library,?_Max@?$_Tree@V?$_Tmap_traits@V?$basic_string@DU?$char_traits@D@std@@V?$allocator@D@2@@std@@V12@U?$less@V?$basic_string@DU?$char_traits@D@std@@V?$allocator@D@2@@std@@@2@V?$allocator@U?$pair@$$CBV?$basic_string@DU?$char_traits@D@std@@V?$allocator@D@2@@std@@V12@@std@@@2@$0A@@std@@@std@@KAPAU_Node@?$_Tree_nod@V?$_Tmap_traits@V?$basic_string@DU?$char_traits@D@std@@V?$allocator@D@2@@std@@V12@U?$less@V?$basic_string@DU?$char_traits@D@std@@V?$allocator@D@2@@std@@@2@V?$allocator@U?$pair@$$CBV?$basic_string@DU?$char_traits@D@std@@V?$allocator@D@2@@std@@V12@@std@@@2@$0A@@std@@@2@PAU342@@Z,
0x1004f5e0,0x1b,library,?_Min@?$_Tree@V?$_Tmap_traits@V?$basic_string@DU?$char_traits@D@std@@V?$allocator@D@2@@std@@V12@U?$less@V?$basic_string@DU?$char_traits@D@std@@V?$allocator@D@2@@std@@@2@V?$allocator@U?$pair@$$CBV?$basic_string@DU?$char_traits@D@std@@V?$allocator@D@2@@std@@V12@@std@@@2@$0A@@std@@@std@@KAPAU_Node@?$_Tree_nod@V?$_Tmap_traits@V?$basic_string@DU?$char_traits@D@std@@V?$allocator@D@2@@std@@V12@U?$less@V?$basic_string@DU?$char_traits@D@std@@V?$allocator@D@2@@std@@@2@V?$allocator@U?$pair@$$CBV?$basic_string@DU?$char_traits@D@std@@V?$allocator@D@2@@std@@V12@@std@@@2@$0A@@std@@@2@PAU342@@Z,
0x1004f600,0x52,library,?_Rrotate@?$_Tree@V?$_Tmap_traits@V?$basic_string@DU?$char_traits@D@std@@V?$allocator@D@2@@std@@V12@U?$less@V?$basic_string@DU?$char_traits@D@std@@V?$allocator@D@2@@std@@@2@V?$allocator@U?$pair@$$CBV?$basic_string@DU?$char_traits@D@std@@V?$allocator@D@2@@std@@V12@@std@@@2@$0A@@std@@@std@@IAEXPAU_Node@?$_Tree_nod@V?$_Tmap_traits@V?$basic_string@DU?$char_traits@D@std@@V?$allocator@D@2@@std@@V12@U?$less@V?$basic_string@DU?$char_traits@D@std@@V?$allocator@D@2@@std@@@2@V?$allocator@U?$pair@$$CBV?$basic_string@DU?$char_traits@D@std@@V?$allocator@D@2@@std@@V12@@std@@@2@$0A@@std@@@2@@Z,
0x1004f660,0x6c,library,?_Inc@const_iterator@?$_Tree@V?$_Tmap_traits@PBVInstance@RBX@@UReplicationData@Replicator@Network@2@U?$less@PBVInstance@RBX@@@std@@V?$allocator@U?$pair@QBVInstance@RBX@@UReplicationData@Replicator@Network@2@@std@@@7@$0A@@std@@@std@@QAEXXZ,
0x1004f6d0,0x6c,library,?_Inc@const_iterator@?$_Tree@V?$_Tmap_traits@V?$basic_string@DU?$char_traits@D@std@@V?$allocator@D@2@@std@@V12@U?$less@V?$basic_string@DU?$char_traits@D@std@@V?$allocator@D@2@@std@@@2@V?$allocator@U?$pair@$$CBV?$basic_string@DU?$char_traits@D@std@@V?$allocator@D@2@@std@@V12@@std@@@2@$0A@@std@@@std@@QAEXXZ,
0x1004f880,0x54,library,??$_Construct@VContentId@RBX@@V12@@std@@YAXPAVContentId@RBX@@ABV12@@Z,
0x1004f8e0,0x4e,library,??1?$pair@$$CBV?$basic_string@DU?$char_traits@D@std@@V?$allocator@D@2@@std@@V12@@std@@QAE@XZ,
0x1004fd70,0x46,library,?_Lbound@?$_Tree@V?$_Tmap_traits@VContentId@RBX@@UCachedContent@ContentProvider@2@U?$less@VContentId@RBX@@@std@@V?$allocator@U?$pair@$$CBVContentId@RBX@@UCachedContent@ContentProvider@2@@std@@@6@$0A@@std@@@std@@IBEPAU_Node@?$_Tree_nod@V?$_Tmap_traits@VContentId@RBX@@UCachedContent@ContentProvider@2@U?$less@VContentId@RBX@@@std@@V?$allocator@U?$pair@$$CBVContentId@RBX@@UCachedContent@ContentProvider@2@@std@@@6@$0A@@std@@@2@ABVContentId@RBX@@@Z,
0x100500b0,0x5a,library,??$_Construct@UFailedUrl@ContentProvider@RBX@@U123@@std@@YAXPAUFailedUrl@ContentProvider@RBX@@ABU123@@Z,
0x10050200,0x19,library,??1?$auto_ptr@VXmlElement@@@std@@QAE@XZ,
0x10050220,0x4d,library,??1?$pair@$$CBVContentId@RBX@@UCachedContent@ContentProvider@2@@std@@QAE@XZ,
0x10050270,0x1a,library,?_Buynode@?$list@UFailedUrl@ContentProvider@RBX@@V?$allocator@UFailedUrl@ContentProvider@RBX@@@std@@@std@@IAEPAU_Node@?$_List_nod@UFailedUrl@ContentProvider@RBX@@V?$allocator@UFailedUrl@ContentProvider@RBX@@@std@@@2@XZ,
0x10050290,0x57,library,??0?$pair@$$CBVContentId@RBX@@UCachedContent@ContentProvider@2@@std@@QAE@ABVContentId@RBX@@ABUCachedContent@ContentProvider@3@@Z,
0x100503b0,0x87,library,?_Buynode@?$list@VContentId@RBX@@V?$allocator@VContentId@RBX@@@std@@@std@@IAEPAU_Node@?$_List_nod@VContentId@RBX@@V?$allocator@VContentId@RBX@@@std@@@2@PAU342@0ABVContentId@RBX@@@Z,
0x10050440,0x9a,library,?_Incsize@?$list@VContentId@RBX@@V?$allocator@VContentId@RBX@@@std@@@std@@IAEXI@Z,
0x100504e0,0x37,library,?_Buynode@?$_Tree@V?$_Tmap_traits@V?$basic_string@DU?$char_traits@D@std@@V?$allocator@D@2@@std@@V12@U?$less@V?$basic_string@DU?$char_traits@D@std@@V?$allocator@D@2@@std@@@2@V?$allocator@U?$pair@$$CBV?$basic_string@DU?$char_traits@D@std@@V?$allocator@D@2@@std@@V12@@std@@@2@$0A@@std@@@std@@IAEPAU_Node@?$_Tree_nod@V?$_Tmap_traits@V?$basic_string@DU?$char_traits@D@std@@V?$allocator@D@2@@std@@V12@U?$less@V?$basic_string@DU?$char_traits@D@std@@V?$allocator@D@2@@std@@@2@V?$allocator@U?$pair@$$CBV?$basic_string@DU?$char_traits@D@std@@V?$allocator@D@2@@std@@V12@@std@@@2@$0A@@std@@@2@XZ,
0x10050520,0x54,library,??0?$pair@$$CBVContentId@RBX@@UCachedContent@ContentProvider@2@@std@@QAE@ABU01@@Z,
0x10050610,0x3e,library,??$_Find@V?$_Iterator@$0A@@?$list@VContentId@RBX@@V?$allocator@VContentId@RBX@@@std@@@std@@VContentId@RBX@@@std@@YA?AV?$_Iterator@$0A@@?$list@VContentId@RBX@@V?$allocator@VContentId@RBX@@@std@@@0@V120@0ABVContentId@RBX@@@Z,
0x100507b0,0x68,library,?_Tidy@?$deque@PAVXmlElement@@V?$allocator@PAVXmlElement@@@std@@@std@@IAEXXZ,
0x10050820,0x87,library,?_Buynode@?$list@UFailedUrl@ContentProvider@RBX@@V?$allocator@UFailedUrl@ContentProvider@RBX@@@std@@@std@@IAEPAU_Node@?$_List_nod@UFailedUrl@ContentProvider@RBX@@V?$allocator@UFailedUrl@ContentProvider@RBX@@@std@@@2@PAU342@0ABUFailedUrl@ContentProvider@RBX@@@Z,
0x100508e0,0x32,library,?push_back@?$list@VContentId@RBX@@V?$allocator@VContentId@RBX@@@std@@@std@@QAEXABVContentId@RBX@@@Z,
0x10050920,0x69,library,?find@?$_Tree@V?$_Tmap_traits@VContentId@RBX@@UCachedContent@ContentProvider@2@U?$less@VContentId@RBX@@@std@@V?$allocator@U?$pair@$$CBVContentId@RBX@@UCachedContent@ContentProvider@2@@std@@@6@$0A@@std@@@std@@QAE?AViterator@12@ABVContentId@RBX@@@Z,
0x10050990,0x69,library,?erase@?$list@VContentId@RBX@@V?$allocator@VContentId@RBX@@@std@@@std@@QAE?AV?$_Iterator@$00@12@V312@@Z,
0x10050a00,0x3f,library,?clear@?$list@UFailedUrl@ContentProvider@RBX@@V?$allocator@UFailedUrl@ContentProvider@RBX@@@std@@@std@@QAEXXZ,
0x10050a40,0x94,library,?_Buynode@?$_Tree@V?$_Tmap_traits@VContentId@RBX@@UCachedContent@ContentProvider@2@U?$less@VContentId@RBX@@@std@@V?$allocator@U?$pair@$$CBVContentId@RBX@@UCachedContent@ContentProvider@2@@std@@@6@$0A@@std@@@std@@IAEPAU_Node@?$_Tree_nod@V?$_Tmap_traits@VContentId@RBX@@UCachedContent@ContentProvider@2@U?$less@VContentId@RBX@@@std@@V?$allocator@U?$pair@$$CBVContentId@RBX@@UCachedContent@ContentProvider@2@@std@@@6@$0A@@std@@@2@PAU342@00ABU?$pair@$$CBVContentId@RBX@@UCachedContent@ContentProvider@2@@2@D@Z,
0x10050de0,0x1d,library,??1?$list@UFailedUrl@ContentProvider@RBX@@V?$allocator@UFailedUrl@ContentProvider@RBX@@@std@@@std@@QAE@XZ,
0x10050e00,0x34,library,?push_front@?$list@UFailedUrl@ContentProvider@RBX@@V?$allocator@UFailedUrl@ContentProvider@RBX@@@std@@@std@@QAEXABUFailedUrl@ContentProvider@RBX@@@Z,
0x10050e40,0xd3,library,?erase@?$list@UFailedUrl@ContentProvider@RBX@@V?$allocator@UFailedUrl@ContentProvider@RBX@@@std@@@std@@QAE?AV?$_Iterator@$00@12@V312@0@Z,
0x10051020,0x1fc,library,?_Insert@?$_Tree@V?$_Tmap_traits@VContentId@RBX@@UCachedContent@ContentProvider@2@U?$less@VContentId@RBX@@@std@@V?$allocator@U?$pair@$$CBVContentId@RBX@@UCachedContent@ContentProvider@2@@std@@@6@$0A@@std@@@std@@IAE?AViterator@12@_NPAU_Node@?$_Tree_nod@V?$_Tmap_traits@VContentId@RBX@@UCachedContent@ContentProvider@2@U?$less@VContentId@RBX@@@std@@V?$allocator@U?$pair@$$CBVContentId@RBX@@UCachedContent@ContentProvider@2@@std@@@6@$0A@@std@@@2@ABU?$pair@$$CBVContentId@RBX@@UCachedContent@ContentProvider@2@@2@@Z,
0x10051220,0x2e3,library,?erase@?$_Tree@V?$_Tmap_traits@VContentId@RBX@@UCachedContent@ContentProvider@2@U?$less@VContentId@RBX@@@std@@V?$allocator@U?$pair@$$CBVContentId@RBX@@UCachedContent@ContentProvider@2@@std@@@6@$0A@@std@@@std@@QAE?AViterator@12@V312@@Z,
0x10051510,0x2e4,library,?erase@?$_Tree@V?$_Tmap_traits@V?$basic_string@DU?$char_traits@D@std@@V?$allocator@D@2@@std@@V12@U?$less@V?$basic_string@DU?$char_traits@D@std@@V?$allocator@D@2@@std@@@2@V?$allocator@U?$pair@$$CBV?$basic_string@DU?$char_traits@D@std@@V?$allocator@D@2@@std@@V12@@std@@@2@$0A@@std@@@std@@QAE?AViterator@12@V312@@Z,
0x10051800,0x82,library,?_Erase@?$_Tree@V?$_Tmap_traits@V?$basic_string@DU?$char_traits@D@std@@V?$allocator@D@2@@std@@V12@U?$less@V?$basic_string@DU?$char_traits@D@std@@V?$allocator@D@2@@std@@@2@V?$allocator@U?$pair@$$CBV?$basic_string@DU?$char_traits@D@std@@V?$allocator@D@2@@std@@V12@@std@@@2@$0A@@std@@@std@@IAEXPAU_Node@?$_Tree_nod@V?$_Tmap_traits@V?$basic_string@DU?$char_traits@D@std@@V?$allocator@D@2@@std@@V12@U?$less@V?$basic_string@DU?$char_traits@D@std@@V?$allocator@D@2@@std@@@2@V?$allocator@U?$pair@$$CBV?$basic_string@DU?$char_traits@D@std@@V?$allocator@D@2@@std@@V12@@std@@@2@$0A@@std@@@2@@Z,
0x10051890,0x43,library,??$find@V?$_Iterator@$00@?$list@VContentId@RBX@@V?$allocator@VContentId@RBX@@@std@@@std@@VContentId@RBX@@@std@@YA?AV?$_Iterator@$00@?$list@VContentId@RBX@@V?$allocator@VContentId@RBX@@@std@@@0@V120@0ABVContentId@RBX@@@Z,
0x100519e0,0x81,library,?_Erase@?$_Tree@V?$_Tmap_traits@VContentId@RBX@@UCachedContent@ContentProvider@2@U?$less@VContentId@RBX@@@std@@V?$allocator@U?$pair@$$CBVContentId@RBX@@UCachedContent@ContentProvider@2@@std@@@6@$0A@@std@@@std@@IAEXPAU_Node@?$_Tree_nod@V?$_Tmap_traits@VContentId@RBX@@UCachedContent@ContentProvider@2@U?$less@VContentId@RBX@@@std@@V?$allocator@U?$pair@$$CBVContentId@RBX@@UCachedContent@ContentProvider@2@@std@@@6@$0A@@std@@@2@@Z,
0x10051a70,0xf3,library,?insert@?$_Tree@V?$_Tmap_traits@VContentId@RBX@@UCachedContent@ContentProvider@2@U?$less@VContentId@RBX@@@std@@V?$allocator@U?$pair@$$CBVContentId@RBX@@UCachedContent@ContentProvider@2@@std@@@6@$0A@@std@@@std@@QAE?AU?$pair@Viterator@?$_Tree@V?$_Tmap_traits@VContentId@RBX@@UCachedContent@ContentProvider@2@U?$less@VContentId@RBX@@@std@@V?$allocator@U?$pair@$$CBVContentId@RBX@@UCachedContent@ContentProvider@2@@std@@@6@$0A@@std@@@std@@_N@2@ABU?$pair@$$CBVContentId@RBX@@UCachedContent@ContentProvider@2@@2@@Z,
0x10052240,0x206,library,?insert@?$_Tree@V?$_Tmap_traits@VContentId@RBX@@UCachedContent@ContentProvider@2@U?$less@VContentId@RBX@@@std@@V?$allocator@U?$pair@$$CBVContentId@RBX@@UCachedContent@ContentProvider@2@@std@@@6@$0A@@std@@@std@@QAE?AViterator@12@V312@ABU?$pair@$$CBVContentId@RBX@@UCachedContent@ContentProvider@2@@2@@Z,
0x10052450,0xcb,library,?erase@?$_Tree@V?$_Tmap_traits@VContentId@RBX@@UCachedContent@ContentProvider@2@U?$less@VContentId@RBX@@@std@@V?$allocator@U?$pair@$$CBVContentId@RBX@@UCachedContent@ContentProvider@2@@std@@@6@$0A@@std@@@std@@QAE?AViterator@12@V312@0@Z,
0x10052520,0xcb,library,?erase@?$_Tree@V?$_Tmap_traits@V?$basic_string@DU?$char_traits@D@std@@V?$allocator@D@2@@std@@V12@U?$less@V?$basic_string@DU?$char_traits@D@std@@V?$allocator@D@2@@std@@@2@V?$allocator@U?$pair@$$CBV?$basic_string@DU?$char_traits@D@std@@V?$allocator@D@2@@std@@V12@@std@@@2@$0A@@std@@@std@@QAE?AViterator@12@V312@0@Z,
0x10052c30,0xd4,library,??A?$map@VContentId@RBX@@UCachedContent@ContentProvider@2@U?$less@VContentId@RBX@@@std@@V?$allocator@U?$pair@$$CBVContentId@RBX@@UCachedContent@ContentProvider@2@@std@@@6@@std@@QAEAAUCachedContent@ContentProvider@RBX@@ABVContentId@4@@Z,
0x10053760,0x22,library,??_E?$basic_istringstream@DU?$char_traits@D@std@@V?$allocator@D@2@@std@@UAEPAXI@Z,
0x10053790,0x22,library,??_E?$basic_ifstream@DU?$char_traits@D@std@@@std@@UAEPAXI@Z,
0x100537c0,0x34,library,??1?$map@VContentId@RBX@@UCachedContent@ContentProvider@2@U?$less@VContentId@RBX@@@std@@V?$allocator@U?$pair@$$CBVContentId@RBX@@UCachedContent@ContentProvider@2@@std@@@6@@std@@QAE@XZ,
0x10054350,0x4e,library,?_Lrotate@?$_Tree@V?$_Tmap_traits@HPAVName@RBX@@U?$less@H@std@@V?$allocator@U?$pair@$$CBHPAVName@RBX@@@std@@@4@$0A@@std@@@std@@IAEXPAU_Node@?$_Tree_nod@V?$_Tmap_traits@HPAVName@RBX@@U?$less@H@std@@V?$allocator@U?$pair@$$CBHPAVName@RBX@@@std@@@4@$0A@@std@@@2@@Z,
0x10057e70,0x52,library,?_Rrotate@?$_Tree@V?$_Tmap_traits@EV?$basic_string@DU?$char_traits@D@std@@V?$allocator@D@2@@std@@U?$less@E@2@V?$allocator@U?$pair@$$CBEV?$basic_string@DU?$char_traits@D@std@@V?$allocator@D@2@@std@@@std@@@2@$0A@@std@@@std@@IAEXPAU_Node@?$_Tree_nod@V?$_Tmap_traits@EV?$basic_string@DU?$char_traits@D@std@@V?$allocator@D@2@@std@@U?$less@E@2@V?$allocator@U?$pair@$$CBEV?$basic_string@DU?$char_traits@D@std@@V?$allocator@D@2@@std@@@std@@@2@$0A@@std@@@2@@Z,
0x10057f40,0x2b8,library,?erase@?$_Tree@V?$_Tmap_traits@PBVName@RBX@@W4SurfaceType@2@U?$less@PBVName@RBX@@@std@@V?$allocator@U?$pair@QBVName@RBX@@W4SurfaceType@2@@std@@@5@$0A@@std@@@std@@QAE?AViterator@12@V312@@Z,
0x10058200,0x69,library,?find@?$_Tree@V?$_Tmap_traits@V?$basic_string@DU?$char_traits@D@std@@V?$allocator@D@2@@std@@EU?$less@V?$basic_string@DU?$char_traits@D@std@@V?$allocator@D@2@@std@@@2@V?$allocator@U?$pair@$$CBV?$basic_string@DU?$char_traits@D@std@@V?$allocator@D@2@@std@@E@std@@@2@$0A@@std@@@std@@QAE?AViterator@12@ABV?$basic_string@DU?$char_traits@D@std@@V?$allocator@D@2@@2@@Z,
0x10058270,0xb9,library,?insert@?$_Tree@V?$_Tmap_traits@HPAVName@RBX@@U?$less@H@std@@V?$allocator@U?$pair@$$CBHPAVName@RBX@@@std@@@4@$0A@@std@@@std@@QAE?AU?$pair@Viterator@?$_Tree@V?$_Tmap_traits@HPAVName@RBX@@U?$less@H@std@@V?$allocator@U?$pair@$$CBHPAVName@RBX@@@std@@@4@$0A@@std@@@std@@_N@2@ABU?$pair@$$CBHPAVName@RBX@@@2@@Z,
0x10058330,0xcb,library,?erase@?$_Tree@V?$_Tmap_traits@HPAVName@RBX@@U?$less@H@std@@V?$allocator@U?$pair@$$CBHPAVName@RBX@@@std@@@4@$0A@@std@@@std@@QAE?AViterator@12@V312@0@Z,
0x10058400,0x1be,library,?insert@?$_Tree@V?$_Tmap_traits@HPAVName@RBX@@U?$less@H@std@@V?$allocator@U?$pair@$$CBHPAVName@RBX@@@std@@@4@$0A@@std@@@std@@QAE?AViterator@12@V312@ABU?$pair@$$CBHPAVName@RBX@@@2@@Z,
0x100585c0,0x7f,library,??A?$map@HPAVName@RBX@@U?$less@H@std@@V?$allocator@U?$pair@$$CBHPAVName@RBX@@@std@@@4@@std@@QAEAAPAVName@RBX@@ABH@Z,
0x10058c50,0x1c,library,?_Max@?$_Tree@V?$_Tmap_traits@PAVInstance@RBX@@VInstanceHandle@2@U?$less@PAVInstance@RBX@@@std@@V?$allocator@U?$pair@QAVInstance@RBX@@VInstanceHandle@2@@std@@@5@$0A@@std@@@std@@KAPAU_Node@?$_Tree_nod@V?$_Tmap_traits@PAVInstance@RBX@@VInstanceHandle@2@U?$less@PAVInstance@RBX@@@std@@V?$allocator@U?$pair@QAVInstance@RBX@@VInstanceHandle@2@@std@@@5@$0A@@std@@@2@PAU342@@Z,
0x10059460,0xed,library,??A?$map@PBVName@RBX@@V?$shared_ptr@VInstance@RBX@@@boost@@U?$less@PBVName@RBX@@@std@@V?$allocator@U?$pair@QBVName@RBX@@V?$shared_ptr@VInstance@RBX@@@boost@@@std@@@6@@std@@QAEAAV?$shared_ptr@VInstance@RBX@@@boost@@ABQBVName@RBX@@@Z,
0x1005ee30,0x71,library,?_Xran@?$vector@VValue@Reflection@RBX@@V?$allocator@VValue@Reflection@RBX@@@std@@@std@@KAXXZ,
0x1005f290,0x5c,library,??$_Allocate@V?$shared_ptr@VScript@RBX@@@boost@@@std@@YAPAV?$shared_ptr@VScript@RBX@@@boost@@IPAV12@@Z,
0x100602e0,0x52,library,?_Rrotate@?$_Tree@V?$_Tset_traits@PAVAssembly@RBX@@U?$less@PAVAssembly@RBX@@@std@@V?$allocator@PAVAssembly@RBX@@@4@$0A@@std@@@std@@IAEXPAU_Node@?$_Tree_nod@V?$_Tset_traits@PAVAssembly@RBX@@U?$less@PAVAssembly@RBX@@@std@@V?$allocator@PAVAssembly@RBX@@@4@$0A@@std@@@2@@Z,
0x100607f0,0x7c,library,??$_Copy_opt@PAV?$shared_ptr@VScript@RBX@@@boost@@PAV12@Uforward_iterator_tag@std@@@std@@YAPAV?$shared_ptr@VScript@RBX@@@boost@@PAV12@00Uforward_iterator_tag@0@U_Nonscalar_ptr_iterator_tag@0@U_Range_checked_iterator_tag@0@@Z,
0x10060b90,0x7c,library,??$_Copy_backward_opt@PAV?$shared_ptr@VScript@RBX@@@boost@@PAV12@Uforward_iterator_tag@std@@@std@@YAPAV?$shared_ptr@VScript@RBX@@@boost@@PAV12@00Uforward_iterator_tag@0@U_Nonscalar_ptr_iterator_tag@0@U_Range_checked_iterator_tag@0@@Z,
0x100621a0,0x3d,library,??$_Distance2@Viterator@?$_Tree@V?$_Tset_traits@PAVAssembly@RBX@@U?$less@PAVAssembly@RBX@@@std@@V?$allocator@PAVAssembly@RBX@@@4@$0A@@std@@@std@@I@std@@YAXViterator@?$_Tree@V?$_Tset_traits@PAVAssembly@RBX@@U?$less@PAVAssembly@RBX@@@std@@V?$allocator@PAVAssembly@RBX@@@4@$0A@@std@@@0@0AAIUbidirectional_iterator_tag@0@@Z,
0x10062290,0x71,library,??$_Fill@PAV?$shared_ptr@VScript@RBX@@@boost@@V12@@std@@YAXPAV?$shared_ptr@VScript@RBX@@@boost@@0ABV12@@Z,
0x10063400,0x88,library,??$for_each@Viterator@?$_Tree@V?$_Tset_traits@PAVScript@RBX@@U?$less@PAVScript@RBX@@@std@@V?$allocator@PAVScript@RBX@@@4@$0A@@std@@@std@@V?$bind_t@XV?$mf1@XVScriptContext@RBX@@PAVScript@2@@_mfi@boost@@V?$list2@V?$value@PAVScriptContext@RBX@@@_bi@boost@@V?$arg@$00@3@@_bi@3@@_bi@boost@@@std@@YA?AV?$bind_t@XV?$mf1@XVScriptContext@RBX@@PAVScript@2@@_mfi@boost@@V?$list2@V?$value@PAVScriptContext@RBX@@@_bi@boost@@V?$arg@$00@3@@_bi@3@@_bi@boost@@Viterator@?$_Tree@V?$_Tset_traits@PAVScript@RBX@@U?$less@PAVScript@RBX@@@std@@V?$allocator@PAVScript@RBX@@@4@$0A@@std@@@0@0V123@@Z,
0x10063490,0x66,library,??$for_each@V?$_Vector_iterator@V?$shared_ptr@VScript@RBX@@@boost@@V?$allocator@V?$shared_ptr@VScript@RBX@@@boost@@@std@@@std@@V?$bind_t@XV?$mf1@XVScriptContext@RBX@@V?$shared_ptr@VScript@RBX@@@boost@@@_mfi@boost@@V?$list2@V?$value@PAVScriptContext@RBX@@@_bi@boost@@V?$arg@$00@3@@_bi@3@@_bi@boost@@@std@@YA?AV?$bind_t@XV?$mf1@XVScriptContext@RBX@@V?$shared_ptr@VScript@RBX@@@boost@@@_mfi@boost@@V?$list2@V?$value@PAVScriptContext@RBX@@@_bi@boost@@V?$arg@$00@3@@_bi@3@@_bi@boost@@V?$_Vector_iterator@V?$shared_ptr@VScript@RBX@@@boost@@V?$allocator@V?$shared_ptr@VScript@RBX@@@boost@@@std@@@0@0V123@@Z,
0x10063500,0x4c,library,??$_Unchecked_move_backward@PAV?$shared_ptr@VScript@RBX@@@boost@@PAV12@@stdext@@YAPAV?$shared_ptr@VScript@RBX@@@boost@@PAV12@00@Z,
0x100635e0,0x4c,library,??$_Destroy_range@V?$shared_ptr@VScript@RBX@@@boost@@V?$allocator@V?$shared_ptr@VScript@RBX@@@boost@@@std@@@std@@YAXPAV?$shared_ptr@VScript@RBX@@@boost@@0AAV?$allocator@V?$shared_ptr@VScript@RBX@@@boost@@@0@U_Nonscalar_ptr_iterator_tag@0@@Z,
0x10063630,0x3d,library,??$_Uninit_fill_n@PAV?$shared_ptr@VScript@RBX@@@boost@@IV12@V?$allocator@V?$shared_ptr@VScript@RBX@@@boost@@@std@@@std@@YAXPAV?$shared_ptr@VScript@RBX@@@boost@@IABV12@AAV?$allocator@V?$shared_ptr@VScript@RBX@@@boost@@@0@U_Nonscalar_ptr_iterator_tag@0@U_Range_checked_iterator_tag@0@@Z,
0x100638e0,0x83,library,??0?$_Tree@V?$_Tset_traits@PAVScript@RBX@@U?$less@PAVScript@RBX@@@std@@V?$allocator@PAVScript@RBX@@@4@$0A@@std@@@std@@QAE@ABV01@@Z,
0x10063a70,0x4c,library,??$_Destroy_range@UWaitingThread@YieldingThreads@Lua@RBX@@V?$allocator@UWaitingThread@YieldingThreads@Lua@RBX@@@std@@@std@@YAXPAUWaitingThread@YieldingThreads@Lua@RBX@@0AAV?$allocator@UWaitingThread@YieldingThreads@Lua@RBX@@@0@U_Nonscalar_ptr_iterator_tag@0@@Z,
0x10063ac0,0x1b,library,?_Destroy@?$vector@V?$shared_ptr@VScript@RBX@@@boost@@V?$allocator@V?$shared_ptr@VScript@RBX@@@boost@@@std@@@std@@IAEXPAV?$shared_ptr@VScript@RBX@@@boost@@0@Z,
0x10063ae0,0x3f,library,??1?$vector@V?$shared_ptr@VScript@RBX@@@boost@@V?$allocator@V?$shared_ptr@VScript@RBX@@@boost@@@std@@@std@@QAE@XZ,
0x10063b20,0x33,library,?_Ufill@?$vector@V?$shared_ptr@VScript@RBX@@@boost@@V?$allocator@V?$shared_ptr@VScript@RBX@@@boost@@@std@@@std@@IAEPAV?$shared_ptr@VScript@RBX@@@boost@@PAV34@IABV34@@Z,
0x10063bf0,0xdc,library,??0?$vector@V?$shared_ptr@VScript@RBX@@@boost@@V?$allocator@V?$shared_ptr@VScript@RBX@@@boost@@@std@@@std@@QAE@ABV01@@Z,
0x10063cd0,0x61,library,?erase@?$vector@V?$shared_ptr@VScript@RBX@@@boost@@V?$allocator@V?$shared_ptr@VScript@RBX@@@boost@@@std@@@std@@QAE?AV?$_Vector_iterator@V?$shared_ptr@VScript@RBX@@@boost@@V?$allocator@V?$shared_ptr@VScript@RBX@@@boost@@@std@@@2@V32@@Z,
0x10063d40,0x7f,library,?erase@?$vector@V?$shared_ptr@VScript@RBX@@@boost@@V?$allocator@V?$shared_ptr@VScript@RBX@@@boost@@@std@@@std@@QAE?AV?$_Vector_iterator@V?$shared_ptr@VScript@RBX@@@boost@@V?$allocator@V?$shared_ptr@VScript@RBX@@@boost@@@std@@@2@V32@0@Z,
0x10063dc0,0x29,library,??$_Umove@PAV?$shared_ptr@VScript@RBX@@@boost@@@?$vector@V?$shared_ptr@VScript@RBX@@@boost@@V?$allocator@V?$shared_ptr@VScript@RBX@@@boost@@@std@@@std@@IAEPAV?$shared_ptr@VScript@RBX@@@boost@@PAV23@00@Z,
0x10063df0,0x1b,library,?_Destroy@?$vector@UWaitingThread@YieldingThreads@Lua@RBX@@V?$allocator@UWaitingThread@YieldingThreads@Lua@RBX@@@std@@@std@@IAEXPAUWaitingThread@YieldingThreads@Lua@RBX@@0@Z,
0x10063e10,0x58,library,?reset@?$auto_ptr@V?$vector@VValue@Reflection@RBX@@V?$allocator@VValue@Reflection@RBX@@@std@@@std@@@std@@QAEXPAV?$vector@VValue@Reflection@RBX@@V?$allocator@VValue@Reflection@RBX@@@std@@@2@@Z,
0x10063e70,0x2dc,library,?_Insert_n@?$vector@V?$shared_ptr@VScript@RBX@@@boost@@V?$allocator@V?$shared_ptr@VScript@RBX@@@boost@@@std@@@std@@IAEXV?$_Vector_iterator@V?$shared_ptr@VScript@RBX@@@boost@@V?$allocator@V?$shared_ptr@VScript@RBX@@@boost@@@std@@@2@IABV?$shared_ptr@VScript@RBX@@@boost@@@Z,
0x10064610,0x8d,library,?insert@?$vector@V?$shared_ptr@VScript@RBX@@@boost@@V?$allocator@V?$shared_ptr@VScript@RBX@@@boost@@@std@@@std@@QAE?AV?$_Vector_iterator@V?$shared_ptr@VScript@RBX@@@boost@@V?$allocator@V?$shared_ptr@VScript@RBX@@@boost@@@std@@@2@V32@ABV?$shared_ptr@VScript@RBX@@@boost@@@Z,
0x100646c0,0x3f,library,??1?$vector@UWaitingThread@YieldingThreads@Lua@RBX@@V?$allocator@UWaitingThread@YieldingThreads@Lua@RBX@@@std@@@std@@QAE@XZ,
0x10064a40,0x83,library,?push_back@?$vector@V?$shared_ptr@VScript@RBX@@@boost@@V?$allocator@V?$shared_ptr@VScript@RBX@@@boost@@@std@@@std@@QAEXABV?$shared_ptr@VScript@RBX@@@boost@@@Z,
0x1006a1d0,0x10,library,??1?$auto_ptr@VMouseCommand@RBX@@@std@@QAE@XZ,
0x1006c270,0x6e,library,??$for_each@V?$_Vector_const_iterator@V?$shared_ptr@VInstance@RBX@@@boost@@V?$allocator@V?$shared_ptr@VInstance@RBX@@@boost@@@std@@@std@@V?$bind_t@XP6AXV?$shared_ptr@VInstance@RBX@@@boost@@PAVAdorn@RBX@@W4SelectState@4@PAVWorkspace@4@@ZV?$list4@V?$arg@$00@boost@@V?$value@PAVAdorn@RBX@@@_bi@2@V?$value@W4SelectState@RBX@@@42@V?$value@PAVWorkspace@RBX@@@42@@_bi@2@@_bi@boost@@@std@@YA?AV?$bind_t@XP6AXV?$shared_ptr@VInstance@RBX@@@boost@@PAVAdorn@RBX@@W4SelectState@4@PAVWorkspace@4@@ZV?$list4@V?$arg@$00@boost@@V?$value@PAVAdorn@RBX@@@_bi@2@V?$value@W4SelectState@RBX@@@42@V?$value@PAVWorkspace@RBX@@@42@@_bi@2@@_bi@boost@@V?$_Vector_const_iterator@V?$shared_ptr@VInstance@RBX@@@boost@@V?$allocator@V?$shared_ptr@VInstance@RBX@@@boost@@@std@@@0@0V123@@Z,
0x1006d460,0x62,library,??$for_each@V?$_Vector_iterator@V?$shared_ptr@VScript@RBX@@@boost@@V?$allocator@V?$shared_ptr@VScript@RBX@@@boost@@@std@@@std@@V?$bind_t@XV?$mf1@XVScriptContext@RBX@@PAVScript@2@@_mfi@boost@@V?$list2@V?$value@PAVScriptContext@RBX@@@_bi@boost@@V?$bind_t@PAVScript@RBX@@V?$cmf0@PAVScript@RBX@@V?$shared_ptr@VScript@RBX@@@boost@@@_mfi@boost@@V?$list1@V?$arg@$00@boost@@@_bi@5@@23@@_bi@3@@_bi@boost@@@std@@YA?AV?$bind_t@XV?$mf1@XVScriptContext@RBX@@PAVScript@2@@_mfi@boost@@V?$list2@V?$value@PAVScriptContext@RBX@@@_bi@boost@@V?$bind_t@PAVScript@RBX@@V?$cmf0@PAVScript@RBX@@V?$shared_ptr@VScript@RBX@@@boost@@@_mfi@boost@@V?$list1@V?$arg@$00@boost@@@_bi@5@@23@@_bi@3@@_bi@boost@@V?$_Vector_iterator@V?$shared_ptr@VScript@RBX@@@boost@@V?$allocator@V?$shared_ptr@VScript@RBX@@@boost@@@std@@@0@0V123@@Z,
0x10071240,0x1a,library,?_Buynode@?$list@UItem@SignatureDescriptor@Reflection@RBX@@V?$allocator@UItem@SignatureDescriptor@Reflection@RBX@@@std@@@std@@IAEPAU_Node@?$_List_nod@UItem@SignatureDescriptor@Reflection@RBX@@V?$allocator@UItem@SignatureDescriptor@Reflection@RBX@@@std@@@2@XZ,
0x100719d0,0x1f,library,?size@?$vector@UStateEntry@?$StateStack@VXmlState@RBX@@@RBX@@V?$allocator@UStateEntry@?$StateStack@VXmlState@RBX@@@RBX@@@std@@@std@@QBEIXZ,
0x10071b30,0x5c,library,??$_Allocate@UStateEntry@?$StateStack@VXmlState@RBX@@@RBX@@@std@@YAPAUStateEntry@?$StateStack@VXmlState@RBX@@@RBX@@IPAU123@@Z,
0x10072410,0x3f,library,??$_Copy_opt@PAUStateEntry@?$StateStack@VXmlState@RBX@@@RBX@@PAU123@Uforward_iterator_tag@std@@@std@@YAPAUStateEntry@?$StateStack@VXmlState@RBX@@@RBX@@PAU123@00Uforward_iterator_tag@0@U_Nonscalar_ptr_iterator_tag@0@U_Range_checked_iterator_tag@0@@Z,
0x10072510,0x3f,library,??$_Copy_backward_opt@PAUStateEntry@?$StateStack@VXmlState@RBX@@@RBX@@PAU123@Uforward_iterator_tag@std@@@std@@YAPAUStateEntry@?$StateStack@VXmlState@RBX@@@RBX@@PAU123@00Uforward_iterator_tag@0@U_Nonscalar_ptr_iterator_tag@0@U_Range_checked_iterator_tag@0@@Z,
0x10072c90,0x4e,library,?_Lrotate@?$_Tree@V?$_Tmap_traits@PAVInstance@RBX@@VInstanceHandle@2@U?$less@PAVInstance@RBX@@@std@@V?$allocator@U?$pair@QAVInstance@RBX@@VInstanceHandle@2@@std@@@5@$0A@@std@@@std@@IAEXPAU_Node@?$_Tree_nod@V?$_Tmap_traits@PAVInstance@RBX@@VInstanceHandle@2@U?$less@PAVInstance@RBX@@@std@@V?$allocator@U?$pair@QAVInstance@RBX@@VInstanceHandle@2@@std@@@5@$0A@@std@@@2@@Z,
0x10073000,0x33,library,??$_Fill@PAUStateEntry@?$StateStack@VXmlState@RBX@@@RBX@@U123@@std@@YAXPAUStateEntry@?$StateStack@VXmlState@RBX@@@RBX@@0ABU123@@Z,
0x100732b0,0x5d,library,??$_Copy_backward_opt@PAUStateEntry@?$StateStack@VXmlState@RBX@@@RBX@@PAU123@@std@@YAPAUStateEntry@?$StateStack@VXmlState@RBX@@@RBX@@PAU123@00Urandom_access_iterator_tag@0@U_Nonscalar_ptr_iterator_tag@0@U_Range_checked_iterator_tag@0@@Z,
0x10073650,0x56,library,??$unchecked_copy@PAUStateEntry@?$StateStack@VXmlState@RBX@@@RBX@@PAU123@@stdext@@YAPAUStateEntry@?$StateStack@VXmlState@RBX@@@RBX@@PAU123@00@Z,
0x10073c00,0x9b,library,??$_Uninit_copy@PAUStateEntry@?$StateStack@VXmlState@RBX@@@RBX@@PAU123@V?$allocator@UStateEntry@?$StateStack@VXmlState@RBX@@@RBX@@@std@@@std@@YAPAUStateEntry@?$StateStack@VXmlState@RBX@@@RBX@@PAU123@00AAV?$allocator@UStateEntry@?$StateStack@VXmlState@RBX@@@RBX@@@0@U_Nonscalar_ptr_iterator_tag@0@U_Range_checked_iterator_tag@0@@Z,
0x10074190,0x2b,library,??$_Unchecked_move_backward@PAUStateEntry@?$StateStack@VXmlState@RBX@@@RBX@@PAU123@@stdext@@YAPAUStateEntry@?$StateStack@VXmlState@RBX@@@RBX@@PAU123@00@Z,
0x100741c0,0x9e,library,??$_Uninit_fill_n@PAUStateEntry@?$StateStack@VXmlState@RBX@@@RBX@@IU123@V?$allocator@UStateEntry@?$StateStack@VXmlState@RBX@@@RBX@@@std@@@std@@YAXPAUStateEntry@?$StateStack@VXmlState@RBX@@@RBX@@IABU123@AAV?$allocator@UStateEntry@?$StateStack@VXmlState@RBX@@@RBX@@@0@U_Nonscalar_ptr_iterator_tag@0@U_Range_checked_iterator_tag@0@@Z,
0x10074340,0x51,library,??$_Construct@V?$bind_t@V?$basic_string@DU?$char_traits@D@std@@V?$allocator@D@2@@std@@P6A?AV12@V12@@ZV?$list1@V?$value@V?$basic_string@DU?$char_traits@D@std@@V?$allocator@D@2@@std@@@_bi@boost@@@_bi@boost@@@_bi@boost@@V123@@std@@YAXPAV?$bind_t@V?$basic_string@DU?$char_traits@D@std@@V?$allocator@D@2@@std@@P6A?AV12@V12@@ZV?$list1@V?$value@V?$basic_string@DU?$char_traits@D@std@@V?$allocator@D@2@@std@@@_bi@boost@@@_bi@boost@@@_bi@boost@@ABV123@@Z,
0x100743a0,0x50,library,??$_Construct@V?$bind_t@V?$basic_string@DU?$char_traits@D@std@@V?$allocator@D@2@@std@@P6A?AV12@V12@0@ZV?$list2@V?$value@V?$basic_string@DU?$char_traits@D@std@@V?$allocator@D@2@@std@@@_bi@boost@@V123@@_bi@boost@@@_bi@boost@@V123@@std@@YAXPAV?$bind_t@V?$basic_string@DU?$char_traits@D@std@@V?$allocator@D@2@@std@@P6A?AV12@V12@0@ZV?$list2@V?$value@V?$basic_string@DU?$char_traits@D@std@@V?$allocator@D@2@@std@@@_bi@boost@@V123@@_bi@boost@@@_bi@boost@@ABV123@@Z,
0x100744d0,0x2c5,library,?erase@?$_Tree@V?$_Tmap_traits@V?$basic_string@DU?$char_traits@D@std@@V?$allocator@D@2@@std@@PAVName@RBX@@U?$less@V?$basic_string@DU?$char_traits@D@std@@V?$allocator@D@2@@std@@@2@V?$allocator@U?$pair@$$CBV?$basic_string@DU?$char_traits@D@std@@V?$allocator@D@2@@std@@PAVName@RBX@@@std@@@2@$0A@@std@@@std@@QAE?AViterator@12@V312@@Z,
0x100747a0,0x3e,library,?_Erase@?$_Tree@V?$_Tmap_traits@V?$basic_string@DU?$char_traits@D@std@@V?$allocator@D@2@@std@@EU?$less@V?$basic_string@DU?$char_traits@D@std@@V?$allocator@D@2@@std@@@2@V?$allocator@U?$pair@$$CBV?$basic_string@DU?$char_traits@D@std@@V?$allocator@D@2@@std@@E@std@@@2@$0A@@std@@@std@@IAEXPAU_Node@?$_Tree_nod@V?$_Tmap_traits@V?$basic_string@DU?$char_traits@D@std@@V?$allocator@D@2@@std@@EU?$less@V?$basic_string@DU?$char_traits@D@std@@V?$allocator@D@2@@std@@@2@V?$allocator@U?$pair@$$CBV?$basic_string@DU?$char_traits@D@std@@V?$allocator@D@2@@std@@E@std@@@2@$0A@@std@@@2@@Z,
0x100748e0,0x24,library,?_Destroy@?$vector@UStateEntry@?$StateStack@VXmlState@RBX@@@RBX@@V?$allocator@UStateEntry@?$StateStack@VXmlState@RBX@@@RBX@@@std@@@std@@IAEXPAUStateEntry@?$StateStack@VXmlState@RBX@@@RBX@@0@Z,
0x10074910,0x2ed,library,?erase@?$_Tree@V?$_Tmap_traits@VInstanceHandle@RBX@@HU?$less@VInstanceHandle@RBX@@@std@@V?$allocator@U?$pair@$$CBVInstanceHandle@RBX@@H@std@@@4@$0A@@std@@@std@@QAE?AViterator@12@V312@@Z,
0x10074c00,0x68,library,?_Erase@?$_Tree@V?$_Tmap_traits@VInstanceHandle@RBX@@HU?$less@VInstanceHandle@RBX@@@std@@V?$allocator@U?$pair@$$CBVInstanceHandle@RBX@@H@std@@@4@$0A@@std@@@std@@IAEXPAU_Node@?$_Tree_nod@V?$_Tmap_traits@VInstanceHandle@RBX@@HU?$less@VInstanceHandle@RBX@@@std@@V?$allocator@U?$pair@$$CBVInstanceHandle@RBX@@H@std@@@4@$0A@@std@@@2@@Z,
0x10074c70,0x6a,library,?erase@?$vector@UStateEntry@?$StateStack@VXmlState@RBX@@@RBX@@V?$allocator@UStateEntry@?$StateStack@VXmlState@RBX@@@RBX@@@std@@@std@@QAE?AV?$_Vector_iterator@UStateEntry@?$StateStack@VXmlState@RBX@@@RBX@@V?$allocator@UStateEntry@?$StateStack@VXmlState@RBX@@@RBX@@@std@@@2@V32@0@Z,
0x10074ce0,0x36,library,?_Ufill@?$vector@UStateEntry@?$StateStack@VXmlState@RBX@@@RBX@@V?$allocator@UStateEntry@?$StateStack@VXmlState@RBX@@@RBX@@@std@@@std@@IAEPAUStateEntry@?$StateStack@VXmlState@RBX@@@RBX@@PAU345@IABU345@@Z,
0x10075110,0x47,library,?_Tidy@?$vector@UStateEntry@?$StateStack@VXmlState@RBX@@@RBX@@V?$allocator@UStateEntry@?$StateStack@VXmlState@RBX@@@RBX@@@std@@@std@@IAEXXZ,
0x10075160,0xcb,library,?erase@?$_Tree@V?$_Tmap_traits@V?$basic_string@DU?$char_traits@D@std@@V?$allocator@D@2@@std@@W4ControllerType@Controller@RBX@@U?$less@V?$basic_string@DU?$char_traits@D@std@@V?$allocator@D@2@@std@@@2@V?$allocator@U?$pair@$$CBV?$basic_string@DU?$char_traits@D@std@@V?$allocator@D@2@@std@@W4ControllerType@Controller@RBX@@@std@@@2@$0A@@std@@@std@@QAE?AViterator@12@V312@0@Z,
0x10075230,0x29,library,??$_Umove@PAUStateEntry@?$StateStack@VXmlState@RBX@@@RBX@@@?$vector@UStateEntry@?$StateStack@VXmlState@RBX@@@RBX@@V?$allocator@UStateEntry@?$StateStack@VXmlState@RBX@@@RBX@@@std@@@std@@IAEPAUStateEntry@?$StateStack@VXmlState@RBX@@@RBX@@PAU234@00@Z,
0x100755e0,0x5,library,??1?$vector@UStateEntry@?$StateStack@VXmlState@RBX@@@RBX@@V?$allocator@UStateEntry@?$StateStack@VXmlState@RBX@@@RBX@@@std@@@std@@QAE@XZ,
0x100755f0,0xcb,library,?erase@?$_Tree@V?$_Tmap_traits@VInstanceHandle@RBX@@HU?$less@VInstanceHandle@RBX@@@std@@V?$allocator@U?$pair@$$CBVInstanceHandle@RBX@@H@std@@@4@$0A@@std@@@std@@QAE?AViterator@12@V312@0@Z,
0x100756c0,0x2f2,library,?_Insert_n@?$vector@UStateEntry@?$StateStack@VXmlState@RBX@@@RBX@@V?$allocator@UStateEntry@?$StateStack@VXmlState@RBX@@@RBX@@@std@@@std@@IAEXV?$_Vector_iterator@UStateEntry@?$StateStack@VXmlState@RBX@@@RBX@@V?$allocator@UStateEntry@?$StateStack@VXmlState@RBX@@@RBX@@@std@@@2@IABUStateEntry@?$StateStack@VXmlState@RBX@@@RBX@@@Z,
0x10075ac0,0x73,library,??$_Construct@V?$bind_t@XP6AXABV?$function0@XV?$allocator@Vfunction_base@boost@@@std@@@boost@@W4MessageType@RBX@@_N@ZV?$list3@V?$value@V?$function0@XV?$allocator@Vfunction_base@boost@@@std@@@boost@@@_bi@boost@@V?$value@W4MessageType@RBX@@@23@V?$value@_N@23@@_bi@2@@_bi@boost@@V123@@std@@YAXPAV?$bind_t@XP6AXABV?$function0@XV?$allocator@Vfunction_base@boost@@@std@@@boost@@W4MessageType@RBX@@_N@ZV?$list3@V?$value@V?$function0@XV?$allocator@Vfunction_base@boost@@@std@@@boost@@@_bi@boost@@V?$value@W4MessageType@RBX@@@23@V?$value@_N@23@@_bi@2@@_bi@boost@@ABV123@@Z,
0x10075b40,0x111,library,?resize@?$vector@UStateEntry@?$StateStack@VXmlState@RBX@@@RBX@@V?$allocator@UStateEntry@?$StateStack@VXmlState@RBX@@@RBX@@@std@@@std@@QAEXIUStateEntry@?$StateStack@VXmlState@RBX@@@RBX@@@Z,
0x1007cea0,0x45,library,??A?$vector@V?$basic_string@DU?$char_traits@D@std@@V?$allocator@D@2@@std@@V?$allocator@V?$basic_string@DU?$char_traits@D@std@@V?$allocator@D@2@@std@@@2@@std@@QBEABV?$basic_string@DU?$char_traits@D@std@@V?$allocator@D@2@@1@I@Z,
0x1007cef0,0x1c,library,?_Max@?$_Tree@V?$_Tmap_traits@ULookup@@UVariations@@U?$less@ULookup@@@std@@V?$allocator@U?$pair@$$CBULookup@@UVariations@@@std@@@4@$0A@@std@@@std@@KAPAU_Node@?$_Tree_nod@V?$_Tmap_traits@ULookup@@UVariations@@U?$less@ULookup@@@std@@V?$allocator@U?$pair@$$CBULookup@@UVariations@@@std@@@4@$0A@@std@@@2@PAU342@@Z,
0x1007cf10,0x15,library,??R?$less@VSoundId@Soundscape@RBX@@@std@@QBE_NABVSoundId@Soundscape@RBX@@0@Z,
0x1007cf40,0x6c,library,?_Inc@const_iterator@?$_Tree@V?$_Tmap_traits@ULookup@@UVariations@@U?$less@ULookup@@@std@@V?$allocator@U?$pair@$$CBULookup@@UVariations@@@std@@@4@$0A@@std@@@std@@QAEXXZ,
0x1007cfb0,0x2a,library,??8?$_Const_iterator@$00@?$list@VContentId@RBX@@V?$allocator@VContentId@RBX@@@std@@@std@@QBE_NABV012@@Z,
0x1007d0a0,0x84,library,?_Dec@const_iterator@?$_Tree@V?$_Tmap_traits@ULookup@@UVariations@@U?$less@ULookup@@@std@@V?$allocator@U?$pair@$$CBULookup@@UVariations@@@std@@@4@$0A@@std@@@std@@QAEXXZ,
0x1007d130,0x84,library,?_Dec@const_iterator@?$_Tree@V?$_Tmap_traits@HPAVName@RBX@@U?$less@H@std@@V?$allocator@U?$pair@$$CBHPAVName@RBX@@@std@@@4@$0A@@std@@@std@@QAEXXZ,
0x1007d640,0x78,library,??1?$pair@$$CBVSoundId@Soundscape@RBX@@V?$shared_ptr@VSound@Soundscape@RBX@@@boost@@@std@@QAE@XZ,
0x1007d6c0,0x3d,library,?_Lbound@?$_Tree@V?$_Tmap_traits@VSoundId@Soundscape@RBX@@V?$shared_ptr@VSound@Soundscape@RBX@@@boost@@U?$less@VSoundId@Soundscape@RBX@@@std@@V?$allocator@U?$pair@$$CBVSoundId@Soundscape@RBX@@V?$shared_ptr@VSound@Soundscape@RBX@@@boost@@@std@@@7@$0A@@std@@@std@@IBEPAU_Node@?$_Tree_nod@V?$_Tmap_traits@VSoundId@Soundscape@RBX@@V?$shared_ptr@VSound@Soundscape@RBX@@@boost@@U?$less@VSoundId@Soundscape@RBX@@@std@@V?$allocator@U?$pair@$$CBVSoundId@Soundscape@RBX@@V?$shared_ptr@VSound@Soundscape@RBX@@@boost@@@std@@@7@$0A@@std@@@2@ABVSoundId@Soundscape@RBX@@@Z,
0x1007dd00,0x5e,library,??0_Node@?$_Tree_nod@V?$_Tmap_traits@VSoundId@Soundscape@RBX@@V?$shared_ptr@VSound@Soundscape@RBX@@@boost@@U?$less@VSoundId@Soundscape@RBX@@@std@@V?$allocator@U?$pair@$$CBVSoundId@Soundscape@RBX@@V?$shared_ptr@VSound@Soundscape@RBX@@@boost@@@std@@@7@$0A@@std@@@std@@QAE@PAU012@00ABU?$pair@$$CBVSoundId@Soundscape@RBX@@V?$shared_ptr@VSound@Soundscape@RBX@@@boost@@@2@D@Z,
0x1007e660,0x55,library,?_Buynode@?$_Tree@V?$_Tmap_traits@PAVInstance@RBX@@VInstanceHandle@2@U?$less@PAVInstance@RBX@@@std@@V?$allocator@U?$pair@QAVInstance@RBX@@VInstanceHandle@2@@std@@@5@$0A@@std@@@std@@IAEPAU_Node@?$_Tree_nod@V?$_Tmap_traits@PAVInstance@RBX@@VInstanceHandle@2@U?$less@PAVInstance@RBX@@@std@@V?$allocator@U?$pair@QAVInstance@RBX@@VInstanceHandle@2@@std@@@5@$0A@@std@@@2@PAU342@00ABU?$pair@QAVInstance@RBX@@VInstanceHandle@2@@2@D@Z,
0x1007e6c0,0x88,library,?_Buynode@?$_Tree@V?$_Tmap_traits@VSoundId@Soundscape@RBX@@V?$shared_ptr@VSound@Soundscape@RBX@@@boost@@U?$less@VSoundId@Soundscape@RBX@@@std@@V?$allocator@U?$pair@$$CBVSoundId@Soundscape@RBX@@V?$shared_ptr@VSound@Soundscape@RBX@@@boost@@@std@@@7@$0A@@std@@@std@@IAEPAU_Node@?$_Tree_nod@V?$_Tmap_traits@VSoundId@Soundscape@RBX@@V?$shared_ptr@VSound@Soundscape@RBX@@@boost@@U?$less@VSoundId@Soundscape@RBX@@@std@@V?$allocator@U?$pair@$$CBVSoundId@Soundscape@RBX@@V?$shared_ptr@VSound@Soundscape@RBX@@@boost@@@std@@@7@$0A@@std@@@2@PAU342@00ABU?$pair@$$CBVSoundId@Soundscape@RBX@@V?$shared_ptr@VSound@Soundscape@RBX@@@boost@@@2@D@Z,
0x1007e800,0x68,library,?find@?$_Tree@V?$_Tmap_traits@VSoundId@Soundscape@RBX@@V?$shared_ptr@VSound@Soundscape@RBX@@@boost@@U?$less@VSoundId@Soundscape@RBX@@@std@@V?$allocator@U?$pair@$$CBVSoundId@Soundscape@RBX@@V?$shared_ptr@VSound@Soundscape@RBX@@@boost@@@std@@@7@$0A@@std@@@std@@QAE?AViterator@12@ABVSoundId@Soundscape@RBX@@@Z,
0x1007e9c0,0x1fc,library,?_Insert@?$_Tree@V?$_Tmap_traits@VSoundId@Soundscape@RBX@@V?$shared_ptr@VSound@Soundscape@RBX@@@boost@@U?$less@VSoundId@Soundscape@RBX@@@std@@V?$allocator@U?$pair@$$CBVSoundId@Soundscape@RBX@@V?$shared_ptr@VSound@Soundscape@RBX@@@boost@@@std@@@7@$0A@@std@@@std@@IAE?AViterator@12@_NPAU_Node@?$_Tree_nod@V?$_Tmap_traits@VSoundId@Soundscape@RBX@@V?$shared_ptr@VSound@Soundscape@RBX@@@boost@@U?$less@VSoundId@Soundscape@RBX@@@std@@V?$allocator@U?$pair@$$CBVSoundId@Soundscape@RBX@@V?$shared_ptr@VSound@Soundscape@RBX@@@boost@@@std@@@7@$0A@@std@@@2@ABU?$pair@$$CBVSoundId@Soundscape@RBX@@V?$shared_ptr@VSound@Soundscape@RBX@@@boost@@@2@@Z,
0x1007ff80,0x2c4,library,?erase@?$_Tree@V?$_Tmap_traits@VSoundId@Soundscape@RBX@@V?$shared_ptr@VSound@Soundscape@RBX@@@boost@@U?$less@VSoundId@Soundscape@RBX@@@std@@V?$allocator@U?$pair@$$CBVSoundId@Soundscape@RBX@@V?$shared_ptr@VSound@Soundscape@RBX@@@boost@@@std@@@7@$0A@@std@@@std@@QAE?AViterator@12@V312@@Z,
0x10080250,0x3d,library,?_Erase@?$_Tree@V?$_Tmap_traits@VSoundId@Soundscape@RBX@@V?$shared_ptr@VSound@Soundscape@RBX@@@boost@@U?$less@VSoundId@Soundscape@RBX@@@std@@V?$allocator@U?$pair@$$CBVSoundId@Soundscape@RBX@@V?$shared_ptr@VSound@Soundscape@RBX@@@boost@@@std@@@7@$0A@@std@@@std@@IAEXPAU_Node@?$_Tree_nod@V?$_Tmap_traits@VSoundId@Soundscape@RBX@@V?$shared_ptr@VSound@Soundscape@RBX@@@boost@@U?$less@VSoundId@Soundscape@RBX@@@std@@V?$allocator@U?$pair@$$CBVSoundId@Soundscape@RBX@@V?$shared_ptr@VSound@Soundscape@RBX@@@boost@@@std@@@7@$0A@@std@@@2@@Z,
0x10080290,0xb9,library,?insert@?$_Tree@V?$_Tmap_traits@W4SoundType@RBX@@V?$shared_ptr@VSoundChannel@Soundscape@RBX@@@boost@@U?$less@W4SoundType@RBX@@@std@@V?$allocator@U?$pair@$$CBW4SoundType@RBX@@V?$shared_ptr@VSoundChannel@Soundscape@RBX@@@boost@@@std@@@6@$0A@@std@@@std@@QAE?AU?$pair@Viterator@?$_Tree@V?$_Tmap_traits@W4SoundType@RBX@@V?$shared_ptr@VSoundChannel@Soundscape@RBX@@@boost@@U?$less@W4SoundType@RBX@@@std@@V?$allocator@U?$pair@$$CBW4SoundType@RBX@@V?$shared_ptr@VSoundChannel@Soundscape@RBX@@@boost@@@std@@@6@$0A@@std@@@std@@_N@2@ABU?$pair@$$CBW4SoundType@RBX@@V?$shared_ptr@VSoundChannel@Soundscape@RBX@@@boost@@@2@@Z,
0x10080350,0xf1,library,?insert@?$_Tree@V?$_Tmap_traits@VSoundId@Soundscape@RBX@@V?$shared_ptr@VSound@Soundscape@RBX@@@boost@@U?$less@VSoundId@Soundscape@RBX@@@std@@V?$allocator@U?$pair@$$CBVSoundId@Soundscape@RBX@@V?$shared_ptr@VSound@Soundscape@RBX@@@boost@@@std@@@7@$0A@@std@@@std@@QAE?AU?$pair@Viterator@?$_Tree@V?$_Tmap_traits@VSoundId@Soundscape@RBX@@V?$shared_ptr@VSound@Soundscape@RBX@@@boost@@U?$less@VSoundId@Soundscape@RBX@@@std@@V?$allocator@U?$pair@$$CBVSoundId@Soundscape@RBX@@V?$shared_ptr@VSound@Soundscape@RBX@@@boost@@@std@@@7@$0A@@std@@@std@@_N@2@ABU?$pair@$$CBVSoundId@Soundscape@RBX@@V?$shared_ptr@VSound@Soundscape@RBX@@@boost@@@2@@Z,
0x100808e0,0x1be,library,?insert@?$_Tree@V?$_Tmap_traits@W4SoundType@RBX@@V?$shared_ptr@VSoundChannel@Soundscape@RBX@@@boost@@U?$less@W4SoundType@RBX@@@std@@V?$allocator@U?$pair@$$CBW4SoundType@RBX@@V?$shared_ptr@VSoundChannel@Soundscape@RBX@@@boost@@@std@@@6@$0A@@std@@@std@@QAE?AViterator@12@V312@ABU?$pair@$$CBW4SoundType@RBX@@V?$shared_ptr@VSoundChannel@Soundscape@RBX@@@boost@@@2@@Z,
0x10080aa0,0x202,library,?insert@?$_Tree@V?$_Tmap_traits@VSoundId@Soundscape@RBX@@V?$shared_ptr@VSound@Soundscape@RBX@@@boost@@U?$less@VSoundId@Soundscape@RBX@@@std@@V?$allocator@U?$pair@$$CBVSoundId@Soundscape@RBX@@V?$shared_ptr@VSound@Soundscape@RBX@@@boost@@@std@@@7@$0A@@std@@@std@@QAE?AViterator@12@V312@ABU?$pair@$$CBVSoundId@Soundscape@RBX@@V?$shared_ptr@VSound@Soundscape@RBX@@@boost@@@2@@Z,
0x10080cb0,0xcb,library,?erase@?$_Tree@V?$_Tmap_traits@VSoundId@Soundscape@RBX@@V?$shared_ptr@VSound@Soundscape@RBX@@@boost@@U?$less@VSoundId@Soundscape@RBX@@@std@@V?$allocator@U?$pair@$$CBVSoundId@Soundscape@RBX@@V?$shared_ptr@VSound@Soundscape@RBX@@@boost@@@std@@@7@$0A@@std@@@std@@QAE?AViterator@12@V312@0@Z,
0x10080e70,0xed,library,??A?$map@W4SoundType@RBX@@V?$shared_ptr@VSoundChannel@Soundscape@RBX@@@boost@@U?$less@W4SoundType@RBX@@@std@@V?$allocator@U?$pair@$$CBW4SoundType@RBX@@V?$shared_ptr@VSoundChannel@Soundscape@RBX@@@boost@@@std@@@6@@std@@QAEAAV?$shared_ptr@VSoundChannel@Soundscape@RBX@@@boost@@ABW4SoundType@RBX@@@Z,
0x10080f60,0xc9,library,??A?$map@VSoundId@Soundscape@RBX@@V?$shared_ptr@VSound@Soundscape@RBX@@@boost@@U?$less@VSoundId@Soundscape@RBX@@@std@@V?$allocator@U?$pair@$$CBVSoundId@Soundscape@RBX@@V?$shared_ptr@VSound@Soundscape@RBX@@@boost@@@std@@@7@@std@@QAEAAV?$shared_ptr@VSound@Soundscape@RBX@@@boost@@ABVSoundId@Soundscape@RBX@@@Z,
0x10081180,0x34,library,??1?$map@PAVInstance@RBX@@VInstanceHandle@2@U?$less@PAVInstance@RBX@@@std@@V?$allocator@U?$pair@QAVInstance@RBX@@VInstanceHandle@2@@std@@@5@@std@@QAE@XZ,
0x100811c0,0x34,library,??1?$map@VSoundId@Soundscape@RBX@@V?$shared_ptr@VSound@Soundscape@RBX@@@boost@@U?$less@VSoundId@Soundscape@RBX@@@std@@V?$allocator@U?$pair@$$CBVSoundId@Soundscape@RBX@@V?$shared_ptr@VSound@Soundscape@RBX@@@boost@@@std@@@7@@std@@QAE@XZ,
0x10081e80,0x38,library,??$_Find_if@PBQBVItem@EnumDescriptor@Reflection@RBX@@V?$bind_t@_NP6A_NPBVItem@EnumDescriptor@Reflection@RBX@@H@ZV?$list2@V?$arg@$00@boost@@V?$value@H@_bi@2@@_bi@boost@@@_bi@boost@@@std@@YAPBQBVItem@EnumDescriptor@Reflection@RBX@@PBQBV1234@0V?$bind_t@_NP6A_NPBVItem@EnumDescriptor@Reflection@RBX@@H@ZV?$list2@V?$arg@$00@boost@@V?$value@H@_bi@2@@_bi@boost@@@_bi@boost@@@Z,
0x10085420,0x52,library,??0?$pair@$$CBV?$basic_string@DU?$char_traits@D@std@@V?$allocator@D@2@@std@@V12@@std@@QAE@ABV?$basic_string@DU?$char_traits@D@std@@V?$allocator@D@2@@1@0@Z,
0x10085480,0x84,library,?_Dec@const_iterator@?$_Tree@V?$_Tmap_traits@V?$basic_string@DU?$char_traits@D@std@@V?$allocator@D@2@@std@@V12@U?$less@V?$basic_string@DU?$char_traits@D@std@@V?$allocator@D@2@@std@@@2@V?$allocator@U?$pair@$$CBV?$basic_string@DU?$char_traits@D@std@@V?$allocator@D@2@@std@@V12@@std@@@2@$0A@@std@@@std@@QAEXXZ,
0x10085510,0x53,library,??0?$pair@$$CBV?$basic_string@DU?$char_traits@D@std@@V?$allocator@D@2@@std@@V12@@std@@QAE@ABU01@@Z,
0x10085570,0x7f,library,?equal@?$istreambuf_iterator@DU?$char_traits@D@std@@@std@@QBE_NABV12@@Z,
0x100856d0,0x33,library,??4?$auto_ptr@V?$basic_istream@DU?$char_traits@D@std@@@std@@@std@@QAEAAV01@U?$auto_ptr_ref@V?$basic_istream@DU?$char_traits@D@std@@@std@@@1@@Z,
0x10085710,0x34,library,??D?$istreambuf_iterator@DU?$char_traits@D@std@@@std@@QBEDXZ,
0x10085750,0x2c,library,??E?$istreambuf_iterator@DU?$char_traits@D@std@@@std@@QAEAAV01@XZ,
0x10085780,0x3d,library,?_Lbound@?$_Tree@V?$_Tset_traits@VContentId@RBX@@U?$less@VContentId@RBX@@@std@@V?$allocator@VContentId@RBX@@@4@$0A@@std@@@std@@IBEPAU_Node@?$_Tree_nod@V?$_Tset_traits@VContentId@RBX@@U?$less@VContentId@RBX@@@std@@V?$allocator@VContentId@RBX@@@4@$0A@@std@@@2@ABVContentId@RBX@@@Z,
0x100857c0,0x46,library,?_Lbound@?$_Tree@V?$_Tmap_traits@V?$basic_string@DU?$char_traits@D@std@@V?$allocator@D@2@@std@@V12@U?$less@V?$basic_string@DU?$char_traits@D@std@@V?$allocator@D@2@@std@@@2@V?$allocator@U?$pair@$$CBV?$basic_string@DU?$char_traits@D@std@@V?$allocator@D@2@@std@@V12@@std@@@2@$0A@@std@@@std@@IBEPAU_Node@?$_Tree_nod@V?$_Tmap_traits@V?$basic_string@DU?$char_traits@D@std@@V?$allocator@D@2@@std@@V12@U?$less@V?$basic_string@DU?$char_traits@D@std@@V?$allocator@D@2@@std@@@2@V?$allocator@U?$pair@$$CBV?$basic_string@DU?$char_traits@D@std@@V?$allocator@D@2@@std@@V12@@std@@@2@$0A@@std@@@2@ABV?$basic_string@DU?$char_traits@D@std@@V?$allocator@D@2@@2@@Z,
0x100858f0,0x94,library,?_Buynode@?$_Tree@V?$_Tmap_traits@V?$basic_string@DU?$char_traits@D@std@@V?$allocator@D@2@@std@@V12@U?$less@V?$basic_string@DU?$char_traits@D@std@@V?$allocator@D@2@@std@@@2@V?$allocator@U?$pair@$$CBV?$basic_string@DU?$char_traits@D@std@@V?$allocator@D@2@@std@@V12@@std@@@2@$0A@@std@@@std@@IAEPAU_Node@?$_Tree_nod@V?$_Tmap_traits@V?$basic_string@DU?$char_traits@D@std@@V?$allocator@D@2@@std@@V12@U?$less@V?$basic_string@DU?$char_traits@D@std@@V?$allocator@D@2@@std@@@2@V?$allocator@U?$pair@$$CBV?$basic_string@DU?$char_traits@D@std@@V?$allocator@D@2@@std@@V12@@std@@@2@$0A@@std@@@2@PAU342@00ABU?$pair@$$CBV?$basic_string@DU?$char_traits@D@std@@V?$allocator@D@2@@std@@V12@@2@D@Z,
0x100865a0,0x1fc,library,?_Insert@?$_Tree@V?$_Tmap_traits@V?$basic_string@DU?$char_traits@D@std@@V?$allocator@D@2@@std@@V12@U?$less@V?$basic_string@DU?$char_traits@D@std@@V?$allocator@D@2@@std@@@2@V?$allocator@U?$pair@$$CBV?$basic_string@DU?$char_traits@D@std@@V?$allocator@D@2@@std@@V12@@std@@@2@$0A@@std@@@std@@IAE?AViterator@12@_NPAU_Node@?$_Tree_nod@V?$_Tmap_traits@V?$basic_string@DU?$char_traits@D@std@@V?$allocator@D@2@@std@@V12@U?$less@V?$basic_string@DU?$char_traits@D@std@@V?$allocator@D@2@@std@@@2@V?$allocator@U?$pair@$$CBV?$basic_string@DU?$char_traits@D@std@@V?$allocator@D@2@@std@@V12@@std@@@2@$0A@@std@@@2@ABU?$pair@$$CBV?$basic_string@DU?$char_traits@D@std@@V?$allocator@D@2@@std@@V12@@2@@Z,
0x100867a0,0xf1,library,?insert@?$_Tree@V?$_Tset_traits@VContentId@RBX@@U?$less@VContentId@RBX@@@std@@V?$allocator@VContentId@RBX@@@4@$0A@@std@@@std@@QAE?AU?$pair@Viterator@?$_Tree@V?$_Tset_traits@VContentId@RBX@@U?$less@VContentId@RBX@@@std@@V?$allocator@VContentId@RBX@@@4@$0A@@std@@@std@@_N@2@ABVContentId@RBX@@@Z,
0x100868a0,0x68,library,?find@?$_Tree@V?$_Tset_traits@VContentId@RBX@@U?$less@VContentId@RBX@@@std@@V?$allocator@VContentId@RBX@@@4@$0A@@std@@@std@@QAE?AViterator@12@ABVContentId@RBX@@@Z,
0x10086910,0x69,library,?find@?$_Tree@V?$_Tmap_traits@V?$basic_string@DU?$char_traits@D@std@@V?$allocator@D@2@@std@@V12@U?$less@V?$basic_string@DU?$char_traits@D@std@@V?$allocator@D@2@@std@@@2@V?$allocator@U?$pair@$$CBV?$basic_string@DU?$char_traits@D@std@@V?$allocator@D@2@@std@@V12@@std@@@2@$0A@@std@@@std@@QAE?AViterator@12@ABV?$basic_string@DU?$char_traits@D@std@@V?$allocator@D@2@@2@@Z,
0x10086980,0x62,library,?back@?$deque@PAVXmlElement@@V?$allocator@PAVXmlElement@@@std@@@std@@QAEAAPAVXmlElement@@XZ,
0x100869f0,0xf3,library,?insert@?$_Tree@V?$_Tmap_traits@V?$basic_string@DU?$char_traits@D@std@@V?$allocator@D@2@@std@@V12@U?$less@V?$basic_string@DU?$char_traits@D@std@@V?$allocator@D@2@@std@@@2@V?$allocator@U?$pair@$$CBV?$basic_string@DU?$char_traits@D@std@@V?$allocator@D@2@@std@@V12@@std@@@2@$0A@@std@@@std@@QAE?AU?$pair@Viterator@?$_Tree@V?$_Tmap_traits@V?$basic_string@DU?$char_traits@D@std@@V?$allocator@D@2@@std@@V12@U?$less@V?$basic_string@DU?$char_traits@D@std@@V?$allocator@D@2@@std@@@2@V?$allocator@U?$pair@$$CBV?$basic_string@DU?$char_traits@D@std@@V?$allocator@D@2@@std@@V12@@std@@@2@$0A@@std@@@std@@_N@2@ABU?$pair@$$CBV?$basic_string@DU?$char_traits@D@std@@V?$allocator@D@2@@std@@V12@@2@@Z,
0x10087190,0x206,library,?insert@?$_Tree@V?$_Tmap_traits@V?$basic_string@DU?$char_traits@D@std@@V?$allocator@D@2@@std@@V12@U?$less@V?$basic_string@DU?$char_traits@D@std@@V?$allocator@D@2@@std@@@2@V?$allocator@U?$pair@$$CBV?$basic_string@DU?$char_traits@D@std@@V?$allocator@D@2@@std@@V12@@std@@@2@$0A@@std@@@std@@QAE?AViterator@12@V312@ABU?$pair@$$CBV?$basic_string@DU?$char_traits@D@std@@V?$allocator@D@2@@std@@V12@@2@@Z,
0x100873a0,0x15a,library,?_Growmap@?$deque@PAVXmlElement@@V?$allocator@PAVXmlElement@@@std@@@std@@IAEXI@Z,
0x10087500,0xcf,library,??A?$map@V?$basic_string@DU?$char_traits@D@std@@V?$allocator@D@2@@std@@V12@U?$less@V?$basic_string@DU?$char_traits@D@std@@V?$allocator@D@2@@std@@@2@V?$allocator@U?$pair@$$CBV?$basic_string@DU?$char_traits@D@std@@V?$allocator@D@2@@std@@V12@@std@@@2@@std@@QAEAAV?$basic_string@DU?$char_traits@D@std@@V?$allocator@D@2@@1@ABV21@@Z,
0x100875d0,0x75,library,?push_back@?$deque@PAVXmlElement@@V?$allocator@PAVXmlElement@@@std@@@std@@QAEXABQAVXmlElement@@@Z,
0x1008efb0,0x30,library,??_Efailure@ios_base@std@@UAEPAXI@Z,
0x1008f0a0,0x39,library,?_Lbound@?$_Tree@V?$_Tmap_traits@VInstanceHandle@RBX@@HU?$less@VInstanceHandle@RBX@@@std@@V?$allocator@U?$pair@$$CBVInstanceHandle@RBX@@H@std@@@4@$0A@@std@@@std@@IBEPAU_Node@?$_Tree_nod@V?$_Tmap_traits@VInstanceHandle@RBX@@HU?$less@VInstanceHandle@RBX@@@std@@V?$allocator@U?$pair@$$CBVInstanceHandle@RBX@@H@std@@@4@$0A@@std@@@2@ABVInstanceHandle@RBX@@@Z,
0x1008f680,0x66,library,?find@?$_Tree@V?$_Tmap_traits@VInstanceHandle@RBX@@HU?$less@VInstanceHandle@RBX@@@std@@V?$allocator@U?$pair@$$CBVInstanceHandle@RBX@@H@std@@@4@$0A@@std@@@std@@QAE?AViterator@12@ABVInstanceHandle@RBX@@@Z,
0x1008f750,0x1fc,library,?_Insert@?$_Tree@V?$_Tmap_traits@VInstanceHandle@RBX@@HU?$less@VInstanceHandle@RBX@@@std@@V?$allocator@U?$pair@$$CBVInstanceHandle@RBX@@H@std@@@4@$0A@@std@@@std@@IAE?AViterator@12@_NPAU_Node@?$_Tree_nod@V?$_Tmap_traits@VInstanceHandle@RBX@@HU?$less@VInstanceHandle@RBX@@@std@@V?$allocator@U?$pair@$$CBVInstanceHandle@RBX@@H@std@@@4@$0A@@std@@@2@ABU?$pair@$$CBVInstanceHandle@RBX@@H@2@@Z,
0x1008f6f0,0x57,library,?_Buynode@?$_Tree@V?$_Tmap_traits@VInstanceHandle@RBX@@HU?$less@VInstanceHandle@RBX@@@std@@V?$allocator@U?$pair@$$CBVInstanceHandle@RBX@@H@std@@@4@$0A@@std@@@std@@IAEPAU_Node@?$_Tree_nod@V?$_Tmap_traits@VInstanceHandle@RBX@@HU?$less@VInstanceHandle@RBX@@@std@@V?$allocator@U?$pair@$$CBVInstanceHandle@RBX@@H@std@@@4@$0A@@std@@@2@PAU342@00ABU?$pair@$$CBVInstanceHandle@RBX@@H@2@D@Z,
0x1008f950,0xeb,library,?insert@?$_Tree@V?$_Tmap_traits@VInstanceHandle@RBX@@HU?$less@VInstanceHandle@RBX@@@std@@V?$allocator@U?$pair@$$CBVInstanceHandle@RBX@@H@std@@@4@$0A@@std@@@std@@QAE?AU?$pair@Viterator@?$_Tree@V?$_Tmap_traits@VInstanceHandle@RBX@@HU?$less@VInstanceHandle@RBX@@@std@@V?$allocator@U?$pair@$$CBVInstanceHandle@RBX@@H@std@@@4@$0A@@std@@@std@@_N@2@ABU?$pair@$$CBVInstanceHandle@RBX@@H@2@@Z,
0x1008fa40,0x1f2,library,?insert@?$_Tree@V?$_Tmap_traits@VInstanceHandle@RBX@@HU?$less@VInstanceHandle@RBX@@@std@@V?$allocator@U?$pair@$$CBVInstanceHandle@RBX@@H@std@@@4@$0A@@std@@@std@@QAE?AViterator@12@V312@ABU?$pair@$$CBVInstanceHandle@RBX@@H@2@@Z,
0x1008fc40,0xf8,library,??A?$map@VInstanceHandle@RBX@@HU?$less@VInstanceHandle@RBX@@@std@@V?$allocator@U?$pair@$$CBVInstanceHandle@RBX@@H@std@@@4@@std@@QAEAAHABVInstanceHandle@RBX@@@Z,
0x10091010,0x51,library,?_Buynode@?$_Tree@V?$_Tmap_traits@W4Number@BrickColor@RBX@@VColor4@G3D@@U?$less@W4Number@BrickColor@RBX@@@std@@V?$allocator@U?$pair@$$CBW4Number@BrickColor@RBX@@VColor4@G3D@@@std@@@7@$0A@@std@@@std@@IAEPAU_Node@?$_Tree_nod@V?$_Tmap_traits@W4Number@BrickColor@RBX@@VColor4@G3D@@U?$less@W4Number@BrickColor@RBX@@@std@@V?$allocator@U?$pair@$$CBW4Number@BrickColor@RBX@@VColor4@G3D@@@std@@@7@$0A@@std@@@2@PAU342@00ABU?$pair@$$CBW4Number@BrickColor@RBX@@VColor4@G3D@@@2@D@Z,
0x10091070,0x9d,library,?_Buynode@?$_Tree@V?$_Tmap_traits@W4Number@BrickColor@RBX@@V?$basic_string@DU?$char_traits@D@std@@V?$allocator@D@2@@std@@U?$less@W4Number@BrickColor@RBX@@@5@V?$allocator@U?$pair@$$CBW4Number@BrickColor@RBX@@V?$basic_string@DU?$char_traits@D@std@@V?$allocator@D@2@@std@@@std@@@5@$0A@@std@@@std@@IAEPAU_Node@?$_Tree_nod@V?$_Tmap_traits@W4Number@BrickColor@RBX@@V?$basic_string@DU?$char_traits@D@std@@V?$allocator@D@2@@std@@U?$less@W4Number@BrickColor@RBX@@@5@V?$allocator@U?$pair@$$CBW4Number@BrickColor@RBX@@V?$basic_string@DU?$char_traits@D@std@@V?$allocator@D@2@@std@@@std@@@5@$0A@@std@@@2@PAU342@00ABU?$pair@$$CBW4Number@BrickColor@RBX@@V?$basic_string@DU?$char_traits@D@std@@V?$allocator@D@2@@std@@@2@D@Z,
0x10091110,0x35,library,?_Erase@?$_Tree@V?$_Tmap_traits@W4Number@BrickColor@RBX@@VColor4@G3D@@U?$less@W4Number@BrickColor@RBX@@@std@@V?$allocator@U?$pair@$$CBW4Number@BrickColor@RBX@@VColor4@G3D@@@std@@@7@$0A@@std@@@std@@IAEXPAU_Node@?$_Tree_nod@V?$_Tmap_traits@W4Number@BrickColor@RBX@@VColor4@G3D@@U?$less@W4Number@BrickColor@RBX@@@std@@V?$allocator@U?$pair@$$CBW4Number@BrickColor@RBX@@VColor4@G3D@@@std@@@7@$0A@@std@@@2@@Z,
0x10091150,0x1fc,library,?_Insert@?$_Tree@V?$_Tmap_traits@W4Number@BrickColor@RBX@@VColor4@G3D@@U?$less@W4Number@BrickColor@RBX@@@std@@V?$allocator@U?$pair@$$CBW4Number@BrickColor@RBX@@VColor4@G3D@@@std@@@7@$0A@@std@@@std@@IAE?AViterator@12@_NPAU_Node@?$_Tree_nod@V?$_Tmap_traits@W4Number@BrickColor@RBX@@VColor4@G3D@@U?$less@W4Number@BrickColor@RBX@@@std@@V?$allocator@U?$pair@$$CBW4Number@BrickColor@RBX@@VColor4@G3D@@@std@@@7@$0A@@std@@@2@ABU?$pair@$$CBW4Number@BrickColor@RBX@@VColor4@G3D@@@2@@Z,
0x10091350,0x1fc,library,?_Insert@?$_Tree@V?$_Tmap_traits@W4Number@BrickColor@RBX@@V?$basic_string@DU?$char_traits@D@std@@V?$allocator@D@2@@std@@U?$less@W4Number@BrickColor@RBX@@@5@V?$allocator@U?$pair@$$CBW4Number@BrickColor@RBX@@V?$basic_string@DU?$char_traits@D@std@@V?$allocator@D@2@@std@@@std@@@5@$0A@@std@@@std@@IAE?AViterator@12@_NPAU_Node@?$_Tree_nod@V?$_Tmap_traits@W4Number@BrickColor@RBX@@V?$basic_string@DU?$char_traits@D@std@@V?$allocator@D@2@@std@@U?$less@W4Number@BrickColor@RBX@@@5@V?$allocator@U?$pair@$$CBW4Number@BrickColor@RBX@@V?$basic_string@DU?$char_traits@D@std@@V?$allocator@D@2@@std@@@std@@@5@$0A@@std@@@2@ABU?$pair@$$CBW4Number@BrickColor@RBX@@V?$basic_string@DU?$char_traits@D@std@@V?$allocator@D@2@@std@@@2@@Z,
0x10091550,0x2b8,library,?erase@?$_Tree@V?$_Tmap_traits@W4Number@BrickColor@RBX@@VColor4@G3D@@U?$less@W4Number@BrickColor@RBX@@@std@@V?$allocator@U?$pair@$$CBW4Number@BrickColor@RBX@@VColor4@G3D@@@std@@@7@$0A@@std@@@std@@QAE?AViterator@12@V312@@Z,
0x10091810,0x69,library,?find@?$_Tree@V?$_Tmap_traits@W4Number@BrickColor@RBX@@VColor4uint8@G3D@@U?$less@W4Number@BrickColor@RBX@@@std@@V?$allocator@U?$pair@$$CBW4Number@BrickColor@RBX@@VColor4uint8@G3D@@@std@@@7@$0A@@std@@@std@@QAE?AViterator@12@ABW4Number@BrickColor@RBX@@@Z,
0x10091880,0xb9,library,?insert@?$_Tree@V?$_Tmap_traits@W4Number@BrickColor@RBX@@VColor4@G3D@@U?$less@W4Number@BrickColor@RBX@@@std@@V?$allocator@U?$pair@$$CBW4Number@BrickColor@RBX@@VColor4@G3D@@@std@@@7@$0A@@std@@@std@@QAE?AU?$pair@Viterator@?$_Tree@V?$_Tmap_traits@W4Number@BrickColor@RBX@@VColor4@G3D@@U?$less@W4Number@BrickColor@RBX@@@std@@V?$allocator@U?$pair@$$CBW4Number@BrickColor@RBX@@VColor4@G3D@@@std@@@7@$0A@@std@@@std@@_N@2@ABU?$pair@$$CBW4Number@BrickColor@RBX@@VColor4@G3D@@@2@@Z,
0x10091940,0x69,library,?find@?$_Tree@V?$_Tmap_traits@W4Number@BrickColor@RBX@@VColor4@G3D@@U?$less@W4Number@BrickColor@RBX@@@std@@V?$allocator@U?$pair@$$CBW4Number@BrickColor@RBX@@VColor4@G3D@@@std@@@7@$0A@@std@@@std@@QAE?AViterator@12@ABW4Number@BrickColor@RBX@@@Z,
0x100919b0,0xb9,library,?insert@?$_Tree@V?$_Tmap_traits@W4Number@BrickColor@RBX@@V?$basic_string@DU?$char_traits@D@std@@V?$allocator@D@2@@std@@U?$less@W4Number@BrickColor@RBX@@@5@V?$allocator@U?$pair@$$CBW4Number@BrickColor@RBX@@V?$basic_string@DU?$char_traits@D@std@@V?$allocator@D@2@@std@@@std@@@5@$0A@@std@@@std@@QAE?AU?$pair@Viterator@?$_Tree@V?$_Tmap_traits@W4Number@BrickColor@RBX@@V?$basic_string@DU?$char_traits@D@std@@V?$allocator@D@2@@std@@U?$less@W4Number@BrickColor@RBX@@@5@V?$allocator@U?$pair@$$CBW4Number@BrickColor@RBX@@V?$basic_string@DU?$char_traits@D@std@@V?$allocator@D@2@@std@@@std@@@5@$0A@@std@@@std@@_N@2@ABU?$pair@$$CBW4Number@BrickColor@RBX@@V?$basic_string@DU?$char_traits@D@std@@V?$allocator@D@2@@std@@@2@@Z,
0x10091a70,0x69,library,?find@?$_Tree@V?$_Tmap_traits@W4Number@BrickColor@RBX@@V?$basic_string@DU?$char_traits@D@std@@V?$allocator@D@2@@std@@U?$less@W4Number@BrickColor@RBX@@@5@V?$allocator@U?$pair@$$CBW4Number@BrickColor@RBX@@V?$basic_string@DU?$char_traits@D@std@@V?$allocator@D@2@@std@@@std@@@5@$0A@@std@@@std@@QAE?AViterator@12@ABW4Number@BrickColor@RBX@@@Z,
0x10091ae0,0x1be,library,?insert@?$_Tree@V?$_Tmap_traits@W4Number@BrickColor@RBX@@VColor4@G3D@@U?$less@W4Number@BrickColor@RBX@@@std@@V?$allocator@U?$pair@$$CBW4Number@BrickColor@RBX@@VColor4@G3D@@@std@@@7@$0A@@std@@@std@@QAE?AViterator@12@V312@ABU?$pair@$$CBW4Number@BrickColor@RBX@@VColor4@G3D@@@2@@Z,
0x10091ca0,0xcb,library,?erase@?$_Tree@V?$_Tmap_traits@W4Number@BrickColor@RBX@@VColor4@G3D@@U?$less@W4Number@BrickColor@RBX@@@std@@V?$allocator@U?$pair@$$CBW4Number@BrickColor@RBX@@VColor4@G3D@@@std@@@7@$0A@@std@@@std@@QAE?AViterator@12@V312@0@Z,
0x10091d70,0x2c5,library,?erase@?$_Tree@V?$_Tmap_traits@W4Number@BrickColor@RBX@@V?$basic_string@DU?$char_traits@D@std@@V?$allocator@D@2@@std@@U?$less@W4Number@BrickColor@RBX@@@5@V?$allocator@U?$pair@$$CBW4Number@BrickColor@RBX@@V?$basic_string@DU?$char_traits@D@std@@V?$allocator@D@2@@std@@@std@@@5@$0A@@std@@@std@@QAE?AViterator@12@V312@@Z,
0x10092040,0x3e,library,?_Erase@?$_Tree@V?$_Tmap_traits@EV?$basic_string@DU?$char_traits@D@std@@V?$allocator@D@2@@std@@U?$less@E@2@V?$allocator@U?$pair@$$CBEV?$basic_string@DU?$char_traits@D@std@@V?$allocator@D@2@@std@@@std@@@2@$0A@@std@@@std@@IAEXPAU_Node@?$_Tree_nod@V?$_Tmap_traits@EV?$basic_string@DU?$char_traits@D@std@@V?$allocator@D@2@@std@@U?$less@E@2@V?$allocator@U?$pair@$$CBEV?$basic_string@DU?$char_traits@D@std@@V?$allocator@D@2@@std@@@std@@@2@$0A@@std@@@2@@Z,
0x10092080,0x97,library,??A?$map@W4Number@BrickColor@RBX@@VColor4@G3D@@U?$less@W4Number@BrickColor@RBX@@@std@@V?$allocator@U?$pair@$$CBW4Number@BrickColor@RBX@@VColor4@G3D@@@std@@@7@@std@@QAEAAVColor4@G3D@@ABW4Number@BrickColor@RBX@@@Z,
0x10092120,0xcb,library,?erase@?$_Tree@V?$_Tmap_traits@W4Number@BrickColor@RBX@@V?$basic_string@DU?$char_traits@D@std@@V?$allocator@D@2@@std@@U?$less@W4Number@BrickColor@RBX@@@5@V?$allocator@U?$pair@$$CBW4Number@BrickColor@RBX@@V?$basic_string@DU?$char_traits@D@std@@V?$allocator@D@2@@std@@@std@@@5@$0A@@std@@@std@@QAE?AViterator@12@V312@0@Z,
0x100923b0,0x34,library,??1?$map@W4Number@BrickColor@RBX@@VColor4@G3D@@U?$less@W4Number@BrickColor@RBX@@@std@@V?$allocator@U?$pair@$$CBW4Number@BrickColor@RBX@@VColor4@G3D@@@std@@@7@@std@@QAE@XZ,
0x10092540,0x34,library,??1?$map@W4Number@BrickColor@RBX@@V?$basic_string@DU?$char_traits@D@std@@V?$allocator@D@2@@std@@U?$less@W4Number@BrickColor@RBX@@@5@V?$allocator@U?$pair@$$CBW4Number@BrickColor@RBX@@V?$basic_string@DU?$char_traits@D@std@@V?$allocator@D@2@@std@@@std@@@5@@std@@QAE@XZ,
0x10095850,0x1fc,library,?_Insert@?$_Tree@V?$_Tmap_traits@PAVInstance@RBX@@VInstanceHandle@2@U?$less@PAVInstance@RBX@@@std@@V?$allocator@U?$pair@QAVInstance@RBX@@VInstanceHandle@2@@std@@@5@$0A@@std@@@std@@IAE?AViterator@12@_NPAU_Node@?$_Tree_nod@V?$_Tmap_traits@PAVInstance@RBX@@VInstanceHandle@2@U?$less@PAVInstance@RBX@@@std@@V?$allocator@U?$pair@QAVInstance@RBX@@VInstanceHandle@2@@std@@@5@$0A@@std@@@2@ABU?$pair@QAVInstance@RBX@@VInstanceHandle@2@@2@@Z,
0x10095ad0,0xb9,library,?insert@?$_Tree@V?$_Tmap_traits@PAVInstance@RBX@@VInstanceHandle@2@U?$less@PAVInstance@RBX@@@std@@V?$allocator@U?$pair@QAVInstance@RBX@@VInstanceHandle@2@@std@@@5@$0A@@std@@@std@@QAE?AU?$pair@Viterator@?$_Tree@V?$_Tmap_traits@PAVInstance@RBX@@VInstanceHandle@2@U?$less@PAVInstance@RBX@@@std@@V?$allocator@U?$pair@QAVInstance@RBX@@VInstanceHandle@2@@std@@@5@$0A@@std@@@std@@_N@2@ABU?$pair@QAVInstance@RBX@@VInstanceHandle@2@@2@@Z,
0x10095f20,0x52,library,?_Rrotate@?$_Tree@V?$_Tmap_traits@V?$basic_string@DU?$char_traits@D@std@@V?$allocator@D@2@@std@@VInstanceHandle@RBX@@U?$less@V?$basic_string@DU?$char_traits@D@std@@V?$allocator@D@2@@std@@@2@V?$allocator@U?$pair@$$CBV?$basic_string@DU?$char_traits@D@std@@V?$allocator@D@2@@std@@VInstanceHandle@RBX@@@std@@@2@$0A@@std@@@std@@IAEXPAU_Node@?$_Tree_nod@V?$_Tmap_traits@V?$basic_string@DU?$char_traits@D@std@@V?$allocator@D@2@@std@@VInstanceHandle@RBX@@U?$less@V?$basic_string@DU?$char_traits@D@std@@V?$allocator@D@2@@std@@@2@V?$allocator@U?$pair@$$CBV?$basic_string@DU?$char_traits@D@std@@V?$allocator@D@2@@std@@VInstanceHandle@RBX@@@std@@@2@$0A@@std@@@2@@Z,
0x10095f80,0x1c,library,?_Max@?$_Tree@V?$_Tmap_traits@V?$basic_string@DU?$char_traits@D@std@@V?$allocator@D@2@@std@@VInstanceHandle@RBX@@U?$less@V?$basic_string@DU?$char_traits@D@std@@V?$allocator@D@2@@std@@@2@V?$allocator@U?$pair@$$CBV?$basic_string@DU?$char_traits@D@std@@V?$allocator@D@2@@std@@VInstanceHandle@RBX@@@std@@@2@$0A@@std@@@std@@KAPAU_Node@?$_Tree_nod@V?$_Tmap_traits@V?$basic_string@DU?$char_traits@D@std@@V?$allocator@D@2@@std@@VInstanceHandle@RBX@@U?$less@V?$basic_string@DU?$char_traits@D@std@@V?$allocator@D@2@@std@@@2@V?$allocator@U?$pair@$$CBV?$basic_string@DU?$char_traits@D@std@@V?$allocator@D@2@@std@@VInstanceHandle@RBX@@@std@@@2@$0A@@std@@@2@PAU342@@Z,
0x10095fa0,0x1b,library,?_Min@?$_Tree@V?$_Tmap_traits@V?$basic_string@DU?$char_traits@D@std@@V?$allocator@D@2@@std@@VInstanceHandle@RBX@@U?$less@V?$basic_string@DU?$char_traits@D@std@@V?$allocator@D@2@@std@@@2@V?$allocator@U?$pair@$$CBV?$basic_string@DU?$char_traits@D@std@@V?$allocator@D@2@@std@@VInstanceHandle@RBX@@@std@@@2@$0A@@std@@@std@@KAPAU_Node@?$_Tree_nod@V?$_Tmap_traits@V?$basic_string@DU?$char_traits@D@std@@V?$allocator@D@2@@std@@VInstanceHandle@RBX@@U?$less@V?$basic_string@DU?$char_traits@D@std@@V?$allocator@D@2@@std@@@2@V?$allocator@U?$pair@$$CBV?$basic_string@DU?$char_traits@D@std@@V?$allocator@D@2@@std@@VInstanceHandle@RBX@@@std@@@2@$0A@@std@@@2@PAU342@@Z,
0x10095fc0,0x6c,library,?_Inc@const_iterator@?$_Tree@V?$_Tmap_traits@V?$basic_string@DU?$char_traits@D@std@@V?$allocator@D@2@@std@@VInstanceHandle@RBX@@U?$less@V?$basic_string@DU?$char_traits@D@std@@V?$allocator@D@2@@std@@@2@V?$allocator@U?$pair@$$CBV?$basic_string@DU?$char_traits@D@std@@V?$allocator@D@2@@std@@VInstanceHandle@RBX@@@std@@@2@$0A@@std@@@std@@QAEXXZ,
0x10096030,0x58,library,??$_Allocate@UIDREFItem@MergeBinder@RBX@@@std@@YAPAUIDREFItem@MergeBinder@RBX@@IPAU123@@Z,
0x100960d0,0x78,library,??1?$pair@$$CBV?$basic_string@DU?$char_traits@D@std@@V?$allocator@D@2@@std@@VInstanceHandle@RBX@@@std@@QAE@XZ,
0x10096150,0x46,library,?_Lbound@?$_Tree@V?$_Tmap_traits@V?$basic_string@DU?$char_traits@D@std@@V?$allocator@D@2@@std@@VInstanceHandle@RBX@@U?$less@V?$basic_string@DU?$char_traits@D@std@@V?$allocator@D@2@@std@@@2@V?$allocator@U?$pair@$$CBV?$basic_string@DU?$char_traits@D@std@@V?$allocator@D@2@@std@@VInstanceHandle@RBX@@@std@@@2@$0A@@std@@@std@@IBEPAU_Node@?$_Tree_nod@V?$_Tmap_traits@V?$basic_string@DU?$char_traits@D@std@@V?$allocator@D@2@@std@@VInstanceHandle@RBX@@U?$less@V?$basic_string@DU?$char_traits@D@std@@V?$allocator@D@2@@std@@@2@V?$allocator@U?$pair@$$CBV?$basic_string@DU?$char_traits@D@std@@V?$allocator@D@2@@std@@VInstanceHandle@RBX@@@std@@@2@$0A@@std@@@2@ABV?$basic_string@DU?$char_traits@D@std@@V?$allocator@D@2@@2@@Z,
0x100961a0,0x4e,library,?_Lrotate@?$_Tree@V?$_Tmap_traits@V?$basic_string@DU?$char_traits@D@std@@V?$allocator@D@2@@std@@VInstanceHandle@RBX@@U?$less@V?$basic_string@DU?$char_traits@D@std@@V?$allocator@D@2@@std@@@2@V?$allocator@U?$pair@$$CBV?$basic_string@DU?$char_traits@D@std@@V?$allocator@D@2@@std@@VInstanceHandle@RBX@@@std@@@2@$0A@@std@@@std@@IAEXPAU_Node@?$_Tree_nod@V?$_Tmap_traits@V?$basic_string@DU?$char_traits@D@std@@V?$allocator@D@2@@std@@VInstanceHandle@RBX@@U?$less@V?$basic_string@DU?$char_traits@D@std@@V?$allocator@D@2@@std@@@2@V?$allocator@U?$pair@$$CBV?$basic_string@DU?$char_traits@D@std@@V?$allocator@D@2@@std@@VInstanceHandle@RBX@@@std@@@2@$0A@@std@@@2@@Z,
0x100961f0,0x1a,library,?_Buynode@?$list@UIDREFBinding@ArchiveBinder@@V?$allocator@UIDREFBinding@ArchiveBinder@@@std@@@std@@IAEPAU_Node@?$_List_nod@UIDREFBinding@ArchiveBinder@@V?$allocator@UIDREFBinding@ArchiveBinder@@@std@@@2@XZ,
0x10096210,0x37,library,?_Buynode@?$_Tree@V?$_Tmap_traits@V?$basic_string@DU?$char_traits@D@std@@V?$allocator@D@2@@std@@VInstanceHandle@RBX@@U?$less@V?$basic_string@DU?$char_traits@D@std@@V?$allocator@D@2@@std@@@2@V?$allocator@U?$pair@$$CBV?$basic_string@DU?$char_traits@D@std@@V?$allocator@D@2@@std@@VInstanceHandle@RBX@@@std@@@2@$0A@@std@@@std@@IAEPAU_Node@?$_Tree_nod@V?$_Tmap_traits@V?$basic_string@DU?$char_traits@D@std@@V?$allocator@D@2@@std@@VInstanceHandle@RBX@@U?$less@V?$basic_string@DU?$char_traits@D@std@@V?$allocator@D@2@@std@@@2@V?$allocator@U?$pair@$$CBV?$basic_string@DU?$char_traits@D@std@@V?$allocator@D@2@@std@@VInstanceHandle@RBX@@@std@@@2@$0A@@std@@@2@XZ,
0x100962d0,0x55,library,??$_Count_if@V?$_Iterator@$0A@@?$list@UIDREFBinding@ArchiveBinder@@V?$allocator@UIDREFBinding@ArchiveBinder@@@std@@@std@@V?$binder1st@V?$mem_fun1_t@_NVArchiveBinder@@UIDREFBinding@1@@std@@@3@@std@@YAHV?$_Iterator@$0A@@?$list@UIDREFBinding@ArchiveBinder@@V?$allocator@UIDREFBinding@ArchiveBinder@@@std@@@0@0V?$binder1st@V?$mem_fun1_t@_NVArchiveBinder@@UIDREFBinding@1@@std@@@0@@Z,
0x10096330,0x8a,library,??$_Copy_opt@PAUIDREFItem@MergeBinder@RBX@@PAU123@Uforward_iterator_tag@std@@@std@@YAPAUIDREFItem@MergeBinder@RBX@@PAU123@00Uforward_iterator_tag@0@U_Nonscalar_ptr_iterator_tag@0@U_Range_checked_iterator_tag@0@@Z,
0x10096670,0x69,library,?find@?$_Tree@V?$_Tmap_traits@V?$basic_string@DU?$char_traits@D@std@@V?$allocator@D@2@@std@@VInstanceHandle@RBX@@U?$less@V?$basic_string@DU?$char_traits@D@std@@V?$allocator@D@2@@std@@@2@V?$allocator@U?$pair@$$CBV?$basic_string@DU?$char_traits@D@std@@V?$allocator@D@2@@std@@VInstanceHandle@RBX@@@std@@@2@$0A@@std@@@std@@QAE?AViterator@12@ABV?$basic_string@DU?$char_traits@D@std@@V?$allocator@D@2@@2@@Z,
0x100966e0,0x4c,library,??$_Destroy_range@UIDREFItem@MergeBinder@RBX@@V?$allocator@UIDREFItem@MergeBinder@RBX@@@std@@@std@@YAXPAUIDREFItem@MergeBinder@RBX@@0AAV?$allocator@UIDREFItem@MergeBinder@RBX@@@0@U_Nonscalar_ptr_iterator_tag@0@@Z,
0x10096870,0x2c4,library,?erase@?$_Tree@V?$_Tmap_traits@V?$basic_string@DU?$char_traits@D@std@@V?$allocator@D@2@@std@@VInstanceHandle@RBX@@U?$less@V?$basic_string@DU?$char_traits@D@std@@V?$allocator@D@2@@std@@@2@V?$allocator@U?$pair@$$CBV?$basic_string@DU?$char_traits@D@std@@V?$allocator@D@2@@std@@VInstanceHandle@RBX@@@std@@@2@$0A@@std@@@std@@QAE?AViterator@12@V312@@Z,
0x10096b40,0x3d,library,?_Erase@?$_Tree@V?$_Tmap_traits@V?$basic_string@DU?$char_traits@D@std@@V?$allocator@D@2@@std@@VInstanceHandle@RBX@@U?$less@V?$basic_string@DU?$char_traits@D@std@@V?$allocator@D@2@@std@@@2@V?$allocator@U?$pair@$$CBV?$basic_string@DU?$char_traits@D@std@@V?$allocator@D@2@@std@@VInstanceHandle@RBX@@@std@@@2@$0A@@std@@@std@@IAEXPAU_Node@?$_Tree_nod@V?$_Tmap_traits@V?$basic_string@DU?$char_traits@D@std@@V?$allocator@D@2@@std@@VInstanceHandle@RBX@@U?$less@V?$basic_string@DU?$char_traits@D@std@@V?$allocator@D@2@@std@@@2@V?$allocator@U?$pair@$$CBV?$basic_string@DU?$char_traits@D@std@@V?$allocator@D@2@@std@@VInstanceHandle@RBX@@@std@@@2@$0A@@std@@@2@@Z,
0x10096b80,0x1b,library,?_Destroy@?$vector@UIDREFItem@MergeBinder@RBX@@V?$allocator@UIDREFItem@MergeBinder@RBX@@@std@@@std@@IAEXPAUIDREFItem@MergeBinder@RBX@@0@Z,
0x10096ba0,0x1be,library,?insert@?$_Tree@V?$_Tmap_traits@PAVInstance@RBX@@VInstanceHandle@2@U?$less@PAVInstance@RBX@@@std@@V?$allocator@U?$pair@QAVInstance@RBX@@VInstanceHandle@2@@std@@@5@$0A@@std@@@std@@QAE?AViterator@12@V312@ABU?$pair@QAVInstance@RBX@@VInstanceHandle@2@@2@@Z,
0x10096d60,0xcb,library,?erase@?$_Tree@V?$_Tmap_traits@V?$basic_string@DU?$char_traits@D@std@@V?$allocator@D@2@@std@@VInstanceHandle@RBX@@U?$less@V?$basic_string@DU?$char_traits@D@std@@V?$allocator@D@2@@std@@@2@V?$allocator@U?$pair@$$CBV?$basic_string@DU?$char_traits@D@std@@V?$allocator@D@2@@std@@VInstanceHandle@RBX@@@std@@@2@$0A@@std@@@std@@QAE?AViterator@12@V312@0@Z,
0x10096e30,0xed,library,??A?$map@PAVInstance@RBX@@VInstanceHandle@2@U?$less@PAVInstance@RBX@@@std@@V?$allocator@U?$pair@QAVInstance@RBX@@VInstanceHandle@2@@std@@@5@@std@@QAEAAVInstanceHandle@RBX@@ABQAVInstance@3@@Z,
0x10097050,0x8b,library,??$_Copy_backward_opt@PAUIDREFItem@MergeBinder@RBX@@PAU123@Uforward_iterator_tag@std@@@std@@YAPAUIDREFItem@MergeBinder@RBX@@PAU123@00Uforward_iterator_tag@0@U_Nonscalar_ptr_iterator_tag@0@U_Range_checked_iterator_tag@0@@Z,
0x100970e0,0x80,library,??$_Fill@PAUIDREFItem@MergeBinder@RBX@@U123@@std@@YAXPAUIDREFItem@MergeBinder@RBX@@0ABU123@@Z,
0x10097160,0x49,library,??$_Uninit_copy@PAUIDREFItem@MergeBinder@RBX@@PAU123@V?$allocator@UIDREFItem@MergeBinder@RBX@@@std@@@std@@YAPAUIDREFItem@MergeBinder@RBX@@PAU123@00AAV?$allocator@UIDREFItem@MergeBinder@RBX@@@0@U_Nonscalar_ptr_iterator_tag@0@U_Range_checked_iterator_tag@0@@Z,
0x100971b0,0x49,library,??$_Uninit_fill_n@PAUIDREFItem@MergeBinder@RBX@@IU123@V?$allocator@UIDREFItem@MergeBinder@RBX@@@std@@@std@@YAXPAUIDREFItem@MergeBinder@RBX@@IABU123@AAV?$allocator@UIDREFItem@MergeBinder@RBX@@@0@U_Nonscalar_ptr_iterator_tag@0@U_Range_checked_iterator_tag@0@@Z,
0x10097360,0x49,library,??$_Unchecked_move_backward@PAUIDREFItem@MergeBinder@RBX@@PAU123@@stdext@@YAPAUIDREFItem@MergeBinder@RBX@@PAU123@00@Z,
0x100973b0,0x37,library,?_Ufill@?$vector@UIDREFItem@MergeBinder@RBX@@V?$allocator@UIDREFItem@MergeBinder@RBX@@@std@@@std@@IAEPAUIDREFItem@MergeBinder@RBX@@PAU345@IABU345@@Z,
0x100973f0,0x29,library,??$_Umove@PAUIDREFItem@MergeBinder@RBX@@@?$vector@UIDREFItem@MergeBinder@RBX@@V?$allocator@UIDREFItem@MergeBinder@RBX@@@std@@@std@@IAEPAUIDREFItem@MergeBinder@RBX@@PAU234@00@Z,
0x10097420,0x2d4,library,?_Insert_n@?$vector@UIDREFItem@MergeBinder@RBX@@V?$allocator@UIDREFItem@MergeBinder@RBX@@@std@@@std@@IAEXV?$_Vector_iterator@UIDREFItem@MergeBinder@RBX@@V?$allocator@UIDREFItem@MergeBinder@RBX@@@std@@@2@IABUIDREFItem@MergeBinder@RBX@@@Z,
0x10097880,0x8f,library,?insert@?$vector@UIDREFItem@MergeBinder@RBX@@V?$allocator@UIDREFItem@MergeBinder@RBX@@@std@@@std@@QAE?AV?$_Vector_iterator@UIDREFItem@MergeBinder@RBX@@V?$allocator@UIDREFItem@MergeBinder@RBX@@@std@@@2@V32@ABUIDREFItem@MergeBinder@RBX@@@Z,
0x10097910,0x34,library,??1?$map@V?$basic_string@DU?$char_traits@D@std@@V?$allocator@D@2@@std@@VInstanceHandle@RBX@@U?$less@V?$basic_string@DU?$char_traits@D@std@@V?$allocator@D@2@@std@@@2@V?$allocator@U?$pair@$$CBV?$basic_string@DU?$char_traits@D@std@@V?$allocator@D@2@@std@@VInstanceHandle@RBX@@@std@@@2@@std@@QAE@XZ,
0x10097950,0x83,library,?push_back@?$vector@UIDREFItem@MergeBinder@RBX@@V?$allocator@UIDREFItem@MergeBinder@RBX@@@std@@@std@@QAEXABUIDREFItem@MergeBinder@RBX@@@Z,
0x10097c50,0x84,library,?_Dec@const_iterator@?$_Tree@V?$_Tmap_traits@V?$basic_string@DU?$char_traits@D@std@@V?$allocator@D@2@@std@@VInstanceHandle@RBX@@U?$less@V?$basic_string@DU?$char_traits@D@std@@V?$allocator@D@2@@std@@@2@V?$allocator@U?$pair@$$CBV?$basic_string@DU?$char_traits@D@std@@V?$allocator@D@2@@std@@VInstanceHandle@RBX@@@std@@@2@$0A@@std@@@std@@QAEXXZ,
0x10097ce0,0x9a,library,?_Incsize@?$list@UIDREFBinding@ArchiveBinder@@V?$allocator@UIDREFBinding@ArchiveBinder@@@std@@@std@@IAEXI@Z,
0x10097d80,0x58,library,??0_Node@?$_Tree_nod@V?$_Tmap_traits@V?$basic_string@DU?$char_traits@D@std@@V?$allocator@D@2@@std@@VInstanceHandle@RBX@@U?$less@V?$basic_string@DU?$char_traits@D@std@@V?$allocator@D@2@@std@@@2@V?$allocator@U?$pair@$$CBV?$basic_string@DU?$char_traits@D@std@@V?$allocator@D@2@@std@@VInstanceHandle@RBX@@@std@@@2@$0A@@std@@@std@@QAE@PAU012@00ABU?$pair@$$CBV?$basic_string@DU?$char_traits@D@std@@V?$allocator@D@2@@std@@VInstanceHandle@RBX@@@2@D@Z,
0x10097de0,0x88,library,?_Buynode@?$_Tree@V?$_Tmap_traits@V?$basic_string@DU?$char_traits@D@std@@V?$allocator@D@2@@std@@VInstanceHandle@RBX@@U?$less@V?$basic_string@DU?$char_traits@D@std@@V?$allocator@D@2@@std@@@2@V?$allocator@U?$pair@$$CBV?$basic_string@DU?$char_traits@D@std@@V?$allocator@D@2@@std@@VInstanceHandle@RBX@@@std@@@2@$0A@@std@@@std@@IAEPAU_Node@?$_Tree_nod@V?$_Tmap_traits@V?$basic_string@DU?$char_traits@D@std@@V?$allocator@D@2@@std@@VInstanceHandle@RBX@@U?$less@V?$basic_string@DU?$char_traits@D@std@@V?$allocator@D@2@@std@@@2@V?$allocator@U?$pair@$$CBV?$basic_string@DU?$char_traits@D@std@@V?$allocator@D@2@@std@@VInstanceHandle@RBX@@@std@@@2@$0A@@std@@@2@PAU342@00ABU?$pair@$$CBV?$basic_string@DU?$char_traits@D@std@@V?$allocator@D@2@@std@@VInstanceHandle@RBX@@@2@D@Z,
0x10097e70,0x1fc,library,?_Insert@?$_Tree@V?$_Tmap_traits@V?$basic_string@DU?$char_traits@D@std@@V?$allocator@D@2@@std@@VInstanceHandle@RBX@@U?$less@V?$basic_string@DU?$char_traits@D@std@@V?$allocator@D@2@@std@@@2@V?$allocator@U?$pair@$$CBV?$basic_string@DU?$char_traits@D@std@@V?$allocator@D@2@@std@@VInstanceHandle@RBX@@@std@@@2@$0A@@std@@@std@@IAE?AViterator@12@_NPAU_Node@?$_Tree_nod@V?$_Tmap_traits@V?$basic_string@DU?$char_traits@D@std@@V?$allocator@D@2@@std@@VInstanceHandle@RBX@@U?$less@V?$basic_string@DU?$char_traits@D@std@@V?$allocator@D@2@@std@@@2@V?$allocator@U?$pair@$$CBV?$basic_string@DU?$char_traits@D@std@@V?$allocator@D@2@@std@@VInstanceHandle@RBX@@@std@@@2@$0A@@std@@@2@ABU?$pair@$$CBV?$basic_string@DU?$char_traits@D@std@@V?$allocator@D@2@@std@@VInstanceHandle@RBX@@@2@@Z,
0x10098070,0xf3,library,?insert@?$_Tree@V?$_Tmap_traits@V?$basic_string@DU?$char_traits@D@std@@V?$allocator@D@2@@std@@VInstanceHandle@RBX@@U?$less@V?$basic_string@DU?$char_traits@D@std@@V?$allocator@D@2@@std@@@2@V?$allocator@U?$pair@$$CBV?$basic_string@DU?$char_traits@D@std@@V?$allocator@D@2@@std@@VInstanceHandle@RBX@@@std@@@2@$0A@@std@@@std@@QAE?AU?$pair@Viterator@?$_Tree@V?$_Tmap_traits@V?$basic_string@DU?$char_traits@D@std@@V?$allocator@D@2@@std@@VInstanceHandle@RBX@@U?$less@V?$basic_string@DU?$char_traits@D@std@@V?$allocator@D@2@@std@@@2@V?$allocator@U?$pair@$$CBV?$basic_string@DU?$char_traits@D@std@@V?$allocator@D@2@@std@@VInstanceHandle@RBX@@@std@@@2@$0A@@std@@@std@@_N@2@ABU?$pair@$$CBV?$basic_string@DU?$char_traits@D@std@@V?$allocator@D@2@@std@@VInstanceHandle@RBX@@@2@@Z,
0x10098170,0x206,library,?insert@?$_Tree@V?$_Tmap_traits@V?$basic_string@DU?$char_traits@D@std@@V?$allocator@D@2@@std@@VInstanceHandle@RBX@@U?$less@V?$basic_string@DU?$char_traits@D@std@@V?$allocator@D@2@@std@@@2@V?$allocator@U?$pair@$$CBV?$basic_string@DU?$char_traits@D@std@@V?$allocator@D@2@@std@@VInstanceHandle@RBX@@@std@@@2@$0A@@std@@@std@@QAE?AViterator@12@V312@ABU?$pair@$$CBV?$basic_string@DU?$char_traits@D@std@@V?$allocator@D@2@@std@@VInstanceHandle@RBX@@@2@@Z,
0x10098380,0xc3,library,??A?$map@V?$basic_string@DU?$char_traits@D@std@@V?$allocator@D@2@@std@@VInstanceHandle@RBX@@U?$less@V?$basic_string@DU?$char_traits@D@std@@V?$allocator@D@2@@std@@@2@V?$allocator@U?$pair@$$CBV?$basic_string@DU?$char_traits@D@std@@V?$allocator@D@2@@std@@VInstanceHandle@RBX@@@std@@@2@@std@@QAEAAVInstanceHandle@RBX@@ABV?$basic_string@DU?$char_traits@D@std@@V?$allocator@D@2@@1@@Z,
0x1009a980,0x13,library,?size@?$vector@V?$weak_ptr@VPartInstance@RBX@@@boost@@V?$allocator@V?$weak_ptr@VPartInstance@RBX@@@boost@@@std@@@std@@QBEIXZ,
0x1009aac0,0x4e,library,?_Lrotate@?$_Tree@V?$_Tmap_traits@EV?$basic_string@DU?$char_traits@D@std@@V?$allocator@D@2@@std@@U?$less@E@2@V?$allocator@U?$pair@$$CBEV?$basic_string@DU?$char_traits@D@std@@V?$allocator@D@2@@std@@@std@@@2@$0A@@std@@@std@@IAEXPAU_Node@?$_Tree_nod@V?$_Tmap_traits@EV?$basic_string@DU?$char_traits@D@std@@V?$allocator@D@2@@std@@U?$less@E@2@V?$allocator@U?$pair@$$CBEV?$basic_string@DU?$char_traits@D@std@@V?$allocator@D@2@@std@@@std@@@2@$0A@@std@@@2@@Z,
0x1009abc0,0x61,library,??$_Copy_backward_opt@PAV?$weak_ptr@VPartInstance@RBX@@@boost@@PAV12@Uforward_iterator_tag@std@@@std@@YAPAV?$weak_ptr@VPartInstance@RBX@@@boost@@PAV12@00Uforward_iterator_tag@0@U_Nonscalar_ptr_iterator_tag@0@U_Range_checked_iterator_tag@0@@Z,
0x1009b2e0,0x54,library,??$_Fill@PAV?$weak_ptr@VPartInstance@RBX@@@boost@@V12@@std@@YAXPAV?$weak_ptr@VPartInstance@RBX@@@boost@@0ABV12@@Z,
0x1009b920,0x45,library,?_Buynode@?$_Tree@V?$_Tmap_traits@UData@Guid@RBX@@PAVInstance@3@U?$less@UData@Guid@RBX@@@std@@V?$allocator@U?$pair@$$CBUData@Guid@RBX@@PAVInstance@3@@std@@@6@$0A@@std@@@std@@IAEPAU_Node@?$_Tree_nod@V?$_Tmap_traits@UData@Guid@RBX@@PAVInstance@3@U?$less@UData@Guid@RBX@@@std@@V?$allocator@U?$pair@$$CBUData@Guid@RBX@@PAVInstance@3@@std@@@6@$0A@@std@@@2@PAU342@00ABU?$pair@$$CBUData@Guid@RBX@@PAVInstance@3@@2@D@Z,
0x1009bf10,0x3d,library,??$_Uninit_copy@PAV?$weak_ptr@VPartInstance@RBX@@@boost@@PAV12@V?$allocator@V?$weak_ptr@VPartInstance@RBX@@@boost@@@std@@@std@@YAPAV?$weak_ptr@VPartInstance@RBX@@@boost@@PAV12@00AAV?$allocator@V?$weak_ptr@VPartInstance@RBX@@@boost@@@0@U_Nonscalar_ptr_iterator_tag@0@U_Range_checked_iterator_tag@0@@Z,
0x1009c940,0x1fc,library,?_Insert@?$_Tree@V?$_Tmap_traits@UData@Guid@RBX@@PAVInstance@3@U?$less@UData@Guid@RBX@@@std@@V?$allocator@U?$pair@$$CBUData@Guid@RBX@@PAVInstance@3@@std@@@6@$0A@@std@@@std@@IAE?AViterator@12@_NPAU_Node@?$_Tree_nod@V?$_Tmap_traits@UData@Guid@RBX@@PAVInstance@3@U?$less@UData@Guid@RBX@@@std@@V?$allocator@U?$pair@$$CBUData@Guid@RBX@@PAVInstance@3@@std@@@6@$0A@@std@@@2@ABU?$pair@$$CBUData@Guid@RBX@@PAVInstance@3@@2@@Z,
0x1009cb40,0x4c,library,??$_Unchecked_move_backward@PAV?$weak_ptr@VPartInstance@RBX@@@boost@@PAV12@@stdext@@YAPAV?$weak_ptr@VPartInstance@RBX@@@boost@@PAV12@00@Z,
0x1009cb90,0x3d,library,??$_Uninit_fill_n@PAV?$weak_ptr@VPartInstance@RBX@@@boost@@IV12@V?$allocator@V?$weak_ptr@VPartInstance@RBX@@@boost@@@std@@@std@@YAXPAV?$weak_ptr@VPartInstance@RBX@@@boost@@IABV12@AAV?$allocator@V?$weak_ptr@VPartInstance@RBX@@@boost@@@0@U_Nonscalar_ptr_iterator_tag@0@U_Range_checked_iterator_tag@0@@Z,
0x1009cbd0,0x34,library,??$_Destroy_range@V?$weak_ptr@VPartInstance@RBX@@@boost@@V?$allocator@V?$weak_ptr@VPartInstance@RBX@@@boost@@@std@@@std@@YAXPAV?$weak_ptr@VPartInstance@RBX@@@boost@@0AAV?$allocator@V?$weak_ptr@VPartInstance@RBX@@@boost@@@0@U_Nonscalar_ptr_iterator_tag@0@@Z,
0x1009cd10,0xeb,library,?insert@?$_Tree@V?$_Tmap_traits@UData@Guid@RBX@@PAVInstance@3@U?$less@UData@Guid@RBX@@@std@@V?$allocator@U?$pair@$$CBUData@Guid@RBX@@PAVInstance@3@@std@@@6@$0A@@std@@@std@@QAE?AU?$pair@Viterator@?$_Tree@V?$_Tmap_traits@UData@Guid@RBX@@PAVInstance@3@U?$less@UData@Guid@RBX@@@std@@V?$allocator@U?$pair@$$CBUData@Guid@RBX@@PAVInstance@3@@std@@@6@$0A@@std@@@std@@_N@2@ABU?$pair@$$CBUData@Guid@RBX@@PAVInstance@3@@2@@Z,
0x1009cec0,0x33,library,?_Ufill@?$vector@V?$weak_ptr@VPartInstance@RBX@@@boost@@V?$allocator@V?$weak_ptr@VPartInstance@RBX@@@boost@@@std@@@std@@IAEPAV?$weak_ptr@VPartInstance@RBX@@@boost@@PAV34@IABV34@@Z,
0x1009cf00,0x1b,library,?_Destroy@?$vector@V?$weak_ptr@VPartInstance@RBX@@@boost@@V?$allocator@V?$weak_ptr@VPartInstance@RBX@@@boost@@@std@@@std@@IAEXPAV?$weak_ptr@VPartInstance@RBX@@@boost@@0@Z,
0x1009cf20,0x1f2,library,?insert@?$_Tree@V?$_Tmap_traits@UData@Guid@RBX@@PAVInstance@3@U?$less@UData@Guid@RBX@@@std@@V?$allocator@U?$pair@$$CBUData@Guid@RBX@@PAVInstance@3@@std@@@6@$0A@@std@@@std@@QAE?AViterator@12@V312@ABU?$pair@$$CBUData@Guid@RBX@@PAVInstance@3@@2@@Z,
0x1009d120,0x29,library,??$_Umove@PAVBrickColor@RBX@@@?$vector@VBrickColor@RBX@@V?$allocator@VBrickColor@RBX@@@std@@@std@@IAEPAVBrickColor@RBX@@PAV23@00@Z,
0x1009d410,0x31,library,??$_Umove@PAI@?$vector@IV?$allocator@I@std@@@std@@IAEPAIPAI00@Z,
0x1009d450,0x7c,library,??A?$map@UData@Guid@RBX@@PAVInstance@3@U?$less@UData@Guid@RBX@@@std@@V?$allocator@U?$pair@$$CBUData@Guid@RBX@@PAVInstance@3@@std@@@6@@std@@QAEAAPAVInstance@RBX@@ABUData@Guid@3@@Z,
0x1009d4d0,0x29,library,??$_Umove@PAV?$weak_ptr@VPartInstance@RBX@@@boost@@@?$vector@V?$weak_ptr@VPartInstance@RBX@@@boost@@V?$allocator@V?$weak_ptr@VPartInstance@RBX@@@boost@@@std@@@std@@IAEPAV?$weak_ptr@VPartInstance@RBX@@@boost@@PAV23@00@Z,
0x1009d500,0x2cd,library,?_Insert_n@?$vector@V?$weak_ptr@VPartInstance@RBX@@@boost@@V?$allocator@V?$weak_ptr@VPartInstance@RBX@@@boost@@@std@@@std@@IAEXV?$_Vector_iterator@V?$weak_ptr@VPartInstance@RBX@@@boost@@V?$allocator@V?$weak_ptr@VPartInstance@RBX@@@boost@@@std@@@2@IABV?$weak_ptr@VPartInstance@RBX@@@boost@@@Z,
0x1009d810,0x8d,library,?insert@?$vector@V?$weak_ptr@VPartInstance@RBX@@@boost@@V?$allocator@V?$weak_ptr@VPartInstance@RBX@@@boost@@@std@@@std@@QAE?AV?$_Vector_iterator@V?$weak_ptr@VPartInstance@RBX@@@boost@@V?$allocator@V?$weak_ptr@VPartInstance@RBX@@@boost@@@std@@@2@V32@ABV?$weak_ptr@VPartInstance@RBX@@@boost@@@Z,
0x1009d8b0,0x83,library,?push_back@?$vector@V?$weak_ptr@VPartInstance@RBX@@@boost@@V?$allocator@V?$weak_ptr@VPartInstance@RBX@@@boost@@@std@@@std@@QAEXABV?$weak_ptr@VPartInstance@RBX@@@boost@@@Z,
0x100a0a00,0x10,library,??1?$auto_ptr@VState@Humanoid@RBX@@@std@@QAE@XZ,
0x100a1940,0x13,library,?size@?$vector@PAVAssembly@RBX@@V?$allocator@PAVAssembly@RBX@@@std@@@std@@QBEIXZ,
0x100b00b0,0x28,library,??D?$_Vector_const_iterator@V?$shared_ptr@VInstance@RBX@@@boost@@V?$allocator@V?$shared_ptr@VInstance@RBX@@@boost@@@std@@@std@@QBEABV?$shared_ptr@VInstance@RBX@@@boost@@XZ,
0x100b3510,0x6c,library,?_Inc@const_iterator@?$_Tree@V?$_Tmap_traits@PBVName@RBX@@W4FormFactor@PartInstance@2@U?$less@PBVName@RBX@@@std@@V?$allocator@U?$pair@QBVName@RBX@@W4FormFactor@PartInstance@2@@std@@@6@$0A@@std@@@std@@QAEXXZ,
0x100b3580,0x84,library,?_Dec@const_iterator@?$_Tree@V?$_Tmap_traits@V?$basic_string@DU?$char_traits@D@std@@V?$allocator@D@2@@std@@W4ControllerType@Controller@RBX@@U?$less@V?$basic_string@DU?$char_traits@D@std@@V?$allocator@D@2@@std@@@2@V?$allocator@U?$pair@$$CBV?$basic_string@DU?$char_traits@D@std@@V?$allocator@D@2@@std@@W4ControllerType@Controller@RBX@@@std@@@2@$0A@@std@@@std@@QAEXXZ,
0x100b3940,0x37,library,?_Buynode@?$_Tree@V?$_Tmap_traits@PBVName@RBX@@W4AssertAction@Debugable@2@U?$less@PBVName@RBX@@@std@@V?$allocator@U?$pair@QBVName@RBX@@W4AssertAction@Debugable@2@@std@@@6@$0A@@std@@@std@@IAEPAU_Node@?$_Tree_nod@V?$_Tmap_traits@PBVName@RBX@@W4AssertAction@Debugable@2@U?$less@PBVName@RBX@@@std@@V?$allocator@U?$pair@QBVName@RBX@@W4AssertAction@Debugable@2@@std@@@6@$0A@@std@@@2@XZ,
0x100b4790,0x69,library,?find@?$_Tree@V?$_Tmap_traits@PBVName@RBX@@PAVVerb@2@U?$less@PBVName@RBX@@@std@@V?$allocator@U?$pair@QBVName@RBX@@PAVVerb@2@@std@@@5@$0A@@std@@@std@@QAE?AViterator@12@ABQBVName@RBX@@@Z,
0x100b53f0,0x1f,library,?size@?$vector@UWaitingThread@YieldingThreads@Lua@RBX@@V?$allocator@UWaitingThread@YieldingThreads@Lua@RBX@@@std@@@std@@QBEIXZ,
0x100b5410,0x5e,library,??$_Allocate@UWaitingThread@YieldingThreads@Lua@RBX@@@std@@YAPAUWaitingThread@YieldingThreads@Lua@RBX@@IPAU1234@@Z,
0x100b5540,0x87,library,??$_Copy_opt@PAUWaitingThread@YieldingThreads@Lua@RBX@@PAU1234@Uforward_iterator_tag@std@@@std@@YAPAUWaitingThread@YieldingThreads@Lua@RBX@@PAU1234@00Uforward_iterator_tag@0@U_Nonscalar_ptr_iterator_tag@0@U_Range_checked_iterator_tag@0@@Z,
0x100b55d0,0x88,library,??$_Copy_backward_opt@PAUWaitingThread@YieldingThreads@Lua@RBX@@PAU1234@Uforward_iterator_tag@std@@@std@@YAPAUWaitingThread@YieldingThreads@Lua@RBX@@PAU1234@00Uforward_iterator_tag@0@U_Nonscalar_ptr_iterator_tag@0@U_Range_checked_iterator_tag@0@@Z,
0x100b5660,0x7d,library,??$_Fill@PAUWaitingThread@YieldingThreads@Lua@RBX@@U1234@@std@@YAXPAUWaitingThread@YieldingThreads@Lua@RBX@@0ABU1234@@Z,
0x100b56e0,0x49,library,??$_Uninit_copy@PAUWaitingThread@YieldingThreads@Lua@RBX@@PAU1234@V?$allocator@UWaitingThread@YieldingThreads@Lua@RBX@@@std@@@std@@YAPAUWaitingThread@YieldingThreads@Lua@RBX@@PAU1234@00AAV?$allocator@UWaitingThread@YieldingThreads@Lua@RBX@@@0@U_Nonscalar_ptr_iterator_tag@0@U_Range_checked_iterator_tag@0@@Z,
0x100b5730,0x5f,library,??$_Copy_backward_opt@PAUWaitingThread@YieldingThreads@Lua@RBX@@PAU1234@@std@@YAPAUWaitingThread@YieldingThreads@Lua@RBX@@PAU1234@00Urandom_access_iterator_tag@0@U_Nonscalar_ptr_iterator_tag@0@U_Range_checked_iterator_tag@0@@Z,
0x100b5820,0x56,library,??$unchecked_copy@PAUWaitingThread@YieldingThreads@Lua@RBX@@PAU1234@@stdext@@YAPAUWaitingThread@YieldingThreads@Lua@RBX@@PAU1234@00@Z,
0x100b5880,0x49,library,??$_Uninit_fill_n@PAUWaitingThread@YieldingThreads@Lua@RBX@@IU1234@V?$allocator@UWaitingThread@YieldingThreads@Lua@RBX@@@std@@@std@@YAXPAUWaitingThread@YieldingThreads@Lua@RBX@@IABU1234@AAV?$allocator@UWaitingThread@YieldingThreads@Lua@RBX@@@0@U_Nonscalar_ptr_iterator_tag@0@U_Range_checked_iterator_tag@0@@Z,
0x100b58d0,0x2b,library,??$_Unchecked_move_backward@PAUWaitingThread@YieldingThreads@Lua@RBX@@PAU1234@@stdext@@YAPAUWaitingThread@YieldingThreads@Lua@RBX@@PAU1234@00@Z,
0x100b5900,0x36,library,?_Ufill@?$vector@UWaitingThread@YieldingThreads@Lua@RBX@@V?$allocator@UWaitingThread@YieldingThreads@Lua@RBX@@@std@@@std@@IAEPAUWaitingThread@YieldingThreads@Lua@RBX@@PAU3456@IABU3456@@Z,
0x100b5940,0x59,library,?erase@?$vector@UWaitingThread@YieldingThreads@Lua@RBX@@V?$allocator@UWaitingThread@YieldingThreads@Lua@RBX@@@std@@@std@@QAE?AV?$_Vector_iterator@UWaitingThread@YieldingThreads@Lua@RBX@@V?$allocator@UWaitingThread@YieldingThreads@Lua@RBX@@@std@@@2@V32@0@Z,
0x100b59a0,0x29,library,??$_Umove@PAUWaitingThread@YieldingThreads@Lua@RBX@@@?$vector@UWaitingThread@YieldingThreads@Lua@RBX@@V?$allocator@UWaitingThread@YieldingThreads@Lua@RBX@@@std@@@std@@IAEPAUWaitingThread@YieldingThreads@Lua@RBX@@PAU2345@00@Z,
0x100b59d0,0xef,library,??0?$vector@UWaitingThread@YieldingThreads@Lua@RBX@@V?$allocator@UWaitingThread@YieldingThreads@Lua@RBX@@@std@@@std@@QAE@ABV01@@Z,
0x100b5ac0,0x333,library,?_Insert_n@?$vector@UWaitingThread@YieldingThreads@Lua@RBX@@V?$allocator@UWaitingThread@YieldingThreads@Lua@RBX@@@std@@@std@@IAEXV?$_Vector_iterator@UWaitingThread@YieldingThreads@Lua@RBX@@V?$allocator@UWaitingThread@YieldingThreads@Lua@RBX@@@std@@@2@IABUWaitingThread@YieldingThreads@Lua@RBX@@@Z,
0x100b5e20,0xae,library,?insert@?$vector@UWaitingThread@YieldingThreads@Lua@RBX@@V?$allocator@UWaitingThread@YieldingThreads@Lua@RBX@@@std@@@std@@QAE?AV?$_Vector_iterator@UWaitingThread@YieldingThreads@Lua@RBX@@V?$allocator@UWaitingThread@YieldingThreads@Lua@RBX@@@std@@@2@V32@ABUWaitingThread@YieldingThreads@Lua@RBX@@@Z,
0x100b5ed0,0xa1,library,?push_back@?$vector@UWaitingThread@YieldingThreads@Lua@RBX@@V?$allocator@UWaitingThread@YieldingThreads@Lua@RBX@@@std@@@std@@QAEXABUWaitingThread@YieldingThreads@Lua@RBX@@@Z,
0x100bf140,0x1b,library,?_Min@?$_Tree@V?$_Tset_traits@PAVAssembly@RBX@@U?$less@PAVAssembly@RBX@@@std@@V?$allocator@PAVAssembly@RBX@@@4@$0A@@std@@@std@@KAPAU_Node@?$_Tree_nod@V?$_Tset_traits@PAVAssembly@RBX@@U?$less@PAVAssembly@RBX@@@std@@V?$allocator@PAVAssembly@RBX@@@4@$0A@@std@@@2@PAU342@@Z,
0x100bf240,0x5f,library,??$_Copy_opt@Vconst_iterator@?$_Tree@V?$_Tset_traits@PAVInstance@RBX@@U?$less@PAVInstance@RBX@@@std@@V?$allocator@PAVInstance@RBX@@@4@$0A@@std@@@std@@VAddIterator@Selection@RBX@@Uforward_iterator_tag@3@@std@@YA?AVAddIterator@Selection@RBX@@Vconst_iterator@?$_Tree@V?$_Tset_traits@PAVInstance@RBX@@U?$less@PAVInstance@RBX@@@std@@V?$allocator@PAVInstance@RBX@@@4@$0A@@std@@@0@0V123@Uforward_iterator_tag@0@U_Nonscalar_ptr_iterator_tag@0@U_Range_checked_iterator_tag@0@@Z,
0x100bf2a0,0x5f,library,??$_Copy_opt@Vconst_iterator@?$_Tree@V?$_Tset_traits@PAVInstance@RBX@@U?$less@PAVInstance@RBX@@@std@@V?$allocator@PAVInstance@RBX@@@4@$0A@@std@@@std@@VToggleIterator@Selection@RBX@@Uforward_iterator_tag@3@@std@@YA?AVToggleIterator@Selection@RBX@@Vconst_iterator@?$_Tree@V?$_Tset_traits@PAVInstance@RBX@@U?$less@PAVInstance@RBX@@@std@@V?$allocator@PAVInstance@RBX@@@4@$0A@@std@@@0@0V123@Uforward_iterator_tag@0@U_Nonscalar_ptr_iterator_tag@0@U_Range_checked_iterator_tag@0@@Z,
0x100bf440,0x5f,library,??$_Copy_opt@Viterator@?$_Tree@V?$_Tset_traits@PAVInstance@RBX@@U?$less@PAVInstance@RBX@@@std@@V?$allocator@PAVInstance@RBX@@@4@$0A@@std@@@std@@VRemoveIterator@Selection@RBX@@Uforward_iterator_tag@3@@std@@YA?AVRemoveIterator@Selection@RBX@@Viterator@?$_Tree@V?$_Tset_traits@PAVInstance@RBX@@U?$less@PAVInstance@RBX@@@std@@V?$allocator@PAVInstance@RBX@@@4@$0A@@std@@@0@0V123@Uforward_iterator_tag@0@U_Nonscalar_ptr_iterator_tag@0@U_Range_checked_iterator_tag@0@@Z,
0x100bf550,0xa8,library,?_Copy@?$_Tree@V?$_Tset_traits@PAVInstance@RBX@@U?$less@PAVInstance@RBX@@@std@@V?$allocator@PAVInstance@RBX@@@4@$0A@@std@@@std@@IAEPAU_Node@?$_Tree_nod@V?$_Tset_traits@PAVInstance@RBX@@U?$less@PAVInstance@RBX@@@std@@V?$allocator@PAVInstance@RBX@@@4@$0A@@std@@@2@PAU342@0@Z,
0x100bf600,0x129,library,??$_Set_difference@Vconst_iterator@?$_Tree@V?$_Tset_traits@PAVInstance@RBX@@U?$less@PAVInstance@RBX@@@std@@V?$allocator@PAVInstance@RBX@@@4@$0A@@std@@@std@@Viterator@23@VAddIterator@Selection@RBX@@@std@@YA?AVAddIterator@Selection@RBX@@Vconst_iterator@?$_Tree@V?$_Tset_traits@PAVInstance@RBX@@U?$less@PAVInstance@RBX@@@std@@V?$allocator@PAVInstance@RBX@@@4@$0A@@std@@@0@0Viterator@50@1V123@U_Range_checked_iterator_tag@0@@Z,
0x100bf730,0x129,library,??$_Set_difference@Vconst_iterator@?$_Tree@V?$_Tset_traits@PAVInstance@RBX@@U?$less@PAVInstance@RBX@@@std@@V?$allocator@PAVInstance@RBX@@@4@$0A@@std@@@std@@Viterator@23@VToggleIterator@Selection@RBX@@@std@@YA?AVToggleIterator@Selection@RBX@@Vconst_iterator@?$_Tree@V?$_Tset_traits@PAVInstance@RBX@@U?$less@PAVInstance@RBX@@@std@@V?$allocator@PAVInstance@RBX@@@4@$0A@@std@@@0@0Viterator@50@1V123@U_Range_checked_iterator_tag@0@@Z,
0x100bf9d0,0x3e,library,?erase@?$vector@PAVInstance@RBX@@V?$allocator@PAVInstance@RBX@@@std@@@std@@QAE?AV?$_Vector_iterator@PAVInstance@RBX@@V?$allocator@PAVInstance@RBX@@@std@@@2@V32@@Z,
0x100bfb60,0x75,library,?_Copy@?$_Tree@V?$_Tset_traits@PAVInstance@RBX@@U?$less@PAVInstance@RBX@@@std@@V?$allocator@PAVInstance@RBX@@@4@$0A@@std@@@std@@IAEXABV12@@Z,
0x100bfbe0,0x129,library,??$_Set_difference@Viterator@?$_Tree@V?$_Tset_traits@PAVInstance@RBX@@U?$less@PAVInstance@RBX@@@std@@V?$allocator@PAVInstance@RBX@@@4@$0A@@std@@@std@@Vconst_iterator@23@VRemoveIterator@Selection@RBX@@@std@@YA?AVRemoveIterator@Selection@RBX@@Viterator@?$_Tree@V?$_Tset_traits@PAVInstance@RBX@@U?$less@PAVInstance@RBX@@@std@@V?$allocator@PAVInstance@RBX@@@4@$0A@@std@@@0@0Vconst_iterator@50@1V123@U_Range_checked_iterator_tag@0@@Z,
0x100c10c0,0x44,library,??$for_each@V?$_Vector_const_iterator@V?$shared_ptr@VInstance@RBX@@@boost@@V?$allocator@V?$shared_ptr@VInstance@RBX@@@boost@@@std@@@std@@V?$bind_t@XV?$mf1@XVInstance@RBX@@PAV12@@_mfi@boost@@V?$list2@V?$arg@$00@boost@@V?$value@PAVInstance@RBX@@@_bi@2@@_bi@3@@_bi@boost@@@std@@YA?AV?$bind_t@XV?$mf1@XVInstance@RBX@@PAV12@@_mfi@boost@@V?$list2@V?$arg@$00@boost@@V?$value@PAVInstance@RBX@@@_bi@2@@_bi@3@@_bi@boost@@V?$_Vector_const_iterator@V?$shared_ptr@VInstance@RBX@@@boost@@V?$allocator@V?$shared_ptr@VInstance@RBX@@@boost@@@std@@@0@0V123@@Z,
0x100c11d0,0x3f,library,??1?$vector@V?$weak_ptr@VPartInstance@RBX@@@boost@@V?$allocator@V?$weak_ptr@VPartInstance@RBX@@@boost@@@std@@@std@@QAE@XZ,
0x100c3340,0x37,library,?_Buynode@?$_Tree@V?$_Tmap_traits@EV?$basic_string@DU?$char_traits@D@std@@V?$allocator@D@2@@std@@U?$less@E@2@V?$allocator@U?$pair@$$CBEV?$basic_string@DU?$char_traits@D@std@@V?$allocator@D@2@@std@@@std@@@2@$0A@@std@@@std@@IAEPAU_Node@?$_Tree_nod@V?$_Tmap_traits@EV?$basic_string@DU?$char_traits@D@std@@V?$allocator@D@2@@std@@U?$less@E@2@V?$allocator@U?$pair@$$CBEV?$basic_string@DU?$char_traits@D@std@@V?$allocator@D@2@@std@@@std@@@2@$0A@@std@@@2@XZ,
0x100c7150,0x52,library,?_Rrotate@?$_Tree@V?$_Tmap_traits@HPAVName@RBX@@U?$less@H@std@@V?$allocator@U?$pair@$$CBHPAVName@RBX@@@std@@@4@$0A@@std@@@std@@IAEXPAU_Node@?$_Tree_nod@V?$_Tmap_traits@HPAVName@RBX@@U?$less@H@std@@V?$allocator@U?$pair@$$CBHPAVName@RBX@@@std@@@4@$0A@@std@@@2@@Z,
0x100c71b0,0x1c,library,?_Max@?$_Tree@V?$_Tmap_traits@EV?$basic_string@DU?$char_traits@D@std@@V?$allocator@D@2@@std@@U?$less@E@2@V?$allocator@U?$pair@$$CBEV?$basic_string@DU?$char_traits@D@std@@V?$allocator@D@2@@std@@@std@@@2@$0A@@std@@@std@@KAPAU_Node@?$_Tree_nod@V?$_Tmap_traits@EV?$basic_string@DU?$char_traits@D@std@@V?$allocator@D@2@@std@@U?$less@E@2@V?$allocator@U?$pair@$$CBEV?$basic_string@DU?$char_traits@D@std@@V?$allocator@D@2@@std@@@std@@@2@$0A@@std@@@2@PAU342@@Z,
0x100c7d80,0x35,library,??$_Unchecked_move_backward@PAVBrickColor@RBX@@PAV12@@stdext@@YAPAVBrickColor@RBX@@PAV12@00@Z,
0x100c7ea0,0xb9,library,?insert@?$_Tree@V?$_Tmap_traits@PBVName@RBX@@W4AssertAction@Debugable@2@U?$less@PBVName@RBX@@@std@@V?$allocator@U?$pair@QBVName@RBX@@W4AssertAction@Debugable@2@@std@@@6@$0A@@std@@@std@@QAE?AU?$pair@Viterator@?$_Tree@V?$_Tmap_traits@PBVName@RBX@@W4AssertAction@Debugable@2@U?$less@PBVName@RBX@@@std@@V?$allocator@U?$pair@QBVName@RBX@@W4AssertAction@Debugable@2@@std@@@6@$0A@@std@@@std@@_N@2@ABU?$pair@QBVName@RBX@@W4AssertAction@Debugable@2@@2@@Z,
0x100c8040,0x1be,library,?insert@?$_Tree@V?$_Tmap_traits@PBVName@RBX@@W4AssertAction@Debugable@2@U?$less@PBVName@RBX@@@std@@V?$allocator@U?$pair@QBVName@RBX@@W4AssertAction@Debugable@2@@std@@@6@$0A@@std@@@std@@QAE?AViterator@12@V312@ABU?$pair@QBVName@RBX@@W4AssertAction@Debugable@2@@2@@Z,
0x100c8200,0x7f,library,??A?$map@PBVName@RBX@@W4SurfaceType@2@U?$less@PBVName@RBX@@@std@@V?$allocator@U?$pair@QBVName@RBX@@W4SurfaceType@2@@std@@@5@@std@@QAEAAW4SurfaceType@RBX@@ABQBVName@3@@Z,
0x100cf350,0x39,library,?_Buynode@?$_Tree@V?$_Tset_traits@PAVAssembly@RBX@@U?$less@PAVAssembly@RBX@@@std@@V?$allocator@PAVAssembly@RBX@@@4@$0A@@std@@@std@@IAEPAU_Node@?$_Tree_nod@V?$_Tset_traits@PAVAssembly@RBX@@U?$less@PAVAssembly@RBX@@@std@@V?$allocator@PAVAssembly@RBX@@@4@$0A@@std@@@2@PAU342@00ABQAVAssembly@RBX@@D@Z,
0x100cf830,0x2b8,library,?erase@?$_Tree@V?$_Tset_traits@PAVAssembly@RBX@@U?$less@PAVAssembly@RBX@@@std@@V?$allocator@PAVAssembly@RBX@@@4@$0A@@std@@@std@@QAE?AViterator@12@V312@@Z,
0x100cfb90,0x69,library,?find@?$_Tree@V?$_Tset_traits@PAVPrimitive@RBX@@U?$less@PAVPrimitive@RBX@@@std@@V?$allocator@PAVPrimitive@RBX@@@4@$0A@@std@@@std@@QAE?AViterator@12@ABQAVPrimitive@RBX@@@Z,
0x100cfc00,0xcb,library,?erase@?$_Tree@V?$_Tset_traits@PAVJoint@RBX@@U?$less@PAVJoint@RBX@@@std@@V?$allocator@PAVJoint@RBX@@@4@$0A@@std@@@std@@QAE?AViterator@12@V312@0@Z,
0x100cfc00,0xcb,library,?erase@?$_Tree@V?$_Tset_traits@PAVAssembly@RBX@@U?$less@PAVAssembly@RBX@@@std@@V?$allocator@PAVAssembly@RBX@@@4@$0A@@std@@@std@@QAE?AViterator@12@V312@0@Z,
0x100d07b0,0x34,library,??1?$_Tree@V?$_Tset_traits@PAVPrimitive@RBX@@U?$less@PAVPrimitive@RBX@@@std@@V?$allocator@PAVPrimitive@RBX@@@4@$0A@@std@@@std@@QAE@XZ,
0x100d0bf0,0x4e,library,?_Lrotate@?$_Tree@V?$_Tset_traits@PAVAssembly@RBX@@U?$less@PAVAssembly@RBX@@@std@@V?$allocator@PAVAssembly@RBX@@@4@$0A@@std@@@std@@IAEXPAU_Node@?$_Tree_nod@V?$_Tset_traits@PAVAssembly@RBX@@U?$less@PAVAssembly@RBX@@@std@@V?$allocator@PAVAssembly@RBX@@@4@$0A@@std@@@2@@Z,
0x100d0c40,0x37,library,?_Buynode@?$_Tree@V?$_Tset_traits@PAVAssembly@RBX@@U?$less@PAVAssembly@RBX@@@std@@V?$allocator@PAVAssembly@RBX@@@4@$0A@@std@@@std@@IAEPAU_Node@?$_Tree_nod@V?$_Tset_traits@PAVAssembly@RBX@@U?$less@PAVAssembly@RBX@@@std@@V?$allocator@PAVAssembly@RBX@@@4@$0A@@std@@@2@XZ,
0x100d20a0,0x71,library,?_Xlen@?$vector@_NV?$allocator@_N@std@@@std@@IBEXXZ,
0x100d2f30,0x30,library,??0?$_Vb_iterator@V?$vector@_NV?$allocator@_N@std@@@std@@@std@@QAE@ABV01@@Z,
0x100d2f60,0x3b,library,?begin@?$vector@_NV?$allocator@_N@std@@@std@@QAE?AV?$_Vb_iterator@V?$vector@_NV?$allocator@_N@std@@@std@@@2@XZ,
0x100d2fa0,0xc6,library,?_Trim@?$vector@_NV?$allocator@_N@std@@@std@@IAEXI@Z,
0x100d3070,0xcf,library,??Y?$_Vb_const_iterator@V?$vector@_NV?$allocator@_N@std@@@std@@@std@@QAEAAV01@H@Z,
0x100d3140,0x48,library,?_Getptr@?$_Vb_reference@V?$vector@_NV?$allocator@_N@std@@@std@@@std@@QBEPAIXZ,
0x100d3190,0x5a,library,??B?$_Vb_reference@V?$vector@_NV?$allocator@_N@std@@@std@@@std@@QBE_NXZ,
0x100d31f0,0x49,library,?end@?$vector@_NV?$allocator@_N@std@@@std@@QAE?AV?$_Vb_iterator@V?$vector@_NV?$allocator@_N@std@@@std@@@2@XZ,
0x100d3240,0x66,library,??H?$_Vb_iterator@V?$vector@_NV?$allocator@_N@std@@@std@@@std@@QBE?AV01@H@Z,
0x100d32b0,0x68,library,??G?$_Vb_iterator@V?$vector@_NV?$allocator@_N@std@@@std@@@std@@QBE?AV01@H@Z,
0x100d3320,0x1c1,library,??$_Copy_opt@V?$_Vb_iterator@V?$vector@_NV?$allocator@_N@std@@@std@@@std@@V12@Uforward_iterator_tag@2@@std@@YA?AV?$_Vb_iterator@V?$vector@_NV?$allocator@_N@std@@@std@@@0@V10@00Uforward_iterator_tag@0@U_Nonscalar_ptr_iterator_tag@0@U_Range_checked_iterator_tag@0@@Z,
0x100d34f0,0x1bf,library,??$_Copy_backward_opt@V?$_Vb_iterator@V?$vector@_NV?$allocator@_N@std@@@std@@@std@@V12@Uforward_iterator_tag@2@@std@@YA?AV?$_Vb_iterator@V?$vector@_NV?$allocator@_N@std@@@std@@@0@V10@00Uforward_iterator_tag@0@U_Nonscalar_ptr_iterator_tag@0@U_Range_checked_iterator_tag@0@@Z,
0x100d36b0,0x6f,library,??A?$vector@_NV?$allocator@_N@std@@@std@@QAE?AV?$_Vb_reference@V?$vector@_NV?$allocator@_N@std@@@std@@@1@I@Z,
0x100d37b0,0x7c,library,?back@?$vector@_NV?$allocator@_N@std@@@std@@QAE?AV?$_Vb_reference@V?$vector@_NV?$allocator@_N@std@@@std@@@2@XZ,
0x100d3830,0xd5,library,??$_Copy_opt@V?$_Vb_iterator@V?$vector@_NV?$allocator@_N@std@@@std@@@std@@V12@@std@@YA?AV?$_Vb_iterator@V?$vector@_NV?$allocator@_N@std@@@std@@@0@V10@00Urandom_access_iterator_tag@0@U_Nonscalar_ptr_iterator_tag@0@U_Range_checked_iterator_tag@0@@Z,
0x100d3910,0xed,library,??$_Fill@V?$_Vb_iterator@V?$vector@_NV?$allocator@_N@std@@@std@@@std@@_N@std@@YAXV?$_Vb_iterator@V?$vector@_NV?$allocator@_N@std@@@std@@@0@0AB_N@Z,
0x100d3a00,0xd5,library,??$_Copy_backward_opt@V?$_Vb_iterator@V?$vector@_NV?$allocator@_N@std@@@std@@@std@@V12@@std@@YA?AV?$_Vb_iterator@V?$vector@_NV?$allocator@_N@std@@@std@@@0@V10@00Urandom_access_iterator_tag@0@U_Nonscalar_ptr_iterator_tag@0@U_Range_checked_iterator_tag@0@@Z,
0x100d3ae0,0xa1,library,??$copy@V?$_Vb_iterator@V?$vector@_NV?$allocator@_N@std@@@std@@@std@@V12@@std@@YA?AV?$_Vb_iterator@V?$vector@_NV?$allocator@_N@std@@@std@@@0@V10@00@Z,
0x100d3b90,0x64,library,??$fill@V?$_Vb_iterator@V?$vector@_NV?$allocator@_N@std@@@std@@@std@@_N@std@@YAXV?$_Vb_iterator@V?$vector@_NV?$allocator@_N@std@@@std@@@0@0AB_N@Z,
0x100d3c00,0xa1,library,??$copy_backward@V?$_Vb_iterator@V?$vector@_NV?$allocator@_N@std@@@std@@@std@@V12@@std@@YA?AV?$_Vb_iterator@V?$vector@_NV?$allocator@_N@std@@@std@@@0@V10@00@Z,
0x100d3cb0,0x122,library,?erase@?$vector@_NV?$allocator@_N@std@@@std@@QAE?AV?$_Vb_iterator@V?$vector@_NV?$allocator@_N@std@@@std@@@2@V32@0@Z,
0x100d3de0,0xcf,library,?_Insert_x@?$vector@_NV?$allocator@_N@std@@@std@@IAEIV?$_Vb_iterator@V?$vector@_NV?$allocator@_N@std@@@std@@@2@I@Z,
0x100d3eb0,0xca,library,?_Insert_n@?$vector@_NV?$allocator@_N@std@@@std@@IAEXV?$_Vb_iterator@V?$vector@_NV?$allocator@_N@std@@@std@@@2@I_N@Z,
0x100d3f80,0x85,library,?resize@?$vector@_NV?$allocator@_N@std@@@std@@QAEXI_N@Z,
0x100d4010,0xa1,library,?insert@?$vector@_NV?$allocator@_N@std@@@std@@QAE?AV?$_Vb_iterator@V?$vector@_NV?$allocator@_N@std@@@std@@@2@V32@_N@Z,
0x100d64f0,0x2e,library,?_Ufill@?$vector@IV?$allocator@I@std@@@std@@IAEPAIPAIIABI@Z,
0x100e42e0,0x46,library,?_Lbound@?$_Tree@V?$_Tmap_traits@V?$basic_string@DU?$char_traits@D@std@@V?$allocator@D@2@@std@@EU?$less@V?$basic_string@DU?$char_traits@D@std@@V?$allocator@D@2@@std@@@2@V?$allocator@U?$pair@$$CBV?$basic_string@DU?$char_traits@D@std@@V?$allocator@D@2@@std@@E@std@@@2@$0A@@std@@@std@@IBEPAU_Node@?$_Tree_nod@V?$_Tmap_traits@V?$basic_string@DU?$char_traits@D@std@@V?$allocator@D@2@@std@@EU?$less@V?$basic_string@DU?$char_traits@D@std@@V?$allocator@D@2@@std@@@2@V?$allocator@U?$pair@$$CBV?$basic_string@DU?$char_traits@D@std@@V?$allocator@D@2@@std@@E@std@@@2@$0A@@std@@@2@ABV?$basic_string@DU?$char_traits@D@std@@V?$allocator@D@2@@2@@Z,
0x100e49a0,0x3f,library,?_Buynode@?$_Tree@V?$_Tmap_traits@HPAVName@RBX@@U?$less@H@std@@V?$allocator@U?$pair@$$CBHPAVName@RBX@@@std@@@4@$0A@@std@@@std@@IAEPAU_Node@?$_Tree_nod@V?$_Tmap_traits@HPAVName@RBX@@U?$less@H@std@@V?$allocator@U?$pair@$$CBHPAVName@RBX@@@std@@@4@$0A@@std@@@2@PAU342@00ABU?$pair@$$CBHPAVName@RBX@@@2@D@Z,
0x100e4ca0,0x1fc,library,?_Insert@?$_Tree@V?$_Tmap_traits@V?$basic_string@DU?$char_traits@D@std@@V?$allocator@D@2@@std@@PAVName@RBX@@U?$less@V?$basic_string@DU?$char_traits@D@std@@V?$allocator@D@2@@std@@@2@V?$allocator@U?$pair@$$CBV?$basic_string@DU?$char_traits@D@std@@V?$allocator@D@2@@std@@PAVName@RBX@@@std@@@2@$0A@@std@@@std@@IAE?AViterator@12@_NPAU_Node@?$_Tree_nod@V?$_Tmap_traits@V?$basic_string@DU?$char_traits@D@std@@V?$allocator@D@2@@std@@PAVName@RBX@@U?$less@V?$basic_string@DU?$char_traits@D@std@@V?$allocator@D@2@@std@@@2@V?$allocator@U?$pair@$$CBV?$basic_string@DU?$char_traits@D@std@@V?$allocator@D@2@@std@@PAVName@RBX@@@std@@@2@$0A@@std@@@2@ABU?$pair@$$CBV?$basic_string@DU?$char_traits@D@std@@V?$allocator@D@2@@std@@PAVName@RBX@@@2@@Z,
0x100e4f40,0xf3,library,?insert@?$_Tree@V?$_Tmap_traits@V?$basic_string@DU?$char_traits@D@std@@V?$allocator@D@2@@std@@PAVName@RBX@@U?$less@V?$basic_string@DU?$char_traits@D@std@@V?$allocator@D@2@@std@@@2@V?$allocator@U?$pair@$$CBV?$basic_string@DU?$char_traits@D@std@@V?$allocator@D@2@@std@@PAVName@RBX@@@std@@@2@$0A@@std@@@std@@QAE?AU?$pair@Viterator@?$_Tree@V?$_Tmap_traits@V?$basic_string@DU?$char_traits@D@std@@V?$allocator@D@2@@std@@PAVName@RBX@@U?$less@V?$basic_string@DU?$char_traits@D@std@@V?$allocator@D@2@@std@@@2@V?$allocator@U?$pair@$$CBV?$basic_string@DU?$char_traits@D@std@@V?$allocator@D@2@@std@@PAVName@RBX@@@std@@@2@$0A@@std@@@std@@_N@2@ABU?$pair@$$CBV?$basic_string@DU?$char_traits@D@std@@V?$allocator@D@2@@std@@PAVName@RBX@@@2@@Z,
0x100e50c0,0x206,library,?insert@?$_Tree@V?$_Tmap_traits@V?$basic_string@DU?$char_traits@D@std@@V?$allocator@D@2@@std@@PAVName@RBX@@U?$less@V?$basic_string@DU?$char_traits@D@std@@V?$allocator@D@2@@std@@@2@V?$allocator@U?$pair@$$CBV?$basic_string@DU?$char_traits@D@std@@V?$allocator@D@2@@std@@PAVName@RBX@@@std@@@2@$0A@@std@@@std@@QAE?AViterator@12@V312@ABU?$pair@$$CBV?$basic_string@DU?$char_traits@D@std@@V?$allocator@D@2@@std@@PAVName@RBX@@@2@@Z,
0x100e52d0,0xbb,library,??A?$map@V?$basic_string@DU?$char_traits@D@std@@V?$allocator@D@2@@std@@W4NormalId@RBX@@U?$less@V?$basic_string@DU?$char_traits@D@std@@V?$allocator@D@2@@std@@@2@V?$allocator@U?$pair@$$CBV?$basic_string@DU?$char_traits@D@std@@V?$allocator@D@2@@std@@W4NormalId@RBX@@@std@@@2@@std@@QAEAAW4NormalId@RBX@@ABV?$basic_string@DU?$char_traits@D@std@@V?$allocator@D@2@@1@@Z,
0x100e5400,0x34,library,??1?$map@V?$basic_string@DU?$char_traits@D@std@@V?$allocator@D@2@@std@@PAVName@RBX@@U?$less@V?$basic_string@DU?$char_traits@D@std@@V?$allocator@D@2@@std@@@2@V?$allocator@U?$pair@$$CBV?$basic_string@DU?$char_traits@D@std@@V?$allocator@D@2@@std@@PAVName@RBX@@@std@@@2@@std@@QAE@XZ,
0x100e8060,0x33,library,?_Buynode@?$list@P6AXXZV?$allocator@P6AXXZ@std@@@std@@IAEPAU_Node@?$_List_nod@P6AXXZV?$allocator@P6AXXZ@std@@@2@PAU342@0ABQ6AXXZ@Z,
0x100e82f0,0x99,library,?remove@?$list@PAVFlagStand@RBX@@V?$allocator@PAVFlagStand@RBX@@@std@@@std@@QAEXABQAVFlagStand@RBX@@@Z,
0x100f9190,0x5d,library,??$_Construct@V?$bind_t@W4work_result@worker_thread@RBX@@P6A?AW4123@V?$basic_string@DU?$char_traits@D@std@@V?$allocator@D@2@@std@@H@ZV?$list2@V?$value@V?$basic_string@DU?$char_traits@D@std@@V?$allocator@D@2@@std@@@_bi@boost@@V?$value@H@23@@_bi@boost@@@_bi@boost@@V123@@std@@YAXPAV?$bind_t@W4work_result@worker_thread@RBX@@P6A?AW4123@V?$basic_string@DU?$char_traits@D@std@@V?$allocator@D@2@@std@@H@ZV?$list2@V?$value@V?$basic_string@DU?$char_traits@D@std@@V?$allocator@D@2@@std@@@_bi@boost@@V?$value@H@23@@_bi@boost@@@_bi@boost@@ABV123@@Z,
0x100f9ea0,0x71,library,?_Xlen@?$deque@PAVXmlElement@@V?$allocator@PAVXmlElement@@@std@@@std@@KAXXZ,
0x100fa240,0x9b,library,?_Tidy@?$deque@V?$weak_ptr@VInstance@RBX@@@boost@@V?$allocator@V?$weak_ptr@VInstance@RBX@@@boost@@@std@@@std@@IAEXXZ,
0x100fa470,0x159,library,?_Growmap@?$deque@V?$weak_ptr@VInstance@RBX@@@boost@@V?$allocator@V?$weak_ptr@VInstance@RBX@@@boost@@@std@@@std@@IAEXI@Z,
0x100fa8a0,0x89,library,?push_back@?$deque@V?$weak_ptr@VInstance@RBX@@@boost@@V?$allocator@V?$weak_ptr@VInstance@RBX@@@boost@@@std@@@std@@QAEXABV?$weak_ptr@VInstance@RBX@@@boost@@@Z,
0x100fb740,0x9a,library,?_Incsize@?$list@UFailedUrl@ContentProvider@RBX@@V?$allocator@UFailedUrl@ContentProvider@RBX@@@std@@@std@@IAEXI@Z,
0x100fb810,0x69,library,??$_Construct@VItem@TimerService@RBX@@V123@@std@@YAXPAVItem@TimerService@RBX@@ABV123@@Z,
0x100fb8a0,0x87,library,?_Buynode@?$list@VItem@TimerService@RBX@@V?$allocator@VItem@TimerService@RBX@@@std@@@std@@IAEPAU_Node@?$_List_nod@VItem@TimerService@RBX@@V?$allocator@VItem@TimerService@RBX@@@std@@@2@PAU342@0ABVItem@TimerService@RBX@@@Z,
0x100fb930,0x7e,library,?erase@?$list@VItem@TimerService@RBX@@V?$allocator@VItem@TimerService@RBX@@@std@@@std@@QAE?AV?$_Iterator@$00@12@V312@@Z,
0x100fb9b0,0x56,library,?clear@?$list@VItem@TimerService@RBX@@V?$allocator@VItem@TimerService@RBX@@@std@@@std@@QAEXXZ,
0x100fda90,0x30,library,??$_Unchecked_move_backward@PAIPAI@stdext@@YAPAIPAI00@Z,
0x100fdce0,0x48,library,?_Tidy@?$list@P6AXXZV?$allocator@P6AXXZ@std@@@std@@IAEXXZ,
0x100fdd70,0x5,library,??1?$list@PAV?$linked_streambuf@DU?$char_traits@D@std@@@detail@iostreams@boost@@V?$allocator@PAV?$linked_streambuf@DU?$char_traits@D@std@@@detail@iostreams@boost@@@std@@@std@@QAE@XZ,
0x10100540,0x1b,library,?_Min@?$_Tree@V?$_Tmap_traits@HPAVName@RBX@@U?$less@H@std@@V?$allocator@U?$pair@$$CBHPAVName@RBX@@@std@@@4@$0A@@std@@@std@@KAPAU_Node@?$_Tree_nod@V?$_Tmap_traits@HPAVName@RBX@@U?$less@H@std@@V?$allocator@U?$pair@$$CBHPAVName@RBX@@@std@@@4@$0A@@std@@@2@PAU342@@Z,
0x10100560,0x35,library,?_Erase@?$_Tree@V?$_Tmap_traits@HPAVName@RBX@@U?$less@H@std@@V?$allocator@U?$pair@$$CBHPAVName@RBX@@@std@@@4@$0A@@std@@@std@@IAEXPAU_Node@?$_Tree_nod@V?$_Tmap_traits@HPAVName@RBX@@U?$less@H@std@@V?$allocator@U?$pair@$$CBHPAVName@RBX@@@std@@@4@$0A@@std@@@2@@Z,
0x101005a0,0x9d,library,?_Buynode@?$_Tree@V?$_Tmap_traits@V?$basic_string@DU?$char_traits@D@std@@V?$allocator@D@2@@std@@PAVName@RBX@@U?$less@V?$basic_string@DU?$char_traits@D@std@@V?$allocator@D@2@@std@@@2@V?$allocator@U?$pair@$$CBV?$basic_string@DU?$char_traits@D@std@@V?$allocator@D@2@@std@@PAVName@RBX@@@std@@@2@$0A@@std@@@std@@IAEPAU_Node@?$_Tree_nod@V?$_Tmap_traits@V?$basic_string@DU?$char_traits@D@std@@V?$allocator@D@2@@std@@PAVName@RBX@@U?$less@V?$basic_string@DU?$char_traits@D@std@@V?$allocator@D@2@@std@@@2@V?$allocator@U?$pair@$$CBV?$basic_string@DU?$char_traits@D@std@@V?$allocator@D@2@@std@@PAVName@RBX@@@std@@@2@$0A@@std@@@2@PAU342@00ABU?$pair@$$CBV?$basic_string@DU?$char_traits@D@std@@V?$allocator@D@2@@std@@PAVName@RBX@@@2@D@Z,
0x10100640,0x34,library,??1?$map@PAVIRunView@RBX@@_NU?$less@PAVIRunView@RBX@@@std@@V?$allocator@U?$pair@QAVIRunView@RBX@@_N@std@@@4@@std@@QAE@XZ,
0x10100e80,0x1b,library,?_Min@?$_Tree@V?$_Tmap_traits@EV?$basic_string@DU?$char_traits@D@std@@V?$allocator@D@2@@std@@U?$less@E@2@V?$allocator@U?$pair@$$CBEV?$basic_string@DU?$char_traits@D@std@@V?$allocator@D@2@@std@@@std@@@2@$0A@@std@@@std@@KAPAU_Node@?$_Tree_nod@V?$_Tmap_traits@EV?$basic_string@DU?$char_traits@D@std@@V?$allocator@D@2@@std@@U?$less@E@2@V?$allocator@U?$pair@$$CBEV?$basic_string@DU?$char_traits@D@std@@V?$allocator@D@2@@std@@@std@@@2@$0A@@std@@@2@PAU342@@Z,
0x10102c50,0x5e,library,??$_Push_heap@PAPAVAssembly@RBX@@HPAV12@P6A_NPBV12@0@Z@std@@YAXPAPAVAssembly@RBX@@HHPAV12@P6A_NPBV12@2@Z@Z,
0x10102cb0,0x97,library,??$_Rotate@PAPAVAssembly@RBX@@HPAV12@@std@@YAXPAPAVAssembly@RBX@@00PAH0@Z,
0x10103070,0x5e,library,??$_Med3@PAPAVAssembly@RBX@@P6A_NPBV12@0@Z@std@@YAXPAPAVAssembly@RBX@@00P6A_NPBV12@1@Z@Z,
0x101030d0,0x71,library,??$_Adjust_heap@PAPAVAssembly@RBX@@HPAV12@P6A_NPBV12@0@Z@std@@YAXPAPAVAssembly@RBX@@HHPAV12@P6A_NPBV12@2@Z@Z,
0x10103150,0xa7,library,??$_Median@PAPAVAssembly@RBX@@P6A_NPBV12@0@Z@std@@YAXPAPAVAssembly@RBX@@00P6A_NPBV12@1@Z@Z,
0x10103200,0x3f,library,??$_Make_heap@PAPAVAssembly@RBX@@HPAV12@P6A_NPBV12@0@Z@std@@YAXPAPAVAssembly@RBX@@0P6A_NPBV12@1@ZPAH0@Z,
0x10103240,0x194,library,??$_Unguarded_partition@PAPAVAssembly@RBX@@P6A_NPBV12@0@Z@std@@YA?AU?$pair@PAPAVAssembly@RBX@@PAPAV12@@0@PAPAVAssembly@RBX@@0P6A_NPBV23@1@Z@Z,
0x101033e0,0xa4,library,??$_Insertion_sort@PAPAVAssembly@RBX@@P6A_NPBV12@0@Z@std@@YAXPAPAVAssembly@RBX@@0P6A_NPBV12@1@Z@Z,
0x10103490,0x4a,library,??$_Sort_heap@PAPAVAssembly@RBX@@P6A_NPBV12@0@Z@std@@YAXPAPAVAssembly@RBX@@0P6A_NPBV12@1@Z@Z,
0x10103570,0xee,library,??$_Sort@PAPAVAssembly@RBX@@HP6A_NPBV12@0@Z@std@@YAXPAPAVAssembly@RBX@@0HP6A_NPBV12@1@Z@Z,
0x10105ee0,0x25,library,??$_Uninit_copy@PAVBrickColor@RBX@@PAV12@V?$allocator@VBrickColor@RBX@@@std@@@std@@YAPAVBrickColor@RBX@@PAV12@00AAV?$allocator@VBrickColor@RBX@@@0@U_Nonscalar_ptr_iterator_tag@0@U_Range_checked_iterator_tag@0@@Z,
0x10105f10,0x33,library,?_Ufill@?$vector@VBrickColor@RBX@@V?$allocator@VBrickColor@RBX@@@std@@@std@@IAEPAVBrickColor@RBX@@PAV34@IABV34@@Z,
0x10108dc0,0x7d,library,??$?0PBQAVPrimitive@RBX@@@?$set@PAVPrimitive@RBX@@U?$less@PAVPrimitive@RBX@@@std@@V?$allocator@PAVPrimitive@RBX@@@4@@std@@QAE@PBQAVPrimitive@RBX@@0@Z,
0x101096f0,0x52,library,?_Rrotate@?$_Tree@V?$_Tmap_traits@VVector3@G3D@@PAVBlockTemplate@RBX@@UmyLess@4@V?$allocator@U?$pair@$$CBVVector3@G3D@@PAVBlockTemplate@RBX@@@std@@@std@@$0A@@std@@@std@@IAEXPAU_Node@?$_Tree_nod@V?$_Tmap_traits@VVector3@G3D@@PAVBlockTemplate@RBX@@UmyLess@4@V?$allocator@U?$pair@$$CBVVector3@G3D@@PAVBlockTemplate@RBX@@@std@@@std@@$0A@@std@@@2@@Z,
0x10109750,0x1c,library,?_Max@?$_Tree@V?$_Tmap_traits@VVector3@G3D@@PAVBlockTemplate@RBX@@UmyLess@4@V?$allocator@U?$pair@$$CBVVector3@G3D@@PAVBlockTemplate@RBX@@@std@@@std@@$0A@@std@@@std@@KAPAU_Node@?$_Tree_nod@V?$_Tmap_traits@VVector3@G3D@@PAVBlockTemplate@RBX@@UmyLess@4@V?$allocator@U?$pair@$$CBVVector3@G3D@@PAVBlockTemplate@RBX@@@std@@@std@@$0A@@std@@@2@PAU342@@Z,
0x101099b0,0x67,library,?_Lbound@?$_Tree@V?$_Tmap_traits@VVector3@G3D@@PAVBlockTemplate@RBX@@UmyLess@4@V?$allocator@U?$pair@$$CBVVector3@G3D@@PAVBlockTemplate@RBX@@@std@@@std@@$0A@@std@@@std@@IBEPAU_Node@?$_Tree_nod@V?$_Tmap_traits@VVector3@G3D@@PAVBlockTemplate@RBX@@UmyLess@4@V?$allocator@U?$pair@$$CBVVector3@G3D@@PAVBlockTemplate@RBX@@@std@@@std@@$0A@@std@@@2@ABVVector3@G3D@@@Z,
0x10109a20,0x4e,library,?_Lrotate@?$_Tree@V?$_Tmap_traits@VVector3@G3D@@PAVBlockTemplate@RBX@@UmyLess@4@V?$allocator@U?$pair@$$CBVVector3@G3D@@PAVBlockTemplate@RBX@@@std@@@std@@$0A@@std@@@std@@IAEXPAU_Node@?$_Tree_nod@V?$_Tmap_traits@VVector3@G3D@@PAVBlockTemplate@RBX@@UmyLess@4@V?$allocator@U?$pair@$$CBVVector3@G3D@@PAVBlockTemplate@RBX@@@std@@@std@@$0A@@std@@@2@@Z,
0x10109c10,0x35,library,?_Erase@?$_Tree@V?$_Tmap_traits@VVector3@G3D@@PAVBlockTemplate@RBX@@UmyLess@4@V?$allocator@U?$pair@$$CBVVector3@G3D@@PAVBlockTemplate@RBX@@@std@@@std@@$0A@@std@@@std@@IAEXPAU_Node@?$_Tree_nod@V?$_Tmap_traits@VVector3@G3D@@PAVBlockTemplate@RBX@@UmyLess@4@V?$allocator@U?$pair@$$CBVVector3@G3D@@PAVBlockTemplate@RBX@@@std@@@std@@$0A@@std@@@2@@Z,
0x10109c50,0x1fc,library,?_Insert@?$_Tree@V?$_Tmap_traits@VVector3@G3D@@PAVBlockTemplate@RBX@@UmyLess@4@V?$allocator@U?$pair@$$CBVVector3@G3D@@PAVBlockTemplate@RBX@@@std@@@std@@$0A@@std@@@std@@IAE?AViterator@12@_NPAU_Node@?$_Tree_nod@V?$_Tmap_traits@VVector3@G3D@@PAVBlockTemplate@RBX@@UmyLess@4@V?$allocator@U?$pair@$$CBVVector3@G3D@@PAVBlockTemplate@RBX@@@std@@@std@@$0A@@std@@@2@ABU?$pair@$$CBVVector3@G3D@@PAVBlockTemplate@RBX@@@2@@Z,
0x10109e50,0x2b8,library,?erase@?$_Tree@V?$_Tmap_traits@VVector3@G3D@@PAVBlockTemplate@RBX@@UmyLess@4@V?$allocator@U?$pair@$$CBVVector3@G3D@@PAVBlockTemplate@RBX@@@std@@@std@@$0A@@std@@@std@@QAE?AViterator@12@V312@@Z,
0x1010a110,0x68,library,?find@?$_Tree@V?$_Tmap_traits@VVector3@G3D@@PAVBlockTemplate@RBX@@UmyLess@4@V?$allocator@U?$pair@$$CBVVector3@G3D@@PAVBlockTemplate@RBX@@@std@@@std@@$0A@@std@@@std@@QAE?AViterator@12@ABVVector3@G3D@@@Z,
0x1010a180,0xfb,library,?insert@?$_Tree@V?$_Tmap_traits@VVector3@G3D@@PAVBlockTemplate@RBX@@UmyLess@4@V?$allocator@U?$pair@$$CBVVector3@G3D@@PAVBlockTemplate@RBX@@@std@@@std@@$0A@@std@@@std@@QAE?AU?$pair@Viterator@?$_Tree@V?$_Tmap_traits@VVector3@G3D@@PAVBlockTemplate@RBX@@UmyLess@4@V?$allocator@U?$pair@$$CBVVector3@G3D@@PAVBlockTemplate@RBX@@@std@@@std@@$0A@@std@@@std@@_N@2@ABU?$pair@$$CBVVector3@G3D@@PAVBlockTemplate@RBX@@@2@@Z,
0x1010a280,0xcb,library,?erase@?$_Tree@V?$_Tmap_traits@VVector3@G3D@@PAVBlockTemplate@RBX@@UmyLess@4@V?$allocator@U?$pair@$$CBVVector3@G3D@@PAVBlockTemplate@RBX@@@std@@@std@@$0A@@std@@@std@@QAE?AViterator@12@V312@0@Z,
0x1010a350,0x1f8,library,?insert@?$_Tree@V?$_Tmap_traits@VVector3@G3D@@PAVBlockTemplate@RBX@@UmyLess@4@V?$allocator@U?$pair@$$CBVVector3@G3D@@PAVBlockTemplate@RBX@@@std@@@std@@$0A@@std@@@std@@QAE?AViterator@12@V312@ABU?$pair@$$CBVVector3@G3D@@PAVBlockTemplate@RBX@@@2@@Z,
0x1010a550,0x88,library,??A?$map@VVector3@G3D@@PAVBlockTemplate@RBX@@UmyLess@4@V?$allocator@U?$pair@$$CBVVector3@G3D@@PAVBlockTemplate@RBX@@@std@@@std@@@std@@QAEAAPAVBlockTemplate@RBX@@ABVVector3@G3D@@@Z,
0x10115d50,0x60,library,??$_Copy_opt@PAV?$weak_ptr@VPartInstance@RBX@@@boost@@PAV12@Uforward_iterator_tag@std@@@std@@YAPAV?$weak_ptr@VPartInstance@RBX@@@boost@@PAV12@00Uforward_iterator_tag@0@U_Nonscalar_ptr_iterator_tag@0@U_Range_checked_iterator_tag@0@@Z,
0x10115db0,0x7f,library,?erase@?$vector@V?$weak_ptr@VPartInstance@RBX@@@boost@@V?$allocator@V?$weak_ptr@VPartInstance@RBX@@@boost@@@std@@@std@@QAE?AV?$_Vector_iterator@V?$weak_ptr@VPartInstance@RBX@@@boost@@V?$allocator@V?$weak_ptr@VPartInstance@RBX@@@boost@@@std@@@2@V32@0@Z,
0x101166b0,0xdc,library,??0?$vector@V?$weak_ptr@VPartInstance@RBX@@@boost@@V?$allocator@V?$weak_ptr@VPartInstance@RBX@@@boost@@@std@@@std@@QAE@ABV01@@Z,
0x10118150,0x1fc,library,?_Insert@?$_Tree@V?$_Tmap_traits@HPAVName@RBX@@U?$less@H@std@@V?$allocator@U?$pair@$$CBHPAVName@RBX@@@std@@@4@$0A@@std@@@std@@IAE?AViterator@12@_NPAU_Node@?$_Tree_nod@V?$_Tmap_traits@HPAVName@RBX@@U?$less@H@std@@V?$allocator@U?$pair@$$CBHPAVName@RBX@@@std@@@4@$0A@@std@@@2@ABU?$pair@$$CBHPAVName@RBX@@@2@@Z,
0x10118410,0x6b,library,?insert@?$_Tree@V?$_Tmap_traits@PAVPrimitive@RBX@@PAVJoint@2@U?$less@PAVPrimitive@RBX@@@std@@V?$allocator@U?$pair@QAVPrimitive@RBX@@PAVJoint@2@@std@@@5@$00@std@@@std@@QAE?AU?$pair@Viterator@?$_Tree@V?$_Tmap_traits@PAVPrimitive@RBX@@PAVJoint@2@U?$less@PAVPrimitive@RBX@@@std@@V?$allocator@U?$pair@QAVPrimitive@RBX@@PAVJoint@2@@std@@@5@$00@std@@@std@@_N@2@ABU?$pair@QAVPrimitive@RBX@@PAVJoint@2@@2@@Z,
0x101190d0,0x1fc,library,?_Insert@?$_Tree@V?$_Tset_traits@PAVAssembly@RBX@@U?$less@PAVAssembly@RBX@@@std@@V?$allocator@PAVAssembly@RBX@@@4@$0A@@std@@@std@@IAE?AViterator@12@_NPAU_Node@?$_Tree_nod@V?$_Tset_traits@PAVAssembly@RBX@@U?$less@PAVAssembly@RBX@@@std@@V?$allocator@PAVAssembly@RBX@@@4@$0A@@std@@@2@ABQAVAssembly@RBX@@@Z,
0x101192d0,0x5c,library,?erase@?$vector@IV?$allocator@I@std@@@std@@QAE?AV?$_Vector_iterator@IV?$allocator@I@std@@@2@V32@0@Z,
0x10119330,0xb9,library,?insert@?$_Tree@V?$_Tset_traits@PAVAssembly@RBX@@U?$less@PAVAssembly@RBX@@@std@@V?$allocator@PAVAssembly@RBX@@@4@$0A@@std@@@std@@QAE?AU?$pair@Viterator@?$_Tree@V?$_Tset_traits@PAVAssembly@RBX@@U?$less@PAVAssembly@RBX@@@std@@V?$allocator@PAVAssembly@RBX@@@4@$0A@@std@@@std@@_N@2@ABQAVAssembly@RBX@@@Z,
0x101194c0,0x6a,library,?erase@?$_Tree@V?$_Tset_traits@PAVAssembly@RBX@@U?$less@PAVAssembly@RBX@@@std@@V?$allocator@PAVAssembly@RBX@@@4@$0A@@std@@@std@@QAEIABQAVAssembly@RBX@@@Z,
0x1011b480,0x84,library,?_Dec@const_iterator@?$_Tree@V?$_Tset_traits@PAVAssembly@RBX@@U?$less@PAVAssembly@RBX@@@std@@V?$allocator@PAVAssembly@RBX@@@4@$0A@@std@@@std@@QAEXXZ,
0x1011b510,0x6c,library,?_Inc@const_iterator@?$_Tree@V?$_Tset_traits@PAVAssembly@RBX@@U?$less@PAVAssembly@RBX@@@std@@V?$allocator@PAVAssembly@RBX@@@4@$0A@@std@@@std@@QAEXXZ,
0x1011bc60,0x5e,library,?equal_range@?$_Tree@V?$_Tset_traits@PAVAssembly@RBX@@U?$less@PAVAssembly@RBX@@@std@@V?$allocator@PAVAssembly@RBX@@@4@$0A@@std@@@std@@QAE?AU?$pair@Viterator@?$_Tree@V?$_Tset_traits@PAVAssembly@RBX@@U?$less@PAVAssembly@RBX@@@std@@V?$allocator@PAVAssembly@RBX@@@4@$0A@@std@@@std@@V123@@2@ABQAVAssembly@RBX@@@Z,
0x1011f000,0x2b,library,??$swap@VVector3@G3D@@@std@@YAXAAVVector3@G3D@@0@Z,
0x10120d30,0x2a,library,??1?$vector@IV?$allocator@I@std@@@std@@QAE@XZ,
0x10124410,0x63,library,?_Construct_n@?$vector@PAVSpatialNode@RBX@@V?$allocator@PAVSpatialNode@RBX@@@std@@@std@@QAEXIABQAVSpatialNode@RBX@@@Z,
0x10125ef0,0x19,library,??1?$auto_ptr@VMegaDragger@RBX@@@std@@QAE@XZ,
0x10126440,0x19,library,??1?$auto_ptr@VRunDragger@RBX@@@std@@QAE@XZ,
0x10127450,0x6a,library,?push_back@?$vector@PAV?$Listener@VInstance@RBX@@UAncestorChanged@2@@RBX@@V?$allocator@PAV?$Listener@VInstance@RBX@@UAncestorChanged@2@@RBX@@@std@@@std@@QAEXABQAV?$Listener@VInstance@RBX@@UAncestorChanged@2@@RBX@@@Z,
0x10127820,0x1c,library,?_Max@?$_Tree@V?$_Tset_traits@DU?$less@D@std@@V?$allocator@D@2@$0A@@std@@@std@@KAPAU_Node@?$_Tree_nod@V?$_Tset_traits@DU?$less@D@std@@V?$allocator@D@2@$0A@@std@@@2@PAU342@@Z,
0x10127840,0x1b,library,?_Min@?$_Tree@V?$_Tset_traits@DU?$less@D@std@@V?$allocator@D@2@$0A@@std@@@std@@KAPAU_Node@?$_Tree_nod@V?$_Tset_traits@DU?$less@D@std@@V?$allocator@D@2@$0A@@std@@@2@PAU342@@Z,
0x10127860,0x52,library,?_Rrotate@?$_Tree@V?$_Tset_traits@DU?$less@D@std@@V?$allocator@D@2@$0A@@std@@@std@@IAEXPAU_Node@?$_Tree_nod@V?$_Tset_traits@DU?$less@D@std@@V?$allocator@D@2@$0A@@std@@@2@@Z,
0x101278c0,0x6c,library,?_Inc@const_iterator@?$_Tree@V?$_Tset_traits@DU?$less@D@std@@V?$allocator@D@2@$0A@@std@@@std@@QAEXXZ,
0x10127930,0x84,library,?_Dec@const_iterator@?$_Tree@V?$_Tset_traits@DU?$less@D@std@@V?$allocator@D@2@$0A@@std@@@std@@QAEXXZ,
0x101279c0,0x4e,library,?_Lrotate@?$_Tree@V?$_Tset_traits@DU?$less@D@std@@V?$allocator@D@2@$0A@@std@@@std@@IAEXPAU_Node@?$_Tree_nod@V?$_Tset_traits@DU?$less@D@std@@V?$allocator@D@2@$0A@@std@@@2@@Z,
0x10127a10,0x35,library,?_Erase@?$_Tree@V?$_Tset_traits@DU?$less@D@std@@V?$allocator@D@2@$0A@@std@@@std@@IAEXPAU_Node@?$_Tree_nod@V?$_Tset_traits@DU?$less@D@std@@V?$allocator@D@2@$0A@@std@@@2@@Z,
0x10127a50,0x37,library,?_Buynode@?$_Tree@V?$_Tset_traits@DU?$less@D@std@@V?$allocator@D@2@$0A@@std@@@std@@IAEPAU_Node@?$_Tree_nod@V?$_Tset_traits@DU?$less@D@std@@V?$allocator@D@2@$0A@@std@@@2@XZ,
0x10127a90,0x39,library,?_Buynode@?$_Tree@V?$_Tset_traits@DU?$less@D@std@@V?$allocator@D@2@$0A@@std@@@std@@IAEPAU_Node@?$_Tree_nod@V?$_Tset_traits@DU?$less@D@std@@V?$allocator@D@2@$0A@@std@@@2@PAU342@00ABDD@Z,
0x10127ad0,0x1f4,library,?_Insert@?$_Tree@V?$_Tset_traits@DU?$less@D@std@@V?$allocator@D@2@$0A@@std@@@std@@IAE?AViterator@12@_NPAU_Node@?$_Tree_nod@V?$_Tset_traits@DU?$less@D@std@@V?$allocator@D@2@$0A@@std@@@2@ABD@Z,
0x10127d60,0x2b8,library,?erase@?$_Tree@V?$_Tset_traits@DU?$less@D@std@@V?$allocator@D@2@$0A@@std@@@std@@QAE?AViterator@12@V312@@Z,
0x10128020,0xa8,library,?_Copy@?$_Tree@V?$_Tset_traits@DU?$less@D@std@@V?$allocator@D@2@$0A@@std@@@std@@IAEPAU_Node@?$_Tree_nod@V?$_Tset_traits@DU?$less@D@std@@V?$allocator@D@2@$0A@@std@@@2@PAU342@0@Z,
0x101280d0,0xb9,library,?insert@?$_Tree@V?$_Tset_traits@DU?$less@D@std@@V?$allocator@D@2@$0A@@std@@@std@@QAE?AU?$pair@Viterator@?$_Tree@V?$_Tset_traits@DU?$less@D@std@@V?$allocator@D@2@$0A@@std@@@std@@_N@2@ABD@Z,
0x10128190,0xfa,library,??$_Construct@V?$_String_iterator@DU?$char_traits@D@std@@V?$allocator@D@2@@std@@@?$basic_string@DU?$char_traits@D@std@@V?$allocator@D@2@@std@@QAEXV?$_String_iterator@DU?$char_traits@D@std@@V?$allocator@D@2@@1@0Uforward_iterator_tag@1@@Z,
0x10128290,0x72,library,?find@?$_Tree@V?$_Tset_traits@DU?$less@D@std@@V?$allocator@D@2@$0A@@std@@@std@@QBE?AVconst_iterator@12@ABD@Z,
0x10128310,0x52,library,??$_Equal@PADV?$_String_iterator@DU?$char_traits@D@std@@V?$allocator@D@2@@std@@@std@@YA_NPAD0V?$_String_iterator@DU?$char_traits@D@std@@V?$allocator@D@2@@0@Urandom_access_iterator_tag@0@U_Range_checked_iterator_tag@0@@Z,
0x10128370,0xcb,library,?erase@?$_Tree@V?$_Tset_traits@DU?$less@D@std@@V?$allocator@D@2@$0A@@std@@@std@@QAE?AViterator@12@V312@0@Z,
0x10128440,0x75,library,?_Copy@?$_Tree@V?$_Tset_traits@DU?$less@D@std@@V?$allocator@D@2@$0A@@std@@@std@@IAEXABV12@@Z,
0x10128600,0x83,library,??0?$_Tree@V?$_Tset_traits@DU?$less@D@std@@V?$allocator@D@2@$0A@@std@@@std@@QAE@ABV01@@Z,
0x101287a0,0x7d,library,??$?0PBD@?$set@DU?$less@D@std@@V?$allocator@D@2@@std@@QAE@PBD0@Z,
0x10128990,0x34,library,??1?$_Tree@V?$_Tset_traits@DU?$less@D@std@@V?$allocator@D@2@$0A@@std@@@std@@QAE@XZ,
0x10128b00,0x83,library,??$_Find_if@PADU?$is_any_ofF@D@detail@algorithm@boost@@@std@@YAPADPAD0U?$is_any_ofF@D@detail@algorithm@boost@@@Z,
0x10128e40,0x94,library,??$find_if@V?$_String_iterator@DU?$char_traits@D@std@@V?$allocator@D@2@@std@@U?$is_any_ofF@D@detail@algorithm@boost@@@std@@YA?AV?$_String_iterator@DU?$char_traits@D@std@@V?$allocator@D@2@@0@V10@0U?$is_any_ofF@D@detail@algorithm@boost@@@Z,
0x10129180,0x117,library,??$_Insert@V?$transform_iterator@U?$copy_iterator_rangeF@V?$basic_string@DU?$char_traits@D@std@@V?$allocator@D@2@@std@@V?$_String_iterator@DU?$char_traits@D@std@@V?$allocator@D@2@@2@@detail@algorithm@boost@@V?$split_iterator@V?$_String_iterator@DU?$char_traits@D@std@@V?$allocator@D@2@@std@@@34@Uuse_default@4@U64@@boost@@@?$vector@V?$basic_string@DU?$char_traits@D@std@@V?$allocator@D@2@@std@@V?$allocator@V?$basic_string@DU?$char_traits@D@std@@V?$allocator@D@2@@std@@@2@@std@@QAEXV?$_Vector_iterator@V?$basic_string@DU?$char_traits@D@std@@V?$allocator@D@2@@std@@V?$allocator@V?$basic_string@DU?$char_traits@D@std@@V?$allocator@D@2@@std@@@2@@1@V?$transform_iterator@U?$copy_iterator_rangeF@V?$basic_string@DU?$char_traits@D@std@@V?$allocator@D@2@@std@@V?$_String_iterator@DU?$char_traits@D@std@@V?$allocator@D@2@@2@@detail@algorithm@boost@@V?$split_iterator@V?$_String_iterator@DU?$char_traits@D@std@@V?$allocator@D@2@@std@@@34@Uuse_default@4@U64@@boost@@1Uinput_iterator_tag@1@@Z,
0x10129350,0xdf,library,??$insert@V?$transform_iterator@U?$copy_iterator_rangeF@V?$basic_string@DU?$char_traits@D@std@@V?$allocator@D@2@@std@@V?$_String_iterator@DU?$char_traits@D@std@@V?$allocator@D@2@@2@@detail@algorithm@boost@@V?$split_iterator@V?$_String_iterator@DU?$char_traits@D@std@@V?$allocator@D@2@@std@@@34@Uuse_default@4@U64@@boost@@@?$vector@V?$basic_string@DU?$char_traits@D@std@@V?$allocator@D@2@@std@@V?$allocator@V?$basic_string@DU?$char_traits@D@std@@V?$allocator@D@2@@std@@@2@@std@@QAEXV?$_Vector_iterator@V?$basic_string@DU?$char_traits@D@std@@V?$allocator@D@2@@std@@V?$allocator@V?$basic_string@DU?$char_traits@D@std@@V?$allocator@D@2@@std@@@2@@1@V?$transform_iterator@U?$copy_iterator_rangeF@V?$basic_string@DU?$char_traits@D@std@@V?$allocator@D@2@@std@@V?$_String_iterator@DU?$char_traits@D@std@@V?$allocator@D@2@@2@@detail@algorithm@boost@@V?$split_iterator@V?$_String_iterator@DU?$char_traits@D@std@@V?$allocator@D@2@@std@@@34@Uuse_default@4@U64@@boost@@1@Z,
0x101294c0,0xe3,library,??$_Construct@V?$transform_iterator@U?$copy_iterator_rangeF@V?$basic_string@DU?$char_traits@D@std@@V?$allocator@D@2@@std@@V?$_String_iterator@DU?$char_traits@D@std@@V?$allocator@D@2@@2@@detail@algorithm@boost@@V?$split_iterator@V?$_String_iterator@DU?$char_traits@D@std@@V?$allocator@D@2@@std@@@34@Uuse_default@4@U64@@boost@@@?$vector@V?$basic_string@DU?$char_traits@D@std@@V?$allocator@D@2@@std@@V?$allocator@V?$basic_string@DU?$char_traits@D@std@@V?$allocator@D@2@@std@@@2@@std@@QAEXV?$transform_iterator@U?$copy_iterator_rangeF@V?$basic_string@DU?$char_traits@D@std@@V?$allocator@D@2@@std@@V?$_String_iterator@DU?$char_traits@D@std@@V?$allocator@D@2@@2@@detail@algorithm@boost@@V?$split_iterator@V?$_String_iterator@DU?$char_traits@D@std@@V?$allocator@D@2@@std@@@34@Uuse_default@4@U64@@boost@@0Uinput_iterator_tag@1@@Z,
0x10129690,0xd1,library,??$?0V?$transform_iterator@U?$copy_iterator_rangeF@V?$basic_string@DU?$char_traits@D@std@@V?$allocator@D@2@@std@@V?$_String_iterator@DU?$char_traits@D@std@@V?$allocator@D@2@@2@@detail@algorithm@boost@@V?$split_iterator@V?$_String_iterator@DU?$char_traits@D@std@@V?$allocator@D@2@@std@@@34@Uuse_default@4@U64@@boost@@@?$vector@V?$basic_string@DU?$char_traits@D@std@@V?$allocator@D@2@@std@@V?$allocator@V?$basic_string@DU?$char_traits@D@std@@V?$allocator@D@2@@std@@@2@@std@@QAE@V?$transform_iterator@U?$copy_iterator_rangeF@V?$basic_string@DU?$char_traits@D@std@@V?$allocator@D@2@@std@@V?$_String_iterator@DU?$char_traits@D@std@@V?$allocator@D@2@@2@@detail@algorithm@boost@@V?$split_iterator@V?$_String_iterator@DU?$char_traits@D@std@@V?$allocator@D@2@@std@@@34@Uuse_default@4@U64@@boost@@0@Z,
0x1012ca20,0x6c,library,?_Inc@const_iterator@?$_Tree@V?$_Tmap_traits@V?$basic_string@DU?$char_traits@D@std@@V?$allocator@D@2@@std@@W4TopBottom@Feature@RBX@@U?$less@V?$basic_string@DU?$char_traits@D@std@@V?$allocator@D@2@@std@@@2@V?$allocator@U?$pair@$$CBV?$basic_string@DU?$char_traits@D@std@@V?$allocator@D@2@@std@@W4TopBottom@Feature@RBX@@@std@@@2@$0A@@std@@@std@@QAEXXZ,
0x1012ce20,0x25,library,??$_Uninit_fill_n@PAVBrickColor@RBX@@IV12@V?$allocator@VBrickColor@RBX@@@std@@@std@@YAXPAVBrickColor@RBX@@IABV12@AAV?$allocator@VBrickColor@RBX@@@0@U_Nonscalar_ptr_iterator_tag@0@U_Range_checked_iterator_tag@0@@Z,
0x10133ac0,0x7e,library,?_Tidy@?$deque@VToken@G3D@@V?$allocator@VToken@G3D@@@std@@@std@@IAEXXZ,
0x10133b40,0x5,library,??1?$deque@VToken@G3D@@V?$allocator@VToken@G3D@@@std@@@std@@QAE@XZ,
0x10149400,0x3b,library,??$_Transform@PADPADP6AHH@ZUforward_iterator_tag@std@@@std@@YAPADPAD00P6AHH@ZUforward_iterator_tag@0@U_Range_checked_iterator_tag@0@@Z,
0x10149440,0x67,library,??$_Transform@PADV?$_String_iterator@DU?$char_traits@D@std@@V?$allocator@D@2@@std@@P6AHH@Z@std@@YA?AV?$_String_iterator@DU?$char_traits@D@std@@V?$allocator@D@2@@0@PAD0V10@P6AHH@ZUrandom_access_iterator_tag@0@U_Range_checked_iterator_tag@0@@Z,
0x1014b170,0x60,library,?_Xlen@?$deque@UAbuseReport@Network@RBX@@V?$allocator@UAbuseReport@Network@RBX@@@std@@@std@@KAXXZ,
0x1014b1d0,0x72,library,??$_Construct@VToken@G3D@@V12@@std@@YAXPAVToken@G3D@@ABV12@@Z,
0x1014c3e0,0x157,library,?_Growmap@?$deque@VToken@G3D@@V?$allocator@VToken@G3D@@@std@@@std@@IAEXI@Z,
0x1014c540,0x5c,library,?push_front@?$deque@VToken@G3D@@V?$allocator@VToken@G3D@@@std@@@std@@QAEXABVToken@G3D@@@Z,
0x10165870,0x2a,library,??9?$_Const_iterator@$00@?$list@UMessage@AbuseReport@Network@RBX@@V?$allocator@UMessage@AbuseReport@Network@RBX@@@std@@@std@@QBE_NABV012@@Z,
0x1016a410,0x10,library,??1?$auto_ptr@VSceneManager@Render@RBX@@@std@@QAE@XZ,
0x1016a420,0x6c,library,?_Inc@const_iterator@?$_Tree@V?$_Tmap_traits@UAttributes@MaterialFactory@View@RBX@@V?$WeakReferenceCountedPointer@VMaterial@Render@RBX@@@G3D@@U?$less@UAttributes@MaterialFactory@View@RBX@@@std@@V?$allocator@U?$pair@$$CBUAttributes@MaterialFactory@View@RBX@@V?$WeakReferenceCountedPointer@VMaterial@Render@RBX@@@G3D@@@std@@@8@$0A@@std@@@std@@QAEXXZ,
0x1016a4c0,0x19,library,??1?$auto_ptr@VRenderScene@Render@RBX@@@std@@QAE@XZ,
0x1016a4f0,0x38,library,??1?$pair@$$CBVDecalKey@?$MeshFactory@VCylinderAlongXMesh@View@RBX@@$00@View@RBX@@V?$ReferenceCountedPointer@VMesh@Render@RBX@@@G3D@@@std@@QAE@XZ,
0x1016a530,0x52,library,?_Rrotate@?$_Tree@V?$_Tmap_traits@UAttributes@MaterialFactory@View@RBX@@V?$WeakReferenceCountedPointer@VMaterial@Render@RBX@@@G3D@@U?$less@UAttributes@MaterialFactory@View@RBX@@@std@@V?$allocator@U?$pair@$$CBUAttributes@MaterialFactory@View@RBX@@V?$WeakReferenceCountedPointer@VMaterial@Render@RBX@@@G3D@@@std@@@8@$0A@@std@@@std@@IAEXPAU_Node@?$_Tree_nod@V?$_Tmap_traits@UAttributes@MaterialFactory@View@RBX@@V?$WeakReferenceCountedPointer@VMaterial@Render@RBX@@@G3D@@U?$less@UAttributes@MaterialFactory@View@RBX@@@std@@V?$allocator@U?$pair@$$CBUAttributes@MaterialFactory@View@RBX@@V?$WeakReferenceCountedPointer@VMaterial@Render@RBX@@@G3D@@@std@@@8@$0A@@std@@@2@@Z,
0x1016a8a0,0x49,library,??1?$pair@$$CBUAttributes@MaterialFactory@View@RBX@@V?$WeakReferenceCountedPointer@VMaterial@Render@RBX@@@G3D@@@std@@QAE@XZ,
0x1016ac80,0x8c,library,?_Erase@?$_Tree@V?$_Tmap_traits@VDecalKey@?$MeshFactory@VCylinderAlongXMesh@View@RBX@@$00@View@RBX@@V?$ReferenceCountedPointer@VMesh@Render@RBX@@@G3D@@U?$less@VDecalKey@?$MeshFactory@VCylinderAlongXMesh@View@RBX@@$00@View@RBX@@@std@@V?$allocator@U?$pair@$$CBVDecalKey@?$MeshFactory@VCylinderAlongXMesh@View@RBX@@$00@View@RBX@@V?$ReferenceCountedPointer@VMesh@Render@RBX@@@G3D@@@std@@@8@$0A@@std@@@std@@IAEXPAU_Node@?$_Tree_nod@V?$_Tmap_traits@VDecalKey@?$MeshFactory@VCylinderAlongXMesh@View@RBX@@$00@View@RBX@@V?$ReferenceCountedPointer@VMesh@Render@RBX@@@G3D@@U?$less@VDecalKey@?$MeshFactory@VCylinderAlongXMesh@View@RBX@@$00@View@RBX@@@std@@V?$allocator@U?$pair@$$CBVDecalKey@?$MeshFactory@VCylinderAlongXMesh@View@RBX@@$00@View@RBX@@V?$ReferenceCountedPointer@VMesh@Render@RBX@@@G3D@@@std@@@8@$0A@@std@@@2@@Z,
0x1016add0,0x1f,library,??1?$auto_ptr@VTextureManager@G3D@@@std@@QAE@XZ,
0x1016af20,0x2de,library,?erase@?$_Tree@V?$_Tmap_traits@UAttributes@MaterialFactory@View@RBX@@V?$WeakReferenceCountedPointer@VMaterial@Render@RBX@@@G3D@@U?$less@UAttributes@MaterialFactory@View@RBX@@@std@@V?$allocator@U?$pair@$$CBUAttributes@MaterialFactory@View@RBX@@V?$WeakReferenceCountedPointer@VMaterial@Render@RBX@@@G3D@@@std@@@8@$0A@@std@@@std@@QAE?AViterator@12@V312@@Z,
0x1016b200,0x84,library,?_Erase@?$_Tree@V?$_Tmap_traits@UAttributes@MaterialFactory@View@RBX@@V?$WeakReferenceCountedPointer@VMaterial@Render@RBX@@@G3D@@U?$less@UAttributes@MaterialFactory@View@RBX@@@std@@V?$allocator@U?$pair@$$CBUAttributes@MaterialFactory@View@RBX@@V?$WeakReferenceCountedPointer@VMaterial@Render@RBX@@@G3D@@@std@@@8@$0A@@std@@@std@@IAEXPAU_Node@?$_Tree_nod@V?$_Tmap_traits@UAttributes@MaterialFactory@View@RBX@@V?$WeakReferenceCountedPointer@VMaterial@Render@RBX@@@G3D@@U?$less@UAttributes@MaterialFactory@View@RBX@@@std@@V?$allocator@U?$pair@$$CBUAttributes@MaterialFactory@View@RBX@@V?$WeakReferenceCountedPointer@VMaterial@Render@RBX@@@G3D@@@std@@@8@$0A@@std@@@2@@Z,
0x1016b3e0,0xcb,library,?erase@?$_Tree@V?$_Tmap_traits@UAttributes@MaterialFactory@View@RBX@@V?$WeakReferenceCountedPointer@VMaterial@Render@RBX@@@G3D@@U?$less@UAttributes@MaterialFactory@View@RBX@@@std@@V?$allocator@U?$pair@$$CBUAttributes@MaterialFactory@View@RBX@@V?$WeakReferenceCountedPointer@VMaterial@Render@RBX@@@G3D@@@std@@@8@$0A@@std@@@std@@QAE?AViterator@12@V312@0@Z,
0x1016bba0,0x34,library,??1?$map@UAttributes@MaterialFactory@View@RBX@@V?$WeakReferenceCountedPointer@VMaterial@Render@RBX@@@G3D@@U?$less@UAttributes@MaterialFactory@View@RBX@@@std@@V?$allocator@U?$pair@$$CBUAttributes@MaterialFactory@View@RBX@@V?$WeakReferenceCountedPointer@VMaterial@Render@RBX@@@G3D@@@std@@@8@@std@@QAE@XZ,
0x1016bd40,0x19,library,??1?$auto_ptr@VMaterialFactory@View@RBX@@@std@@QAE@XZ,
0x1016c5e0,0x52,library,?_Rrotate@?$_Tree@V?$_Tmap_traits@VTextureKey@?$MeshFactory@VCylinderAlongXMesh@View@RBX@@$00@View@RBX@@V?$ReferenceCountedPointer@VMesh@Render@RBX@@@G3D@@U?$less@VTextureKey@?$MeshFactory@VCylinderAlongXMesh@View@RBX@@$00@View@RBX@@@std@@V?$allocator@U?$pair@$$CBVTextureKey@?$MeshFactory@VCylinderAlongXMesh@View@RBX@@$00@View@RBX@@V?$ReferenceCountedPointer@VMesh@Render@RBX@@@G3D@@@std@@@8@$0A@@std@@@std@@IAEXPAU_Node@?$_Tree_nod@V?$_Tmap_traits@VTextureKey@?$MeshFactory@VCylinderAlongXMesh@View@RBX@@$00@View@RBX@@V?$ReferenceCountedPointer@VMesh@Render@RBX@@@G3D@@U?$less@VTextureKey@?$MeshFactory@VCylinderAlongXMesh@View@RBX@@$00@View@RBX@@@std@@V?$allocator@U?$pair@$$CBVTextureKey@?$MeshFactory@VCylinderAlongXMesh@View@RBX@@$00@View@RBX@@V?$ReferenceCountedPointer@VMesh@Render@RBX@@@G3D@@@std@@@8@$0A@@std@@@2@@Z,
0x1016c640,0x1c,library,?_Max@?$_Tree@V?$_Tmap_traits@VTextureKey@?$MeshFactory@VCylinderAlongXMesh@View@RBX@@$00@View@RBX@@V?$ReferenceCountedPointer@VMesh@Render@RBX@@@G3D@@U?$less@VTextureKey@?$MeshFactory@VCylinderAlongXMesh@View@RBX@@$00@View@RBX@@@std@@V?$allocator@U?$pair@$$CBVTextureKey@?$MeshFactory@VCylinderAlongXMesh@View@RBX@@$00@View@RBX@@V?$ReferenceCountedPointer@VMesh@Render@RBX@@@G3D@@@std@@@8@$0A@@std@@@std@@KAPAU_Node@?$_Tree_nod@V?$_Tmap_traits@VTextureKey@?$MeshFactory@VCylinderAlongXMesh@View@RBX@@$00@View@RBX@@V?$ReferenceCountedPointer@VMesh@Render@RBX@@@G3D@@U?$less@VTextureKey@?$MeshFactory@VCylinderAlongXMesh@View@RBX@@$00@View@RBX@@@std@@V?$allocator@U?$pair@$$CBVTextureKey@?$MeshFactory@VCylinderAlongXMesh@View@RBX@@$00@View@RBX@@V?$ReferenceCountedPointer@VMesh@Render@RBX@@@G3D@@@std@@@8@$0A@@std@@@2@PAU342@@Z,
0x1016c660,0x1b,library,?_Min@?$_Tree@V?$_Tmap_traits@VTextureKey@?$MeshFactory@VCylinderAlongXMesh@View@RBX@@$00@View@RBX@@V?$ReferenceCountedPointer@VMesh@Render@RBX@@@G3D@@U?$less@VTextureKey@?$MeshFactory@VCylinderAlongXMesh@View@RBX@@$00@View@RBX@@@std@@V?$allocator@U?$pair@$$CBVTextureKey@?$MeshFactory@VCylinderAlongXMesh@View@RBX@@$00@View@RBX@@V?$ReferenceCountedPointer@VMesh@Render@RBX@@@G3D@@@std@@@8@$0A@@std@@@std@@KAPAU_Node@?$_Tree_nod@V?$_Tmap_traits@VTextureKey@?$MeshFactory@VCylinderAlongXMesh@View@RBX@@$00@View@RBX@@V?$ReferenceCountedPointer@VMesh@Render@RBX@@@G3D@@U?$less@VTextureKey@?$MeshFactory@VCylinderAlongXMesh@View@RBX@@$00@View@RBX@@@std@@V?$allocator@U?$pair@$$CBVTextureKey@?$MeshFactory@VCylinderAlongXMesh@View@RBX@@$00@View@RBX@@V?$ReferenceCountedPointer@VMesh@Render@RBX@@@G3D@@@std@@@8@$0A@@std@@@2@PAU342@@Z,
0x1016c680,0x1c,library,?_Max@?$_Tree@V?$_Tmap_traits@UAttributes@MaterialFactory@View@RBX@@V?$WeakReferenceCountedPointer@VMaterial@Render@RBX@@@G3D@@U?$less@UAttributes@MaterialFactory@View@RBX@@@std@@V?$allocator@U?$pair@$$CBUAttributes@MaterialFactory@View@RBX@@V?$WeakReferenceCountedPointer@VMaterial@Render@RBX@@@G3D@@@std@@@8@$0A@@std@@@std@@KAPAU_Node@?$_Tree_nod@V?$_Tmap_traits@UAttributes@MaterialFactory@View@RBX@@V?$WeakReferenceCountedPointer@VMaterial@Render@RBX@@@G3D@@U?$less@UAttributes@MaterialFactory@View@RBX@@@std@@V?$allocator@U?$pair@$$CBUAttributes@MaterialFactory@View@RBX@@V?$WeakReferenceCountedPointer@VMaterial@Render@RBX@@@G3D@@@std@@@8@$0A@@std@@@2@PAU342@@Z,
0x1016c6a0,0x1b,library,?_Min@?$_Tree@V?$_Tmap_traits@UAttributes@MaterialFactory@View@RBX@@V?$WeakReferenceCountedPointer@VMaterial@Render@RBX@@@G3D@@U?$less@UAttributes@MaterialFactory@View@RBX@@@std@@V?$allocator@U?$pair@$$CBUAttributes@MaterialFactory@View@RBX@@V?$WeakReferenceCountedPointer@VMaterial@Render@RBX@@@G3D@@@std@@@8@$0A@@std@@@std@@KAPAU_Node@?$_Tree_nod@V?$_Tmap_traits@UAttributes@MaterialFactory@View@RBX@@V?$WeakReferenceCountedPointer@VMaterial@Render@RBX@@@G3D@@U?$less@UAttributes@MaterialFactory@View@RBX@@@std@@V?$allocator@U?$pair@$$CBUAttributes@MaterialFactory@View@RBX@@V?$WeakReferenceCountedPointer@VMaterial@Render@RBX@@@G3D@@@std@@@8@$0A@@std@@@2@PAU342@@Z,
0x1016c7b0,0x38,library,??1?$pair@$$CBVTextureKey@?$MeshFactory@VCylinderAlongXMesh@View@RBX@@$00@View@RBX@@V?$ReferenceCountedPointer@VMesh@Render@RBX@@@G3D@@@std@@QAE@XZ,
0x1016c910,0x36,library,??R?$less@VTextureKey@?$MeshFactory@VCylinderAlongXMesh@View@RBX@@$00@View@RBX@@@std@@QBE_NABVTextureKey@?$MeshFactory@VCylinderAlongXMesh@View@RBX@@$00@View@RBX@@0@Z,
0x1016c950,0x2a,library,??R?$less@VDecalKey@?$MeshFactory@VCylinderAlongXMesh@View@RBX@@$00@View@RBX@@@std@@QBE_NABVDecalKey@?$MeshFactory@VCylinderAlongXMesh@View@RBX@@$00@View@RBX@@0@Z,
0x1016c9a0,0x40,library,?_Lbound@?$_Tree@V?$_Tmap_traits@VDecalKey@?$MeshFactory@VCylinderAlongXMesh@View@RBX@@$00@View@RBX@@V?$ReferenceCountedPointer@VMesh@Render@RBX@@@G3D@@U?$less@VDecalKey@?$MeshFactory@VCylinderAlongXMesh@View@RBX@@$00@View@RBX@@@std@@V?$allocator@U?$pair@$$CBVDecalKey@?$MeshFactory@VCylinderAlongXMesh@View@RBX@@$00@View@RBX@@V?$ReferenceCountedPointer@VMesh@Render@RBX@@@G3D@@@std@@@8@$0A@@std@@@std@@IBEPAU_Node@?$_Tree_nod@V?$_Tmap_traits@VDecalKey@?$MeshFactory@VCylinderAlongXMesh@View@RBX@@$00@View@RBX@@V?$ReferenceCountedPointer@VMesh@Render@RBX@@@G3D@@U?$less@VDecalKey@?$MeshFactory@VCylinderAlongXMesh@View@RBX@@$00@View@RBX@@@std@@V?$allocator@U?$pair@$$CBVDecalKey@?$MeshFactory@VCylinderAlongXMesh@View@RBX@@$00@View@RBX@@V?$ReferenceCountedPointer@VMesh@Render@RBX@@@G3D@@@std@@@8@$0A@@std@@@2@ABVDecalKey@?$MeshFactory@VCylinderAlongXMesh@View@RBX@@$00@View@RBX@@@Z,
0x1016c9e0,0x4e,library,?_Lbound@?$_Tree@V?$_Tmap_traits@VTextureKey@?$MeshFactory@VCylinderAlongXMesh@View@RBX@@$00@View@RBX@@V?$ReferenceCountedPointer@VMesh@Render@RBX@@@G3D@@U?$less@VTextureKey@?$MeshFactory@VCylinderAlongXMesh@View@RBX@@$00@View@RBX@@@std@@V?$allocator@U?$pair@$$CBVTextureKey@?$MeshFactory@VCylinderAlongXMesh@View@RBX@@$00@View@RBX@@V?$ReferenceCountedPointer@VMesh@Render@RBX@@@G3D@@@std@@@8@$0A@@std@@@std@@IBEPAU_Node@?$_Tree_nod@V?$_Tmap_traits@VTextureKey@?$MeshFactory@VCylinderAlongXMesh@View@RBX@@$00@View@RBX@@V?$ReferenceCountedPointer@VMesh@Render@RBX@@@G3D@@U?$less@VTextureKey@?$MeshFactory@VCylinderAlongXMesh@View@RBX@@$00@View@RBX@@@std@@V?$allocator@U?$pair@$$CBVTextureKey@?$MeshFactory@VCylinderAlongXMesh@View@RBX@@$00@View@RBX@@V?$ReferenceCountedPointer@VMesh@Render@RBX@@@G3D@@@std@@@8@$0A@@std@@@2@ABVTextureKey@?$MeshFactory@VCylinderAlongXMesh@View@RBX@@$00@View@RBX@@@Z,
0x1016ca30,0x4e,library,?_Lrotate@?$_Tree@V?$_Tmap_traits@UAttributes@MaterialFactory@View@RBX@@V?$WeakReferenceCountedPointer@VMaterial@Render@RBX@@@G3D@@U?$less@UAttributes@MaterialFactory@View@RBX@@@std@@V?$allocator@U?$pair@$$CBUAttributes@MaterialFactory@View@RBX@@V?$WeakReferenceCountedPointer@VMaterial@Render@RBX@@@G3D@@@std@@@8@$0A@@std@@@std@@IAEXPAU_Node@?$_Tree_nod@V?$_Tmap_traits@UAttributes@MaterialFactory@View@RBX@@V?$WeakReferenceCountedPointer@VMaterial@Render@RBX@@@G3D@@U?$less@UAttributes@MaterialFactory@View@RBX@@@std@@V?$allocator@U?$pair@$$CBUAttributes@MaterialFactory@View@RBX@@V?$WeakReferenceCountedPointer@VMaterial@Render@RBX@@@G3D@@@std@@@8@$0A@@std@@@2@@Z,
0x1016ca80,0x4e,library,?_Lrotate@?$_Tree@V?$_Tmap_traits@VTextureKey@?$MeshFactory@VCylinderAlongXMesh@View@RBX@@$00@View@RBX@@V?$ReferenceCountedPointer@VMesh@Render@RBX@@@G3D@@U?$less@VTextureKey@?$MeshFactory@VCylinderAlongXMesh@View@RBX@@$00@View@RBX@@@std@@V?$allocator@U?$pair@$$CBVTextureKey@?$MeshFactory@VCylinderAlongXMesh@View@RBX@@$00@View@RBX@@V?$ReferenceCountedPointer@VMesh@Render@RBX@@@G3D@@@std@@@8@$0A@@std@@@std@@IAEXPAU_Node@?$_Tree_nod@V?$_Tmap_traits@VTextureKey@?$MeshFactory@VCylinderAlongXMesh@View@RBX@@$00@View@RBX@@V?$ReferenceCountedPointer@VMesh@Render@RBX@@@G3D@@U?$less@VTextureKey@?$MeshFactory@VCylinderAlongXMesh@View@RBX@@$00@View@RBX@@@std@@V?$allocator@U?$pair@$$CBVTextureKey@?$MeshFactory@VCylinderAlongXMesh@View@RBX@@$00@View@RBX@@V?$ReferenceCountedPointer@VMesh@Render@RBX@@@G3D@@@std@@@8@$0A@@std@@@2@@Z,
0x1016cad0,0x84,library,?_Dec@const_iterator@?$_Tree@V?$_Tmap_traits@VTextureKey@?$MeshFactory@VCylinderAlongXMesh@View@RBX@@$00@View@RBX@@V?$ReferenceCountedPointer@VMesh@Render@RBX@@@G3D@@U?$less@VTextureKey@?$MeshFactory@VCylinderAlongXMesh@View@RBX@@$00@View@RBX@@@std@@V?$allocator@U?$pair@$$CBVTextureKey@?$MeshFactory@VCylinderAlongXMesh@View@RBX@@$00@View@RBX@@V?$ReferenceCountedPointer@VMesh@Render@RBX@@@G3D@@@std@@@8@$0A@@std@@@std@@QAEXXZ,
0x1016cb60,0x84,library,?_Dec@const_iterator@?$_Tree@V?$_Tmap_traits@UAttributes@MaterialFactory@View@RBX@@V?$WeakReferenceCountedPointer@VMaterial@Render@RBX@@@G3D@@U?$less@UAttributes@MaterialFactory@View@RBX@@@std@@V?$allocator@U?$pair@$$CBUAttributes@MaterialFactory@View@RBX@@V?$WeakReferenceCountedPointer@VMaterial@Render@RBX@@@G3D@@@std@@@8@$0A@@std@@@std@@QAEXXZ,
0x1016cbf0,0x6c,library,?_Inc@const_iterator@?$_Tree@V?$_Tmap_traits@VTextureKey@?$MeshFactory@VCylinderAlongXMesh@View@RBX@@$00@View@RBX@@V?$ReferenceCountedPointer@VMesh@Render@RBX@@@G3D@@U?$less@VTextureKey@?$MeshFactory@VCylinderAlongXMesh@View@RBX@@$00@View@RBX@@@std@@V?$allocator@U?$pair@$$CBVTextureKey@?$MeshFactory@VCylinderAlongXMesh@View@RBX@@$00@View@RBX@@V?$ReferenceCountedPointer@VMesh@Render@RBX@@@G3D@@@std@@@8@$0A@@std@@@std@@QAEXXZ,
0x1016dcf0,0x61,library,??0_Node@?$_Tree_nod@V?$_Tmap_traits@VTextureKey@?$MeshFactory@VCylinderAlongXMesh@View@RBX@@$00@View@RBX@@V?$ReferenceCountedPointer@VMesh@Render@RBX@@@G3D@@U?$less@VTextureKey@?$MeshFactory@VCylinderAlongXMesh@View@RBX@@$00@View@RBX@@@std@@V?$allocator@U?$pair@$$CBVTextureKey@?$MeshFactory@VCylinderAlongXMesh@View@RBX@@$00@View@RBX@@V?$ReferenceCountedPointer@VMesh@Render@RBX@@@G3D@@@std@@@8@$0A@@std@@@std@@QAE@PAU012@00ABU?$pair@$$CBVTextureKey@?$MeshFactory@VCylinderAlongXMesh@View@RBX@@$00@View@RBX@@V?$ReferenceCountedPointer@VMesh@Render@RBX@@@G3D@@@2@D@Z,
0x1016dd60,0x55,library,??0_Node@?$_Tree_nod@V?$_Tmap_traits@VDecalKey@?$MeshFactory@VCylinderAlongXMesh@View@RBX@@$00@View@RBX@@V?$ReferenceCountedPointer@VMesh@Render@RBX@@@G3D@@U?$less@VDecalKey@?$MeshFactory@VCylinderAlongXMesh@View@RBX@@$00@View@RBX@@@std@@V?$allocator@U?$pair@$$CBVDecalKey@?$MeshFactory@VCylinderAlongXMesh@View@RBX@@$00@View@RBX@@V?$ReferenceCountedPointer@VMesh@Render@RBX@@@G3D@@@std@@@8@$0A@@std@@@std@@QAE@PAU012@00ABU?$pair@$$CBVDecalKey@?$MeshFactory@VCylinderAlongXMesh@View@RBX@@$00@View@RBX@@V?$ReferenceCountedPointer@VMesh@Render@RBX@@@G3D@@@2@D@Z,
0x1016ddc0,0x37,library,?_Buynode@?$_Tree@V?$_Tmap_traits@VTextureKey@?$MeshFactory@VCylinderAlongXMesh@View@RBX@@$00@View@RBX@@V?$ReferenceCountedPointer@VMesh@Render@RBX@@@G3D@@U?$less@VTextureKey@?$MeshFactory@VCylinderAlongXMesh@View@RBX@@$00@View@RBX@@@std@@V?$allocator@U?$pair@$$CBVTextureKey@?$MeshFactory@VCylinderAlongXMesh@View@RBX@@$00@View@RBX@@V?$ReferenceCountedPointer@VMesh@Render@RBX@@@G3D@@@std@@@8@$0A@@std@@@std@@IAEPAU_Node@?$_Tree_nod@V?$_Tmap_traits@VTextureKey@?$MeshFactory@VCylinderAlongXMesh@View@RBX@@$00@View@RBX@@V?$ReferenceCountedPointer@VMesh@Render@RBX@@@G3D@@U?$less@VTextureKey@?$MeshFactory@VCylinderAlongXMesh@View@RBX@@$00@View@RBX@@@std@@V?$allocator@U?$pair@$$CBVTextureKey@?$MeshFactory@VCylinderAlongXMesh@View@RBX@@$00@View@RBX@@V?$ReferenceCountedPointer@VMesh@Render@RBX@@@G3D@@@std@@@8@$0A@@std@@@2@XZ,
0x1016de00,0x37,library,?_Buynode@?$_Tree@V?$_Tmap_traits@UAttributes@MaterialFactory@View@RBX@@V?$WeakReferenceCountedPointer@VMaterial@Render@RBX@@@G3D@@U?$less@UAttributes@MaterialFactory@View@RBX@@@std@@V?$allocator@U?$pair@$$CBUAttributes@MaterialFactory@View@RBX@@V?$WeakReferenceCountedPointer@VMaterial@Render@RBX@@@G3D@@@std@@@8@$0A@@std@@@std@@IAEPAU_Node@?$_Tree_nod@V?$_Tmap_traits@UAttributes@MaterialFactory@View@RBX@@V?$WeakReferenceCountedPointer@VMaterial@Render@RBX@@@G3D@@U?$less@UAttributes@MaterialFactory@View@RBX@@@std@@V?$allocator@U?$pair@$$CBUAttributes@MaterialFactory@View@RBX@@V?$WeakReferenceCountedPointer@VMaterial@Render@RBX@@@G3D@@@std@@@8@$0A@@std@@@2@XZ,
0x1016e6b0,0x88,library,?_Buynode@?$_Tree@V?$_Tmap_traits@VTextureKey@?$MeshFactory@VCylinderAlongXMesh@View@RBX@@$00@View@RBX@@V?$ReferenceCountedPointer@VMesh@Render@RBX@@@G3D@@U?$less@VTextureKey@?$MeshFactory@VCylinderAlongXMesh@View@RBX@@$00@View@RBX@@@std@@V?$allocator@U?$pair@$$CBVTextureKey@?$MeshFactory@VCylinderAlongXMesh@View@RBX@@$00@View@RBX@@V?$ReferenceCountedPointer@VMesh@Render@RBX@@@G3D@@@std@@@8@$0A@@std@@@std@@IAEPAU_Node@?$_Tree_nod@V?$_Tmap_traits@VTextureKey@?$MeshFactory@VCylinderAlongXMesh@View@RBX@@$00@View@RBX@@V?$ReferenceCountedPointer@VMesh@Render@RBX@@@G3D@@U?$less@VTextureKey@?$MeshFactory@VCylinderAlongXMesh@View@RBX@@$00@View@RBX@@@std@@V?$allocator@U?$pair@$$CBVTextureKey@?$MeshFactory@VCylinderAlongXMesh@View@RBX@@$00@View@RBX@@V?$ReferenceCountedPointer@VMesh@Render@RBX@@@G3D@@@std@@@8@$0A@@std@@@2@PAU342@00ABU?$pair@$$CBVTextureKey@?$MeshFactory@VCylinderAlongXMesh@View@RBX@@$00@View@RBX@@V?$ReferenceCountedPointer@VMesh@Render@RBX@@@G3D@@@2@D@Z,
0x1016e740,0x88,library,?_Buynode@?$_Tree@V?$_Tmap_traits@VDecalKey@?$MeshFactory@VCylinderAlongXMesh@View@RBX@@$00@View@RBX@@V?$ReferenceCountedPointer@VMesh@Render@RBX@@@G3D@@U?$less@VDecalKey@?$MeshFactory@VCylinderAlongXMesh@View@RBX@@$00@View@RBX@@@std@@V?$allocator@U?$pair@$$CBVDecalKey@?$MeshFactory@VCylinderAlongXMesh@View@RBX@@$00@View@RBX@@V?$ReferenceCountedPointer@VMesh@Render@RBX@@@G3D@@@std@@@8@$0A@@std@@@std@@IAEPAU_Node@?$_Tree_nod@V?$_Tmap_traits@VDecalKey@?$MeshFactory@VCylinderAlongXMesh@View@RBX@@$00@View@RBX@@V?$ReferenceCountedPointer@VMesh@Render@RBX@@@G3D@@U?$less@VDecalKey@?$MeshFactory@VCylinderAlongXMesh@View@RBX@@$00@View@RBX@@@std@@V?$allocator@U?$pair@$$CBVDecalKey@?$MeshFactory@VCylinderAlongXMesh@View@RBX@@$00@View@RBX@@V?$ReferenceCountedPointer@VMesh@Render@RBX@@@G3D@@@std@@@8@$0A@@std@@@2@PAU342@00ABU?$pair@$$CBVDecalKey@?$MeshFactory@VCylinderAlongXMesh@View@RBX@@$00@View@RBX@@V?$ReferenceCountedPointer@VMesh@Render@RBX@@@G3D@@@2@D@Z,
0x1016e830,0x7c,library,?find@?$_Tree@V?$_Tmap_traits@VTextureKey@?$MeshFactory@VCylinderAlongXMesh@View@RBX@@$00@View@RBX@@V?$ReferenceCountedPointer@VMesh@Render@RBX@@@G3D@@U?$less@VTextureKey@?$MeshFactory@VCylinderAlongXMesh@View@RBX@@$00@View@RBX@@@std@@V?$allocator@U?$pair@$$CBVTextureKey@?$MeshFactory@VCylinderAlongXMesh@View@RBX@@$00@View@RBX@@V?$ReferenceCountedPointer@VMesh@Render@RBX@@@G3D@@@std@@@8@$0A@@std@@@std@@QAE?AViterator@12@ABVTextureKey@?$MeshFactory@VCylinderAlongXMesh@View@RBX@@$00@View@RBX@@@Z,
0x1016e8b0,0x70,library,?find@?$_Tree@V?$_Tmap_traits@VDecalKey@?$MeshFactory@VCylinderAlongXMesh@View@RBX@@$00@View@RBX@@V?$ReferenceCountedPointer@VMesh@Render@RBX@@@G3D@@U?$less@VDecalKey@?$MeshFactory@VCylinderAlongXMesh@View@RBX@@$00@View@RBX@@@std@@V?$allocator@U?$pair@$$CBVDecalKey@?$MeshFactory@VCylinderAlongXMesh@View@RBX@@$00@View@RBX@@V?$ReferenceCountedPointer@VMesh@Render@RBX@@@G3D@@@std@@@8@$0A@@std@@@std@@QAE?AViterator@12@ABVDecalKey@?$MeshFactory@VCylinderAlongXMesh@View@RBX@@$00@View@RBX@@@Z,
0x1016ea10,0x1fc,library,?_Insert@?$_Tree@V?$_Tmap_traits@VTextureKey@?$MeshFactory@VCylinderAlongXMesh@View@RBX@@$00@View@RBX@@V?$ReferenceCountedPointer@VMesh@Render@RBX@@@G3D@@U?$less@VTextureKey@?$MeshFactory@VCylinderAlongXMesh@View@RBX@@$00@View@RBX@@@std@@V?$allocator@U?$pair@$$CBVTextureKey@?$MeshFactory@VCylinderAlongXMesh@View@RBX@@$00@View@RBX@@V?$ReferenceCountedPointer@VMesh@Render@RBX@@@G3D@@@std@@@8@$0A@@std@@@std@@IAE?AViterator@12@_NPAU_Node@?$_Tree_nod@V?$_Tmap_traits@VTextureKey@?$MeshFactory@VCylinderAlongXMesh@View@RBX@@$00@View@RBX@@V?$ReferenceCountedPointer@VMesh@Render@RBX@@@G3D@@U?$less@VTextureKey@?$MeshFactory@VCylinderAlongXMesh@View@RBX@@$00@View@RBX@@@std@@V?$allocator@U?$pair@$$CBVTextureKey@?$MeshFactory@VCylinderAlongXMesh@View@RBX@@$00@View@RBX@@V?$ReferenceCountedPointer@VMesh@Render@RBX@@@G3D@@@std@@@8@$0A@@std@@@2@ABU?$pair@$$CBVTextureKey@?$MeshFactory@VCylinderAlongXMesh@View@RBX@@$00@View@RBX@@V?$ReferenceCountedPointer@VMesh@Render@RBX@@@G3D@@@2@@Z,
0x1016ec10,0x1fc,library,?_Insert@?$_Tree@V?$_Tmap_traits@VDecalKey@?$MeshFactory@VCylinderAlongXMesh@View@RBX@@$00@View@RBX@@V?$ReferenceCountedPointer@VMesh@Render@RBX@@@G3D@@U?$less@VDecalKey@?$MeshFactory@VCylinderAlongXMesh@View@RBX@@$00@View@RBX@@@std@@V?$allocator@U?$pair@$$CBVDecalKey@?$MeshFactory@VCylinderAlongXMesh@View@RBX@@$00@View@RBX@@V?$ReferenceCountedPointer@VMesh@Render@RBX@@@G3D@@@std@@@8@$0A@@std@@@std@@IAE?AViterator@12@_NPAU_Node@?$_Tree_nod@V?$_Tmap_traits@VDecalKey@?$MeshFactory@VCylinderAlongXMesh@View@RBX@@$00@View@RBX@@V?$ReferenceCountedPointer@VMesh@Render@RBX@@@G3D@@U?$less@VDecalKey@?$MeshFactory@VCylinderAlongXMesh@View@RBX@@$00@View@RBX@@@std@@V?$allocator@U?$pair@$$CBVDecalKey@?$MeshFactory@VCylinderAlongXMesh@View@RBX@@$00@View@RBX@@V?$ReferenceCountedPointer@VMesh@Render@RBX@@@G3D@@@std@@@8@$0A@@std@@@2@ABU?$pair@$$CBVDecalKey@?$MeshFactory@VCylinderAlongXMesh@View@RBX@@$00@View@RBX@@V?$ReferenceCountedPointer@VMesh@Render@RBX@@@G3D@@@2@@Z,
0x1016f920,0x124,library,?insert@?$_Tree@V?$_Tmap_traits@VTextureKey@?$MeshFactory@VCylinderAlongXMesh@View@RBX@@$00@View@RBX@@V?$ReferenceCountedPointer@VMesh@Render@RBX@@@G3D@@U?$less@VTextureKey@?$MeshFactory@VCylinderAlongXMesh@View@RBX@@$00@View@RBX@@@std@@V?$allocator@U?$pair@$$CBVTextureKey@?$MeshFactory@VCylinderAlongXMesh@View@RBX@@$00@View@RBX@@V?$ReferenceCountedPointer@VMesh@Render@RBX@@@G3D@@@std@@@8@$0A@@std@@@std@@QAE?AU?$pair@Viterator@?$_Tree@V?$_Tmap_traits@VTextureKey@?$MeshFactory@VCylinderAlongXMesh@View@RBX@@$00@View@RBX@@V?$ReferenceCountedPointer@VMesh@Render@RBX@@@G3D@@U?$less@VTextureKey@?$MeshFactory@VCylinderAlongXMesh@View@RBX@@$00@View@RBX@@@std@@V?$allocator@U?$pair@$$CBVTextureKey@?$MeshFactory@VCylinderAlongXMesh@View@RBX@@$00@View@RBX@@V?$ReferenceCountedPointer@VMesh@Render@RBX@@@G3D@@@std@@@8@$0A@@std@@@std@@_N@2@ABU?$pair@$$CBVTextureKey@?$MeshFactory@VCylinderAlongXMesh@View@RBX@@$00@View@RBX@@V?$ReferenceCountedPointer@VMesh@Render@RBX@@@G3D@@@2@@Z,
0x1016fa50,0x104,library,?insert@?$_Tree@V?$_Tmap_traits@VDecalKey@?$MeshFactory@VCylinderAlongXMesh@View@RBX@@$00@View@RBX@@V?$ReferenceCountedPointer@VMesh@Render@RBX@@@G3D@@U?$less@VDecalKey@?$MeshFactory@VCylinderAlongXMesh@View@RBX@@$00@View@RBX@@@std@@V?$allocator@U?$pair@$$CBVDecalKey@?$MeshFactory@VCylinderAlongXMesh@View@RBX@@$00@View@RBX@@V?$ReferenceCountedPointer@VMesh@Render@RBX@@@G3D@@@std@@@8@$0A@@std@@@std@@QAE?AU?$pair@Viterator@?$_Tree@V?$_Tmap_traits@VDecalKey@?$MeshFactory@VCylinderAlongXMesh@View@RBX@@$00@View@RBX@@V?$ReferenceCountedPointer@VMesh@Render@RBX@@@G3D@@U?$less@VDecalKey@?$MeshFactory@VCylinderAlongXMesh@View@RBX@@$00@View@RBX@@@std@@V?$allocator@U?$pair@$$CBVDecalKey@?$MeshFactory@VCylinderAlongXMesh@View@RBX@@$00@View@RBX@@V?$ReferenceCountedPointer@VMesh@Render@RBX@@@G3D@@@std@@@8@$0A@@std@@@std@@_N@2@ABU?$pair@$$CBVDecalKey@?$MeshFactory@VCylinderAlongXMesh@View@RBX@@$00@View@RBX@@V?$ReferenceCountedPointer@VMesh@Render@RBX@@@G3D@@@2@@Z,
0x1016fcb0,0x323,library,?erase@?$_Tree@V?$_Tmap_traits@VDecalKey@?$MeshFactory@VCylinderAlongXMesh@View@RBX@@$00@View@RBX@@V?$ReferenceCountedPointer@VMesh@Render@RBX@@@G3D@@U?$less@VDecalKey@?$MeshFactory@VCylinderAlongXMesh@View@RBX@@$00@View@RBX@@@std@@V?$allocator@U?$pair@$$CBVDecalKey@?$MeshFactory@VCylinderAlongXMesh@View@RBX@@$00@View@RBX@@V?$ReferenceCountedPointer@VMesh@Render@RBX@@@G3D@@@std@@@8@$0A@@std@@@std@@QAE?AViterator@12@V312@@Z,
0x1016ffe0,0x323,library,?erase@?$_Tree@V?$_Tmap_traits@VTextureKey@?$MeshFactory@VCylinderAlongXMesh@View@RBX@@$00@View@RBX@@V?$ReferenceCountedPointer@VMesh@Render@RBX@@@G3D@@U?$less@VTextureKey@?$MeshFactory@VCylinderAlongXMesh@View@RBX@@$00@View@RBX@@@std@@V?$allocator@U?$pair@$$CBVTextureKey@?$MeshFactory@VCylinderAlongXMesh@View@RBX@@$00@View@RBX@@V?$ReferenceCountedPointer@VMesh@Render@RBX@@@G3D@@@std@@@8@$0A@@std@@@std@@QAE?AViterator@12@V312@@Z,
0x10170310,0x8c,library,?_Erase@?$_Tree@V?$_Tmap_traits@VTextureKey@?$MeshFactory@VCylinderAlongXMesh@View@RBX@@$00@View@RBX@@V?$ReferenceCountedPointer@VMesh@Render@RBX@@@G3D@@U?$less@VTextureKey@?$MeshFactory@VCylinderAlongXMesh@View@RBX@@$00@View@RBX@@@std@@V?$allocator@U?$pair@$$CBVTextureKey@?$MeshFactory@VCylinderAlongXMesh@View@RBX@@$00@View@RBX@@V?$ReferenceCountedPointer@VMesh@Render@RBX@@@G3D@@@std@@@8@$0A@@std@@@std@@IAEXPAU_Node@?$_Tree_nod@V?$_Tmap_traits@VTextureKey@?$MeshFactory@VCylinderAlongXMesh@View@RBX@@$00@View@RBX@@V?$ReferenceCountedPointer@VMesh@Render@RBX@@@G3D@@U?$less@VTextureKey@?$MeshFactory@VCylinderAlongXMesh@View@RBX@@$00@View@RBX@@@std@@V?$allocator@U?$pair@$$CBVTextureKey@?$MeshFactory@VCylinderAlongXMesh@View@RBX@@$00@View@RBX@@V?$ReferenceCountedPointer@VMesh@Render@RBX@@@G3D@@@std@@@8@$0A@@std@@@2@@Z,
0x10170e70,0x204,library,?insert@?$_Tree@V?$_Tmap_traits@VDecalKey@?$MeshFactory@VCylinderAlongXMesh@View@RBX@@$00@View@RBX@@V?$ReferenceCountedPointer@VMesh@Render@RBX@@@G3D@@U?$less@VDecalKey@?$MeshFactory@VCylinderAlongXMesh@View@RBX@@$00@View@RBX@@@std@@V?$allocator@U?$pair@$$CBVDecalKey@?$MeshFactory@VCylinderAlongXMesh@View@RBX@@$00@View@RBX@@V?$ReferenceCountedPointer@VMesh@Render@RBX@@@G3D@@@std@@@8@$0A@@std@@@std@@QAE?AViterator@12@V312@ABU?$pair@$$CBVDecalKey@?$MeshFactory@VCylinderAlongXMesh@View@RBX@@$00@View@RBX@@V?$ReferenceCountedPointer@VMesh@Render@RBX@@@G3D@@@2@@Z,
0x10171080,0x1f8,library,?insert@?$_Tree@V?$_Tmap_traits@VTextureKey@?$MeshFactory@VCylinderAlongXMesh@View@RBX@@$00@View@RBX@@V?$ReferenceCountedPointer@VMesh@Render@RBX@@@G3D@@U?$less@VTextureKey@?$MeshFactory@VCylinderAlongXMesh@View@RBX@@$00@View@RBX@@@std@@V?$allocator@U?$pair@$$CBVTextureKey@?$MeshFactory@VCylinderAlongXMesh@View@RBX@@$00@View@RBX@@V?$ReferenceCountedPointer@VMesh@Render@RBX@@@G3D@@@std@@@8@$0A@@std@@@std@@QAE?AViterator@12@V312@ABU?$pair@$$CBVTextureKey@?$MeshFactory@VCylinderAlongXMesh@View@RBX@@$00@View@RBX@@V?$ReferenceCountedPointer@VMesh@Render@RBX@@@G3D@@@2@@Z,
0x10171c10,0xfd,library,??A?$map@VDecalKey@?$MeshFactory@VCylinderAlongXMesh@View@RBX@@$00@View@RBX@@V?$ReferenceCountedPointer@VMesh@Render@RBX@@@G3D@@U?$less@VDecalKey@?$MeshFactory@VCylinderAlongXMesh@View@RBX@@$00@View@RBX@@@std@@V?$allocator@U?$pair@$$CBVDecalKey@?$MeshFactory@VCylinderAlongXMesh@View@RBX@@$00@View@RBX@@V?$ReferenceCountedPointer@VMesh@Render@RBX@@@G3D@@@std@@@8@@std@@QAEAAV?$ReferenceCountedPointer@VMesh@Render@RBX@@@G3D@@ABVDecalKey@?$MeshFactory@VCylinderAlongXMesh@View@RBX@@$00@View@RBX@@@Z,
0x10171d10,0x11f,library,??A?$map@VTextureKey@?$MeshFactory@VCylinderAlongXMesh@View@RBX@@$00@View@RBX@@V?$ReferenceCountedPointer@VMesh@Render@RBX@@@G3D@@U?$less@VTextureKey@?$MeshFactory@VCylinderAlongXMesh@View@RBX@@$00@View@RBX@@@std@@V?$allocator@U?$pair@$$CBVTextureKey@?$MeshFactory@VCylinderAlongXMesh@View@RBX@@$00@View@RBX@@V?$ReferenceCountedPointer@VMesh@Render@RBX@@@G3D@@@std@@@8@@std@@QAEAAV?$ReferenceCountedPointer@VMesh@Render@RBX@@@G3D@@ABVTextureKey@?$MeshFactory@VCylinderAlongXMesh@View@RBX@@$00@View@RBX@@@Z,
0x10171f80,0xcb,library,?erase@?$_Tree@V?$_Tmap_traits@VDecalKey@?$MeshFactory@VCylinderAlongXMesh@View@RBX@@$00@View@RBX@@V?$ReferenceCountedPointer@VMesh@Render@RBX@@@G3D@@U?$less@VDecalKey@?$MeshFactory@VCylinderAlongXMesh@View@RBX@@$00@View@RBX@@@std@@V?$allocator@U?$pair@$$CBVDecalKey@?$MeshFactory@VCylinderAlongXMesh@View@RBX@@$00@View@RBX@@V?$ReferenceCountedPointer@VMesh@Render@RBX@@@G3D@@@std@@@8@$0A@@std@@@std@@QAE?AViterator@12@V312@0@Z,
0x10172050,0xcb,library,?erase@?$_Tree@V?$_Tmap_traits@VTextureKey@?$MeshFactory@VCylinderAlongXMesh@View@RBX@@$00@View@RBX@@V?$ReferenceCountedPointer@VMesh@Render@RBX@@@G3D@@U?$less@VTextureKey@?$MeshFactory@VCylinderAlongXMesh@View@RBX@@$00@View@RBX@@@std@@V?$allocator@U?$pair@$$CBVTextureKey@?$MeshFactory@VCylinderAlongXMesh@View@RBX@@$00@View@RBX@@V?$ReferenceCountedPointer@VMesh@Render@RBX@@@G3D@@@std@@@8@$0A@@std@@@std@@QAE?AViterator@12@V312@0@Z,
0x10174950,0x62,library,?_Lbound@?$_Tree@V?$_Tmap_traits@UAttributes@MaterialFactory@View@RBX@@V?$WeakReferenceCountedPointer@VMaterial@Render@RBX@@@G3D@@U?$less@UAttributes@MaterialFactory@View@RBX@@@std@@V?$allocator@U?$pair@$$CBUAttributes@MaterialFactory@View@RBX@@V?$WeakReferenceCountedPointer@VMaterial@Render@RBX@@@G3D@@@std@@@8@$0A@@std@@@std@@IBEPAU_Node@?$_Tree_nod@V?$_Tmap_traits@UAttributes@MaterialFactory@View@RBX@@V?$WeakReferenceCountedPointer@VMaterial@Render@RBX@@@G3D@@U?$less@UAttributes@MaterialFactory@View@RBX@@@std@@V?$allocator@U?$pair@$$CBUAttributes@MaterialFactory@View@RBX@@V?$WeakReferenceCountedPointer@VMaterial@Render@RBX@@@G3D@@@std@@@8@$0A@@std@@@2@ABUAttributes@MaterialFactory@View@RBX@@@Z,
0x10174ed0,0x67,library,?find@?$_Tree@V?$_Tmap_traits@UAttributes@MaterialFactory@View@RBX@@V?$WeakReferenceCountedPointer@VMaterial@Render@RBX@@@G3D@@U?$less@UAttributes@MaterialFactory@View@RBX@@@std@@V?$allocator@U?$pair@$$CBUAttributes@MaterialFactory@View@RBX@@V?$WeakReferenceCountedPointer@VMaterial@Render@RBX@@@G3D@@@std@@@8@$0A@@std@@@std@@QAE?AViterator@12@ABUAttributes@MaterialFactory@View@RBX@@@Z,
0x10174f40,0xa8,library,?_Buynode@?$_Tree@V?$_Tmap_traits@UAttributes@MaterialFactory@View@RBX@@V?$WeakReferenceCountedPointer@VMaterial@Render@RBX@@@G3D@@U?$less@UAttributes@MaterialFactory@View@RBX@@@std@@V?$allocator@U?$pair@$$CBUAttributes@MaterialFactory@View@RBX@@V?$WeakReferenceCountedPointer@VMaterial@Render@RBX@@@G3D@@@std@@@8@$0A@@std@@@std@@IAEPAU_Node@?$_Tree_nod@V?$_Tmap_traits@UAttributes@MaterialFactory@View@RBX@@V?$WeakReferenceCountedPointer@VMaterial@Render@RBX@@@G3D@@U?$less@UAttributes@MaterialFactory@View@RBX@@@std@@V?$allocator@U?$pair@$$CBUAttributes@MaterialFactory@View@RBX@@V?$WeakReferenceCountedPointer@VMaterial@Render@RBX@@@G3D@@@std@@@8@$0A@@std@@@2@PAU342@00ABU?$pair@$$CBUAttributes@MaterialFactory@View@RBX@@V?$WeakReferenceCountedPointer@VMaterial@Render@RBX@@@G3D@@@2@D@Z,
0x10174ff0,0x1fc,library,?_Insert@?$_Tree@V?$_Tmap_traits@UAttributes@MaterialFactory@View@RBX@@V?$WeakReferenceCountedPointer@VMaterial@Render@RBX@@@G3D@@U?$less@UAttributes@MaterialFactory@View@RBX@@@std@@V?$allocator@U?$pair@$$CBUAttributes@MaterialFactory@View@RBX@@V?$WeakReferenceCountedPointer@VMaterial@Render@RBX@@@G3D@@@std@@@8@$0A@@std@@@std@@IAE?AViterator@12@_NPAU_Node@?$_Tree_nod@V?$_Tmap_traits@UAttributes@MaterialFactory@View@RBX@@V?$WeakReferenceCountedPointer@VMaterial@Render@RBX@@@G3D@@U?$less@UAttributes@MaterialFactory@View@RBX@@@std@@V?$allocator@U?$pair@$$CBUAttributes@MaterialFactory@View@RBX@@V?$WeakReferenceCountedPointer@VMaterial@Render@RBX@@@G3D@@@std@@@8@$0A@@std@@@2@ABU?$pair@$$CBUAttributes@MaterialFactory@View@RBX@@V?$WeakReferenceCountedPointer@VMaterial@Render@RBX@@@G3D@@@2@@Z,
0x101751f0,0x123,library,?insert@?$_Tree@V?$_Tmap_traits@UAttributes@MaterialFactory@View@RBX@@V?$WeakReferenceCountedPointer@VMaterial@Render@RBX@@@G3D@@U?$less@UAttributes@MaterialFactory@View@RBX@@@std@@V?$allocator@U?$pair@$$CBUAttributes@MaterialFactory@View@RBX@@V?$WeakReferenceCountedPointer@VMaterial@Render@RBX@@@G3D@@@std@@@8@$0A@@std@@@std@@QAE?AU?$pair@Viterator@?$_Tree@V?$_Tmap_traits@UAttributes@MaterialFactory@View@RBX@@V?$WeakReferenceCountedPointer@VMaterial@Render@RBX@@@G3D@@U?$less@UAttributes@MaterialFactory@View@RBX@@@std@@V?$allocator@U?$pair@$$CBUAttributes@MaterialFactory@View@RBX@@V?$WeakReferenceCountedPointer@VMaterial@Render@RBX@@@G3D@@@std@@@8@$0A@@std@@@std@@_N@2@ABU?$pair@$$CBUAttributes@MaterialFactory@View@RBX@@V?$WeakReferenceCountedPointer@VMaterial@Render@RBX@@@G3D@@@2@@Z,
0x10175320,0x1ec,library,?insert@?$_Tree@V?$_Tmap_traits@UAttributes@MaterialFactory@View@RBX@@V?$WeakReferenceCountedPointer@VMaterial@Render@RBX@@@G3D@@U?$less@UAttributes@MaterialFactory@View@RBX@@@std@@V?$allocator@U?$pair@$$CBUAttributes@MaterialFactory@View@RBX@@V?$WeakReferenceCountedPointer@VMaterial@Render@RBX@@@G3D@@@std@@@8@$0A@@std@@@std@@QAE?AViterator@12@V312@ABU?$pair@$$CBUAttributes@MaterialFactory@View@RBX@@V?$WeakReferenceCountedPointer@VMaterial@Render@RBX@@@G3D@@@2@@Z,
0x10175510,0x103,library,??A?$map@UAttributes@MaterialFactory@View@RBX@@V?$WeakReferenceCountedPointer@VMaterial@Render@RBX@@@G3D@@U?$less@UAttributes@MaterialFactory@View@RBX@@@std@@V?$allocator@U?$pair@$$CBUAttributes@MaterialFactory@View@RBX@@V?$WeakReferenceCountedPointer@VMaterial@Render@RBX@@@G3D@@@std@@@8@@std@@QAEAAV?$WeakReferenceCountedPointer@VMaterial@Render@RBX@@@G3D@@ABUAttributes@MaterialFactory@View@RBX@@@Z,
0x10175d80,0x43,library,??R?$less@ULookup@@@std@@QBE_NABULookup@@0@Z,
0x10175dd0,0x1b,library,?_Min@?$_Tree@V?$_Tmap_traits@ULookup@@UVariations@@U?$less@ULookup@@@std@@V?$allocator@U?$pair@$$CBULookup@@UVariations@@@std@@@4@$0A@@std@@@std@@KAPAU_Node@?$_Tree_nod@V?$_Tmap_traits@ULookup@@UVariations@@U?$less@ULookup@@@std@@V?$allocator@U?$pair@$$CBULookup@@UVariations@@@std@@@4@$0A@@std@@@2@PAU342@@Z,
0x10175e10,0x13,library,??1?$pair@$$CBULookup@@UVariations@@@std@@QAE@XZ,
0x10175e30,0x9a,library,?_Lbound@?$_Tree@V?$_Tmap_traits@ULookup@@UVariations@@U?$less@ULookup@@@std@@V?$allocator@U?$pair@$$CBULookup@@UVariations@@@std@@@4@$0A@@std@@@std@@IBEPAU_Node@?$_Tree_nod@V?$_Tmap_traits@ULookup@@UVariations@@U?$less@ULookup@@@std@@V?$allocator@U?$pair@$$CBULookup@@UVariations@@@std@@@4@$0A@@std@@@2@ABULookup@@@Z,
0x10175ed0,0x4e,library,?_Lrotate@?$_Tree@V?$_Tmap_traits@ULookup@@UVariations@@U?$less@ULookup@@@std@@V?$allocator@U?$pair@$$CBULookup@@UVariations@@@std@@@4@$0A@@std@@@std@@IAEXPAU_Node@?$_Tree_nod@V?$_Tmap_traits@ULookup@@UVariations@@U?$less@ULookup@@@std@@V?$allocator@U?$pair@$$CBULookup@@UVariations@@@std@@@4@$0A@@std@@@2@@Z,
0x10175f20,0x52,library,?_Rrotate@?$_Tree@V?$_Tmap_traits@ULookup@@UVariations@@U?$less@ULookup@@@std@@V?$allocator@U?$pair@$$CBULookup@@UVariations@@@std@@@4@$0A@@std@@@std@@IAEXPAU_Node@?$_Tree_nod@V?$_Tmap_traits@ULookup@@UVariations@@U?$less@ULookup@@@std@@V?$allocator@U?$pair@$$CBULookup@@UVariations@@@std@@@4@$0A@@std@@@2@@Z,
0x101760c0,0x37,library,?_Buynode@?$_Tree@V?$_Tmap_traits@ULookup@@UVariations@@U?$less@ULookup@@@std@@V?$allocator@U?$pair@$$CBULookup@@UVariations@@@std@@@4@$0A@@std@@@std@@IAEPAU_Node@?$_Tree_nod@V?$_Tmap_traits@ULookup@@UVariations@@U?$less@ULookup@@@std@@V?$allocator@U?$pair@$$CBULookup@@UVariations@@@std@@@4@$0A@@std@@@2@XZ,
0x10176100,0x6a,library,??0_Node@?$_Tree_nod@V?$_Tmap_traits@ULookup@@UVariations@@U?$less@ULookup@@@std@@V?$allocator@U?$pair@$$CBULookup@@UVariations@@@std@@@4@$0A@@std@@@std@@QAE@PAU012@00ABU?$pair@$$CBULookup@@UVariations@@@2@D@Z,
0x101797b0,0x88,library,?_Buynode@?$_Tree@V?$_Tmap_traits@ULookup@@UVariations@@U?$less@ULookup@@@std@@V?$allocator@U?$pair@$$CBULookup@@UVariations@@@std@@@4@$0A@@std@@@std@@IAEPAU_Node@?$_Tree_nod@V?$_Tmap_traits@ULookup@@UVariations@@U?$less@ULookup@@@std@@V?$allocator@U?$pair@$$CBULookup@@UVariations@@@std@@@4@$0A@@std@@@2@PAU342@00ABU?$pair@$$CBULookup@@UVariations@@@2@D@Z,
0x10179840,0x1fc,library,?_Insert@?$_Tree@V?$_Tmap_traits@ULookup@@UVariations@@U?$less@ULookup@@@std@@V?$allocator@U?$pair@$$CBULookup@@UVariations@@@std@@@4@$0A@@std@@@std@@IAE?AViterator@12@_NPAU_Node@?$_Tree_nod@V?$_Tmap_traits@ULookup@@UVariations@@U?$less@ULookup@@@std@@V?$allocator@U?$pair@$$CBULookup@@UVariations@@@std@@@4@$0A@@std@@@2@ABU?$pair@$$CBULookup@@UVariations@@@2@@Z,
0x10179a40,0x2ce,library,?erase@?$_Tree@V?$_Tmap_traits@ULookup@@UVariations@@U?$less@ULookup@@@std@@V?$allocator@U?$pair@$$CBULookup@@UVariations@@@std@@@4@$0A@@std@@@std@@QAE?AViterator@12@V312@@Z,
0x1017a470,0x47,library,?_Erase@?$_Tree@V?$_Tmap_traits@ULookup@@UVariations@@U?$less@ULookup@@@std@@V?$allocator@U?$pair@$$CBULookup@@UVariations@@@std@@@4@$0A@@std@@@std@@IAEXPAU_Node@?$_Tree_nod@V?$_Tmap_traits@ULookup@@UVariations@@U?$less@ULookup@@@std@@V?$allocator@U?$pair@$$CBULookup@@UVariations@@@std@@@4@$0A@@std@@@2@@Z,
0x1017a4c0,0x161,library,?insert@?$_Tree@V?$_Tmap_traits@ULookup@@UVariations@@U?$less@ULookup@@@std@@V?$allocator@U?$pair@$$CBULookup@@UVariations@@@std@@@4@$0A@@std@@@std@@QAE?AU?$pair@Viterator@?$_Tree@V?$_Tmap_traits@ULookup@@UVariations@@U?$less@ULookup@@@std@@V?$allocator@U?$pair@$$CBULookup@@UVariations@@@std@@@4@$0A@@std@@@std@@_N@2@ABU?$pair@$$CBULookup@@UVariations@@@2@@Z,
0x1017a630,0x1f8,library,?insert@?$_Tree@V?$_Tmap_traits@ULookup@@UVariations@@U?$less@ULookup@@@std@@V?$allocator@U?$pair@$$CBULookup@@UVariations@@@std@@@4@$0A@@std@@@std@@QAE?AViterator@12@V312@ABU?$pair@$$CBULookup@@UVariations@@@2@@Z,
0x1017a830,0xcb,library,?erase@?$_Tree@V?$_Tmap_traits@ULookup@@UVariations@@U?$less@ULookup@@@std@@V?$allocator@U?$pair@$$CBULookup@@UVariations@@@std@@@4@$0A@@std@@@std@@QAE?AViterator@12@V312@0@Z,
0x1017a940,0x153,library,??A?$map@ULookup@@UVariations@@U?$less@ULookup@@@std@@V?$allocator@U?$pair@$$CBULookup@@UVariations@@@std@@@4@@std@@QAEAAUVariations@@ABULookup@@@Z,
0x1018d6c0,0x109,library,??$for_each@V?$_Vector_iterator@V?$shared_ptr@VInstance@RBX@@@boost@@V?$allocator@V?$shared_ptr@VInstance@RBX@@@boost@@@std@@@std@@V?$bind_t@XP6AXV?$shared_ptr@VInstance@RBX@@@boost@@0@ZV?$list2@V?$value@V?$shared_ptr@VModelInstance@RBX@@@boost@@@_bi@boost@@V?$arg@$00@3@@_bi@2@@_bi@boost@@@std@@YA?AV?$bind_t@XP6AXV?$shared_ptr@VInstance@RBX@@@boost@@0@ZV?$list2@V?$value@V?$shared_ptr@VModelInstance@RBX@@@boost@@@_bi@boost@@V?$arg@$00@3@@_bi@2@@_bi@boost@@V?$_Vector_iterator@V?$shared_ptr@VInstance@RBX@@@boost@@V?$allocator@V?$shared_ptr@VInstance@RBX@@@boost@@@std@@@0@0V123@@Z,
0x1018d7d0,0xd1,library,??$for_each@V?$_Vector_iterator@V?$shared_ptr@VInstance@RBX@@@boost@@V?$allocator@V?$shared_ptr@VInstance@RBX@@@boost@@@std@@@std@@V?$bind_t@XP6AXABV?$shared_ptr@VModelInstance@RBX@@@boost@@ABV?$shared_ptr@VInstance@RBX@@@2@@ZV?$list2@V?$value@V?$shared_ptr@VModelInstance@RBX@@@boost@@@_bi@boost@@V?$arg@$00@3@@_bi@2@@_bi@boost@@@std@@YA?AV?$bind_t@XP6AXABV?$shared_ptr@VModelInstance@RBX@@@boost@@ABV?$shared_ptr@VInstance@RBX@@@2@@ZV?$list2@V?$value@V?$shared_ptr@VModelInstance@RBX@@@boost@@@_bi@boost@@V?$arg@$00@3@@_bi@2@@_bi@boost@@V?$_Vector_iterator@V?$shared_ptr@VInstance@RBX@@@boost@@V?$allocator@V?$shared_ptr@VInstance@RBX@@@boost@@@std@@@0@0V123@@Z,
0x10190e30,0x2a,library,??E?$_Const_iterator@$00@?$list@UMessage@AbuseReport@Network@RBX@@V?$allocator@UMessage@AbuseReport@Network@RBX@@@std@@@std@@QAEAAV012@XZ,
0x10190ed0,0xf,library,??1?$auto_ptr@V?$stream_buffer@UString_sink@@U?$char_traits@D@std@@V?$allocator@D@3@Uoutput@iostreams@boost@@@iostreams@boost@@@std@@QAE@XZ,
0x10191100,0x5e,library,??$_Construct@UMessage@AbuseReport@Network@RBX@@U1234@@std@@YAXPAUMessage@AbuseReport@Network@RBX@@ABU1234@@Z,
0x10191160,0x53,library,??$_Construct@UChatMessage@Network@RBX@@U123@@std@@YAXPAUChatMessage@Network@RBX@@ABU123@@Z,
0x101915f0,0x1a,library,?_Buynode@?$list@UMessage@AbuseReport@Network@RBX@@V?$allocator@UMessage@AbuseReport@Network@RBX@@@std@@@std@@IAEPAU_Node@?$_List_nod@UMessage@AbuseReport@Network@RBX@@V?$allocator@UMessage@AbuseReport@Network@RBX@@@std@@@2@XZ,
0x10191610,0x1a,library,?_Buynode@?$list@UChatMessage@Network@RBX@@V?$allocator@UChatMessage@Network@RBX@@@std@@@std@@IAEPAU_Node@?$_List_nod@UChatMessage@Network@RBX@@V?$allocator@UChatMessage@Network@RBX@@@std@@@2@XZ,
0x10191630,0x8a,library,?_Incsize@?$list@UMessage@AbuseReport@Network@RBX@@V?$allocator@UMessage@AbuseReport@Network@RBX@@@std@@@std@@IAEXI@Z,
0x101916c0,0x8a,library,?_Incsize@?$list@UChatMessage@Network@RBX@@V?$allocator@UChatMessage@Network@RBX@@@std@@@std@@IAEXI@Z,
0x10191e40,0x92,library,?_Buynode@?$list@UMessage@AbuseReport@Network@RBX@@V?$allocator@UMessage@AbuseReport@Network@RBX@@@std@@@std@@IAEPAU_Node@?$_List_nod@UMessage@AbuseReport@Network@RBX@@V?$allocator@UMessage@AbuseReport@Network@RBX@@@std@@@2@PAU342@0ABUMessage@AbuseReport@Network@RBX@@@Z,
0x10191ee0,0x92,library,?_Buynode@?$list@UChatMessage@Network@RBX@@V?$allocator@UChatMessage@Network@RBX@@@std@@@std@@IAEPAU_Node@?$_List_nod@UChatMessage@Network@RBX@@V?$allocator@UChatMessage@Network@RBX@@@std@@@2@PAU342@0ABUChatMessage@Network@RBX@@@Z,
0x101920c0,0x69,library,?erase@?$list@UMessage@AbuseReport@Network@RBX@@V?$allocator@UMessage@AbuseReport@Network@RBX@@@std@@@std@@QAE?AV?$_Iterator@$00@12@V312@@Z,
0x10192270,0x3f,library,?clear@?$list@UMessage@AbuseReport@Network@RBX@@V?$allocator@UMessage@AbuseReport@Network@RBX@@@std@@@std@@QAEXXZ,
0x101922b0,0x66,library,?find@?$_Tree@V?$_Tmap_traits@UData@Guid@RBX@@PAVInstance@3@U?$less@UData@Guid@RBX@@@std@@V?$allocator@U?$pair@$$CBUData@Guid@RBX@@PAVInstance@3@@std@@@6@$0A@@std@@@std@@QAE?AViterator@12@ABUData@Guid@RBX@@@Z,
0x10192320,0x32,library,??$for_each@V?$_Const_iterator@$00@?$list@UChatMessage@Network@RBX@@V?$allocator@UChatMessage@Network@RBX@@@std@@@std@@V?$bind_t@XV?$mf1@XUAbuseReport@Network@RBX@@ABUChatMessage@23@@_mfi@boost@@V?$list2@V?$reference_wrapper@UAbuseReport@Network@RBX@@@boost@@V?$arg@$00@2@@_bi@3@@_bi@boost@@@std@@YA?AV?$bind_t@XV?$mf1@XUAbuseReport@Network@RBX@@ABUChatMessage@23@@_mfi@boost@@V?$list2@V?$reference_wrapper@UAbuseReport@Network@RBX@@@boost@@V?$arg@$00@2@@_bi@3@@_bi@boost@@V?$_Const_iterator@$00@?$list@UChatMessage@Network@RBX@@V?$allocator@UChatMessage@Network@RBX@@@std@@@0@0V123@@Z,
0x10192360,0x11c,library,??$_Insert@V?$_Const_iterator@$00@?$list@UMessage@AbuseReport@Network@RBX@@V?$allocator@UMessage@AbuseReport@Network@RBX@@@std@@@std@@@?$list@UMessage@AbuseReport@Network@RBX@@V?$allocator@UMessage@AbuseReport@Network@RBX@@@std@@@std@@QAEXV?$_Iterator@$00@01@V?$_Const_iterator@$00@01@1Uforward_iterator_tag@1@@Z,
0x10192500,0x1d,library,?_Tidy@?$list@UMessage@AbuseReport@Network@RBX@@V?$allocator@UMessage@AbuseReport@Network@RBX@@@std@@@std@@IAEXXZ,
0x10192520,0x157,library,?_Growmap@?$deque@UAbuseReport@Network@RBX@@V?$allocator@UAbuseReport@Network@RBX@@@std@@@std@@IAEXI@Z,
0x10192680,0x3e,library,?clear@?$list@UChatMessage@Network@RBX@@V?$allocator@UChatMessage@Network@RBX@@@std@@@std@@QAEXXZ,
0x101927c0,0x34,library,??$for_each@V?$_Iterator@$00@?$list@UMessage@AbuseReport@Network@RBX@@V?$allocator@UMessage@AbuseReport@Network@RBX@@@std@@@std@@V?$bind_t@XP6AXABUMessage@AbuseReport@Network@RBX@@PAVXmlElement@@@ZV?$list2@V?$arg@$00@boost@@V?$value@PAVXmlElement@@@_bi@2@@_bi@boost@@@_bi@boost@@@std@@YA?AV?$bind_t@XP6AXABUMessage@AbuseReport@Network@RBX@@PAVXmlElement@@@ZV?$list2@V?$arg@$00@boost@@V?$value@PAVXmlElement@@@_bi@2@@_bi@boost@@@_bi@boost@@V?$_Iterator@$00@?$list@UMessage@AbuseReport@Network@RBX@@V?$allocator@UMessage@AbuseReport@Network@RBX@@@std@@@0@0V123@@Z,
0x10192800,0x5d,library,??$_Construct@V?$bind_t@W4work_result@worker_thread@RBX@@P6A?AW4123@V?$shared_ptr@Udata@AbuseReporter@Network@RBX@@@boost@@V?$basic_string@DU?$char_traits@D@std@@V?$allocator@D@2@@std@@@ZV?$list2@V?$value@V?$shared_ptr@Udata@AbuseReporter@Network@RBX@@@boost@@@_bi@boost@@V?$value@V?$basic_string@DU?$char_traits@D@std@@V?$allocator@D@2@@std@@@23@@_bi@5@@_bi@boost@@V123@@std@@YAXPAV?$bind_t@W4work_result@worker_thread@RBX@@P6A?AW4123@V?$shared_ptr@Udata@AbuseReporter@Network@RBX@@@boost@@V?$basic_string@DU?$char_traits@D@std@@V?$allocator@D@2@@std@@@ZV?$list2@V?$value@V?$shared_ptr@Udata@AbuseReporter@Network@RBX@@@boost@@@_bi@boost@@V?$value@V?$basic_string@DU?$char_traits@D@std@@V?$allocator@D@2@@std@@@23@@_bi@5@@_bi@boost@@ABV123@@Z,
0x10192930,0x89,library,??0?$list@UMessage@AbuseReport@Network@RBX@@V?$allocator@UMessage@AbuseReport@Network@RBX@@@std@@@std@@QAE@ABV01@@Z,
0x10192ab0,0x1d,library,??1?$list@UChatMessage@Network@RBX@@V?$allocator@UChatMessage@Network@RBX@@@std@@@std@@QAE@XZ,
0x10192e60,0x53,library,??$_Construct@UAbuseReport@Network@RBX@@U123@@std@@YAXPAUAbuseReport@Network@RBX@@ABU123@@Z,
0x101931b0,0x5b,library,?push_back@?$deque@UAbuseReport@Network@RBX@@V?$allocator@UAbuseReport@Network@RBX@@@std@@@std@@QAEXABUAbuseReport@Network@RBX@@@Z,
0x10194360,0x7d,library,?_Tidy@?$deque@UAbuseReport@Network@RBX@@V?$allocator@UAbuseReport@Network@RBX@@@std@@@std@@IAEXXZ,
0x10194fe0,0x5,library,??1?$queue@UAbuseReport@Network@RBX@@V?$deque@UAbuseReport@Network@RBX@@V?$allocator@UAbuseReport@Network@RBX@@@std@@@std@@@std@@QAE@XZ,
0x101996f0,0x2c,library,??A?$vector@PAVInstance@RBX@@V?$allocator@PAVInstance@RBX@@@std@@@std@@QAEAAPAVInstance@RBX@@I@Z,
0x10199720,0x26,library,??E?$_Vector_iterator@PAVInstance@RBX@@V?$allocator@PAVInstance@RBX@@@std@@@std@@QAEAAV01@XZ,
0x10199750,0x53,library,??$_Count_if@PBV?$shared_ptr@VInstance@RBX@@@boost@@P6A_NV12@@Z@std@@YAHPBV?$shared_ptr@VInstance@RBX@@@boost@@0P6A_NV12@@Z@Z,
0x1019bf60,0x1b,library,?_Min@?$_Tree@V?$_Tmap_traits@PBVInstance@RBX@@UReplicationData@Replicator@Network@2@U?$less@PBVInstance@RBX@@@std@@V?$allocator@U?$pair@QBVInstance@RBX@@UReplicationData@Replicator@Network@2@@std@@@7@$0A@@std@@@std@@KAPAU_Node@?$_Tree_nod@V?$_Tmap_traits@PBVInstance@RBX@@UReplicationData@Replicator@Network@2@U?$less@PBVInstance@RBX@@@std@@V?$allocator@U?$pair@QBVInstance@RBX@@UReplicationData@Replicator@Network@2@@std@@@7@$0A@@std@@@2@PAU342@@Z,
0x1019bf80,0x52,library,?_Rrotate@?$_Tree@V?$_Tmap_traits@PBVInstance@RBX@@UReplicationData@Replicator@Network@2@U?$less@PBVInstance@RBX@@@std@@V?$allocator@U?$pair@QBVInstance@RBX@@UReplicationData@Replicator@Network@2@@std@@@7@$0A@@std@@@std@@IAEXPAU_Node@?$_Tree_nod@V?$_Tmap_traits@PBVInstance@RBX@@UReplicationData@Replicator@Network@2@U?$less@PBVInstance@RBX@@@std@@V?$allocator@U?$pair@QBVInstance@RBX@@UReplicationData@Replicator@Network@2@@std@@@7@$0A@@std@@@2@@Z,
0x1019bfe0,0x1c,library,?_Max@?$_Tree@V?$_Tset_traits@PAVAssembly@RBX@@U?$less@PAVAssembly@RBX@@@std@@V?$allocator@PAVAssembly@RBX@@@4@$0A@@std@@@std@@KAPAU_Node@?$_Tree_nod@V?$_Tset_traits@PAVAssembly@RBX@@U?$less@PAVAssembly@RBX@@@std@@V?$allocator@PAVAssembly@RBX@@@4@$0A@@std@@@2@PAU342@@Z,
0x1019c000,0x84,library,?_Dec@const_iterator@?$_Tree@V?$_Tmap_traits@PBVInstance@RBX@@UReplicationData@Replicator@Network@2@U?$less@PBVInstance@RBX@@@std@@V?$allocator@U?$pair@QBVInstance@RBX@@UReplicationData@Replicator@Network@2@@std@@@7@$0A@@std@@@std@@QAEXXZ,
0x1019c090,0x4e,library,?_Lrotate@?$_Tree@V?$_Tmap_traits@UData@Guid@RBX@@V?$vector@UWaitItem@IdSerializer@Network@RBX@@V?$allocator@UWaitItem@IdSerializer@Network@RBX@@@std@@@std@@U?$less@UData@Guid@RBX@@@5@V?$allocator@U?$pair@$$CBUData@Guid@RBX@@V?$vector@UWaitItem@IdSerializer@Network@RBX@@V?$allocator@UWaitItem@IdSerializer@Network@RBX@@@std@@@std@@@std@@@5@$0A@@std@@@std@@IAEXPAU_Node@?$_Tree_nod@V?$_Tmap_traits@UData@Guid@RBX@@V?$vector@UWaitItem@IdSerializer@Network@RBX@@V?$allocator@UWaitItem@IdSerializer@Network@RBX@@@std@@@std@@U?$less@UData@Guid@RBX@@@5@V?$allocator@U?$pair@$$CBUData@Guid@RBX@@V?$vector@UWaitItem@IdSerializer@Network@RBX@@V?$allocator@UWaitItem@IdSerializer@Network@RBX@@@std@@@std@@@std@@@5@$0A@@std@@@2@@Z,
0x1019c0e0,0x52,library,?_Rrotate@?$_Tree@V?$_Tmap_traits@UData@Guid@RBX@@V?$vector@UWaitItem@IdSerializer@Network@RBX@@V?$allocator@UWaitItem@IdSerializer@Network@RBX@@@std@@@std@@U?$less@UData@Guid@RBX@@@5@V?$allocator@U?$pair@$$CBUData@Guid@RBX@@V?$vector@UWaitItem@IdSerializer@Network@RBX@@V?$allocator@UWaitItem@IdSerializer@Network@RBX@@@std@@@std@@@std@@@5@$0A@@std@@@std@@IAEXPAU_Node@?$_Tree_nod@V?$_Tmap_traits@UData@Guid@RBX@@V?$vector@UWaitItem@IdSerializer@Network@RBX@@V?$allocator@UWaitItem@IdSerializer@Network@RBX@@@std@@@std@@U?$less@UData@Guid@RBX@@@5@V?$allocator@U?$pair@$$CBUData@Guid@RBX@@V?$vector@UWaitItem@IdSerializer@Network@RBX@@V?$allocator@UWaitItem@IdSerializer@Network@RBX@@@std@@@std@@@std@@@5@$0A@@std@@@2@@Z,
0x1019c140,0x84,library,?_Dec@const_iterator@?$_Tree@V?$_Tmap_traits@PAVInstance@RBX@@VInstanceHandle@2@U?$less@PAVInstance@RBX@@@std@@V?$allocator@U?$pair@QAVInstance@RBX@@VInstanceHandle@2@@std@@@5@$0A@@std@@@std@@QAEXXZ,
0x1019c560,0x5c,library,??$_Allocate@I@std@@YAPAIIPAI@Z,
0x1019cd00,0x8,library,??1?$pair@QBVInstance@RBX@@UReplicationData@Replicator@Network@2@@std@@QAE@XZ,
0x1019cf10,0x4e,library,?_Lrotate@?$_Tree@V?$_Tmap_traits@PBVInstance@RBX@@UReplicationData@Replicator@Network@2@U?$less@PBVInstance@RBX@@@std@@V?$allocator@U?$pair@QBVInstance@RBX@@UReplicationData@Replicator@Network@2@@std@@@7@$0A@@std@@@std@@IAEXPAU_Node@?$_Tree_nod@V?$_Tmap_traits@PBVInstance@RBX@@UReplicationData@Replicator@Network@2@U?$less@PBVInstance@RBX@@@std@@V?$allocator@U?$pair@QBVInstance@RBX@@UReplicationData@Replicator@Network@2@@std@@@7@$0A@@std@@@2@@Z,
0x1019db60,0x1a,library,?_Buynode@?$list@V?$shared_ptr@VItem@Replicator@Network@RBX@@@boost@@V?$allocator@V?$shared_ptr@VItem@Replicator@Network@RBX@@@boost@@@std@@@std@@IAEPAU_Node@?$_List_nod@V?$shared_ptr@VItem@Replicator@Network@RBX@@@boost@@V?$allocator@V?$shared_ptr@VItem@Replicator@Network@RBX@@@boost@@@std@@@2@XZ,
0x1019db80,0x8a,library,?_Incsize@?$list@V?$shared_ptr@VItem@Replicator@Network@RBX@@@boost@@V?$allocator@V?$shared_ptr@VItem@Replicator@Network@RBX@@@boost@@@std@@@std@@IAEXI@Z,
0x1019dc10,0x37,library,?_Buynode@?$_Tree@V?$_Tmap_traits@VInstanceHandle@RBX@@HU?$less@VInstanceHandle@RBX@@@std@@V?$allocator@U?$pair@$$CBVInstanceHandle@RBX@@H@std@@@4@$0A@@std@@@std@@IAEPAU_Node@?$_Tree_nod@V?$_Tmap_traits@VInstanceHandle@RBX@@HU?$less@VInstanceHandle@RBX@@@std@@V?$allocator@U?$pair@$$CBVInstanceHandle@RBX@@H@std@@@4@$0A@@std@@@2@XZ,
0x1019dc50,0x37,library,?_Buynode@?$_Tree@V?$_Tmap_traits@PBVInstance@RBX@@UReplicationData@Replicator@Network@2@U?$less@PBVInstance@RBX@@@std@@V?$allocator@U?$pair@QBVInstance@RBX@@UReplicationData@Replicator@Network@2@@std@@@7@$0A@@std@@@std@@IAEPAU_Node@?$_Tree_nod@V?$_Tmap_traits@PBVInstance@RBX@@UReplicationData@Replicator@Network@2@U?$less@PBVInstance@RBX@@@std@@V?$allocator@U?$pair@QBVInstance@RBX@@UReplicationData@Replicator@Network@2@@std@@@7@$0A@@std@@@2@XZ,
0x1019dc90,0x35,library,?_Erase@?$_Tree@V?$_Tset_traits@PAVAssembly@RBX@@U?$less@PAVAssembly@RBX@@@std@@V?$allocator@PAVAssembly@RBX@@@4@$0A@@std@@@std@@IAEXPAU_Node@?$_Tree_nod@V?$_Tset_traits@PAVAssembly@RBX@@U?$less@PAVAssembly@RBX@@@std@@V?$allocator@PAVAssembly@RBX@@@4@$0A@@std@@@2@@Z,
0x1019e040,0x69,library,?find@?$_Tree@V?$_Tmap_traits@PBVInstance@RBX@@UReplicationData@Replicator@Network@2@U?$less@PBVInstance@RBX@@@std@@V?$allocator@U?$pair@QBVInstance@RBX@@UReplicationData@Replicator@Network@2@@std@@@7@$0A@@std@@@std@@QAE?AViterator@12@ABQBVInstance@RBX@@@Z,
0x1019e0b0,0x1ed,library,?_Insert@?$_Tree@V?$_Tset_traits@PBVInstance@RBX@@U?$less@PBVInstance@RBX@@@std@@V?$allocator@PBVInstance@RBX@@@4@$0A@@std@@@std@@IAE?AViterator@12@_NPAU_Node@?$_Tree_nod@V?$_Tset_traits@PBVInstance@RBX@@U?$less@PBVInstance@RBX@@@std@@V?$allocator@PBVInstance@RBX@@@4@$0A@@std@@@2@ABQBVInstance@RBX@@@Z,
0x1019e2a0,0xa7,library,?_Buynode@?$_Tree@V?$_Tmap_traits@PBVInstance@RBX@@UReplicationData@Replicator@Network@2@U?$less@PBVInstance@RBX@@@std@@V?$allocator@U?$pair@QBVInstance@RBX@@UReplicationData@Replicator@Network@2@@std@@@7@$0A@@std@@@std@@IAEPAU_Node@?$_Tree_nod@V?$_Tmap_traits@PBVInstance@RBX@@UReplicationData@Replicator@Network@2@U?$less@PBVInstance@RBX@@@std@@V?$allocator@U?$pair@QBVInstance@RBX@@UReplicationData@Replicator@Network@2@@std@@@7@$0A@@std@@@2@PAU342@00ABU?$pair@QBVInstance@RBX@@UReplicationData@Replicator@Network@2@@2@D@Z,
0x1019e350,0x4b,library,?_Buynode@?$list@V?$shared_ptr@VItem@Replicator@Network@RBX@@@boost@@V?$allocator@V?$shared_ptr@VItem@Replicator@Network@RBX@@@boost@@@std@@@std@@IAEPAU_Node@?$_List_nod@V?$shared_ptr@VItem@Replicator@Network@RBX@@@boost@@V?$allocator@V?$shared_ptr@VItem@Replicator@Network@RBX@@@boost@@@std@@@2@PAU342@0ABV?$shared_ptr@VItem@Replicator@Network@RBX@@@boost@@@Z,
0x1019e3a0,0x2a7,library,?erase@?$_Tree@V?$_Tset_traits@PBVInstance@RBX@@U?$less@PBVInstance@RBX@@@std@@V?$allocator@PBVInstance@RBX@@@4@$0A@@std@@@std@@QAE?AViterator@12@V312@@Z,
0x1019e650,0x71,library,??$for_each@Viterator@?$_Tree@V?$_Tmap_traits@PBVInstance@RBX@@UReplicationData@Replicator@Network@2@U?$less@PBVInstance@RBX@@@std@@V?$allocator@U?$pair@QBVInstance@RBX@@UReplicationData@Replicator@Network@2@@std@@@7@$0A@@std@@@std@@V?$bind_t@XP6AXABU?$pair@QBVInstance@RBX@@UReplicationData@Replicator@Network@2@@std@@@ZV?$list1@V?$arg@$00@boost@@@_bi@boost@@@_bi@boost@@@std@@YA?AV?$bind_t@XP6AXABU?$pair@QBVInstance@RBX@@UReplicationData@Replicator@Network@2@@std@@@ZV?$list1@V?$arg@$00@boost@@@_bi@boost@@@_bi@boost@@Viterator@?$_Tree@V?$_Tmap_traits@PBVInstance@RBX@@UReplicationData@Replicator@Network@2@U?$less@PBVInstance@RBX@@@std@@V?$allocator@U?$pair@QBVInstance@RBX@@UReplicationData@Replicator@Network@2@@std@@@7@$0A@@std@@@0@0V123@@Z,
0x1019ec30,0x69,library,?find@?$_Tree@V?$_Tmap_traits@PAVInstance@RBX@@VInstanceHandle@2@U?$less@PAVInstance@RBX@@@std@@V?$allocator@U?$pair@QAVInstance@RBX@@VInstanceHandle@2@@std@@@5@$0A@@std@@@std@@QBE?AVconst_iterator@12@ABQAVInstance@RBX@@@Z,
0x1019eca0,0xb9,library,?insert@?$_Tree@V?$_Tset_traits@PBVInstance@RBX@@U?$less@PBVInstance@RBX@@@std@@V?$allocator@PBVInstance@RBX@@@4@$0A@@std@@@std@@QAE?AU?$pair@Viterator@?$_Tree@V?$_Tset_traits@PBVInstance@RBX@@U?$less@PBVInstance@RBX@@@std@@V?$allocator@PBVInstance@RBX@@@4@$0A@@std@@@std@@_N@2@ABQBVInstance@RBX@@@Z,
0x1019ed60,0x1ed,library,?_Insert@?$_Tree@V?$_Tmap_traits@PBVInstance@RBX@@UReplicationData@Replicator@Network@2@U?$less@PBVInstance@RBX@@@std@@V?$allocator@U?$pair@QBVInstance@RBX@@UReplicationData@Replicator@Network@2@@std@@@7@$0A@@std@@@std@@IAE?AViterator@12@_NPAU_Node@?$_Tree_nod@V?$_Tmap_traits@PBVInstance@RBX@@UReplicationData@Replicator@Network@2@U?$less@PBVInstance@RBX@@@std@@V?$allocator@U?$pair@QBVInstance@RBX@@UReplicationData@Replicator@Network@2@@std@@@7@$0A@@std@@@2@ABU?$pair@QBVInstance@RBX@@UReplicationData@Replicator@Network@2@@2@@Z,
0x1019ef50,0xcb,library,?erase@?$_Tree@V?$_Tset_traits@PBVInstance@RBX@@U?$less@PBVInstance@RBX@@@std@@V?$allocator@PBVInstance@RBX@@@4@$0A@@std@@@std@@QAE?AViterator@12@V312@0@Z,
0x1019f020,0x75,library,?pop_front@?$deque@V?$shared_ptr@VMarker@Network@RBX@@@boost@@V?$allocator@V?$shared_ptr@VMarker@Network@RBX@@@boost@@@std@@@std@@QAEXXZ,
0x1019f0a0,0x1ed,library,?_Insert@?$_Tree@V?$_Tmap_traits@PBVPropertyDescriptor@Reflection@RBX@@V?$shared_ptr@VSharedStringDictionary@Network@RBX@@@boost@@U?$less@PBVPropertyDescriptor@Reflection@RBX@@@std@@V?$allocator@U?$pair@QBVPropertyDescriptor@Reflection@RBX@@V?$shared_ptr@VSharedStringDictionary@Network@RBX@@@boost@@@std@@@7@$0A@@std@@@std@@IAE?AViterator@12@_NPAU_Node@?$_Tree_nod@V?$_Tmap_traits@PBVPropertyDescriptor@Reflection@RBX@@V?$shared_ptr@VSharedStringDictionary@Network@RBX@@@boost@@U?$less@PBVPropertyDescriptor@Reflection@RBX@@@std@@V?$allocator@U?$pair@QBVPropertyDescriptor@Reflection@RBX@@V?$shared_ptr@VSharedStringDictionary@Network@RBX@@@boost@@@std@@@7@$0A@@std@@@2@ABU?$pair@QBVPropertyDescriptor@Reflection@RBX@@V?$shared_ptr@VSharedStringDictionary@Network@RBX@@@boost@@@2@@Z,
0x101a0050,0xb9,library,?insert@?$_Tree@V?$_Tmap_traits@PBVInstance@RBX@@UReplicationData@Replicator@Network@2@U?$less@PBVInstance@RBX@@@std@@V?$allocator@U?$pair@QBVInstance@RBX@@UReplicationData@Replicator@Network@2@@std@@@7@$0A@@std@@@std@@QAE?AU?$pair@Viterator@?$_Tree@V?$_Tmap_traits@PBVInstance@RBX@@UReplicationData@Replicator@Network@2@U?$less@PBVInstance@RBX@@@std@@V?$allocator@U?$pair@QBVInstance@RBX@@UReplicationData@Replicator@Network@2@@std@@@7@$0A@@std@@@std@@_N@2@ABU?$pair@QBVInstance@RBX@@UReplicationData@Replicator@Network@2@@2@@Z,
0x101a0110,0x2b3,library,?erase@?$_Tree@V?$_Tmap_traits@PBVInstance@RBX@@UReplicationData@Replicator@Network@2@U?$less@PBVInstance@RBX@@@std@@V?$allocator@U?$pair@QBVInstance@RBX@@UReplicationData@Replicator@Network@2@@std@@@7@$0A@@std@@@std@@QAE?AViterator@12@V312@@Z,
0x101a03d0,0x34,library,?push_front@?$list@V?$shared_ptr@VItem@Replicator@Network@RBX@@@boost@@V?$allocator@V?$shared_ptr@VItem@Replicator@Network@RBX@@@boost@@@std@@@std@@QAEXABV?$shared_ptr@VItem@Replicator@Network@RBX@@@boost@@@Z,
0x101a0410,0x32,library,?push_back@?$list@V?$shared_ptr@VItem@Replicator@Network@RBX@@@boost@@V?$allocator@V?$shared_ptr@VItem@Replicator@Network@RBX@@@boost@@@std@@@std@@QAEXABV?$shared_ptr@VItem@Replicator@Network@RBX@@@boost@@@Z,
0x101a0450,0x68,library,?clear@?$list@V?$shared_ptr@VItem@Replicator@Network@RBX@@@boost@@V?$allocator@V?$shared_ptr@VItem@Replicator@Network@RBX@@@boost@@@std@@@std@@QAEXXZ,
0x101a04c0,0x6a,library,?erase@?$_Tree@V?$_Tset_traits@PBVInstance@RBX@@U?$less@PBVInstance@RBX@@@std@@V?$allocator@PBVInstance@RBX@@@4@$0A@@std@@@std@@QAEIABQBVInstance@RBX@@@Z,
0x101a0530,0x3d,library,?_Erase@?$_Tree@V?$_Tmap_traits@PBVInstance@RBX@@UReplicationData@Replicator@Network@2@U?$less@PBVInstance@RBX@@@std@@V?$allocator@U?$pair@QBVInstance@RBX@@UReplicationData@Replicator@Network@2@@std@@@7@$0A@@std@@@std@@IAEXPAU_Node@?$_Tree_nod@V?$_Tmap_traits@PBVInstance@RBX@@UReplicationData@Replicator@Network@2@U?$less@PBVInstance@RBX@@@std@@V?$allocator@U?$pair@QBVInstance@RBX@@UReplicationData@Replicator@Network@2@@std@@@7@$0A@@std@@@2@@Z,
0x101a0570,0x97,library,?erase@?$list@V?$shared_ptr@VItem@Replicator@Network@RBX@@@boost@@V?$allocator@V?$shared_ptr@VItem@Replicator@Network@RBX@@@boost@@@std@@@std@@QAE?AV?$_Iterator@$00@12@V312@@Z,
0x101a0610,0xb7,library,?_Tidy@?$deque@V?$shared_ptr@VMarker@Network@RBX@@@boost@@V?$allocator@V?$shared_ptr@VMarker@Network@RBX@@@boost@@@std@@@std@@IAEXXZ,
0x101a06d0,0xb9,library,?insert@?$_Tree@V?$_Tmap_traits@PBVPropertyDescriptor@Reflection@RBX@@V?$shared_ptr@VSharedStringDictionary@Network@RBX@@@boost@@U?$less@PBVPropertyDescriptor@Reflection@RBX@@@std@@V?$allocator@U?$pair@QBVPropertyDescriptor@Reflection@RBX@@V?$shared_ptr@VSharedStringDictionary@Network@RBX@@@boost@@@std@@@7@$0A@@std@@@std@@QAE?AU?$pair@Viterator@?$_Tree@V?$_Tmap_traits@PBVPropertyDescriptor@Reflection@RBX@@V?$shared_ptr@VSharedStringDictionary@Network@RBX@@@boost@@U?$less@PBVPropertyDescriptor@Reflection@RBX@@@std@@V?$allocator@U?$pair@QBVPropertyDescriptor@Reflection@RBX@@V?$shared_ptr@VSharedStringDictionary@Network@RBX@@@boost@@@std@@@7@$0A@@std@@@std@@_N@2@ABU?$pair@QBVPropertyDescriptor@Reflection@RBX@@V?$shared_ptr@VSharedStringDictionary@Network@RBX@@@boost@@@2@@Z,
0x101a0790,0x159,library,?_Growmap@?$deque@V?$shared_ptr@VMarker@Network@RBX@@@boost@@V?$allocator@V?$shared_ptr@VMarker@Network@RBX@@@boost@@@std@@@std@@IAEXI@Z,
0x101a08f0,0x2b4,library,?erase@?$_Tree@V?$_Tmap_traits@V?$basic_string@DU?$char_traits@D@std@@V?$allocator@D@2@@std@@EU?$less@V?$basic_string@DU?$char_traits@D@std@@V?$allocator@D@2@@std@@@2@V?$allocator@U?$pair@$$CBV?$basic_string@DU?$char_traits@D@std@@V?$allocator@D@2@@std@@E@std@@@2@$0A@@std@@@std@@QAE?AViterator@12@V312@@Z,
0x101a0bb0,0x2b4,library,?erase@?$_Tree@V?$_Tmap_traits@EV?$basic_string@DU?$char_traits@D@std@@V?$allocator@D@2@@std@@U?$less@E@2@V?$allocator@U?$pair@$$CBEV?$basic_string@DU?$char_traits@D@std@@V?$allocator@D@2@@std@@@std@@@2@$0A@@std@@@std@@QAE?AViterator@12@V312@@Z,
0x101a0e70,0x2dc,library,?erase@?$_Tree@V?$_Tmap_traits@PBVPropertyDescriptor@Reflection@RBX@@V?$shared_ptr@VSharedStringDictionary@Network@RBX@@@boost@@U?$less@PBVPropertyDescriptor@Reflection@RBX@@@std@@V?$allocator@U?$pair@QBVPropertyDescriptor@Reflection@RBX@@V?$shared_ptr@VSharedStringDictionary@Network@RBX@@@boost@@@std@@@7@$0A@@std@@@std@@QAE?AViterator@12@V312@@Z,
0x101a1150,0x68,library,?_Erase@?$_Tree@V?$_Tmap_traits@PAVInstance@RBX@@VInstanceHandle@2@U?$less@PAVInstance@RBX@@@std@@V?$allocator@U?$pair@QAVInstance@RBX@@VInstanceHandle@2@@std@@@5@$0A@@std@@@std@@IAEXPAU_Node@?$_Tree_nod@V?$_Tmap_traits@PAVInstance@RBX@@VInstanceHandle@2@U?$less@PAVInstance@RBX@@@std@@V?$allocator@U?$pair@QAVInstance@RBX@@VInstanceHandle@2@@std@@@5@$0A@@std@@@2@@Z,
0x101a12f0,0x4c,library,??$_Destroy_range@UWaitItem@IdSerializer@Network@RBX@@V?$allocator@UWaitItem@IdSerializer@Network@RBX@@@std@@@std@@YAXPAUWaitItem@IdSerializer@Network@RBX@@0AAV?$allocator@UWaitItem@IdSerializer@Network@RBX@@@0@U_Nonscalar_ptr_iterator_tag@0@@Z,
0x101a13d0,0x34,library,??1?$set@PBVInstance@RBX@@U?$less@PBVInstance@RBX@@@std@@V?$allocator@PBVInstance@RBX@@@4@@std@@QAE@XZ,
0x101a1f90,0x1d,library,??1?$list@V?$shared_ptr@VItem@Replicator@Network@RBX@@@boost@@V?$allocator@V?$shared_ptr@VItem@Replicator@Network@RBX@@@boost@@@std@@@std@@QAE@XZ,
0x101a1fb0,0x1be,library,?insert@?$_Tree@V?$_Tmap_traits@PBVPropertyDescriptor@Reflection@RBX@@V?$shared_ptr@VSharedStringDictionary@Network@RBX@@@boost@@U?$less@PBVPropertyDescriptor@Reflection@RBX@@@std@@V?$allocator@U?$pair@QBVPropertyDescriptor@Reflection@RBX@@V?$shared_ptr@VSharedStringDictionary@Network@RBX@@@boost@@@std@@@7@$0A@@std@@@std@@QAE?AViterator@12@V312@ABU?$pair@QBVPropertyDescriptor@Reflection@RBX@@V?$shared_ptr@VSharedStringDictionary@Network@RBX@@@boost@@@2@@Z,
0x101a2170,0x89,library,?push_back@?$deque@V?$shared_ptr@VMarker@Network@RBX@@@boost@@V?$allocator@V?$shared_ptr@VMarker@Network@RBX@@@boost@@@std@@@std@@QAEXABV?$shared_ptr@VMarker@Network@RBX@@@boost@@@Z,
0x101a2200,0xcb,library,?erase@?$_Tree@V?$_Tmap_traits@PBVInstance@RBX@@UReplicationData@Replicator@Network@2@U?$less@PBVInstance@RBX@@@std@@V?$allocator@U?$pair@QBVInstance@RBX@@UReplicationData@Replicator@Network@2@@std@@@7@$0A@@std@@@std@@QAE?AViterator@12@V312@0@Z,
0x101a24b0,0x5,library,??1?$queue@V?$shared_ptr@VMarker@Network@RBX@@@boost@@V?$deque@V?$shared_ptr@VMarker@Network@RBX@@@boost@@V?$allocator@V?$shared_ptr@VMarker@Network@RBX@@@boost@@@std@@@std@@@std@@QAE@XZ,
0x101a26b0,0xfe,library,??A?$map@PBVPropertyDescriptor@Reflection@RBX@@V?$shared_ptr@VSharedStringDictionary@Network@RBX@@@boost@@U?$less@PBVPropertyDescriptor@Reflection@RBX@@@std@@V?$allocator@U?$pair@QBVPropertyDescriptor@Reflection@RBX@@V?$shared_ptr@VSharedStringDictionary@Network@RBX@@@boost@@@std@@@7@@std@@QAEAAV?$shared_ptr@VSharedStringDictionary@Network@RBX@@@boost@@ABQBVPropertyDescriptor@Reflection@RBX@@@Z,
0x101a27b0,0xcb,library,?erase@?$_Tree@V?$_Tmap_traits@V?$basic_string@DU?$char_traits@D@std@@V?$allocator@D@2@@std@@EU?$less@V?$basic_string@DU?$char_traits@D@std@@V?$allocator@D@2@@std@@@2@V?$allocator@U?$pair@$$CBV?$basic_string@DU?$char_traits@D@std@@V?$allocator@D@2@@std@@E@std@@@2@$0A@@std@@@std@@QAE?AViterator@12@V312@0@Z,
0x101a2880,0xcb,library,?erase@?$_Tree@V?$_Tmap_traits@EV?$basic_string@DU?$char_traits@D@std@@V?$allocator@D@2@@std@@U?$less@E@2@V?$allocator@U?$pair@$$CBEV?$basic_string@DU?$char_traits@D@std@@V?$allocator@D@2@@std@@@std@@@2@$0A@@std@@@std@@QAE?AViterator@12@V312@0@Z,
0x101a2950,0xcb,library,?erase@?$_Tree@V?$_Tmap_traits@PBVPropertyDescriptor@Reflection@RBX@@V?$shared_ptr@VSharedStringDictionary@Network@RBX@@@boost@@U?$less@PBVPropertyDescriptor@Reflection@RBX@@@std@@V?$allocator@U?$pair@QBVPropertyDescriptor@Reflection@RBX@@V?$shared_ptr@VSharedStringDictionary@Network@RBX@@@boost@@@std@@@7@$0A@@std@@@std@@QAE?AViterator@12@V312@0@Z,
0x101a2a20,0x1b,library,?_Destroy@?$vector@UWaitItem@IdSerializer@Network@RBX@@V?$allocator@UWaitItem@IdSerializer@Network@RBX@@@std@@@std@@IAEXPAUWaitItem@IdSerializer@Network@RBX@@0@Z,
0x101a2e10,0x3f,library,??1?$vector@UWaitItem@IdSerializer@Network@RBX@@V?$allocator@UWaitItem@IdSerializer@Network@RBX@@@std@@@std@@QAE@XZ,
0x101a3100,0x34,library,??1?$map@PBVInstance@RBX@@UReplicationData@Replicator@Network@2@U?$less@PBVInstance@RBX@@@std@@V?$allocator@U?$pair@QBVInstance@RBX@@UReplicationData@Replicator@Network@2@@std@@@7@@std@@QAE@XZ,
0x101a3710,0x34,library,??1?$map@V?$basic_string@DU?$char_traits@D@std@@V?$allocator@D@2@@std@@EU?$less@V?$basic_string@DU?$char_traits@D@std@@V?$allocator@D@2@@std@@@2@V?$allocator@U?$pair@$$CBV?$basic_string@DU?$char_traits@D@std@@V?$allocator@D@2@@std@@E@std@@@2@@std@@QAE@XZ,
0x101a37e0,0x34,library,??1?$map@PBVPropertyDescriptor@Reflection@RBX@@V?$shared_ptr@VSharedStringDictionary@Network@RBX@@@boost@@U?$less@PBVPropertyDescriptor@Reflection@RBX@@@std@@V?$allocator@U?$pair@QBVPropertyDescriptor@Reflection@RBX@@V?$shared_ptr@VSharedStringDictionary@Network@RBX@@@boost@@@std@@@7@@std@@QAE@XZ,
0x101a3950,0x40,library,??1?$pair@$$CBUData@Guid@RBX@@V?$vector@UWaitItem@IdSerializer@Network@RBX@@V?$allocator@UWaitItem@IdSerializer@Network@RBX@@@std@@@std@@@std@@QAE@XZ,
0x101a6860,0x2e1,library,?erase@?$_Tree@V?$_Tmap_traits@UData@Guid@RBX@@V?$vector@UWaitItem@IdSerializer@Network@RBX@@V?$allocator@UWaitItem@IdSerializer@Network@RBX@@@std@@@std@@U?$less@UData@Guid@RBX@@@5@V?$allocator@U?$pair@$$CBUData@Guid@RBX@@V?$vector@UWaitItem@IdSerializer@Network@RBX@@V?$allocator@UWaitItem@IdSerializer@Network@RBX@@@std@@@std@@@std@@@5@$0A@@std@@@std@@QAE?AViterator@12@V312@@Z,
0x101a6b50,0x6a,library,?_Erase@?$_Tree@V?$_Tmap_traits@UData@Guid@RBX@@V?$vector@UWaitItem@IdSerializer@Network@RBX@@V?$allocator@UWaitItem@IdSerializer@Network@RBX@@@std@@@std@@U?$less@UData@Guid@RBX@@@5@V?$allocator@U?$pair@$$CBUData@Guid@RBX@@V?$vector@UWaitItem@IdSerializer@Network@RBX@@V?$allocator@UWaitItem@IdSerializer@Network@RBX@@@std@@@std@@@std@@@5@$0A@@std@@@std@@IAEXPAU_Node@?$_Tree_nod@V?$_Tmap_traits@UData@Guid@RBX@@V?$vector@UWaitItem@IdSerializer@Network@RBX@@V?$allocator@UWaitItem@IdSerializer@Network@RBX@@@std@@@std@@U?$less@UData@Guid@RBX@@@5@V?$allocator@U?$pair@$$CBUData@Guid@RBX@@V?$vector@UWaitItem@IdSerializer@Network@RBX@@V?$allocator@UWaitItem@IdSerializer@Network@RBX@@@std@@@std@@@std@@@5@$0A@@std@@@2@@Z,
0x101a9700,0xcb,library,?erase@?$_Tree@V?$_Tmap_traits@UData@Guid@RBX@@V?$vector@UWaitItem@IdSerializer@Network@RBX@@V?$allocator@UWaitItem@IdSerializer@Network@RBX@@@std@@@std@@U?$less@UData@Guid@RBX@@@5@V?$allocator@U?$pair@$$CBUData@Guid@RBX@@V?$vector@UWaitItem@IdSerializer@Network@RBX@@V?$allocator@UWaitItem@IdSerializer@Network@RBX@@@std@@@std@@@std@@@5@$0A@@std@@@std@@QAE?AViterator@12@V312@0@Z,
0x101ab580,0x1e,library,?size@?$vector@UWaitItem@IdSerializer@Network@RBX@@V?$allocator@UWaitItem@IdSerializer@Network@RBX@@@std@@@std@@QBEIXZ,
0x101ab5a0,0x5c,library,??$_Allocate@UWaitItem@IdSerializer@Network@RBX@@@std@@YAPAUWaitItem@IdSerializer@Network@RBX@@IPAU1234@@Z,
0x101ab770,0x59,library,??$?5V?$basic_string@DU?$char_traits@D@std@@V?$allocator@D@2@@std@@@Network@RBX@@YAAAVBitStream@RakNet@@AAV23@AAV?$basic_string@DU?$char_traits@D@std@@V?$allocator@D@2@@std@@@Z,
0x101abef0,0x39,library,?_Lbound@?$_Tree@V?$_Tmap_traits@UData@Guid@RBX@@V?$vector@UWaitItem@IdSerializer@Network@RBX@@V?$allocator@UWaitItem@IdSerializer@Network@RBX@@@std@@@std@@U?$less@UData@Guid@RBX@@@5@V?$allocator@U?$pair@$$CBUData@Guid@RBX@@V?$vector@UWaitItem@IdSerializer@Network@RBX@@V?$allocator@UWaitItem@IdSerializer@Network@RBX@@@std@@@std@@@std@@@5@$0A@@std@@@std@@IBEPAU_Node@?$_Tree_nod@V?$_Tmap_traits@UData@Guid@RBX@@V?$vector@UWaitItem@IdSerializer@Network@RBX@@V?$allocator@UWaitItem@IdSerializer@Network@RBX@@@std@@@std@@U?$less@UData@Guid@RBX@@@5@V?$allocator@U?$pair@$$CBUData@Guid@RBX@@V?$vector@UWaitItem@IdSerializer@Network@RBX@@V?$allocator@UWaitItem@IdSerializer@Network@RBX@@@std@@@std@@@std@@@5@$0A@@std@@@2@ABUData@Guid@RBX@@@Z,
0x101abf30,0x46,library,?_Ubound@?$_Tree@V?$_Tmap_traits@V?$basic_string@DU?$char_traits@D@std@@V?$allocator@D@2@@std@@EU?$less@V?$basic_string@DU?$char_traits@D@std@@V?$allocator@D@2@@std@@@2@V?$allocator@U?$pair@$$CBV?$basic_string@DU?$char_traits@D@std@@V?$allocator@D@2@@std@@E@std@@@2@$0A@@std@@@std@@IBEPAU_Node@?$_Tree_nod@V?$_Tmap_traits@V?$basic_string@DU?$char_traits@D@std@@V?$allocator@D@2@@std@@EU?$less@V?$basic_string@DU?$char_traits@D@std@@V?$allocator@D@2@@std@@@2@V?$allocator@U?$pair@$$CBV?$basic_string@DU?$char_traits@D@std@@V?$allocator@D@2@@std@@E@std@@@2@$0A@@std@@@2@ABV?$basic_string@DU?$char_traits@D@std@@V?$allocator@D@2@@2@@Z,
0x101abf80,0x85,library,??$_Copy_backward_opt@PAUWaitItem@IdSerializer@Network@RBX@@PAU1234@Uforward_iterator_tag@std@@@std@@YAPAUWaitItem@IdSerializer@Network@RBX@@PAU1234@00Uforward_iterator_tag@0@U_Nonscalar_ptr_iterator_tag@0@U_Range_checked_iterator_tag@0@@Z,
0x101ac070,0xa8,library,?_Buynode@?$_Tree@V?$_Tmap_traits@V?$basic_string@DU?$char_traits@D@std@@V?$allocator@D@2@@std@@EU?$less@V?$basic_string@DU?$char_traits@D@std@@V?$allocator@D@2@@std@@@2@V?$allocator@U?$pair@$$CBV?$basic_string@DU?$char_traits@D@std@@V?$allocator@D@2@@std@@E@std@@@2@$0A@@std@@@std@@IAEPAU_Node@?$_Tree_nod@V?$_Tmap_traits@V?$basic_string@DU?$char_traits@D@std@@V?$allocator@D@2@@std@@EU?$less@V?$basic_string@DU?$char_traits@D@std@@V?$allocator@D@2@@std@@@2@V?$allocator@U?$pair@$$CBV?$basic_string@DU?$char_traits@D@std@@V?$allocator@D@2@@std@@E@std@@@2@$0A@@std@@@2@PAU342@00ABU?$pair@$$CBV?$basic_string@DU?$char_traits@D@std@@V?$allocator@D@2@@std@@E@2@D@Z,
0x101ac120,0xa8,library,?_Buynode@?$_Tree@V?$_Tmap_traits@EV?$basic_string@DU?$char_traits@D@std@@V?$allocator@D@2@@std@@U?$less@E@2@V?$allocator@U?$pair@$$CBEV?$basic_string@DU?$char_traits@D@std@@V?$allocator@D@2@@std@@@std@@@2@$0A@@std@@@std@@IAEPAU_Node@?$_Tree_nod@V?$_Tmap_traits@EV?$basic_string@DU?$char_traits@D@std@@V?$allocator@D@2@@std@@U?$less@E@2@V?$allocator@U?$pair@$$CBEV?$basic_string@DU?$char_traits@D@std@@V?$allocator@D@2@@std@@@std@@@2@$0A@@std@@@2@PAU342@00ABU?$pair@$$CBEV?$basic_string@DU?$char_traits@D@std@@V?$allocator@D@2@@std@@@2@D@Z,
0x101ac1d0,0x3d,library,??$_Distance2@Viterator@?$_Tree@V?$_Tmap_traits@V?$basic_string@DU?$char_traits@D@std@@V?$allocator@D@2@@std@@EU?$less@V?$basic_string@DU?$char_traits@D@std@@V?$allocator@D@2@@std@@@2@V?$allocator@U?$pair@$$CBV?$basic_string@DU?$char_traits@D@std@@V?$allocator@D@2@@std@@E@std@@@2@$0A@@std@@@std@@I@std@@YAXViterator@?$_Tree@V?$_Tmap_traits@V?$basic_string@DU?$char_traits@D@std@@V?$allocator@D@2@@std@@EU?$less@V?$basic_string@DU?$char_traits@D@std@@V?$allocator@D@2@@std@@@2@V?$allocator@U?$pair@$$CBV?$basic_string@DU?$char_traits@D@std@@V?$allocator@D@2@@std@@E@std@@@2@$0A@@std@@@0@0AAIUbidirectional_iterator_tag@0@@Z,
0x101ac210,0x7a,library,??$_Fill@PAUWaitItem@IdSerializer@Network@RBX@@U1234@@std@@YAXPAUWaitItem@IdSerializer@Network@RBX@@0ABU1234@@Z,
0x101ac290,0x5c,library,??$_Copy_backward_opt@PAUWaitItem@IdSerializer@Network@RBX@@PAU1234@@std@@YAPAUWaitItem@IdSerializer@Network@RBX@@PAU1234@00Urandom_access_iterator_tag@0@U_Nonscalar_ptr_iterator_tag@0@U_Range_checked_iterator_tag@0@@Z,
0x101ac2f0,0x1ed,library,?_Insert@?$_Tree@V?$_Tmap_traits@V?$basic_string@DU?$char_traits@D@std@@V?$allocator@D@2@@std@@EU?$less@V?$basic_string@DU?$char_traits@D@std@@V?$allocator@D@2@@std@@@2@V?$allocator@U?$pair@$$CBV?$basic_string@DU?$char_traits@D@std@@V?$allocator@D@2@@std@@E@std@@@2@$0A@@std@@@std@@IAE?AViterator@12@_NPAU_Node@?$_Tree_nod@V?$_Tmap_traits@V?$basic_string@DU?$char_traits@D@std@@V?$allocator@D@2@@std@@EU?$less@V?$basic_string@DU?$char_traits@D@std@@V?$allocator@D@2@@std@@@2@V?$allocator@U?$pair@$$CBV?$basic_string@DU?$char_traits@D@std@@V?$allocator@D@2@@std@@E@std@@@2@$0A@@std@@@2@ABU?$pair@$$CBV?$basic_string@DU?$char_traits@D@std@@V?$allocator@D@2@@std@@E@2@@Z,
0x101ac4e0,0x1ed,library,?_Insert@?$_Tree@V?$_Tmap_traits@EV?$basic_string@DU?$char_traits@D@std@@V?$allocator@D@2@@std@@U?$less@E@2@V?$allocator@U?$pair@$$CBEV?$basic_string@DU?$char_traits@D@std@@V?$allocator@D@2@@std@@@std@@@2@$0A@@std@@@std@@IAE?AViterator@12@_NPAU_Node@?$_Tree_nod@V?$_Tmap_traits@EV?$basic_string@DU?$char_traits@D@std@@V?$allocator@D@2@@std@@U?$less@E@2@V?$allocator@U?$pair@$$CBEV?$basic_string@DU?$char_traits@D@std@@V?$allocator@D@2@@std@@@std@@@2@$0A@@std@@@2@ABU?$pair@$$CBEV?$basic_string@DU?$char_traits@D@std@@V?$allocator@D@2@@std@@@2@@Z,
0x101ac6d0,0x43,library,??$_Uninit_copy@PAUWaitItem@IdSerializer@Network@RBX@@PAU1234@V?$allocator@UWaitItem@IdSerializer@Network@RBX@@@std@@@std@@YAPAUWaitItem@IdSerializer@Network@RBX@@PAU1234@00AAV?$allocator@UWaitItem@IdSerializer@Network@RBX@@@0@U_Nonscalar_ptr_iterator_tag@0@U_Range_checked_iterator_tag@0@@Z,
0x101ac790,0xf3,library,?insert@?$_Tree@V?$_Tmap_traits@V?$basic_string@DU?$char_traits@D@std@@V?$allocator@D@2@@std@@EU?$less@V?$basic_string@DU?$char_traits@D@std@@V?$allocator@D@2@@std@@@2@V?$allocator@U?$pair@$$CBV?$basic_string@DU?$char_traits@D@std@@V?$allocator@D@2@@std@@E@std@@@2@$0A@@std@@@std@@QAE?AU?$pair@Viterator@?$_Tree@V?$_Tmap_traits@V?$basic_string@DU?$char_traits@D@std@@V?$allocator@D@2@@std@@EU?$less@V?$basic_string@DU?$char_traits@D@std@@V?$allocator@D@2@@std@@@2@V?$allocator@U?$pair@$$CBV?$basic_string@DU?$char_traits@D@std@@V?$allocator@D@2@@std@@E@std@@@2@$0A@@std@@@std@@_N@2@ABU?$pair@$$CBV?$basic_string@DU?$char_traits@D@std@@V?$allocator@D@2@@std@@E@2@@Z,
0x101ac890,0x66,library,?find@?$_Tree@V?$_Tmap_traits@UData@Guid@RBX@@V?$vector@UWaitItem@IdSerializer@Network@RBX@@V?$allocator@UWaitItem@IdSerializer@Network@RBX@@@std@@@std@@U?$less@UData@Guid@RBX@@@5@V?$allocator@U?$pair@$$CBUData@Guid@RBX@@V?$vector@UWaitItem@IdSerializer@Network@RBX@@V?$allocator@UWaitItem@IdSerializer@Network@RBX@@@std@@@std@@@std@@@5@$0A@@std@@@std@@QAE?AViterator@12@ABUData@Guid@RBX@@@Z,
0x101ac900,0xb9,library,?insert@?$_Tree@V?$_Tmap_traits@EV?$basic_string@DU?$char_traits@D@std@@V?$allocator@D@2@@std@@U?$less@E@2@V?$allocator@U?$pair@$$CBEV?$basic_string@DU?$char_traits@D@std@@V?$allocator@D@2@@std@@@std@@@2@$0A@@std@@@std@@QAE?AU?$pair@Viterator@?$_Tree@V?$_Tmap_traits@EV?$basic_string@DU?$char_traits@D@std@@V?$allocator@D@2@@std@@U?$less@E@2@V?$allocator@U?$pair@$$CBEV?$basic_string@DU?$char_traits@D@std@@V?$allocator@D@2@@std@@@std@@@2@$0A@@std@@@std@@_N@2@ABU?$pair@$$CBEV?$basic_string@DU?$char_traits@D@std@@V?$allocator@D@2@@std@@@2@@Z,
0x101ac9c0,0x34,library,??$for_each@V?$_Vector_iterator@UWaitItem@IdSerializer@Network@RBX@@V?$allocator@UWaitItem@IdSerializer@Network@RBX@@@std@@@std@@V?$bind_t@XP6AXAAUWaitItem@IdSerializer@Network@RBX@@PAVInstance@4@@ZV?$list2@V?$arg@$00@boost@@V?$value@PAVInstance@RBX@@@_bi@2@@_bi@boost@@@_bi@boost@@@std@@YA?AV?$bind_t@XP6AXAAUWaitItem@IdSerializer@Network@RBX@@PAVInstance@4@@ZV?$list2@V?$arg@$00@boost@@V?$value@PAVInstance@RBX@@@_bi@2@@_bi@boost@@@_bi@boost@@V?$_Vector_iterator@UWaitItem@IdSerializer@Network@RBX@@V?$allocator@UWaitItem@IdSerializer@Network@RBX@@@std@@@0@0V123@@Z,
0x101aca00,0x2b,library,??$_Unchecked_move_backward@PAUWaitItem@IdSerializer@Network@RBX@@PAU1234@@stdext@@YAPAUWaitItem@IdSerializer@Network@RBX@@PAU1234@00@Z,
0x101aca30,0x43,library,??$_Uninit_fill_n@PAUWaitItem@IdSerializer@Network@RBX@@IU1234@V?$allocator@UWaitItem@IdSerializer@Network@RBX@@@std@@@std@@YAXPAUWaitItem@IdSerializer@Network@RBX@@IABU1234@AAV?$allocator@UWaitItem@IdSerializer@Network@RBX@@@0@U_Nonscalar_ptr_iterator_tag@0@U_Range_checked_iterator_tag@0@@Z,
0x101acb30,0x1be,library,?insert@?$_Tree@V?$_Tmap_traits@EV?$basic_string@DU?$char_traits@D@std@@V?$allocator@D@2@@std@@U?$less@E@2@V?$allocator@U?$pair@$$CBEV?$basic_string@DU?$char_traits@D@std@@V?$allocator@D@2@@std@@@std@@@2@$0A@@std@@@std@@QAE?AViterator@12@V312@ABU?$pair@$$CBEV?$basic_string@DU?$char_traits@D@std@@V?$allocator@D@2@@std@@@2@@Z,
0x101accf0,0xeb,library,??A?$map@EV?$basic_string@DU?$char_traits@D@std@@V?$allocator@D@2@@std@@U?$less@E@2@V?$allocator@U?$pair@$$CBEV?$basic_string@DU?$char_traits@D@std@@V?$allocator@D@2@@std@@@std@@@2@@std@@QAEAAV?$basic_string@DU?$char_traits@D@std@@V?$allocator@D@2@@1@ABE@Z,
0x101acde0,0x36,library,?_Ufill@?$vector@UWaitItem@IdSerializer@Network@RBX@@V?$allocator@UWaitItem@IdSerializer@Network@RBX@@@std@@@std@@IAEPAUWaitItem@IdSerializer@Network@RBX@@PAU3456@IABU3456@@Z,
0x101aceb0,0x6d,library,?erase@?$_Tree@V?$_Tmap_traits@V?$basic_string@DU?$char_traits@D@std@@V?$allocator@D@2@@std@@EU?$less@V?$basic_string@DU?$char_traits@D@std@@V?$allocator@D@2@@std@@@2@V?$allocator@U?$pair@$$CBV?$basic_string@DU?$char_traits@D@std@@V?$allocator@D@2@@std@@E@std@@@2@$0A@@std@@@std@@QAEIABV?$basic_string@DU?$char_traits@D@std@@V?$allocator@D@2@@2@@Z,
0x101acf20,0x29,library,??$_Umove@PAUWaitItem@IdSerializer@Network@RBX@@@?$vector@UWaitItem@IdSerializer@Network@RBX@@V?$allocator@UWaitItem@IdSerializer@Network@RBX@@@std@@@std@@IAEPAUWaitItem@IdSerializer@Network@RBX@@PAU2345@00@Z,
0x101ad1f0,0xf9,library,??0?$vector@UWaitItem@IdSerializer@Network@RBX@@V?$allocator@UWaitItem@IdSerializer@Network@RBX@@@std@@@std@@QAE@ABV01@@Z,
0x101ad2f0,0x32b,library,?_Insert_n@?$vector@UWaitItem@IdSerializer@Network@RBX@@V?$allocator@UWaitItem@IdSerializer@Network@RBX@@@std@@@std@@IAEXV?$_Vector_iterator@UWaitItem@IdSerializer@Network@RBX@@V?$allocator@UWaitItem@IdSerializer@Network@RBX@@@std@@@2@IABUWaitItem@IdSerializer@Network@RBX@@@Z,
0x101ad6d0,0xac,library,?insert@?$vector@UWaitItem@IdSerializer@Network@RBX@@V?$allocator@UWaitItem@IdSerializer@Network@RBX@@@std@@@std@@QAE?AV?$_Vector_iterator@UWaitItem@IdSerializer@Network@RBX@@V?$allocator@UWaitItem@IdSerializer@Network@RBX@@@std@@@2@V32@ABUWaitItem@IdSerializer@Network@RBX@@@Z,
0x101ad780,0x9f,library,?push_back@?$vector@UWaitItem@IdSerializer@Network@RBX@@V?$allocator@UWaitItem@IdSerializer@Network@RBX@@@std@@@std@@QAEXABUWaitItem@IdSerializer@Network@RBX@@@Z,
0x101ad820,0xad,library,?_Buynode@?$_Tree@V?$_Tmap_traits@UData@Guid@RBX@@V?$vector@UWaitItem@IdSerializer@Network@RBX@@V?$allocator@UWaitItem@IdSerializer@Network@RBX@@@std@@@std@@U?$less@UData@Guid@RBX@@@5@V?$allocator@U?$pair@$$CBUData@Guid@RBX@@V?$vector@UWaitItem@IdSerializer@Network@RBX@@V?$allocator@UWaitItem@IdSerializer@Network@RBX@@@std@@@std@@@std@@@5@$0A@@std@@@std@@IAEPAU_Node@?$_Tree_nod@V?$_Tmap_traits@UData@Guid@RBX@@V?$vector@UWaitItem@IdSerializer@Network@RBX@@V?$allocator@UWaitItem@IdSerializer@Network@RBX@@@std@@@std@@U?$less@UData@Guid@RBX@@@5@V?$allocator@U?$pair@$$CBUData@Guid@RBX@@V?$vector@UWaitItem@IdSerializer@Network@RBX@@V?$allocator@UWaitItem@IdSerializer@Network@RBX@@@std@@@std@@@std@@@5@$0A@@std@@@2@PAU342@00ABU?$pair@$$CBUData@Guid@RBX@@V?$vector@UWaitItem@IdSerializer@Network@RBX@@V?$allocator@UWaitItem@IdSerializer@Network@RBX@@@std@@@std@@@2@D@Z,
0x101ad8d0,0x1ed,library,?_Insert@?$_Tree@V?$_Tmap_traits@UData@Guid@RBX@@V?$vector@UWaitItem@IdSerializer@Network@RBX@@V?$allocator@UWaitItem@IdSerializer@Network@RBX@@@std@@@std@@U?$less@UData@Guid@RBX@@@5@V?$allocator@U?$pair@$$CBUData@Guid@RBX@@V?$vector@UWaitItem@IdSerializer@Network@RBX@@V?$allocator@UWaitItem@IdSerializer@Network@RBX@@@std@@@std@@@std@@@5@$0A@@std@@@std@@IAE?AViterator@12@_NPAU_Node@?$_Tree_nod@V?$_Tmap_traits@UData@Guid@RBX@@V?$vector@UWaitItem@IdSerializer@Network@RBX@@V?$allocator@UWaitItem@IdSerializer@Network@RBX@@@std@@@std@@U?$less@UData@Guid@RBX@@@5@V?$allocator@U?$pair@$$CBUData@Guid@RBX@@V?$vector@UWaitItem@IdSerializer@Network@RBX@@V?$allocator@UWaitItem@IdSerializer@Network@RBX@@@std@@@std@@@std@@@5@$0A@@std@@@2@ABU?$pair@$$CBUData@Guid@RBX@@V?$vector@UWaitItem@IdSerializer@Network@RBX@@V?$allocator@UWaitItem@IdSerializer@Network@RBX@@@std@@@std@@@2@@Z,
0x101adbf0,0xeb,library,?insert@?$_Tree@V?$_Tmap_traits@UData@Guid@RBX@@V?$vector@UWaitItem@IdSerializer@Network@RBX@@V?$allocator@UWaitItem@IdSerializer@Network@RBX@@@std@@@std@@U?$less@UData@Guid@RBX@@@5@V?$allocator@U?$pair@$$CBUData@Guid@RBX@@V?$vector@UWaitItem@IdSerializer@Network@RBX@@V?$allocator@UWaitItem@IdSerializer@Network@RBX@@@std@@@std@@@std@@@5@$0A@@std@@@std@@QAE?AU?$pair@Viterator@?$_Tree@V?$_Tmap_traits@UData@Guid@RBX@@V?$vector@UWaitItem@IdSerializer@Network@RBX@@V?$allocator@UWaitItem@IdSerializer@Network@RBX@@@std@@@std@@U?$less@UData@Guid@RBX@@@5@V?$allocator@U?$pair@$$CBUData@Guid@RBX@@V?$vector@UWaitItem@IdSerializer@Network@RBX@@V?$allocator@UWaitItem@IdSerializer@Network@RBX@@@std@@@std@@@std@@@5@$0A@@std@@@std@@_N@2@ABU?$pair@$$CBUData@Guid@RBX@@V?$vector@UWaitItem@IdSerializer@Network@RBX@@V?$allocator@UWaitItem@IdSerializer@Network@RBX@@@std@@@std@@@2@@Z,
0x101add70,0x1f2,library,?insert@?$_Tree@V?$_Tmap_traits@UData@Guid@RBX@@V?$vector@UWaitItem@IdSerializer@Network@RBX@@V?$allocator@UWaitItem@IdSerializer@Network@RBX@@@std@@@std@@U?$less@UData@Guid@RBX@@@5@V?$allocator@U?$pair@$$CBUData@Guid@RBX@@V?$vector@UWaitItem@IdSerializer@Network@RBX@@V?$allocator@UWaitItem@IdSerializer@Network@RBX@@@std@@@std@@@std@@@5@$0A@@std@@@std@@QAE?AViterator@12@V312@ABU?$pair@$$CBUData@Guid@RBX@@V?$vector@UWaitItem@IdSerializer@Network@RBX@@V?$allocator@UWaitItem@IdSerializer@Network@RBX@@@std@@@std@@@2@@Z,
0x101ae030,0x138,library,??A?$map@UData@Guid@RBX@@V?$vector@UWaitItem@IdSerializer@Network@RBX@@V?$allocator@UWaitItem@IdSerializer@Network@RBX@@@std@@@std@@U?$less@UData@Guid@RBX@@@5@V?$allocator@U?$pair@$$CBUData@Guid@RBX@@V?$vector@UWaitItem@IdSerializer@Network@RBX@@V?$allocator@UWaitItem@IdSerializer@Network@RBX@@@std@@@std@@@std@@@5@@std@@QAEAAV?$vector@UWaitItem@IdSerializer@Network@RBX@@V?$allocator@UWaitItem@IdSerializer@Network@RBX@@@std@@@1@ABUData@Guid@RBX@@@Z,
0x101e6176,0x5,library,??4_Init_locks@std@@QAEAAV01@ABV01@@Z,
0x101e7d30,0x1a,library,?_Buynode@?$list@P6AXXZV?$allocator@P6AXXZ@std@@@std@@IAEPAU_Node@?$_List_nod@P6AXXZV?$allocator@P6AXXZ@std@@@2@XZ,
0x101e7de0,0x60,library,?erase@?$list@P6AXXZV?$allocator@P6AXXZ@std@@@std@@QAE?AV?$_Iterator@$00@12@V312@@Z,
0x101e9170,0x1c,library,?_Max@?$_Tree@V?$_Tmap_traits@UData@Guid@RBX@@V?$vector@UWaitItem@IdSerializer@Network@RBX@@V?$allocator@UWaitItem@IdSerializer@Network@RBX@@@std@@@std@@U?$less@UData@Guid@RBX@@@5@V?$allocator@U?$pair@$$CBUData@Guid@RBX@@V?$vector@UWaitItem@IdSerializer@Network@RBX@@V?$allocator@UWaitItem@IdSerializer@Network@RBX@@@std@@@std@@@std@@@5@$0A@@std@@@std@@KAPAU_Node@?$_Tree_nod@V?$_Tmap_traits@UData@Guid@RBX@@V?$vector@UWaitItem@IdSerializer@Network@RBX@@V?$allocator@UWaitItem@IdSerializer@Network@RBX@@@std@@@std@@U?$less@UData@Guid@RBX@@@5@V?$allocator@U?$pair@$$CBUData@Guid@RBX@@V?$vector@UWaitItem@IdSerializer@Network@RBX@@V?$allocator@UWaitItem@IdSerializer@Network@RBX@@@std@@@std@@@std@@@5@$0A@@std@@@2@PAU342@@Z,
0x101ea370,0x41,library,?_Buynode@?$list@UIDREFBinding@ArchiveBinder@@V?$allocator@UIDREFBinding@ArchiveBinder@@@std@@@std@@IAEPAU_Node@?$_List_nod@UIDREFBinding@ArchiveBinder@@V?$allocator@UIDREFBinding@ArchiveBinder@@@std@@@2@PAU342@0ABUIDREFBinding@ArchiveBinder@@@Z,
0x101ea980,0x84,library,?_Dec@const_iterator@?$_Tree@V?$_Tmap_traits@UData@Guid@RBX@@V?$vector@UWaitItem@IdSerializer@Network@RBX@@V?$allocator@UWaitItem@IdSerializer@Network@RBX@@@std@@@std@@U?$less@UData@Guid@RBX@@@5@V?$allocator@U?$pair@$$CBUData@Guid@RBX@@V?$vector@UWaitItem@IdSerializer@Network@RBX@@V?$allocator@UWaitItem@IdSerializer@Network@RBX@@@std@@@std@@@std@@@5@$0A@@std@@@std@@QAEXXZ,
0x101eaa70,0x28,library,??F?$_Iterator@$00@?$list@UMessage@AbuseReport@Network@RBX@@V?$allocator@UMessage@AbuseReport@Network@RBX@@@std@@@std@@QAEAAV012@XZ,
0x101eabe0,0x37,library,?_Buynode@?$_Tree@V?$_Tmap_traits@UData@Guid@RBX@@V?$vector@UWaitItem@IdSerializer@Network@RBX@@V?$allocator@UWaitItem@IdSerializer@Network@RBX@@@std@@@std@@U?$less@UData@Guid@RBX@@@5@V?$allocator@U?$pair@$$CBUData@Guid@RBX@@V?$vector@UWaitItem@IdSerializer@Network@RBX@@V?$allocator@UWaitItem@IdSerializer@Network@RBX@@@std@@@std@@@std@@@5@$0A@@std@@@std@@IAEPAU_Node@?$_Tree_nod@V?$_Tmap_traits@UData@Guid@RBX@@V?$vector@UWaitItem@IdSerializer@Network@RBX@@V?$allocator@UWaitItem@IdSerializer@Network@RBX@@@std@@@std@@U?$less@UData@Guid@RBX@@@5@V?$allocator@U?$pair@$$CBUData@Guid@RBX@@V?$vector@UWaitItem@IdSerializer@Network@RBX@@V?$allocator@UWaitItem@IdSerializer@Network@RBX@@@std@@@std@@@std@@@5@$0A@@std@@@2@XZ,
0x101f2720,0x60,library,?_Xlen@?$vector@PAVChunk@Render@RBX@@V?$allocator@PAVChunk@Render@RBX@@@std@@@std@@KAXXZ,
0x101f2780,0x1b,library,?_Min@?$_Tree@V?$_Tmap_traits@VVector3@G3D@@PAVBlockTemplate@RBX@@UmyLess@4@V?$allocator@U?$pair@$$CBVVector3@G3D@@PAVBlockTemplate@RBX@@@std@@@std@@$0A@@std@@@std@@KAPAU_Node@?$_Tree_nod@V?$_Tmap_traits@VVector3@G3D@@PAVBlockTemplate@RBX@@UmyLess@4@V?$allocator@U?$pair@$$CBVVector3@G3D@@PAVBlockTemplate@RBX@@@std@@@std@@$0A@@std@@@2@PAU342@@Z,
0x101f27a0,0x84,library,?_Dec@const_iterator@?$_Tree@V?$_Tmap_traits@VVector3@G3D@@PAVBlockTemplate@RBX@@UmyLess@4@V?$allocator@U?$pair@$$CBVVector3@G3D@@PAVBlockTemplate@RBX@@@std@@@std@@$0A@@std@@@std@@QAEXXZ,
0x101f2830,0x83,library,??$_Fill@PAV?$ReferenceCountedPointer@VChunk@Render@RBX@@@G3D@@V12@@std@@YAXPAV?$ReferenceCountedPointer@VChunk@Render@RBX@@@G3D@@0ABV12@@Z,
0x101f28c0,0x8e,library,??$_Copy_opt@PAV?$ReferenceCountedPointer@VChunk@Render@RBX@@@G3D@@PAV12@Uforward_iterator_tag@std@@@std@@YAPAV?$ReferenceCountedPointer@VChunk@Render@RBX@@@G3D@@PAV12@00Uforward_iterator_tag@0@U_Nonscalar_ptr_iterator_tag@0@U_Range_checked_iterator_tag@0@@Z,
0x101f2950,0x93,library,??$_Copy_backward_opt@PAV?$ReferenceCountedPointer@VChunk@Render@RBX@@@G3D@@PAV12@Uforward_iterator_tag@std@@@std@@YAPAV?$ReferenceCountedPointer@VChunk@Render@RBX@@@G3D@@PAV12@00Uforward_iterator_tag@0@U_Nonscalar_ptr_iterator_tag@0@U_Range_checked_iterator_tag@0@@Z,
0x101f2a90,0x69,library,?_Lbound@?$_Tree@V?$_Tmap_traits@UBucketKey@AggregatingSceneManager@Render@RBX@@V?$ReferenceCountedPointer@VBucket@AggregatingSceneManager@Render@RBX@@@G3D@@U?$less@UBucketKey@AggregatingSceneManager@Render@RBX@@@std@@V?$allocator@U?$pair@$$CBUBucketKey@AggregatingSceneManager@Render@RBX@@V?$ReferenceCountedPointer@VBucket@AggregatingSceneManager@Render@RBX@@@G3D@@@std@@@8@$0A@@std@@@std@@IBEPAU_Node@?$_Tree_nod@V?$_Tmap_traits@UBucketKey@AggregatingSceneManager@Render@RBX@@V?$ReferenceCountedPointer@VBucket@AggregatingSceneManager@Render@RBX@@@G3D@@U?$less@UBucketKey@AggregatingSceneManager@Render@RBX@@@std@@V?$allocator@U?$pair@$$CBUBucketKey@AggregatingSceneManager@Render@RBX@@V?$ReferenceCountedPointer@VBucket@AggregatingSceneManager@Render@RBX@@@G3D@@@std@@@8@$0A@@std@@@2@ABUBucketKey@AggregatingSceneManager@Render@RBX@@@Z,
0x101f2b00,0x6c,library,?_Inc@const_iterator@?$_Tree@V?$_Tmap_traits@VVector3@G3D@@PAVBlockTemplate@RBX@@UmyLess@4@V?$allocator@U?$pair@$$CBVVector3@G3D@@PAVBlockTemplate@RBX@@@std@@@std@@$0A@@std@@@std@@QAEXXZ,
0x101f2c10,0xaf,library,??1?$pair@$$CBUBucketKey@AggregatingSceneManager@Render@RBX@@V?$ReferenceCountedPointer@VBucket@AggregatingSceneManager@Render@RBX@@@G3D@@@std@@QAE@XZ,
0x101f2ce0,0x80,library,??0?$pair@$$CBUBucketKey@AggregatingSceneManager@Render@RBX@@V?$ReferenceCountedPointer@VBucket@AggregatingSceneManager@Render@RBX@@@G3D@@@std@@QAE@ABUBucketKey@AggregatingSceneManager@Render@RBX@@ABV?$ReferenceCountedPointer@VBucket@AggregatingSceneManager@Render@RBX@@@G3D@@@Z,
0x101f2d60,0x37,library,?_Buynode@?$_Tree@V?$_Tmap_traits@VVector3@G3D@@PAVBlockTemplate@RBX@@UmyLess@4@V?$allocator@U?$pair@$$CBVVector3@G3D@@PAVBlockTemplate@RBX@@@std@@@std@@$0A@@std@@@std@@IAEPAU_Node@?$_Tree_nod@V?$_Tmap_traits@VVector3@G3D@@PAVBlockTemplate@RBX@@UmyLess@4@V?$allocator@U?$pair@$$CBVVector3@G3D@@PAVBlockTemplate@RBX@@@std@@@std@@$0A@@std@@@2@XZ,
0x101f2e30,0x7f,library,??0?$pair@$$CBUBucketKey@AggregatingSceneManager@Render@RBX@@V?$ReferenceCountedPointer@VBucket@AggregatingSceneManager@Render@RBX@@@G3D@@@std@@QAE@ABU01@@Z,
0x101f2eb0,0x7a,library,??$_Uninit_copy@PAV?$ReferenceCountedPointer@VChunk@Render@RBX@@@G3D@@PAV12@V?$allocator@V?$ReferenceCountedPointer@VChunk@Render@RBX@@@G3D@@@std@@@std@@YAPAV?$ReferenceCountedPointer@VChunk@Render@RBX@@@G3D@@PAV12@00AAV?$allocator@V?$ReferenceCountedPointer@VChunk@Render@RBX@@@G3D@@@0@U_Nonscalar_ptr_iterator_tag@0@U_Range_checked_iterator_tag@0@@Z,
0x101f2f30,0x2a,library,?end@?$vector@PAVInstance@RBX@@V?$allocator@PAVInstance@RBX@@@std@@@std@@QAE?AV?$_Vector_iterator@PAVInstance@RBX@@V?$allocator@PAVInstance@RBX@@@std@@@2@XZ,
0x101f2ff0,0x60,library,?equal_range@?$_Tree@V?$_Tset_traits@V?$WeakReferenceCountedPointer@VChunk@Render@RBX@@@G3D@@U?$less@V?$WeakReferenceCountedPointer@VChunk@Render@RBX@@@G3D@@@std@@V?$allocator@V?$WeakReferenceCountedPointer@VChunk@Render@RBX@@@G3D@@@4@$0A@@std@@@std@@QAE?AU?$pair@Viterator@?$_Tree@V?$_Tset_traits@V?$WeakReferenceCountedPointer@VChunk@Render@RBX@@@G3D@@U?$less@V?$WeakReferenceCountedPointer@VChunk@Render@RBX@@@G3D@@@std@@V?$allocator@V?$WeakReferenceCountedPointer@VChunk@Render@RBX@@@G3D@@@4@$0A@@std@@@std@@V123@@2@ABV?$WeakReferenceCountedPointer@VChunk@Render@RBX@@@G3D@@@Z,
0x101f3050,0x2b,library,??$find@V?$_Vector_iterator@V?$ReferenceCountedPointer@VChunk@Render@RBX@@@G3D@@V?$allocator@V?$ReferenceCountedPointer@VChunk@Render@RBX@@@G3D@@@std@@@std@@V?$ReferenceCountedPointer@VChunk@Render@RBX@@@G3D@@@std@@YA?AV?$_Vector_iterator@V?$ReferenceCountedPointer@VChunk@Render@RBX@@@G3D@@V?$allocator@V?$ReferenceCountedPointer@VChunk@Render@RBX@@@G3D@@@std@@@0@V10@0ABV?$ReferenceCountedPointer@VChunk@Render@RBX@@@G3D@@@Z,
0x101f3080,0x4a,library,??$_Unchecked_move_backward@PAV?$ReferenceCountedPointer@VChunk@Render@RBX@@@G3D@@PAV12@@stdext@@YAPAV?$ReferenceCountedPointer@VChunk@Render@RBX@@@G3D@@PAV12@00@Z,
0x101f30d0,0x3d,library,??$_Distance2@Viterator@?$_Tree@V?$_Tset_traits@V?$WeakReferenceCountedPointer@VChunk@Render@RBX@@@G3D@@U?$less@V?$WeakReferenceCountedPointer@VChunk@Render@RBX@@@G3D@@@std@@V?$allocator@V?$WeakReferenceCountedPointer@VChunk@Render@RBX@@@G3D@@@4@$0A@@std@@@std@@I@std@@YAXViterator@?$_Tree@V?$_Tset_traits@V?$WeakReferenceCountedPointer@VChunk@Render@RBX@@@G3D@@U?$less@V?$WeakReferenceCountedPointer@VChunk@Render@RBX@@@G3D@@@std@@V?$allocator@V?$WeakReferenceCountedPointer@VChunk@Render@RBX@@@G3D@@@4@$0A@@std@@@0@0AAIUbidirectional_iterator_tag@0@@Z,
0x101f3110,0x6b,library,??$_Destroy_range@V?$ReferenceCountedPointer@VChunk@Render@RBX@@@G3D@@V?$allocator@V?$ReferenceCountedPointer@VChunk@Render@RBX@@@G3D@@@std@@@std@@YAXPAV?$ReferenceCountedPointer@VChunk@Render@RBX@@@G3D@@0AAV?$allocator@V?$ReferenceCountedPointer@VChunk@Render@RBX@@@G3D@@@0@U_Nonscalar_ptr_iterator_tag@0@@Z,
0x101f3180,0x78,library,??$_Uninit_fill_n@PAV?$ReferenceCountedPointer@VChunk@Render@RBX@@@G3D@@IV12@V?$allocator@V?$ReferenceCountedPointer@VChunk@Render@RBX@@@G3D@@@std@@@std@@YAXPAV?$ReferenceCountedPointer@VChunk@Render@RBX@@@G3D@@IABV12@AAV?$allocator@V?$ReferenceCountedPointer@VChunk@Render@RBX@@@G3D@@@0@U_Nonscalar_ptr_iterator_tag@0@U_Range_checked_iterator_tag@0@@Z,
0x101f3210,0x67,library,?find@?$_Tree@V?$_Tmap_traits@UBucketKey@AggregatingSceneManager@Render@RBX@@V?$ReferenceCountedPointer@VBucket@AggregatingSceneManager@Render@RBX@@@G3D@@U?$less@UBucketKey@AggregatingSceneManager@Render@RBX@@@std@@V?$allocator@U?$pair@$$CBUBucketKey@AggregatingSceneManager@Render@RBX@@V?$ReferenceCountedPointer@VBucket@AggregatingSceneManager@Render@RBX@@@G3D@@@std@@@8@$0A@@std@@@std@@QAE?AViterator@12@ABUBucketKey@AggregatingSceneManager@Render@RBX@@@Z,
0x101f3280,0x9f,library,?_Buynode@?$_Tree@V?$_Tset_traits@V?$WeakReferenceCountedPointer@VChunk@Render@RBX@@@G3D@@U?$less@V?$WeakReferenceCountedPointer@VChunk@Render@RBX@@@G3D@@@std@@V?$allocator@V?$WeakReferenceCountedPointer@VChunk@Render@RBX@@@G3D@@@4@$0A@@std@@@std@@IAEPAU_Node@?$_Tree_nod@V?$_Tset_traits@V?$WeakReferenceCountedPointer@VChunk@Render@RBX@@@G3D@@U?$less@V?$WeakReferenceCountedPointer@VChunk@Render@RBX@@@G3D@@@std@@V?$allocator@V?$WeakReferenceCountedPointer@VChunk@Render@RBX@@@G3D@@@4@$0A@@std@@@2@PAU342@00ABV?$WeakReferenceCountedPointer@VChunk@Render@RBX@@@G3D@@D@Z,
0x101f3320,0x9f,library,?_Buynode@?$_Tree@V?$_Tmap_traits@UBucketKey@AggregatingSceneManager@Render@RBX@@V?$ReferenceCountedPointer@VBucket@AggregatingSceneManager@Render@RBX@@@G3D@@U?$less@UBucketKey@AggregatingSceneManager@Render@RBX@@@std@@V?$allocator@U?$pair@$$CBUBucketKey@AggregatingSceneManager@Render@RBX@@V?$ReferenceCountedPointer@VBucket@AggregatingSceneManager@Render@RBX@@@G3D@@@std@@@8@$0A@@std@@@std@@IAEPAU_Node@?$_Tree_nod@V?$_Tmap_traits@UBucketKey@AggregatingSceneManager@Render@RBX@@V?$ReferenceCountedPointer@VBucket@AggregatingSceneManager@Render@RBX@@@G3D@@U?$less@UBucketKey@AggregatingSceneManager@Render@RBX@@@std@@V?$allocator@U?$pair@$$CBUBucketKey@AggregatingSceneManager@Render@RBX@@V?$ReferenceCountedPointer@VBucket@AggregatingSceneManager@Render@RBX@@@G3D@@@std@@@8@$0A@@std@@@2@PAU342@00ABU?$pair@$$CBUBucketKey@AggregatingSceneManager@Render@RBX@@V?$ReferenceCountedPointer@VBucket@AggregatingSceneManager@Render@RBX@@@G3D@@@2@D@Z,
0x101f3450,0x1b,library,?_Destroy@?$vector@V?$ReferenceCountedPointer@VChunk@Render@RBX@@@G3D@@V?$allocator@V?$ReferenceCountedPointer@VChunk@Render@RBX@@@G3D@@@std@@@std@@IAEXPAV?$ReferenceCountedPointer@VChunk@Render@RBX@@@G3D@@0@Z,
0x101f3470,0x33,library,?_Ufill@?$vector@V?$ReferenceCountedPointer@VChunk@Render@RBX@@@G3D@@V?$allocator@V?$ReferenceCountedPointer@VChunk@Render@RBX@@@G3D@@@std@@@std@@IAEPAV?$ReferenceCountedPointer@VChunk@Render@RBX@@@G3D@@PAV34@IABV34@@Z,
0x101f34b0,0x1ed,library,?_Insert@?$_Tree@V?$_Tset_traits@V?$WeakReferenceCountedPointer@VChunk@Render@RBX@@@G3D@@U?$less@V?$WeakReferenceCountedPointer@VChunk@Render@RBX@@@G3D@@@std@@V?$allocator@V?$WeakReferenceCountedPointer@VChunk@Render@RBX@@@G3D@@@4@$0A@@std@@@std@@IAE?AViterator@12@_NPAU_Node@?$_Tree_nod@V?$_Tset_traits@V?$WeakReferenceCountedPointer@VChunk@Render@RBX@@@G3D@@U?$less@V?$WeakReferenceCountedPointer@VChunk@Render@RBX@@@G3D@@@std@@V?$allocator@V?$WeakReferenceCountedPointer@VChunk@Render@RBX@@@G3D@@@4@$0A@@std@@@2@ABV?$WeakReferenceCountedPointer@VChunk@Render@RBX@@@G3D@@@Z,
0x101f36a0,0x1ed,library,?_Insert@?$_Tree@V?$_Tmap_traits@UBucketKey@AggregatingSceneManager@Render@RBX@@V?$ReferenceCountedPointer@VBucket@AggregatingSceneManager@Render@RBX@@@G3D@@U?$less@UBucketKey@AggregatingSceneManager@Render@RBX@@@std@@V?$allocator@U?$pair@$$CBUBucketKey@AggregatingSceneManager@Render@RBX@@V?$ReferenceCountedPointer@VBucket@AggregatingSceneManager@Render@RBX@@@G3D@@@std@@@8@$0A@@std@@@std@@IAE?AViterator@12@_NPAU_Node@?$_Tree_nod@V?$_Tmap_traits@UBucketKey@AggregatingSceneManager@Render@RBX@@V?$ReferenceCountedPointer@VBucket@AggregatingSceneManager@Render@RBX@@@G3D@@U?$less@UBucketKey@AggregatingSceneManager@Render@RBX@@@std@@V?$allocator@U?$pair@$$CBUBucketKey@AggregatingSceneManager@Render@RBX@@V?$ReferenceCountedPointer@VBucket@AggregatingSceneManager@Render@RBX@@@G3D@@@std@@@8@$0A@@std@@@2@ABU?$pair@$$CBUBucketKey@AggregatingSceneManager@Render@RBX@@V?$ReferenceCountedPointer@VBucket@AggregatingSceneManager@Render@RBX@@@G3D@@@2@@Z,
0x101f3890,0x1b5,library,?_Insert_n@?$vector@PAVChunk@Render@RBX@@V?$allocator@PAVChunk@Render@RBX@@@std@@@std@@IAEXV?$_Vector_iterator@PAVChunk@Render@RBX@@V?$allocator@PAVChunk@Render@RBX@@@std@@@2@IABQAVChunk@Render@RBX@@@Z,
0x101f3a50,0x3f,library,??1?$vector@V?$ReferenceCountedPointer@VChunk@Render@RBX@@@G3D@@V?$allocator@V?$ReferenceCountedPointer@VChunk@Render@RBX@@@G3D@@@std@@@std@@QAE@XZ,
0x101f3a90,0x61,library,?erase@?$vector@V?$ReferenceCountedPointer@VChunk@Render@RBX@@@G3D@@V?$allocator@V?$ReferenceCountedPointer@VChunk@Render@RBX@@@G3D@@@std@@@std@@QAE?AV?$_Vector_iterator@V?$ReferenceCountedPointer@VChunk@Render@RBX@@@G3D@@V?$allocator@V?$ReferenceCountedPointer@VChunk@Render@RBX@@@G3D@@@std@@@2@V32@@Z,
0x101f3b00,0xb9,library,?insert@?$_Tree@V?$_Tset_traits@V?$WeakReferenceCountedPointer@VChunk@Render@RBX@@@G3D@@U?$less@V?$WeakReferenceCountedPointer@VChunk@Render@RBX@@@G3D@@@std@@V?$allocator@V?$WeakReferenceCountedPointer@VChunk@Render@RBX@@@G3D@@@4@$0A@@std@@@std@@QAE?AU?$pair@Viterator@?$_Tree@V?$_Tset_traits@V?$WeakReferenceCountedPointer@VChunk@Render@RBX@@@G3D@@U?$less@V?$WeakReferenceCountedPointer@VChunk@Render@RBX@@@G3D@@@std@@V?$allocator@V?$WeakReferenceCountedPointer@VChunk@Render@RBX@@@G3D@@@4@$0A@@std@@@std@@_N@2@ABV?$WeakReferenceCountedPointer@VChunk@Render@RBX@@@G3D@@@Z,
0x101f3bc0,0x7f,library,?erase@?$vector@V?$ReferenceCountedPointer@VChunk@Render@RBX@@@G3D@@V?$allocator@V?$ReferenceCountedPointer@VChunk@Render@RBX@@@G3D@@@std@@@std@@QAE?AV?$_Vector_iterator@V?$ReferenceCountedPointer@VChunk@Render@RBX@@@G3D@@V?$allocator@V?$ReferenceCountedPointer@VChunk@Render@RBX@@@G3D@@@std@@@2@V32@0@Z,
0x101f3c40,0x90,library,?_Erase@?$_Tree@V?$_Tset_traits@V?$WeakReferenceCountedPointer@VChunk@Render@RBX@@@G3D@@U?$less@V?$WeakReferenceCountedPointer@VChunk@Render@RBX@@@G3D@@@std@@V?$allocator@V?$WeakReferenceCountedPointer@VChunk@Render@RBX@@@G3D@@@4@$0A@@std@@@std@@IAEXPAU_Node@?$_Tree_nod@V?$_Tset_traits@V?$WeakReferenceCountedPointer@VChunk@Render@RBX@@@G3D@@U?$less@V?$WeakReferenceCountedPointer@VChunk@Render@RBX@@@G3D@@@std@@V?$allocator@V?$WeakReferenceCountedPointer@VChunk@Render@RBX@@@G3D@@@4@$0A@@std@@@2@@Z,
0x101f3cd0,0x137,library,?insert@?$_Tree@V?$_Tmap_traits@UBucketKey@AggregatingSceneManager@Render@RBX@@V?$ReferenceCountedPointer@VBucket@AggregatingSceneManager@Render@RBX@@@G3D@@U?$less@UBucketKey@AggregatingSceneManager@Render@RBX@@@std@@V?$allocator@U?$pair@$$CBUBucketKey@AggregatingSceneManager@Render@RBX@@V?$ReferenceCountedPointer@VBucket@AggregatingSceneManager@Render@RBX@@@G3D@@@std@@@8@$0A@@std@@@std@@QAE?AU?$pair@Viterator@?$_Tree@V?$_Tmap_traits@UBucketKey@AggregatingSceneManager@Render@RBX@@V?$ReferenceCountedPointer@VBucket@AggregatingSceneManager@Render@RBX@@@G3D@@U?$less@UBucketKey@AggregatingSceneManager@Render@RBX@@@std@@V?$allocator@U?$pair@$$CBUBucketKey@AggregatingSceneManager@Render@RBX@@V?$ReferenceCountedPointer@VBucket@AggregatingSceneManager@Render@RBX@@@G3D@@@std@@@8@$0A@@std@@@std@@_N@2@ABU?$pair@$$CBUBucketKey@AggregatingSceneManager@Render@RBX@@V?$ReferenceCountedPointer@VBucket@AggregatingSceneManager@Render@RBX@@@G3D@@@2@@Z,
0x101f3e10,0x2cf,library,?erase@?$_Tree@V?$_Tset_traits@V?$WeakReferenceCountedPointer@VChunk@Render@RBX@@@G3D@@U?$less@V?$WeakReferenceCountedPointer@VChunk@Render@RBX@@@G3D@@@std@@V?$allocator@V?$WeakReferenceCountedPointer@VChunk@Render@RBX@@@G3D@@@4@$0A@@std@@@std@@QAE?AViterator@12@V312@@Z,
0x101f40e0,0x2b3,library,?erase@?$_Tree@V?$_Tmap_traits@UBucketKey@AggregatingSceneManager@Render@RBX@@V?$ReferenceCountedPointer@VBucket@AggregatingSceneManager@Render@RBX@@@G3D@@U?$less@UBucketKey@AggregatingSceneManager@Render@RBX@@@std@@V?$allocator@U?$pair@$$CBUBucketKey@AggregatingSceneManager@Render@RBX@@V?$ReferenceCountedPointer@VBucket@AggregatingSceneManager@Render@RBX@@@G3D@@@std@@@8@$0A@@std@@@std@@QAE?AViterator@12@V312@@Z,
0x101f43a0,0x3d,library,?_Erase@?$_Tree@V?$_Tmap_traits@UBucketKey@AggregatingSceneManager@Render@RBX@@V?$ReferenceCountedPointer@VBucket@AggregatingSceneManager@Render@RBX@@@G3D@@U?$less@UBucketKey@AggregatingSceneManager@Render@RBX@@@std@@V?$allocator@U?$pair@$$CBUBucketKey@AggregatingSceneManager@Render@RBX@@V?$ReferenceCountedPointer@VBucket@AggregatingSceneManager@Render@RBX@@@G3D@@@std@@@8@$0A@@std@@@std@@IAEXPAU_Node@?$_Tree_nod@V?$_Tmap_traits@UBucketKey@AggregatingSceneManager@Render@RBX@@V?$ReferenceCountedPointer@VBucket@AggregatingSceneManager@Render@RBX@@@G3D@@U?$less@UBucketKey@AggregatingSceneManager@Render@RBX@@@std@@V?$allocator@U?$pair@$$CBUBucketKey@AggregatingSceneManager@Render@RBX@@V?$ReferenceCountedPointer@VBucket@AggregatingSceneManager@Render@RBX@@@G3D@@@std@@@8@$0A@@std@@@2@@Z,
0x101f43e0,0x29,library,??$_Umove@PAV?$ReferenceCountedPointer@VChunk@Render@RBX@@@G3D@@@?$vector@V?$ReferenceCountedPointer@VChunk@Render@RBX@@@G3D@@V?$allocator@V?$ReferenceCountedPointer@VChunk@Render@RBX@@@G3D@@@std@@@std@@IAEPAV?$ReferenceCountedPointer@VChunk@Render@RBX@@@G3D@@PAV23@00@Z,
0x101f4410,0x8d,library,?insert@?$vector@PAVChunk@Render@RBX@@V?$allocator@PAVChunk@Render@RBX@@@std@@@std@@QAE?AV?$_Vector_iterator@PAVChunk@Render@RBX@@V?$allocator@PAVChunk@Render@RBX@@@std@@@2@V32@ABQAVChunk@Render@RBX@@@Z,
0x101f46b0,0x1ec,library,?insert@?$_Tree@V?$_Tmap_traits@UBucketKey@AggregatingSceneManager@Render@RBX@@V?$ReferenceCountedPointer@VBucket@AggregatingSceneManager@Render@RBX@@@G3D@@U?$less@UBucketKey@AggregatingSceneManager@Render@RBX@@@std@@V?$allocator@U?$pair@$$CBUBucketKey@AggregatingSceneManager@Render@RBX@@V?$ReferenceCountedPointer@VBucket@AggregatingSceneManager@Render@RBX@@@G3D@@@std@@@8@$0A@@std@@@std@@QAE?AViterator@12@V312@ABU?$pair@$$CBUBucketKey@AggregatingSceneManager@Render@RBX@@V?$ReferenceCountedPointer@VBucket@AggregatingSceneManager@Render@RBX@@@G3D@@@2@@Z,
0x101f48a0,0xcb,library,?erase@?$_Tree@V?$_Tset_traits@V?$WeakReferenceCountedPointer@VChunk@Render@RBX@@@G3D@@U?$less@V?$WeakReferenceCountedPointer@VChunk@Render@RBX@@@G3D@@@std@@V?$allocator@V?$WeakReferenceCountedPointer@VChunk@Render@RBX@@@G3D@@@4@$0A@@std@@@std@@QAE?AViterator@12@V312@0@Z,
0x101f4970,0x2da,library,?_Insert_n@?$vector@V?$ReferenceCountedPointer@VChunk@Render@RBX@@@G3D@@V?$allocator@V?$ReferenceCountedPointer@VChunk@Render@RBX@@@G3D@@@std@@@std@@IAEXV?$_Vector_iterator@V?$ReferenceCountedPointer@VChunk@Render@RBX@@@G3D@@V?$allocator@V?$ReferenceCountedPointer@VChunk@Render@RBX@@@G3D@@@std@@@2@IABV?$ReferenceCountedPointer@VChunk@Render@RBX@@@G3D@@@Z,
0x101f4c50,0x6a,library,?push_back@?$vector@PAVChunk@Render@RBX@@V?$allocator@PAVChunk@Render@RBX@@@std@@@std@@QAEXABQAVChunk@Render@RBX@@@Z,
0x101f4cc0,0x2e,library,?destroy@?$allocator@VCluster@Clusterer@Render@RBX@@@std@@QAEXPAVCluster@Clusterer@Render@RBX@@@Z,
0x101f5040,0xc5,library,??A?$map@UBucketKey@AggregatingSceneManager@Render@RBX@@V?$ReferenceCountedPointer@VBucket@AggregatingSceneManager@Render@RBX@@@G3D@@U?$less@UBucketKey@AggregatingSceneManager@Render@RBX@@@std@@V?$allocator@U?$pair@$$CBUBucketKey@AggregatingSceneManager@Render@RBX@@V?$ReferenceCountedPointer@VBucket@AggregatingSceneManager@Render@RBX@@@G3D@@@std@@@8@@std@@QAEAAV?$ReferenceCountedPointer@VBucket@AggregatingSceneManager@Render@RBX@@@G3D@@ABUBucketKey@AggregatingSceneManager@Render@RBX@@@Z,
0x101f5110,0x6a,library,?erase@?$_Tree@V?$_Tset_traits@V?$WeakReferenceCountedPointer@VChunk@Render@RBX@@@G3D@@U?$less@V?$WeakReferenceCountedPointer@VChunk@Render@RBX@@@G3D@@@std@@V?$allocator@V?$WeakReferenceCountedPointer@VChunk@Render@RBX@@@G3D@@@4@$0A@@std@@@std@@QAEIABV?$WeakReferenceCountedPointer@VChunk@Render@RBX@@@G3D@@@Z,
0x101f5180,0x8d,library,?insert@?$vector@V?$ReferenceCountedPointer@VChunk@Render@RBX@@@G3D@@V?$allocator@V?$ReferenceCountedPointer@VChunk@Render@RBX@@@G3D@@@std@@@std@@QAE?AV?$_Vector_iterator@V?$ReferenceCountedPointer@VChunk@Render@RBX@@@G3D@@V?$allocator@V?$ReferenceCountedPointer@VChunk@Render@RBX@@@G3D@@@std@@@2@V32@ABV?$ReferenceCountedPointer@VChunk@Render@RBX@@@G3D@@@Z,
0x101f5210,0xcb,library,?erase@?$_Tree@V?$_Tmap_traits@UBucketKey@AggregatingSceneManager@Render@RBX@@V?$ReferenceCountedPointer@VBucket@AggregatingSceneManager@Render@RBX@@@G3D@@U?$less@UBucketKey@AggregatingSceneManager@Render@RBX@@@std@@V?$allocator@U?$pair@$$CBUBucketKey@AggregatingSceneManager@Render@RBX@@V?$ReferenceCountedPointer@VBucket@AggregatingSceneManager@Render@RBX@@@G3D@@@std@@@8@$0A@@std@@@std@@QAE?AViterator@12@V312@0@Z,
0x101f53e0,0x3b,library,??$_Destroy_range@VCluster@Clusterer@Render@RBX@@V?$allocator@VCluster@Clusterer@Render@RBX@@@std@@@std@@YAXPAVCluster@Clusterer@Render@RBX@@0AAV?$allocator@VCluster@Clusterer@Render@RBX@@@0@U_Nonscalar_ptr_iterator_tag@0@@Z,
0x101f5420,0x34,library,??1?$set@V?$WeakReferenceCountedPointer@VChunk@Render@RBX@@@G3D@@U?$less@V?$WeakReferenceCountedPointer@VChunk@Render@RBX@@@G3D@@@std@@V?$allocator@V?$WeakReferenceCountedPointer@VChunk@Render@RBX@@@G3D@@@4@@std@@QAE@XZ,
0x101f5580,0x83,library,?push_back@?$vector@V?$ReferenceCountedPointer@VChunk@Render@RBX@@@G3D@@V?$allocator@V?$ReferenceCountedPointer@VChunk@Render@RBX@@@G3D@@@std@@@std@@QAEXABV?$ReferenceCountedPointer@VChunk@Render@RBX@@@G3D@@@Z,
0x101f5810,0x34,library,??1?$map@UBucketKey@AggregatingSceneManager@Render@RBX@@V?$ReferenceCountedPointer@VBucket@AggregatingSceneManager@Render@RBX@@@G3D@@U?$less@UBucketKey@AggregatingSceneManager@Render@RBX@@@std@@V?$allocator@U?$pair@$$CBUBucketKey@AggregatingSceneManager@Render@RBX@@V?$ReferenceCountedPointer@VBucket@AggregatingSceneManager@Render@RBX@@@G3D@@@std@@@8@@std@@QAE@XZ,
0x101f5c80,0x3f,library,?_Tidy@?$vector@VCluster@Clusterer@Render@RBX@@V?$allocator@VCluster@Clusterer@Render@RBX@@@std@@@std@@IAEXXZ,
0x101f7110,0x68,library,??$_Push_heap@PAPAVRenderSurface@Render@RBX@@HPAV123@P6A_NABQAV123@0@Z@std@@YAXPAPAVRenderSurface@Render@RBX@@HHPAV123@P6A_NABQAV123@2@Z@Z,
0x101f7180,0x52,library,??$_Med3@PAPAVRenderSurface@Render@RBX@@P6A_NABQAV123@0@Z@std@@YAXPAPAVRenderSurface@Render@RBX@@00P6A_NABQAV123@1@Z@Z,
0x101f71e0,0x70,library,??$_Adjust_heap@PAPAVRenderSurface@Render@RBX@@HPAV123@P6A_NABQAV123@0@Z@std@@YAXPAPAVRenderSurface@Render@RBX@@HHPAV123@P6A_NABQAV123@2@Z@Z,
0x101f7250,0xa7,library,??$_Median@PAPAVRenderSurface@Render@RBX@@P6A_NABQAV123@0@Z@std@@YAXPAPAVRenderSurface@Render@RBX@@00P6A_NABQAV123@1@Z@Z,
0x101f7300,0x3f,library,??$_Make_heap@PAPAVRenderSurface@Render@RBX@@HPAV123@P6A_NABQAV123@0@Z@std@@YAXPAPAVRenderSurface@Render@RBX@@0P6A_NABQAV123@1@ZPAH0@Z,
0x101f7340,0x193,library,??$_Unguarded_partition@PAPAVRenderSurface@Render@RBX@@P6A_NABQAV123@0@Z@std@@YA?AU?$pair@PAPAVRenderSurface@Render@RBX@@PAPAV123@@0@PAPAVRenderSurface@Render@RBX@@0P6A_NABQAV234@1@Z@Z,
0x101f74e0,0x94,library,??$_Insertion_sort@PAPAVRenderSurface@Render@RBX@@P6A_NABQAV123@0@Z@std@@YAXPAPAVRenderSurface@Render@RBX@@0P6A_NABQAV123@1@Z@Z,
0x101f7580,0x4a,library,??$_Sort_heap@PAPAVRenderSurface@Render@RBX@@P6A_NABQAV123@0@Z@std@@YAXPAPAVRenderSurface@Render@RBX@@0P6A_NABQAV123@1@Z@Z,
0x101f75d0,0xee,library,??$_Sort@PAPAVRenderSurface@Render@RBX@@HP6A_NABQAV123@0@Z@std@@YAXPAPAVRenderSurface@Render@RBX@@0HP6A_NABQAV123@1@Z@Z,
0x101f77a0,0xde,library,??$_Push_heap@PAVGLight@G3D@@HV12@P6A_NABV12@0@Z@std@@YAXPAVGLight@G3D@@HHV12@P6A_NABV12@2@Z@Z,
0x101f7880,0x169,library,??$_Rotate@PAVGLight@G3D@@HV12@@std@@YAXPAVGLight@G3D@@00PAH0@Z,
0x101f7ba0,0x9a,library,??$_Med3@PAVGLight@G3D@@P6A_NABV12@0@Z@std@@YAXPAVGLight@G3D@@00P6A_NABV12@1@Z@Z,
0x101f7c40,0x106,library,??$_Adjust_heap@PAVGLight@G3D@@HV12@P6A_NABV12@0@Z@std@@YAXPAVGLight@G3D@@HHV12@P6A_NABV12@2@Z@Z,
0x101f7d50,0xad,library,??$_Median@PAVGLight@G3D@@P6A_NABV12@0@Z@std@@YAXPAVGLight@G3D@@00P6A_NABV12@1@Z@Z,
0x101f7e00,0x5e,library,??$_Make_heap@PAVGLight@G3D@@HV12@P6A_NABV12@0@Z@std@@YAXPAVGLight@G3D@@0P6A_NABV12@1@ZPAH0@Z,
0x101f7f10,0x871,library,??$_Unguarded_partition@PAVGLight@G3D@@P6A_NABV12@0@Z@std@@YA?AU?$pair@PAVGLight@G3D@@PAV12@@0@PAVGLight@G3D@@0P6A_NABV23@1@Z@Z,
0x101f8790,0x9e,library,??$_Insertion_sort@PAVGLight@G3D@@P6A_NABV12@0@Z@std@@YAXPAVGLight@G3D@@0P6A_NABV12@1@Z@Z,
0x101f88b0,0x92,library,??$_Sort_heap@PAVGLight@G3D@@P6A_NABV12@0@Z@std@@YAXPAVGLight@G3D@@0P6A_NABV12@1@Z@Z,
0x101f8a70,0x145,library,??$_Sort@PAVGLight@G3D@@HP6A_NABV12@0@Z@std@@YAXPAVGLight@G3D@@0HP6A_NABV12@1@Z@Z,
0x101f9f40,0x58,library,??$_Allocate@VCluster@Clusterer@Render@RBX@@@std@@YAPAVCluster@Clusterer@Render@RBX@@IPAV1234@@Z,
0x101fa1a0,0x98,library,??0?$vector@PAVChunk@Render@RBX@@V?$allocator@PAVChunk@Render@RBX@@@std@@@std@@QAE@ABV01@@Z,
0x101fa240,0x73,library,??$_Construct@VCluster@Clusterer@Render@RBX@@V1234@@std@@YAXPAVCluster@Clusterer@Render@RBX@@ABV1234@@Z,
0x101fa6d0,0x90,library,??$_Uninit_fill_n@PAVCluster@Clusterer@Render@RBX@@IV1234@V?$allocator@VCluster@Clusterer@Render@RBX@@@std@@@std@@YAXPAVCluster@Clusterer@Render@RBX@@IABV1234@AAV?$allocator@VCluster@Clusterer@Render@RBX@@@0@U_Nonscalar_ptr_iterator_tag@0@U_Range_checked_iterator_tag@0@@Z,
0x101fa760,0xb7,library,?_Construct_n@?$vector@VCluster@Clusterer@Render@RBX@@V?$allocator@VCluster@Clusterer@Render@RBX@@@std@@@std@@QAEXIABVCluster@Clusterer@Render@RBX@@@Z,
0x101fa820,0x7f,library,??0?$vector@VCluster@Clusterer@Render@RBX@@V?$allocator@VCluster@Clusterer@Render@RBX@@@std@@@std@@QAE@I@Z,
0x10041ee0,0xb7,library,?resize@?$vector@PAVAssembly@RBX@@V?$allocator@PAVAssembly@RBX@@@std@@@std@@QAEXIPAVAssembly@RBX@@@Z,
0x10058200,,library,?find@?$_Tree@V?$_Tmap_traits@V?$basic_string@DU?$char_traits@D@std@@V?$allocator@D@2@@std@@PAVName@RBX@@U?$less@V?$basic_string@DU?$char_traits@D@std@@V?$allocator@D@2@@std@@@2@V?$allocator@U?$pair@$$CBV?$basic_string@DU?$char_traits@D@std@@V?$allocator@D@2@@std@@PAVName@RBX@@@std@@@2@$0A@@std@@@std@@QAE?AViterator@12@ABV?$basic_string@DU?$char_traits@D@std@@V?$allocator@D@2@@2@@Z,
0x100c3340,,library,?_Buynode@?$_Tree@V?$_Tmap_traits@V?$basic_string@DU?$char_traits@D@std@@V?$allocator@D@2@@std@@W4SurfaceType@RBX@@U?$less@V?$basic_string@DU?$char_traits@D@std@@V?$allocator@D@2@@std@@@2@V?$allocator@U?$pair@$$CBV?$basic_string@DU?$char_traits@D@std@@V?$allocator@D@2@@std@@W4SurfaceType@RBX@@@std@@@2@$0A@@std@@@std@@IAEPAU_Node@?$_Tree_nod@V?$_Tmap_traits@V?$basic_string@DU?$char_traits@D@std@@V?$allocator@D@2@@std@@W4SurfaceType@RBX@@U?$less@V?$basic_string@DU?$char_traits@D@std@@V?$allocator@D@2@@std@@@2@V?$allocator@U?$pair@$$CBV?$basic_string@DU?$char_traits@D@std@@V?$allocator@D@2@@std@@W4SurfaceType@RBX@@@std@@@2@$0A@@std@@@2@XZ,
0x10127450,0x6a,library,?push_back@?$vector@PAVAssembly@RBX@@V?$allocator@PAVAssembly@RBX@@@std@@@std@@QAEXABQAVAssembly@RBX@@@Z,
0x10119330,0xb9,library,?insert@?$_Tree@V?$_Tset_traits@PAVEdge@RBX@@U?$less@PAVEdge@RBX@@@std@@V?$allocator@PAVEdge@RBX@@@4@$0A@@std@@@std@@QAE?AU?$pair@Viterator@?$_Tree@V?$_Tset_traits@PAVEdge@RBX@@U?$less@PAVEdge@RBX@@@std@@V?$allocator@PAVEdge@RBX@@@4@$0A@@std@@@std@@_N@2@ABQAVEdge@RBX@@@Z,
0x101194c0,0x6a,library,?erase@?$_Tree@V?$_Tset_traits@PAVJoint@RBX@@U?$less@PAVJoint@RBX@@@std@@V?$allocator@PAVJoint@RBX@@@4@$0A@@std@@@std@@QAEIABQAVJoint@RBX@@@Z,
0x100621a0,0x3d,library,??$_Distance2@Viterator@?$_Tree@V?$_Tset_traits@PAVEdge@RBX@@U?$less@PAVEdge@RBX@@@std@@V?$allocator@PAVEdge@RBX@@@4@$0A@@std@@@std@@I@std@@YAXViterator@?$_Tree@V?$_Tset_traits@PAVEdge@RBX@@U?$less@PAVEdge@RBX@@@std@@V?$allocator@PAVEdge@RBX@@@4@$0A@@std@@@0@0AAIUbidirectional_iterator_tag@0@@Z,
0x100cfc00,0xcb,library,?erase@?$_Tree@V?$_Tset_traits@PAVEdge@RBX@@U?$less@PAVEdge@RBX@@@std@@V?$allocator@PAVEdge@RBX@@@4@$0A@@std@@@std@@QAE?AViterator@12@V312@0@Z,
0x100d0c40,0x37,library,?_Buynode@?$_Tree@V?$_Tset_traits@PAVJoint@RBX@@U?$less@PAVJoint@RBX@@@std@@V?$allocator@PAVJoint@RBX@@@4@$0A@@std@@@std@@IAEPAU_Node@?$_Tree_nod@V?$_Tset_traits@PAVJoint@RBX@@U?$less@PAVJoint@RBX@@@std@@V?$allocator@PAVJoint@RBX@@@4@$0A@@std@@@2@XZ,
0x100d0c40,0x37,library,?_Buynode@?$_Tree@V?$_Tset_traits@PAVIMoving@RBX@@U?$less@PAVIMoving@RBX@@@std@@V?$allocator@PAVIMoving@RBX@@@4@$0A@@std@@@std@@IAEPAU_Node@?$_Tree_nod@V?$_Tset_traits@PAVIMoving@RBX@@U?$less@PAVIMoving@RBX@@@std@@V?$allocator@PAVIMoving@RBX@@@4@$0A@@std@@@2@XZ,
0x10119330,0xb9,library,?insert@?$_Tree@V?$_Tset_traits@PAVIMoving@RBX@@U?$less@PAVIMoving@RBX@@@std@@V?$allocator@PAVIMoving@RBX@@@4@$0A@@std@@@std@@QAE?AU?$pair@Viterator@?$_Tree@V?$_Tset_traits@PAVIMoving@RBX@@U?$less@PAVIMoving@RBX@@@std@@V?$allocator@PAVIMoving@RBX@@@4@$0A@@std@@@std@@_N@2@ABQAVIMoving@RBX@@@Z,
0x1011b510,0x6c,library,?_Inc@const_iterator@?$_Tree@V?$_Tset_traits@PAVIMoving@RBX@@U?$less@PAVIMoving@RBX@@@std@@V?$allocator@PAVIMoving@RBX@@@4@$0A@@std@@@std@@QAEXXZ,
0x10041ee0,0xb7,library,?resize@?$vector@PAVContact@RBX@@V?$allocator@PAVContact@RBX@@@std@@@std@@QAEXIPAVContact@RBX@@@Z,
0x10041ee0,0xb7,library,?resize@?$vector@IV?$allocator@I@std@@@std@@QAEXII@Z,
0x100353b0,0x9a,library,?_Incsize@?$list@PAVMechanism@RBX@@V?$allocator@PAVMechanism@RBX@@@std@@@std@@IAEXI@Z,
0x100e8060,0x33,library,?_Buynode@?$list@PAVMechanism@RBX@@V?$allocator@PAVMechanism@RBX@@@std@@@std@@IAEPAU_Node@?$_List_nod@PAVMechanism@RBX@@V?$allocator@PAVMechanism@RBX@@@std@@@2@PAU342@0ABQAVMechanism@RBX@@@Z,
0x101e7d30,0x1a,library,?_Buynode@?$list@PAVMechanism@RBX@@V?$allocator@PAVMechanism@RBX@@@std@@@std@@IAEPAU_Node@?$_List_nod@PAVMechanism@RBX@@V?$allocator@PAVMechanism@RBX@@@std@@@2@XZ,
0x101e7de0,0x60,library,?erase@?$list@PAVMechanism@RBX@@V?$allocator@PAVMechanism@RBX@@@std@@@std@@QAE?AV?$_Iterator@$00@12@V312@@Z,
0x10127450,0x6a,library,?push_back@?$vector@PAVMechanismTracker@RBX@@V?$allocator@PAVMechanismTracker@RBX@@@std@@@std@@QAEXABQAVMechanismTracker@RBX@@@Z,
0x10047550,0x8d,library,?insert@?$vector@PAVMechanismTracker@RBX@@V?$allocator@PAVMechanismTracker@RBX@@@std@@@std@@QAE?AV?$_Vector_iterator@PAVMechanismTracker@RBX@@V?$allocator@PAVMechanismTracker@RBX@@@std@@@2@V32@ABQAVMechanismTracker@RBX@@@Z,
0x10047550,0x8d,library,?insert@?$vector@PAVJoint@RBX@@V?$allocator@PAVJoint@RBX@@@std@@@std@@QAE?AV?$_Vector_iterator@PAVJoint@RBX@@V?$allocator@PAVJoint@RBX@@@std@@@2@V32@ABQAVJoint@RBX@@@Z,
0x100fdce0,0x48,library,?_Tidy@?$list@PAVMechanism@RBX@@V?$allocator@PAVMechanism@RBX@@@std@@@std@@IAEXXZ,
0x100621a0,0x3d,library,??$_Distance2@Viterator@?$_Tree@V?$_Tset_traits@PAVIMoving@RBX@@U?$less@PAVIMoving@RBX@@@std@@V?$allocator@PAVIMoving@RBX@@@4@$0A@@std@@@std@@I@std@@YAXViterator@?$_Tree@V?$_Tset_traits@PAVIMoving@RBX@@U?$less@PAVIMoving@RBX@@@std@@V?$allocator@PAVIMoving@RBX@@@4@$0A@@std@@@0@0AAIUbidirectional_iterator_tag@0@@Z,
0x100cf350,0x39,library,?_Buynode@?$_Tree@V?$_Tset_traits@PAVIMoving@RBX@@U?$less@PAVIMoving@RBX@@@std@@V?$allocator@PAVIMoving@RBX@@@4@$0A@@std@@@std@@IAEPAU_Node@?$_Tree_nod@V?$_Tset_traits@PAVIMoving@RBX@@U?$less@PAVIMoving@RBX@@@std@@V?$allocator@PAVIMoving@RBX@@@4@$0A@@std@@@2@PAU342@00ABQAVIMoving@RBX@@D@Z,
0x100cf830,0x2b8,library,?erase@?$_Tree@V?$_Tset_traits@PAVJoint@RBX@@U?$less@PAVJoint@RBX@@@std@@V?$allocator@PAVJoint@RBX@@@4@$0A@@std@@@std@@QAE?AViterator@12@V312@@Z,
0x1019dc90,0x35,library,?_Erase@?$_Tree@V?$_Tset_traits@PAVIMoving@RBX@@U?$less@PAVIMoving@RBX@@@std@@V?$allocator@PAVIMoving@RBX@@@4@$0A@@std@@@std@@IAEXPAU_Node@?$_Tree_nod@V?$_Tset_traits@PAVIMoving@RBX@@U?$less@PAVIMoving@RBX@@@std@@V?$allocator@PAVIMoving@RBX@@@4@$0A@@std@@@2@@Z,
0x10047550,0x8d,library,?insert@?$vector@PAV?$MemberDescriptorContainer@VSignalDescriptor@Reflection@RBX@@@Reflection@RBX@@V?$allocator@PAV?$MemberDescriptorContainer@VSignalDescriptor@Reflection@RBX@@@Reflection@RBX@@@std@@@std@@QAE?AV?$_Vector_iterator@PAV?$MemberDescriptorContainer@VSignalDescriptor@Reflection@RBX@@@Reflection@RBX@@V?$allocator@PAV?$MemberDescriptorContainer@VSignalDescriptor@Reflection@RBX@@@Reflection@RBX@@@std@@@2@V32@ABQAV?$MemberDescriptorContainer@VSignalDescriptor@Reflection@RBX@@@Reflection@RBX@@@Z,
0x1004bb30,0xcb,library,?erase@?$_Tree@V?$_Tmap_traits@PBVSignalDescriptor@Reflection@RBX@@V?$shared_ptr@VSignalInstance@Reflection@RBX@@@boost@@U?$less@PBVSignalDescriptor@Reflection@RBX@@@std@@V?$allocator@U?$pair@QBVSignalDescriptor@Reflection@RBX@@V?$shared_ptr@VSignalInstance@Reflection@RBX@@@boost@@@std@@@7@$0A@@std@@@std@@QAE?AViterator@12@V312@0@Z,
0x10127450,0x6a,library,?push_back@?$vector@PAV?$MemberDescriptorContainer@VFunctionDescriptor@Reflection@RBX@@@Reflection@RBX@@V?$allocator@PAV?$MemberDescriptorContainer@VFunctionDescriptor@Reflection@RBX@@@Reflection@RBX@@@std@@@std@@QAEXABQAV?$MemberDescriptorContainer@VFunctionDescriptor@Reflection@RBX@@@Reflection@RBX@@@Z,
0x1019ec30,0x69,library,?find@?$_Tree@V?$_Tmap_traits@PBVSignalDescriptor@Reflection@RBX@@V?$shared_ptr@VSignalInstance@Reflection@RBX@@@boost@@U?$less@PBVSignalDescriptor@Reflection@RBX@@@std@@V?$allocator@U?$pair@QBVSignalDescriptor@Reflection@RBX@@V?$shared_ptr@VSignalInstance@Reflection@RBX@@@boost@@@std@@@7@$0A@@std@@@std@@QAE?AViterator@12@ABQBVSignalDescriptor@Reflection@RBX@@@Z,
0x1004a6c0,0x2ed,library,?erase@?$_Tree@V?$_Tmap_traits@PBVSignalDescriptor@Reflection@RBX@@V?$shared_ptr@VSignalInstance@Reflection@RBX@@@boost@@U?$less@PBVSignalDescriptor@Reflection@RBX@@@std@@V?$allocator@U?$pair@QBVSignalDescriptor@Reflection@RBX@@V?$shared_ptr@VSignalInstance@Reflection@RBX@@@boost@@@std@@@7@$0A@@std@@@std@@QAE?AViterator@12@V312@@Z,
0x10047550,0x8d,library,?insert@?$vector@PAVFunctionDescriptor@Reflection@RBX@@V?$allocator@PAVFunctionDescriptor@Reflection@RBX@@@std@@@std@@QAE?AV?$_Vector_iterator@PAVFunctionDescriptor@Reflection@RBX@@V?$allocator@PAVFunctionDescriptor@Reflection@RBX@@@std@@@2@V32@ABQAVFunctionDescriptor@Reflection@RBX@@@Z,
0x10127450,0x6a,library,?push_back@?$vector@PAV?$MemberDescriptorContainer@VSignalDescriptor@Reflection@RBX@@@Reflection@RBX@@V?$allocator@PAV?$MemberDescriptorContainer@VSignalDescriptor@Reflection@RBX@@@Reflection@RBX@@@std@@@std@@QAEXABQAV?$MemberDescriptorContainer@VSignalDescriptor@Reflection@RBX@@@Reflection@RBX@@@Z,
0x100fdce0,0x48,library,?_Tidy@?$list@UIDREFBinding@ArchiveBinder@@V?$allocator@UIDREFBinding@ArchiveBinder@@@std@@@std@@IAEXXZ,
0x10043b20,,library,,"std::list<RBX::Reflection::SignatureDescriptor::Item,std::allocator<RBX::Reflection::SignatureDescriptor::Item> >::_Buynode"
0x10109bc0,,library,,"std::_Tree<std::_Tmap_traits<G3D::Vector3,RBX::BlockTemplate *,RBX::myLess,std::allocator<std::pair<G3D::Vector3 const ,RBX::BlockTemplate *> >,0> >::_Buynode"
0x10014710,134,library,,"std::deque<RBX::StandardOutMessage,std::allocator<RBX::StandardOutMessage> >::_Tidy"
0x10018340,99,library,,"std::_Tree<std::_Tmap_traits<std::basic_string<char,std::char_traits<char>,std::allocator<char> >,Roblox::CWebService::Job,std::less<std::basic_string<char,std::char_traits<char>,std::allocator<char> > >,std::allocator<std::pair<std::basic_string<char,std::char_traits<char>,std::allocator<char> > const ,Roblox::CWebService::Job> >,0> >::const_iterator::_Inc"
0x10010db0,102,library,,"std::_Tree<std::_Tmap_traits<std::basic_string<char,std::char_traits<char>,std::allocator<char> >,Roblox::CWebService::Job,std::less<std::basic_string<char,std::char_traits<char>,std::allocator<char> > >,std::allocator<std::pair<std::basic_string<char,std::char_traits<char>,std::allocator<char> > const ,Roblox::CWebService::Job> >,0> >::find"
0x10010ad0,736,library,,"std::_Tree<std::_Tmap_traits<std::basic_string<char,std::char_traits<char>,std::allocator<char> >,Roblox::CWebService::Job,std::less<std::basic_string<char,std::char_traits<char>,std::allocator<char> > >,std::allocator<std::pair<std::basic_string<char,std::char_traits<char>,std::allocator<char> > const ,Roblox::CWebService::Job> >,0> >::erase"
0x100188c0,55,library,,"std::_Tree<std::_Tmap_traits<std::basic_string<char,std::char_traits<char>,std::allocator<char> >,Roblox::CWebService::Job,std::less<std::basic_string<char,std::char_traits<char>,std::allocator<char> > >,std::allocator<std::pair<std::basic_string<char,std::char_traits<char>,std::allocator<char> > const ,Roblox::CWebService::Job> >,0> >::_Buynode"
0x10014f00,56,library,,"std::_Tree<std::_Tmap_traits<std::basic_string<char,std::char_traits<char>,std::allocator<char> >,Roblox::CWebService::Job,std::less<std::basic_string<char,std::char_traits<char>,std::allocator<char> > >,std::allocator<std::pair<std::basic_string<char,std::char_traits<char>,std::allocator<char> > const ,Roblox::CWebService::Job> >,0> >::_Tidy"
0x10014bd0,62,library,,"std::_Tree<std::_Tmap_traits<std::basic_string<char,std::char_traits<char>,std::allocator<char> >,Roblox::CWebService::Job,std::less<std::basic_string<char,std::char_traits<char>,std::allocator<char> > >,std::allocator<std::pair<std::basic_string<char,std::char_traits<char>,std::allocator<char> > const ,Roblox::CWebService::Job> >,0> >::_Erase"
0x10014340,131,library,,"std::pair<std::basic_string<char,std::char_traits<char>,std::allocator<char> > const ,Roblox::CWebService::Job>::~pair<std::basic_string<char,std::char_traits<char>,std::allocator<char> > const ,Roblox::CWebService::Job>"
0x10005570,95,library,,std::runtime_error::runtime_error
0x1001b1f0,90,library,,"std::vector<RBX::Listener<RBX::StandardOut,RBX::StandardOutMessage> *,std::allocator<RBX::Listener<RBX::StandardOut,RBX::StandardOutMessage> *> >::push_back"
0x1003db00,446,library,,std::operator<<<std::char_traits<char> >
0x100868a0,104,library,,"std::_Tree<std::_Tset_traits<RBX::ContentId,std::less<RBX::ContentId>,std::allocator<RBX::ContentId>,0> >::find"
0x1007cfb0,42,library,,"std::_Tree<std::_Tmap_traits<G3D::Vector3,RBX::BlockTemplate *,RBX::myLess,std::allocator<std::pair<G3D::Vector3 const ,RBX::BlockTemplate *> >,0> >::const_iterator::operator=="
0x100867a0,241,library,,"std::_Tree<std::_Tset_traits<RBX::ContentId,std::less<RBX::ContentId>,std::allocator<RBX::ContentId>,0> >::insert"
0x100856d0,51,library,,"std::auto_ptr<std::basic_istream<char,std::char_traits<char> > >::operator="
0x100085a0,23,library,,"std::auto_ptr<std::basic_istream<char,std::char_traits<char> > >::~auto_ptr<std::basic_istream<char,std::char_traits<char> > >"
0x1004bb30,203,library,,"std::_Tree<std::_Tmap_traits<RBX::Instance *,RBX::InstanceHandle,std::less<RBX::Instance *>,std::allocator<std::pair<RBX::Instance * const,RBX::InstanceHandle> >,0> >::erase"
0x1019ec30,105,library,,"std::_Tree<std::_Tmap_traits<RBX::Instance *,RBX::InstanceHandle,std::less<RBX::Instance *>,std::allocator<std::pair<RBX::Instance * const,RBX::InstanceHandle> >,0> >::find"
0x10096330,138,library,,"std::_Copy_opt<RBX::MergeBinder::IDREFItem *,RBX::MergeBinder::IDREFItem *,std::forward_iterator_tag>"
0x100966e0,76,library,,"std::_Destroy_range<RBX::MergeBinder::IDREFItem,std::allocator<RBX::MergeBinder::IDREFItem> >"
0x10096e30,237,library,,"std::map<RBX::Instance *,RBX::InstanceHandle,std::less<RBX::Instance *>,std::allocator<std::pair<RBX::Instance * const,RBX::InstanceHandle> > >::operator[]"
0x1019dc10,55,library,,"std::_Tree<std::_Tmap_traits<RBX::Instance *,RBX::InstanceHandle,std::less<RBX::Instance *>,std::allocator<std::pair<RBX::Instance * const,RBX::InstanceHandle> >,0> >::_Buynode"
0x100962d0,85,library,,"std::_Count_if<std::list<ArchiveBinder::IDREFBinding,std::allocator<ArchiveBinder::IDREFBinding> >::_Iterator<0>,std::binder1st<std::mem_fun1_t<bool,ArchiveBinder,ArchiveBinder::IDREFBinding> > >"
0x100cfc00,203,library,,"std::_Tree<std::_Tset_traits<RBX::Assembly *,std::less<RBX::Assembly *>,std::allocator<RBX::Assembly *>,0> >::erase"
0x100d0c40,55,library,,"std::_Tree<std::_Tset_traits<RBX::Joint *,std::less<RBX::Joint *>,std::allocator<RBX::Joint *>,0> >::_Buynode"
0x10119330,185,library,,"std::_Tree<std::_Tset_traits<RBX::Assembly *,std::less<RBX::Assembly *>,std::allocator<RBX::Assembly *>,0> >::insert"
0x100d36b0,111,library,,"std::vector<bool,std::allocator<bool> >::operator[]"
0x10108dc0,125,library,,"std::set<RBX::Primitive *,std::less<RBX::Primitive *>,std::allocator<RBX::Primitive *> >::set<RBX::Primitive *,std::less<RBX::Primitive *>,std::allocator<RBX::Primitive *> ><RBX::Primitive * const *>"
0x100b3940,55,library,,"std::_Tree<std::_Tmap_traits<RBX::Name const *,enum RBX::Controller::ControllerType,std::less<RBX::Name const *>,std::allocator<std::pair<RBX::Name const * const,enum RBX::Controller::ControllerType> >,0> >::_Buynode"
0x10058330,203,library,,"std::_Tree<std::_Tmap_traits<RBX::Name const *,enum RBX::Controller::ControllerType,std::less<RBX::Name const *>,std::allocator<std::pair<RBX::Name const * const,enum RBX::Controller::ControllerType> >,0> >::erase"
0x10127450,106,library,,"std::vector<RBX::Assembly *,std::allocator<RBX::Assembly *> >::push_back"
0x100b3510,108,library,,"std::_Tree<std::_Tmap_traits<RBX::Name const *,enum RBX::Controller::ControllerType,std::less<RBX::Name const *>,std::allocator<std::pair<RBX::Name const * const,enum RBX::Controller::ControllerType> >,0> >::const_iterator::_Inc"
0x100621a0,61,library,,"std::_Distance2<std::_Tree<std::_Tset_traits<RBX::Assembly *,std::less<RBX::Assembly *>,std::allocator<RBX::Assembly *>,0> >::iterator,unsigned int>"
0x101194c0,106,library,,"std::_Tree<std::_Tset_traits<RBX::Assembly *,std::less<RBX::Assembly *>,std::allocator<RBX::Assembly *>,0> >::erase"
0x10041ee0,183,library,,"std::vector<RBX::Assembly *,std::allocator<RBX::Assembly *> >::resize"
0x1011b510,108,library,,"std::_Tree<std::_Tset_traits<RBX::Assembly *,std::less<RBX::Assembly *>,std::allocator<RBX::Assembly *>,0> >::const_iterator::_Inc"
0x10047550,141,library,,"std::vector<RBX::Assembly *,std::allocator<RBX::Assembly *> >::insert"
0x100cfb90,105,library,,"std::_Tree<std::_Tset_traits<RBX::Primitive *,std::less<RBX::Primitive *>,std::allocator<RBX::Primitive *>,0> >::find"
0x100353b0,,library,,"std::list<RBX::Mechanism *,std::allocator<RBX::Mechanism *> >::_Incsize"
0x10058200,,library,,"std::_Tree<std::_Tmap_traits<std::basic_string<char,std::char_traits<char>,std::allocator<char> >,RBX::Name *,std::less<std::basic_string<char,std::char_traits<char>,std::allocator<char> > >,std::allocator<std::pair<std::basic_string<char,std::char_traits<char>,std::allocator<char> > const ,RBX::Name *> >,0> >::find"
0x100c3340,,library,,"std::_Tree<std::_Tmap_traits<std::basic_string<char,std::char_traits<char>,std::allocator<char> >,RBX::Name *,std::less<std::basic_string<char,std::char_traits<char>,std::allocator<char> > >,std::allocator<std::pair<std::basic_string<char,std::char_traits<char>,std::allocator<char> > const ,RBX::Name *> >,0> >::_Buynode"
0x100cf350,,library,,"std::_Tree<std::_Tset_traits<RBX::Assembly *,std::less<RBX::Assembly *>,std::allocator<RBX::Assembly *>,0> >::_Buynode"
0x100cf830,,library,,"std::_Tree<std::_Tset_traits<RBX::Assembly *,std::less<RBX::Assembly *>,std::allocator<RBX::Assembly *>,0> >::erase"
0x100e8060,,library,,"std::list<RBX::Mechanism *,std::allocator<RBX::Mechanism *> >::_Buynode"
0x100fdce0,,library,,"std::list<ArchiveBinder::IDREFBinding,std::allocator<ArchiveBinder::IDREFBinding> >::_Tidy"
0x1019dc90,,library,,"std::_Tree<std::_Tset_traits<RBX::Assembly *,std::less<RBX::Assembly *>,std::allocator<RBX::Assembly *>,0> >::_Erase"
0x101e7d30,,library,,"std::list<RBX::Mechanism *,std::allocator<RBX::Mechanism *> >::_Buynode"
0x101e7de0,,library,,"std::list<RBX::Mechanism *,std::allocator<RBX::Mechanism *> >::erase"
0x100cfc00,203,library,,"std::_Tree<std::_Tset_traits<RBX::Joint *,std::less<RBX::Joint *>,std::allocator<RBX::Joint *>,0> >::erase"
0x100cfc00,203,library,,"std::_Tree<std::_Tset_traits<RBX::Joint *,std::less<RBX::Joint *>,std::allocator<RBX::Joint *>,0> >::erase(class std::_Tree<class std::_Tset_traits<class RBX::Assembly *, struct std::less<class RBX::Assembly *>, class std::allocator<class RBX::Assembly *>, 0>>::iterator, class std::_Tree<class std::_Tset_traits<class RBX::Assembly *, struct std::less<class RBX::Assembly *>, class std::allocator<class RBX::Assembly *>, 0>>::iterator)"
0x100484b0,,library,,"RBX::InstanceHandle::getTarget"
0x1004bb30,,library,,"std::_Tree<std::_Tmap_traits<RBX::Reflection::SignalDescriptor const *,boost::shared_ptr<RBX::Reflection::SignalInstance>,std::less<RBX::Reflection::SignalDescriptor const *>,std::allocator<std::pair<RBX::Reflection::SignalDescriptor const * const,boost::shared_ptr<RBX::Reflection::SignalInstance> > >,0> >::erase(class std::_Tree<class std::_Tmap_traits<class RBX::Instance *, class RBX::InstanceHandle, struct std::less<class RBX::Instance *>, class std::allocator<struct std::pair<class RBX::Instance *const, class RBX::InstanceHandle>>, 0>>::iterator, class std::_Tree<class std::_Tmap_traits<class RBX::Instance *, class RBX::InstanceHandle, struct std::less<class RBX::Instance *>, class std::allocator<struct std::pair<class RBX::Instance *const, class RBX::InstanceHandle>>, 0>>::iterator)"
0x1004eb10,,library,,"RBX::CharacterAppearance::CharacterAppearance"
0x1008dda0,,library,,"RBX::Reflection::Described<RBX::Instance,&RBX::sInstance,RBX::Reflection::DescribedBase>::classDescriptor"
0x100ffbb0,,library,,"RBX::Reflection::Described<RBX::Instance,&RBX::sInstance,RBX::Reflection::DescribedBase>::classDescriptor"
0x101194c0,,library,,"std::_Tree<std::_Tset_traits<RBX::Joint *,std::less<RBX::Joint *>,std::allocator<RBX::Joint *>,0> >::erase(class RBX::Joint *const &)"
0x1016ef10,,library,,"RBX::shared_from<RBX::Instance>"
0x1004bb30,,library,,"std::_Tree<std::_Tmap_traits<RBX::Reflection::SignalDescriptor const *,boost::shared_ptr<RBX::Reflection::SignalInstance>,std::less<RBX::Reflection::SignalDescriptor const *>,std::allocator<std::pair<RBX::Reflection::SignalDescriptor const * const,boost::shared_ptr<RBX::Reflection::SignalInstance> > >,0> >::erase(class std::_Tree<class std::_Tmap_traits<class RBX::Instance *, class RBX::InstanceHandle, struct std::less<class RBX::Instance *>, class std::allocator<struct std::pair<class RBX::Instance *const, class RBX::InstanceHandle>>, 0>>::iterator, class std::_Tree<class std::_Tmap_traits<class RBX::Instance *, class RBX::InstanceHandle, struct std::less<class RBX::Instance *>, class std::allocator<struct std::pair<class RBX::Instance *const, class RBX::InstanceHandle>>, 0>>::iterator)"
0x1008dda0,,library,,"RBX::Reflection::Described<RBX::Instance,&RBX::sInstance,RBX::Reflection::DescribedBase>::classDescriptor(void)"
0x100ffbb0,,library,,"RBX::Reflection::Described<RBX::Instance,&RBX::sInstance,RBX::Reflection::DescribedBase>::classDescriptor(void)"
0x1016ef10,,library,,"RBX::shared_from<RBX::Instance>(class RBX::Instance *)"
0x1004bb30,0xcb,library,?erase@?$_Tree@V?$_Tmap_traits@PBVSignalDescriptor@Reflection@RBX@@V?$shared_ptr@VSignalInstance@Reflection@RBX@@@boost@@U?$less@PBVSignalDescriptor@Reflection@RBX@@@std@@V?$allocator@U?$pair@QBVSignalDescriptor@Reflection@RBX@@V?$shared_ptr@VSignalInstance@Reflection@RBX@@@boost@@@std@@@7@$0A@@std@@@std@@QAE?AViterator@12@V312@0@Z,,"std::_Tree<std::_Tmap_traits<RBX::Reflection::SignalDescriptor const *,boost::shared_ptr<RBX::Reflection::SignalInstance>,std::less<RBX::Reflection::SignalDescriptor const *>,std::allocator<std::pair<RBX::Reflection::SignalDescriptor const * const,boost::shared_ptr<RBX::Reflection::SignalInstance> > >,0> >::erase(class std::_Tree<class std::_Tmap_traits<class RBX::Instance *, class RBX::InstanceHandle, struct std::less<class RBX::Instance *>, class std::allocator<struct std::pair<class RBX::Instance *const, class RBX::InstanceHandle>>, 0>>::iterator, class std::_Tree<class std::_Tmap_traits<class RBX::Instance *, class RBX::InstanceHandle, struct std::less<class RBX::Instance *>, class std::allocator<struct std::pair<class RBX::Instance *const, class RBX::InstanceHandle>>, 0>>::iterator)"
0x1004bb30,203,library,,"std::_Tree<std::_Tmap_traits<RBX::Reflection::SignalDescriptor const *,boost::shared_ptr<RBX::Reflection::SignalInstance>,std::less<RBX::Reflection::SignalDescriptor const *>,std::allocator<std::pair<RBX::Reflection::SignalDescriptor const * const,boost::shared_ptr<RBX::Reflection::SignalInstance> > >,0> >::_Max"
