address,type,symbol
0x1022ce68,global,?p_thread_callback@?A0x0b669db6@@3P6GXPAUHINSTANCE__@@KPAX@ZA
0x1022e280,global,?sInstance@RBX@@3QBDB
0x1022e928,global,?sRunService@RBX@@3QBDB
0x1022ed10,global,?sServiceProvider@RBX@@3QBDB
0x1022f298,global,?sSelection@RBX@@3QBDB
0x10231208,global,?sDataModel@RBX@@3QBDB
0x10235328,global,?INDEXBOX_FACE_TO_NORMAL@IndexBox@RBX@@2QAY02$$CBMA
0x10235370,global,?INDEXBOX_FACE_TO_VERTEX@IndexBox@RBX@@2QAY03$$CBHA
0x102353d0,global,?INDEXBOX_EDGE_TO_VERTEX_AND_NORMALS@IndexBox@RBX@@2QAY03$$CBHA
0x10235490,global,?INDEXBOX_FACE_EDGE_TO_NORMAL@IndexBox@RBX@@2QAY03$$CBHA
0x10236678,global,?sPVInstance@RBX@@3QBDB
0x10237828,global,?classLibrary@ObjectBridge@Lua@RBX@@0QBUluaL_Reg@@B
0x10237a38,global,?classLibrary@Color3Bridge@Lua@RBX@@0QBUluaL_Reg@@B
0x10237a48,global,?classLibrary@Vector3Bridge@Lua@RBX@@0QBUluaL_Reg@@B
0x10237a58,global,?classLibrary@BrickColorBridge@Lua@RBX@@0QBUluaL_Reg@@B
0x10237ac0,global,?classLibrary@CoordinateFrameBridge@Lua@RBX@@0QBUluaL_Reg@@B
0x10238010,global,?sDebugSettings@RBX@@3QBDB
0x102388a0,global,?sGlobalSettings@RBX@@3QBDB
0x10239a00,global,?sTeam@RBX@@3QBDB
0x1023a8a0,global,?sBackpackItem@RBX@@3QBDB
0x1023a8b0,global,?sHopperBin@RBX@@3QBDB
0x1023a8bc,global,?sStarterPackService@RBX@@3QBDB
0x1023a8c8,global,?sLegacyHopperService@RBX@@3QBDB
0x1023b968,global,?sTool@RBX@@3QBDB
0x1023c108,global,?sFlag@RBX@@3QBDB
0x1023c838,global,?sLocalBackpackItem@RBX@@3QBDB
0x1023c84c,global,?sLocalBackpack@RBX@@3QBDB
0x1023ce90,global,?sJointInstance@RBX@@3QBDB
0x1023cea0,global,?sAutoJoint@RBX@@3QBDB
0x1023ceac,global,?sSnap@RBX@@3QBDB
0x1023ceb4,global,?sWeld@RBX@@3QBDB
0x1023cebc,global,?sGlue@RBX@@3QBDB
0x1023cec4,global,?sRotate@RBX@@3QBDB
0x1023cecc,global,?sRotateP@RBX@@3QBDB
0x1023ced4,global,?sRotateV@RBX@@3QBDB
0x1023cedc,global,?sMotor@RBX@@3QBDB
0x1023e7b8,global,?sBackpack@RBX@@3QBDB
0x1023eab8,global,?sTeams@RBX@@3QBDB
0x1023ed40,global,?sAccoutrement@RBX@@3QBDB
0x1023ed50,global,?sHat@RBX@@3QBDB
0x1023f480,global,?sGameSettings@RBX@@3QBDB
0x1023f8c8,global,?sShirt@RBX@@3QBDB
0x1023f8d0,global,?sShirtGraphic@RBX@@3QBDB
0x1023f8e0,global,?sSkin@RBX@@3QBDB
0x1023f8e8,global,?sBodyColors@RBX@@3QBDB
0x102406d8,global,?sFeature@RBX@@3QBDB
0x102406e0,global,?sHole@RBX@@3QBDB
0x102406e8,global,?sMotorFeature@RBX@@3QBDB
0x102406f8,global,?sVelocityMotor@RBX@@3QBDB
0x10241368,global,?sFlagStandService@RBX@@3QBDB
0x10245748,global,?sSpawnerService@RBX@@3QBDB
0x10246cf8,global,?manualTurnSpeed@Running@RBX@@0MB
0x10246cfc,global,?autoTurnSpeed@Running@RBX@@0MB
0x10246d00,global,?kTurnP@Running@RBX@@0MB
0x10246d04,global,?kMoveP@Running@RBX@@0MB
0x10246d08,global,?kAltitudeP@Running@RBX@@0MB
0x10246d0c,global,?kAltitudeD@Running@RBX@@0MB
0x10246d10,global,?sRunning@RBX@@3QBDB
0x10246da8,global,?sFallingDown@RBX@@3QBDB
0x10246e50,global,?BLOCK_FACE_TO_VERTEX@Block@RBX@@0QAY03$$CBHA
0x10246eb0,global,?BLOCK_FACE_VERTEX_TO_EDGE@Block@RBX@@0QAY03$$CBHA
0x10246f30,global,?MAX_LEGO_JOINT_FORCES_THEORY@Constants@RBX@@0QBMB
0x10246f4c,global,?MAX_LEGO_JOINT_FORCES_MEASURED@Constants@RBX@@0QBMB
0x10246ff0,global,?luaO_nilobject_@@3Ulua_TValue@@B
0x10247158,global,?luaT_typenames@@3QBQBDB
0x10247770,global,?luaP_opnames@@3QBQBDB
0x1024780c,global,?luaP_opmodes@@3QBEB
0x102478b0,global,?luaX_tokens@@3QBQBDB
0x10247c00,global,?sMouse@RBX@@3QBDB
0x10247f30,global,?BORDER_RATIO@Rect@RBX@@2MB
0x10247f34,global,?BORDER_RATIO_DRAG@Rect@RBX@@2MB
0x10247f38,global,?BORDER_RATIO_THIN@Rect@RBX@@2MB
0x10248200,global,?sFaceInstance@RBX@@3QBDB
0x102483b8,global,?sSeated@RBX@@3QBDB
0x102483e0,global,?kJumpP@Jumping@RBX@@0MB
0x102483e4,global,?jumpVelocityGrid@Jumping@RBX@@0MB
0x102483e8,global,?sJumping@RBX@@3QBDB
0x10248420,global,?sGettingUp@RBX@@3QBDB
0x10248638,global,?turnSpeed@Flying@RBX@@0MB
0x1024863c,global,?kTurnP@Flying@RBX@@0MB
0x10248640,global,?sFlying@RBX@@3QBDB
0x10248670,global,?sFreefall@RBX@@3QBDB
0x1024e3e0,global,?widthInset@BrickMesh@View@RBX@@2MB
0x1024e3e4,global,?normalPerturbation@BrickMesh@View@RBX@@2MB
0x1024e3e8,global,?bevel@BrickMesh@View@RBX@@2MB
0x1024fed0,global,?sNetworkSettings@RBX@@3QBDB
0x102502f8,global,?sPeer@Network@RBX@@3QBDB
0x10250304,global,?sReplicator@Network@RBX@@3QBDB
0x1025033c,global,?sMarker@Network@RBX@@3QBDB
0x10259ce0,global,?DECAL_OFFSET@Chunk@Render@RBX@@2MB
0x10259ce4,global,?TEXTURE_OFFSET@Chunk@Render@RBX@@2MB
0x1025b9b0,global,?sThumbnailGenerator@@3QBDB
0x1025f1f8,global,?s_szClassNameWSDL34@@3QBDB
0x1025f200,global,?___Roblox_LuaType_entries@Roblox@@3QBU_soapmapentry@@B
0x1025f350,global,?___Roblox_LuaType_map@Roblox@@3U_soapmap@@B
0x1025f390,global,?___Roblox_MessageType_entries@Roblox@@3QBU_soapmapentry@@B
0x1025f4a8,global,?___Roblox_MessageType_map@Roblox@@3U_soapmap@@B
0x1025f4e8,global,?___Roblox_Status_entries@Roblox@@3QBU_soapmapentry@@B
0x1025f590,global,?___Roblox_Status_map@Roblox@@3U_soapmap@@B
0x1025f5d0,global,?___Roblox_LuaValue10_entries@Roblox@@3QBU_soapmapentry@@B
0x1025f678,global,?___Roblox_LuaValue10_map@Roblox@@3U_soapmap@@B
0x1025f6b8,global,?___Roblox_LuaValue9_entries@Roblox@@3QBU_soapmapentry@@B
0x1025f7d0,global,?___Roblox_LuaValue9_map@Roblox@@3U_soapmap@@B
0x1025f810,global,?___Roblox_LuaValue8_entries@Roblox@@3QBU_soapmapentry@@B
0x1025f928,global,?___Roblox_LuaValue8_map@Roblox@@3U_soapmap@@B
0x1025f968,global,?___Roblox_LuaValue7_entries@Roblox@@3QBU_soapmapentry@@B
0x1025fa80,global,?___Roblox_LuaValue7_map@Roblox@@3U_soapmap@@B
0x1025fac0,global,?___Roblox_LuaValue6_entries@Roblox@@3QBU_soapmapentry@@B
0x1025fbd8,global,?___Roblox_LuaValue6_map@Roblox@@3U_soapmap@@B
0x1025fc18,global,?___Roblox_LuaValue5_entries@Roblox@@3QBU_soapmapentry@@B
0x1025fd30,global,?___Roblox_LuaValue5_map@Roblox@@3U_soapmap@@B
0x1025fd70,global,?___Roblox_LuaValue4_entries@Roblox@@3QBU_soapmapentry@@B
0x1025fe88,global,?___Roblox_LuaValue4_map@Roblox@@3U_soapmap@@B
0x1025fec8,global,?___Roblox_LuaValue3_entries@Roblox@@3QBU_soapmapentry@@B
0x1025ffe0,global,?___Roblox_LuaValue3_map@Roblox@@3U_soapmap@@B
0x10260020,global,?___Roblox_LuaValue2_entries@Roblox@@3QBU_soapmapentry@@B
0x10260138,global,?___Roblox_LuaValue2_map@Roblox@@3U_soapmap@@B
0x10260178,global,?___Roblox_LuaValue1_entries@Roblox@@3QBU_soapmapentry@@B
0x10260290,global,?___Roblox_LuaValue1_map@Roblox@@3U_soapmap@@B
0x102602d0,global,?___Roblox_LuaArguments_entries@Roblox@@3QBU_soapmapentry@@B
0x10260378,global,?___Roblox_LuaArguments_map@Roblox@@3U_soapmap@@B
0x102603b8,global,?___Roblox_ScriptExecution_entries@Roblox@@3QBU_soapmapentry@@B
0x10260498,global,?___Roblox_ScriptExecution_map@Roblox@@3U_soapmap@@B
0x102604d8,global,?___Roblox_Strings_entries@Roblox@@3QBU_soapmapentry@@B
0x10260580,global,?___Roblox_Strings_map@Roblox@@3U_soapmap@@B
0x102605c0,global,?___Roblox_StandardOutMessage_entries@Roblox@@3QBU_soapmapentry@@B
0x102606a0,global,?___Roblox_StandardOutMessage_map@Roblox@@3U_soapmap@@B
0x102606e0,global,?___Roblox_StandardOutMessages_entries@Roblox@@3QBU_soapmapentry@@B
0x10260788,global,?___Roblox_StandardOutMessages_map@Roblox@@3U_soapmap@@B
0x102607c8,global,?___Roblox_CWebService_HelloWorld_entries@Roblox@@3QBU_soapmapentry@@B
0x10260838,global,?___Roblox_CWebService_HelloWorld_map@Roblox@@3U_soapmap@@B
0x10260874,global,?___Roblox_CWebService_HelloWorld_atlsoapheader_map@Roblox@@3U_soapmap@@B
0x102608b0,global,?___Roblox_CWebService_GetVersion_entries@Roblox@@3QBU_soapmapentry@@B
0x10260920,global,?___Roblox_CWebService_GetVersion_map@Roblox@@3U_soapmap@@B
0x1026095c,global,?___Roblox_CWebService_GetVersion_atlsoapheader_map@Roblox@@3U_soapmap@@B
0x10260998,global,?___Roblox_CWebService_GetStatus_entries@Roblox@@3QBU_soapmapentry@@B
0x10260a08,global,?___Roblox_CWebService_GetStatus_map@Roblox@@3U_soapmap@@B
0x10260a44,global,?___Roblox_CWebService_GetStatus_atlsoapheader_map@Roblox@@3U_soapmap@@B
0x10260a80,global,?___Roblox_CWebService_Update_entries@Roblox@@3QBU_soapmapentry@@B
0x10260af0,global,?___Roblox_CWebService_Update_map@Roblox@@3U_soapmap@@B
0x10260b2c,global,?___Roblox_CWebService_Update_atlsoapheader_map@Roblox@@3U_soapmap@@B
0x10260b68,global,?___Roblox_CWebService_BatchJob_entries@Roblox@@3QBU_soapmapentry@@B
0x10260c80,global,?___Roblox_CWebService_OpenJob_map@Roblox@@3U_soapmap@@B
0x10260cbc,global,?___Roblox_CWebService_OpenJob_atlsoapheader_map@Roblox@@3U_soapmap@@B
0x10260cf8,global,?___Roblox_CWebService_TouchJob_entries@Roblox@@3QBU_soapmapentry@@B
0x10260da0,global,?___Roblox_CWebService_TouchJob_map@Roblox@@3U_soapmap@@B
0x10260ddc,global,?___Roblox_CWebService_TouchJob_atlsoapheader_map@Roblox@@3U_soapmap@@B
0x10260e18,global,?___Roblox_CWebService_Execute_entries@Roblox@@3QBU_soapmapentry@@B
0x10260ef8,global,?___Roblox_CWebService_Execute_map@Roblox@@3U_soapmap@@B
0x10260f34,global,?___Roblox_CWebService_Execute_atlsoapheader_map@Roblox@@3U_soapmap@@B
0x10260f70,global,?___Roblox_CWebService_CloseJob_entries@Roblox@@3QBU_soapmapentry@@B
0x10260fe0,global,?___Roblox_CWebService_CloseJob_map@Roblox@@3U_soapmap@@B
0x1026101c,global,?___Roblox_CWebService_CloseJob_atlsoapheader_map@Roblox@@3U_soapmap@@B
0x10261058,global,?___Roblox_CWebService_BatchJob_map@Roblox@@3U_soapmap@@B
0x10261094,global,?___Roblox_CWebService_BatchJob_atlsoapheader_entries@Roblox@@3QBU_soapmapentry@@B
0x102610cc,global,?___Roblox_CWebService_BatchJob_atlsoapheader_map@Roblox@@3U_soapmap@@B
0x10261108,global,?___Roblox_CWebService_GetTimeout_entries@Roblox@@3QBU_soapmapentry@@B
0x102611b0,global,?___Roblox_CWebService_GetTimeout_map@Roblox@@3U_soapmap@@B
0x102611ec,global,?___Roblox_CWebService_GetTimeout_atlsoapheader_map@Roblox@@3U_soapmap@@B
0x10261228,global,?___Roblox_CWebService_CloseOrphanedJobs_entries@Roblox@@3QBU_soapmapentry@@B
0x102612d0,global,?___Roblox_CWebService_CloseOrphanedJobs_map@Roblox@@3U_soapmap@@B
0x1026130c,global,?___Roblox_CWebService_CloseOrphanedJobs_atlsoapheader_map@Roblox@@3U_soapmap@@B
0x10261348,global,?___Roblox_CWebService_CloseAllJobs_map@Roblox@@3U_soapmap@@B
0x10261384,global,?___Roblox_CWebService_CloseAllJobs_atlsoapheader_map@Roblox@@3U_soapmap@@B
0x102613c0,global,?___Roblox_CWebService_CloseTimedoutJobs_entries@Roblox@@3QBU_soapmapentry@@B
0x10261430,global,?___Roblox_CWebService_CloseTimedoutJobs_map@Roblox@@3U_soapmap@@B
0x1026146c,global,?___Roblox_CWebService_CloseTimedoutJobs_atlsoapheader_map@Roblox@@3U_soapmap@@B
0x102614a8,global,?___Roblox_CWebService_GetAllJobs_entries@Roblox@@3QBU_soapmapentry@@B
0x10261518,global,?___Roblox_CWebService_GetAllJobs_map@Roblox@@3U_soapmap@@B
0x10261554,global,?___Roblox_CWebService_GetAllJobs_atlsoapheader_map@Roblox@@3U_soapmap@@B
0x10261590,global,?___Roblox_CWebService_GetStandardOutMessages_entries@Roblox@@3QBU_soapmapentry@@B
0x10261638,global,?___Roblox_CWebService_GetStandardOutMessages_map@Roblox@@3U_soapmap@@B
0x10261674,global,?___Roblox_CWebService_GetStandardOutMessages_atlsoapheader_map@Roblox@@3U_soapmap@@B
0x10261854,global,?_entries@?1??_GetEntries@?$CSoapHandler@VCWebService@Roblox@@@ATL@@SGPBU_ATL_INTMAP_ENTRY@3@XZ@4QBU43@B
0x10261878,global,?_entries@?1??_GetEntries@?$CSDLGenerator@VCWebService@Roblox@@$1?s_szClassNameWSDL34@@3QBDB@ATL@@SGPBU_ATL_INTMAP_ENTRY@3@XZ@4QBU43@B
0x102629d8,global,?numStrips@MegaTextureProxy@View@RBX@@2IB
0x102c71a4,global,?nameThreads@RBX@@3_NA
0x102c8f30,global,?sLighting@RBX@@3PADA
0x102c9d6c,global,?creator@?$FactoryProduct@VSky@RBX@@VInstance@2@$1?sSky@2@3PADA@RBX@@0VCreator@12@B
0x102cbf00,global,?sModel@RBX@@3PADA
0x102cc784,global,?creator@?$FactoryProduct@VPartInstance@RBX@@VPVInstance@2@$1?sPart@2@3PADA@RBX@@0VCreator@12@B
0x102cc788,global,?creator@?$FactoryProduct@VHumanoid@RBX@@VInstance@2@$1?sHumanoid@2@3PADA@RBX@@0VCreator@12@B
0x102ccb7c,global,?sScriptContext@RBX@@3PADA
0x102cda54,global,?creator@?$FactoryProduct@VDebugSettings@RBX@@VItem@GlobalSettings@2@$1?sDebugSettings@2@3QBDB@RBX@@0VCreator@12@B
0x102cda5c,global,?sScript@RBX@@3PADA
0x102cda64,global,?sLocalScript@RBX@@3PADA
0x102ce21c,global,?creator@?$FactoryProduct@VTeam@RBX@@VInstance@2@$1?sTeam@2@3QBDB@RBX@@0VCreator@12@B
0x102ce220,global,?creator@?$FactoryProduct@VPlayer@Network@RBX@@VInstance@3@$1?sPlayer@23@3PADA@RBX@@0VCreator@12@B
0x102ce228,global,?sWorkspace@RBX@@3PADA
0x102cf2f4,global,?creator@?$FactoryProduct@VControllerService@RBX@@VInstance@2@$1?sControllerService@2@3PADA@RBX@@0VCreator@12@B
0x102cf2f8,global,?creator@?$FactoryProduct@VCamera@RBX@@VInstance@2@$1?sCamera@2@3PADA@RBX@@0VCreator@12@B
0x102cf2fc,global,?creator@?$FactoryProduct@VHopperBin@RBX@@VBackpackItem@2@$1?sHopperBin@2@3QBDB@RBX@@0VCreator@12@B
0x102cf300,global,?creator@?$FactoryProduct@VStarterPackService@RBX@@VHopper@2@$1?sStarterPackService@2@3QBDB@RBX@@0VCreator@12@B
0x102cf304,global,?creator@?$FactoryProduct@VLegacyHopperService@RBX@@VHopper@2@$1?sLegacyHopperService@2@3QBDB@RBX@@0VCreator@12@B
0x102cf308,global,?creator@?$FactoryProduct@VTool@RBX@@VBackpackItem@2@$1?sTool@2@3QBDB@RBX@@0VCreator@12@B
0x102cf30c,global,?creator@?$FactoryProduct@VFlag@RBX@@VTool@2@$1?sFlag@2@3QBDB@RBX@@0VCreator@12@B
0x102cf314,global,?assertAction@Debugable@RBX@@2W4AssertAction@12@A
0x102d0e28,global,?creator@?$FactoryProduct@VLocalBackpackItem@RBX@@VWidget@2@$1?sLocalBackpackItem@2@3QBDB@RBX@@0VCreator@12@B
0x102d0e2c,global,?creator@?$FactoryProduct@VLocalBackpack@RBX@@VRelativePanel@2@$1?sLocalBackpack@2@3QBDB@RBX@@0VCreator@12@B
0x102d0e30,global,?creator@?$FactoryProduct@VSnap@RBX@@VAutoJoint@2@$1?sSnap@2@3QBDB@RBX@@0VCreator@12@B
0x102d0e34,global,?creator@?$FactoryProduct@VWeld@RBX@@VAutoJoint@2@$1?sWeld@2@3QBDB@RBX@@0VCreator@12@B
0x102d0e38,global,?creator@?$FactoryProduct@VGlue@RBX@@VAutoJoint@2@$1?sGlue@2@3QBDB@RBX@@0VCreator@12@B
0x102d0e3c,global,?creator@?$FactoryProduct@VRotate@RBX@@VAutoJoint@2@$1?sRotate@2@3QBDB@RBX@@0VCreator@12@B
0x102d0e40,global,?creator@?$FactoryProduct@VRotateP@RBX@@VAutoJoint@2@$1?sRotateP@2@3QBDB@RBX@@0VCreator@12@B
0x102d0e44,global,?creator@?$FactoryProduct@VRotateV@RBX@@VAutoJoint@2@$1?sRotateV@2@3QBDB@RBX@@0VCreator@12@B
0x102d0e48,global,?creator@?$FactoryProduct@VMotor@RBX@@VAutoJoint@2@$1?sMotor@2@3QBDB@RBX@@0VCreator@12@B
0x102d0e4c,global,?creator@?$FactoryProduct@VBackpack@RBX@@VHopper@2@$1?sBackpack@2@3QBDB@RBX@@0VCreator@12@B
0x102d0e50,global,?creator@?$FactoryProduct@VTeams@RBX@@VInstance@2@$1?sTeams@2@3QBDB@RBX@@0VCreator@12@B
0x102d0e54,global,?creator@?$FactoryProduct@VAccoutrement@RBX@@VInstance@2@$1?sAccoutrement@2@3QBDB@RBX@@0VCreator@12@B
0x102d0e58,global,?creator@?$FactoryProduct@VHat@RBX@@VAccoutrement@2@$1?sHat@2@3QBDB@RBX@@0VCreator@12@B
0x102d0e60,global,?sSoundService@Soundscape@RBX@@3PADA
0x102d0e70,global,?sStockSound@@3PADA
0x102d0e7c,global,?sSoundChannel@Soundscape@RBX@@3PADA
0x102d2098,global,?creator@?$FactoryProduct@VGameSettings@RBX@@VItem@GlobalSettings@2@$1?sGameSettings@2@3QBDB@RBX@@0VCreator@12@B
0x102d209c,global,?creator@?$FactoryProduct@VStockSound@@VSoundChannel@Soundscape@RBX@@$1?sStockSound@@3PADA@RBX@@0VCreator@12@B
0x102d3cf8,global,?creator@?$FactoryProduct@VShirtGraphic@RBX@@VCharacterAppearance@2@$1?sShirtGraphic@2@3QBDB@RBX@@0VCreator@12@B
0x102d3cfc,global,?creator@?$FactoryProduct@VShirt@RBX@@VShirtGraphic@2@$1?sShirt@2@3QBDB@RBX@@0VCreator@12@B
0x102d3d00,global,?creator@?$FactoryProduct@VBodyColors@RBX@@VCharacterAppearance@2@$1?sBodyColors@2@3QBDB@RBX@@0VCreator@12@B
0x102d3d04,global,?creator@?$FactoryProduct@VSkin@RBX@@VCharacterAppearance@2@$1?sSkin@2@3QBDB@RBX@@0VCreator@12@B
0x102d3d08,global,?creator@?$FactoryProduct@VExplosion@RBX@@VInstance@2@$1?sExplosion@2@3PADA@RBX@@0VCreator@12@B
0x102d3d0c,global,?creator@?$FactoryProduct@VMotorFeature@RBX@@VFeature@2@$1?sMotorFeature@2@3QBDB@RBX@@0VCreator@12@B
0x102d3d10,global,?creator@?$FactoryProduct@VHole@RBX@@VFeature@2@$1?sHole@2@3QBDB@RBX@@0VCreator@12@B
0x102d3d14,global,?creator@?$FactoryProduct@VVelocityMotor@RBX@@VJointInstance@2@$1?sVelocityMotor@2@3QBDB@RBX@@0VCreator@12@B
0x102d3d18,global,?creator@?$FactoryProduct@VFlagStand@RBX@@VPartInstance@2@$1?sFlagStand@2@3PADA@RBX@@0VCreator@12@B
0x102d3d1c,global,?creator@?$FactoryProduct@VFlagStandService@RBX@@VInstance@2@$1?sFlagStandService@2@3QBDB@RBX@@0VCreator@12@B
0x102d3d20,global,?creator@?$FactoryProduct@VForceField@RBX@@VInstance@2@$1?sForceField@2@3PADA@RBX@@0VCreator@12@B
0x102d3d24,global,?creator@?$FactoryProduct@VGeometryService@RBX@@VInstance@2@$1?sGeometryService@2@3PADA@RBX@@0VCreator@12@B
0x102d3d28,global,?creator@?$FactoryProduct@VBodyGyro@RBX@@VBodyMover@2@$1?sBodyGyro@2@3PADA@RBX@@0VCreator@12@B
0x102d3d2c,global,?creator@?$FactoryProduct@VBodyForce@RBX@@VBodyMover@2@$1?sBodyForce@2@3PADA@RBX@@0VCreator@12@B
0x102d3d30,global,?creator@?$FactoryProduct@VBodyThrust@RBX@@VBodyMover@2@$1?sBodyThrust@2@3PADA@RBX@@0VCreator@12@B
0x102d3d34,global,?creator@?$FactoryProduct@VBodyPosition@RBX@@VBodyMover@2@$1?sBodyPosition@2@3PADA@RBX@@0VCreator@12@B
0x102d3d38,global,?creator@?$FactoryProduct@VBodyVelocity@RBX@@VBodyMover@2@$1?sBodyVelocity@2@3PADA@RBX@@0VCreator@12@B
0x102d3d3c,global,?creator@?$FactoryProduct@VRocket@RBX@@VBodyMover@2@$1?sRocket@2@3PADA@RBX@@0VCreator@12@B
0x102d3d40,global,?creator@?$FactoryProduct@VMessage@RBX@@VInstance@2@$1?sMessage@2@3PADA@RBX@@0VCreator@12@B
0x102d3d44,global,?creator@?$FactoryProduct@VHint@RBX@@VMessage@2@$1?sHint@2@3PADA@RBX@@0VCreator@12@B
0x102d3d48,global,?creator@?$FactoryProduct@VObjectValue@RBX@@VInstance@2@$1?sObjectValue@2@3PADA@RBX@@0VCreator@12@B
0x102d3d4c,global,?creator@?$FactoryProduct@VVisit@RBX@@VInstance@2@$1?sVisit@2@3PADA@RBX@@0VCreator@12@B
0x102d3d50,global,?creator@?$FactoryProduct@VDebrisService@RBX@@VInstance@2@$1?sDebrisService@2@3PADA@RBX@@0VCreator@12@B
0x102d3d54,global,?creator@?$FactoryProduct@VTimerService@RBX@@VInstance@2@$1?sTimerService@2@3PADA@RBX@@0VCreator@12@B
0x102d3d58,global,?creator@?$FactoryProduct@VSeat@RBX@@VPartInstance@2@$1?sSeat@2@3PADA@RBX@@0VCreator@12@B
0x102d3d5c,global,?creator@?$FactoryProduct@VSpawnLocation@RBX@@VPartInstance@2@$1?sSpawnLocation@2@3PADA@RBX@@0VCreator@12@B
0x102d3d60,global,?creator@?$FactoryProduct@VSpawnerService@RBX@@VInstance@2@$1?sSpawnerService@2@3QBDB@RBX@@0VCreator@12@B
0x102d3d90,global,?sSky@RBX@@3PADA
0x102d4560,global,?sPart@RBX@@3PADA
0x102d4568,global,?category_Part@RBX@@3PBDB
0x102d530c,global,?sHumanoid@RBX@@3PADA
0x102d5d78,global,?className@?$Bridge@V?$shared_ptr@VDescribedBase@Reflection@RBX@@@boost@@$0A@@Lua@RBX@@1PBDB
0x102d6180,global,?creator@?$FactoryProduct@VDecal@RBX@@VFaceInstance@2@$1?sDecal@2@3PADA@RBX@@0VCreator@12@B
0x102d6184,global,?creator@?$FactoryProduct@VTexture@RBX@@VDecal@2@$1?sTexture@2@3PADA@RBX@@0VCreator@12@B
0x102d6194,global,?className@?$Bridge@VBrickColor@RBX@@$00@Lua@RBX@@1PBDB
0x102d61a0,global,?className@?$Bridge@V?$shared_ptr@VSignalInstance@Reflection@RBX@@@boost@@$0A@@Lua@RBX@@1PBDB
0x102d62d0,global,?className@?$Bridge@V?$shared_ptr@VNode@ThreadRef@Lua@RBX@@@boost@@$00@Lua@RBX@@1PBDB
0x102d6368,global,?sStats@Stats@RBX@@3PADA
0x102d6370,global,?sStatsItem@Stats@RBX@@3PADA
0x102d7608,global,?sNullMouseCommand@RBX@@3PADA
0x102d7684,global,?sArrowTool@RBX@@3PADA
0x102d768c,global,?sBoxSelectCommand@RBX@@3PADA
0x102d77cc,global,?sRootInstance@RBX@@3PADA
0x102d7800,global,?sCamera@RBX@@3PADA
0x102d7d58,global,?sNullTool@RBX@@3PADA
0x102d7d64,global,?sNewNullTool@RBX@@3PADA
0x102d7ddc,global,?sControllerService@RBX@@3PADA
0x102dc1e8,global,?sExplosion@RBX@@3PADA
0x102dd7bc,global,?sFlagStand@RBX@@3PADA
0x102ddcf8,global,?sForceField@RBX@@3PADA
0x102dde80,global,?sGeometryService@RBX@@3PADA
0x102de038,global,?sBodyPosition@RBX@@3PADA
0x102de048,global,?sBodyVelocity@RBX@@3PADA
0x102de058,global,?sBodyGyro@RBX@@3PADA
0x102de064,global,?sBodyForce@RBX@@3PADA
0x102de070,global,?sBodyThrust@RBX@@3PADA
0x102de07c,global,?sRocket@RBX@@3PADA
0x102df088,global,?sMessage@RBX@@3PADA
0x102df090,global,?sHint@RBX@@3PADA
0x102df208,global,?sIntValue@RBX@@3PADA
0x102df214,global,?sBoolValue@RBX@@3PADA
0x102df220,global,?sDoubleValue@RBX@@3PADA
0x102df22c,global,?sStringValue@RBX@@3PADA
0x102df238,global,?sVector3Value@RBX@@3PADA
0x102df248,global,?sCFrameValue@RBX@@3PADA
0x102df254,global,?sColor3Value@RBX@@3PADA
0x102df260,global,?sBrickColorValue@RBX@@3PADA
0x102df270,global,?sObjectValue@RBX@@3PADA
0x102e2f9c,global,?creator@?$FactoryProduct@V?$Value@H$1?sIntValue@RBX@@3PADA@RBX@@VInstance@2@$1?sIntValue@2@3PADA@RBX@@0VCreator@12@B
0x102e2fa0,global,?creator@?$FactoryProduct@V?$Value@_N$1?sBoolValue@RBX@@3PADA@RBX@@VInstance@2@$1?sBoolValue@2@3PADA@RBX@@0VCreator@12@B
0x102e2fa4,global,?creator@?$FactoryProduct@V?$Value@N$1?sDoubleValue@RBX@@3PADA@RBX@@VInstance@2@$1?sDoubleValue@2@3PADA@RBX@@0VCreator@12@B
0x102e2fb8,global,?creator@?$FactoryProduct@V?$Value@VBrickColor@RBX@@$1?sBrickColorValue@2@3PADA@RBX@@VInstance@2@$1?sBrickColorValue@2@3PADA@RBX@@0VCreator@12@B
0x102e2fc0,global,?sVisit@RBX@@3PADA
0x102e33e8,global,?sDebrisService@RBX@@3PADA
0x102e3790,global,?sTimerService@RBX@@3PADA
0x102e3920,global,?sSeat@RBX@@3PADA
0x102e3ba4,global,?sSpawnLocation@RBX@@3PADA
0x102e4138,global,?sDecal@RBX@@3PADA
0x102e4140,global,?sTexture@RBX@@3PADA
0x102e54f4,global,?kTurnAccelMax@Running@RBX@@0MB
0x102e54f8,global,?maxMoveAccelerationGrid@Running@RBX@@0VVector3@G3D@@B
0x102e56ec,global,?sToolMouseCommand@RBX@@3PADA
0x102e6028,global,?sGroupDragTool@RBX@@3PADA
0x102e60a4,global,?sPartDragTool@RBX@@3PADA
0x102e61c4,global,?sFillTool@RBX@@3PADA
0x102e61cc,global,?sDropperTool@RBX@@3PADA
0x102e61d4,global,?sModelSetPrimaryPartTool@RBX@@3PADA
0x102e61e8,global,?color@FillTool@RBX@@2VFillToolColor@2@A
0x102e6340,global,?creator@?$FactoryProduct@VSpecialShape@RBX@@VInstance@2@$1?sSpecialShape@2@3PADA@RBX@@0VCreator@12@B
0x102e634c,global,?kTurnAccelMax@Flying@RBX@@0MB
0x102e63b4,global,?sSpecialShape@RBX@@3PADA
0x102e79f8,global,?cache1@?$MeshFactory@VPBBMesh@View@RBX@@$03@View@RBX@@0V?$Table@VRenderSurfaceTypes@View@RBX@@V?$Table@VVector3@G3D@@UVariations@?$MeshFactory@VPBBMesh@View@RBX@@$03@View@RBX@@@G3D@@@G3D@@A
0x102e7a08,global,?cache1@?$MeshFactory@VSphereMesh@View@RBX@@$00@View@RBX@@0V?$Table@VRenderSurfaceTypes@View@RBX@@V?$Table@VVector3@G3D@@UVariations@?$MeshFactory@VSphereMesh@View@RBX@@$00@View@RBX@@@G3D@@@G3D@@A
0x102e7a18,global,?cache1@?$MeshFactory@VCylinderAlongXMesh@View@RBX@@$00@View@RBX@@0V?$Table@VRenderSurfaceTypes@View@RBX@@V?$Table@VVector3@G3D@@UVariations@?$MeshFactory@VCylinderAlongXMesh@View@RBX@@$00@View@RBX@@@G3D@@@G3D@@A
0x102e8358,global,?cache1@?$MeshFactory@VWedgeMesh@View@RBX@@$00@View@RBX@@0V?$Table@VRenderSurfaceTypes@View@RBX@@V?$Table@VVector3@G3D@@UVariations@?$MeshFactory@VWedgeMesh@View@RBX@@$00@View@RBX@@@G3D@@@G3D@@A
0x102e8368,global,?cache1@?$MeshFactory@VTorsoMesh@View@RBX@@$00@View@RBX@@0V?$Table@VRenderSurfaceTypes@View@RBX@@V?$Table@VVector3@G3D@@UVariations@?$MeshFactory@VTorsoMesh@View@RBX@@$00@View@RBX@@@G3D@@@G3D@@A
0x102e8378,global,?cache1@?$MeshFactory@VHeadMesh@View@RBX@@$00@View@RBX@@0V?$Table@VRenderSurfaceTypes@View@RBX@@V?$Table@VVector3@G3D@@UVariations@?$MeshFactory@VHeadMesh@View@RBX@@$00@View@RBX@@@G3D@@@G3D@@A
0x102e8a5c,global,?creator@?$FactoryProduct@VClient@Network@RBX@@VPeer@23@$1?sClient@23@3PADA@RBX@@0VCreator@12@B
0x102e8a60,global,?creator@?$FactoryProduct@VServer@Network@RBX@@VPeer@23@$1?sServer@23@3PADA@RBX@@0VCreator@12@B
0x102e8a64,global,?creator@?$FactoryProduct@VNetworkSettings@RBX@@VItem@GlobalSettings@2@$1?sNetworkSettings@2@3QBDB@RBX@@0VCreator@12@B
0x102e8a6c,global,?sPlayer@Network@RBX@@3PADA
0x102e9a88,global,?sPlayers@Network@RBX@@3PADA
0x102ea544,global,?sClient@Network@RBX@@3PADA
0x102eb04c,global,?sServer@Network@RBX@@3PADA
0x102ec9f0,global,?englishCharacterFrequencies@@3PAIA
0x102ecea8,global,?Logtable@@3PAEA
0x102ecfa8,global,?Alogtable@@3PAEA
0x102ed0a8,global,?S@@3PAEA
0x102ed1a8,global,?Si@@3PAEA
0x102ed2a8,global,?T1@@3PAY03EA
0x102ed6a8,global,?T2@@3PAY03EA
0x102edaa8,global,?T3@@3PAY03EA
0x102edea8,global,?T4@@3PAY03EA
0x102ee2a8,global,?T5@@3PAY03EA
0x102ee6a8,global,?T6@@3PAY03EA
0x102eeaa8,global,?T7@@3PAY03EA
0x102eeea8,global,?T8@@3PAY03EA
0x102ef2a8,global,?S5@@3PAEA
0x102ef3a8,global,?U1@@3PAY03EA
0x102ef7a8,global,?U2@@3PAY03EA
0x102efba8,global,?U3@@3PAY03EA
0x102effa8,global,?U4@@3PAY03EA
0x102f03a8,global,?rcon@@3PAIA
0x102f1b98,global,?tss_data_native_key@?A0x06c9e004@@3KA
0x102f1bac,global,?tls_key@?A0x85883f4a@@3KA
0x102f1db0,global,?aggregationSize@AggregatingSceneManager@Render@RBX@@2IA
0x102f226c,global,?logsEnabled@LogManager@@0_NA
0x102f4fdc,global,?__hdlrEntry_CWebService_35@@3U_HANDLER_ENTRY@ATL@@A
0x102f4fec,global,?__hdlrEntry_WSDL_36@@3U_HANDLER_ENTRY@ATL@@A
0x102f5000,global,?___Roblox_CWebService_funcs@Roblox@@3PAPBU_soapmap@@A
0x102f5040,global,?___Roblox_CWebService_headers@Roblox@@3PAPBU_soapmap@@A
0x102f5560,global,?creator@?$FactoryProduct@VThumbnailGenerator@@VInstance@RBX@@$1?sThumbnailGenerator@@3QBDB@RBX@@0VCreator@12@B
0x102f5564,global,?creator@?$FactoryProduct@VLighting@RBX@@VInstance@2@$1?sLighting@2@3PADA@RBX@@0VCreator@12@B
0x102f5568,global,?creator@?$FactoryProduct@VRunService@RBX@@VInstance@2@$1?sRunService@2@3QBDB@RBX@@0VCreator@12@B
0x102f556c,global,?creator@?$FactoryProduct@VModelInstance@RBX@@VPVInstance@2@$1?sModel@2@3PADA@RBX@@0VCreator@12@B
0x102f5570,global,?creator@?$FactoryProduct@VSelection@RBX@@VInstance@2@$1?sSelection@2@3QBDB@RBX@@0VCreator@12@B
0x102f5574,global,?creator@?$FactoryProduct@VScriptContext@RBX@@VInstance@2@$1?sScriptContext@2@3PADA@RBX@@0VCreator@12@B
0x102f5578,global,?creator@?$FactoryProduct@VScript@RBX@@VInstance@2@$1?sScript@2@3PADA@RBX@@0VCreator@12@B
0x102f557c,global,?creator@?$FactoryProduct@VLocalScript@RBX@@VScript@2@$1?sLocalScript@2@3PADA@RBX@@0VCreator@12@B
0x102f5580,global,?creator@?$FactoryProduct@VSoundService@Soundscape@RBX@@VInstance@3@$1?sSoundService@23@3PADA@RBX@@0VCreator@12@B
0x102f5584,global,?creator@?$FactoryProduct@VSoundChannel@Soundscape@RBX@@VInstance@3@$1?sSoundChannel@23@3PADA@RBX@@0VCreator@12@B
0x102f5590,global,?fontRef@Fonts@RBX@@0V?$ReferenceCountedPointer@VGFont@G3D@@@G3D@@A
0x102f55a4,global,?once_init_foo@boost_detail@RBX@@3JA
0x102f55c8,global,?stored_vtable@?1???$assign_to@V?$bind_t@XP6AXV?$shared_ptr@Udata@worker_thread@RBX@@@boost@@ABV?$function0@W4work_result@worker_thread@RBX@@V?$allocator@Vfunction_base@boost@@@std@@@2@@ZV?$list2@V?$value@V?$shared_ptr@Udata@worker_thread@RBX@@@boost@@@_bi@boost@@V?$value@V?$function0@W4work_result@worker_thread@RBX@@V?$allocator@Vfunction_base@boost@@@std@@@boost@@@23@@_bi@2@@_bi@boost@@@?$function0@XV?$allocator@Vfunction_base@boost@@@std@@@boost@@AAEXV?$bind_t@XP6AXV?$shared_ptr@Udata@worker_thread@RBX@@@boost@@ABV?$function0@W4work_result@worker_thread@RBX@@V?$allocator@Vfunction_base@boost@@@std@@@2@@ZV?$list2@V?$value@V?$shared_ptr@Udata@worker_thread@RBX@@@boost@@@_bi@boost@@V?$value@V?$function0@W4work_result@worker_thread@RBX@@V?$allocator@Vfunction_base@boost@@@std@@@boost@@@23@@_bi@2@@_bi@2@@Z@4U?$basic_vtable0@XV?$allocator@Vfunction_base@boost@@@std@@@function@detail@2@A
0x102f55d0,global,??_B?1???$assign_to@V?$bind_t@XP6AXV?$shared_ptr@Udata@worker_thread@RBX@@@boost@@ABV?$function0@W4work_result@worker_thread@RBX@@V?$allocator@Vfunction_base@boost@@@std@@@2@@ZV?$list2@V?$value@V?$shared_ptr@Udata@worker_thread@RBX@@@boost@@@_bi@boost@@V?$value@V?$function0@W4work_result@worker_thread@RBX@@V?$allocator@Vfunction_base@boost@@@std@@@boost@@@23@@_bi@2@@_bi@boost@@@?$function0@XV?$allocator@Vfunction_base@boost@@@std@@@boost@@AAEXV?$bind_t@XP6AXV?$shared_ptr@Udata@worker_thread@RBX@@@boost@@ABV?$function0@W4work_result@worker_thread@RBX@@V?$allocator@Vfunction_base@boost@@@std@@@2@@ZV?$list2@V?$value@V?$shared_ptr@Udata@worker_thread@RBX@@@boost@@@_bi@boost@@V?$value@V?$function0@W4work_result@worker_thread@RBX@@V?$allocator@Vfunction_base@boost@@@std@@@boost@@@23@@_bi@2@@_bi@1@@Z@51
0x102f55fc,global,?provider@Log@RBX@@0PAVILogProvider@2@A
0x102f5600,global,?aggregateWorstSeverity@Log@RBX@@2W4Severity@12@A
0x102f5708,global,?n@?1???$doDeclare@$1?sSky@RBX@@3PADA@Name@RBX@@CAABV12@XZ@4ABV12@B
0x102f570c,global,??_B?1???$doDeclare@$1?sSky@RBX@@3PADA@Name@RBX@@CAABV01@XZ@51
0x102f5710,global,?index@?1???$doGetClassIndex@VRunService@RBX@@@ServiceProvider@RBX@@CAIXZ@4IA
0x102f5714,global,??_B?1???$doGetClassIndex@VRunService@RBX@@@ServiceProvider@RBX@@CAIXZ@51
0x102f5718,global,?flag@?1???$declare@$1?sSky@RBX@@3PADA@Name@RBX@@SAABV12@XZ@4JA
0x102f571c,global,?flag@?1???$getClassIndex@VRunService@RBX@@@ServiceProvider@RBX@@CAIXZ@4JA
0x102f5730,global,?foo@?1??classDescriptor@?$Described@VLighting@RBX@@$1?sLighting@2@3PADAV?$FactoryProduct@VLighting@RBX@@VInstance@2@$1?sLighting@2@3PADA@2@@Reflection@RBX@@SAAAVClassDescriptor@34@XZ@4V534@A
0x102f57b8,global,??_B?1??classDescriptor@?$Described@VLighting@RBX@@$1?sLighting@2@3PADAV?$FactoryProduct@VLighting@RBX@@VInstance@2@$1?sLighting@2@3PADA@2@@Reflection@RBX@@SAAAVClassDescriptor@23@XZ@51
0x102f57bc,global,?isNullClassName@?8???$find@VRunService@RBX@@@ServiceProvider@RBX@@QBEPAVRunService@2@XZ@4_NB
0x102f57c0,global,??_B?8???$find@VRunService@RBX@@@ServiceProvider@RBX@@QBEPAVRunService@1@XZ@58
0x102f57c4,global,?stored_vtable@?1???$assign_to@VGenericSlotAdapter@?$SignalDescImpl@$00$$A6AX_N@Z@Reflection@RBX@@@?$function1@X_NV?$allocator@X@std@@@boost@@AAEXVGenericSlotAdapter@?$SignalDescImpl@$00$$A6AX_N@Z@Reflection@RBX@@@Z@4U?$basic_vtable1@X_NV?$allocator@X@std@@@function@detail@2@A
0x102f57cc,global,??_B?1???$assign_to@VGenericSlotAdapter@?$SignalDescImpl@$00$$A6AX_N@Z@Reflection@RBX@@@?$function1@X_NV?$allocator@X@std@@@boost@@AAEXVGenericSlotAdapter@?$SignalDescImpl@$00$$A6AX_N@Z@Reflection@RBX@@@Z@51
0x102f57d4,global,?event_LightingChanged@Lighting@RBX@@2V?$SignalDesc@VLighting@RBX@@$$A6AX_N@Z@Reflection@2@A
0x102f59a1,global,?lockedDown@ClassDescriptor@Reflection@RBX@@2_NA
0x102f59b4,global,?type@?1???$singleton@PAVInstance@RBX@@@RefType@Reflection@RBX@@SAABVType@23@XZ@4V123@A
0x102f59c4,global,??_B?1???$singleton@PAVInstance@RBX@@@RefType@Reflection@RBX@@SAABVType@12@XZ@51
0x102f59c8,global,?staticData@?$GuidItem@VInstance@RBX@@@RBX@@0PAUStaticData@12@A
0x102f59cc,global,?flag@?1??getStaticData@?$GuidItem@VInstance@RBX@@@RBX@@CAAAUStaticData@23@XZ@4JA
0x102f59d0,global,?stored_vtable@?1???$assign_to@VGenericSlotAdapter@?$SignalDescImpl@$00$$A6AXV?$shared_ptr@VInstance@RBX@@@boost@@@Z@Reflection@RBX@@@?$function1@XV?$shared_ptr@VInstance@RBX@@@boost@@V?$allocator@X@std@@@boost@@AAEXVGenericSlotAdapter@?$SignalDescImpl@$00$$A6AXV?$shared_ptr@VInstance@RBX@@@boost@@@Z@Reflection@RBX@@@Z@4U?$basic_vtable1@XV?$shared_ptr@VInstance@RBX@@@boost@@V?$allocator@X@std@@@function@detail@2@A
0x102f59d8,global,??_B?1???$assign_to@VGenericSlotAdapter@?$SignalDescImpl@$00$$A6AXV?$shared_ptr@VInstance@RBX@@@boost@@@Z@Reflection@RBX@@@?$function1@XV?$shared_ptr@VInstance@RBX@@@boost@@V?$allocator@X@std@@@boost@@AAEXVGenericSlotAdapter@?$SignalDescImpl@$00$$A6AXV?$shared_ptr@VInstance@RBX@@@boost@@@Z@Reflection@RBX@@@Z@51
0x102f59dc,global,?stored_vtable@?1???$assign_to@VGenericSlotAdapter@?$SignalDescImpl@$00$$A6AXPBVPropertyDescriptor@Reflection@RBX@@@Z@Reflection@RBX@@@?$function1@XPBVPropertyDescriptor@Reflection@RBX@@V?$allocator@X@std@@@boost@@AAEXVGenericSlotAdapter@?$SignalDescImpl@$00$$A6AXPBVPropertyDescriptor@Reflection@RBX@@@Z@Reflection@RBX@@@Z@4U?$basic_vtable1@XPBVPropertyDescriptor@Reflection@RBX@@V?$allocator@X@std@@@function@detail@2@A
0x102f59e4,global,??_B?1???$assign_to@VGenericSlotAdapter@?$SignalDescImpl@$00$$A6AXPBVPropertyDescriptor@Reflection@RBX@@@Z@Reflection@RBX@@@?$function1@XPBVPropertyDescriptor@Reflection@RBX@@V?$allocator@X@std@@@boost@@AAEXVGenericSlotAdapter@?$SignalDescImpl@$00$$A6AXPBVPropertyDescriptor@Reflection@RBX@@@Z@Reflection@RBX@@@Z@51
0x102f59ec,global,?event_ancestryChanged@Instance@RBX@@2V?$SignalDesc@VInstance@RBX@@$$A6AXV?$shared_ptr@VInstance@RBX@@@boost@@@Z@Reflection@2@A
0x102f5a10,global,?event_childRemoved@Instance@RBX@@2V?$SignalDesc@VInstance@RBX@@$$A6AXV?$shared_ptr@VInstance@RBX@@@boost@@@Z@Reflection@2@A
0x102f5abc,global,?propParent@Instance@RBX@@2V?$RefPropDescriptor@VInstance@RBX@@V12@@Reflection@2@B
0x102f5adc,global,?desc_Name@Instance@RBX@@2V?$PropDescriptor@VInstance@RBX@@V?$basic_string@DU?$char_traits@D@std@@V?$allocator@D@2@@std@@@Reflection@2@B
0x102f5b60,global,?propArchivable@Instance@RBX@@2V?$BoundProp@_N$00@Reflection@2@A
0x102f5b7c,global,?event_descendentAdded@Instance@RBX@@2V?$SignalDesc@VInstance@RBX@@$$A6AXV?$shared_ptr@VInstance@RBX@@@boost@@@Z@Reflection@2@A
0x102f5ba0,global,?event_childAdded@Instance@RBX@@2V?$SignalDesc@VInstance@RBX@@$$A6AXV?$shared_ptr@VInstance@RBX@@@boost@@@Z@Reflection@2@A
0x102f5c28,global,?event_propertyChanged@Instance@RBX@@2V?$SignalDesc@VInstance@RBX@@$$A6AXPBVPropertyDescriptor@Reflection@2@@Z@Reflection@2@A
0x102f5c4c,global,?event_descendentRemoving@Instance@RBX@@2V?$SignalDesc@VInstance@RBX@@$$A6AXV?$shared_ptr@VInstance@RBX@@@boost@@@Z@Reflection@2@A
0x102f5cec,global,?stored_vtable@?1???$assign_to@V?$bind_t@W4work_result@worker_thread@RBX@@V?$mf0@W4work_result@worker_thread@RBX@@VContentProvider@3@@_mfi@boost@@V?$list1@V?$value@PAVContentProvider@RBX@@@_bi@boost@@@_bi@6@@_bi@boost@@@?$function0@W4work_result@worker_thread@RBX@@V?$allocator@Vfunction_base@boost@@@std@@@boost@@AAEXV?$bind_t@W4work_result@worker_thread@RBX@@V?$mf0@W4work_result@worker_thread@RBX@@VContentProvider@3@@_mfi@boost@@V?$list1@V?$value@PAVContentProvider@RBX@@@_bi@boost@@@_bi@6@@_bi@2@@Z@4U?$basic_vtable0@W4work_result@worker_thread@RBX@@V?$allocator@Vfunction_base@boost@@@std@@@function@detail@2@A
0x102f5cf4,global,??_B?1???$assign_to@V?$bind_t@W4work_result@worker_thread@RBX@@V?$mf0@W4work_result@worker_thread@RBX@@VContentProvider@3@@_mfi@boost@@V?$list1@V?$value@PAVContentProvider@RBX@@@_bi@boost@@@_bi@6@@_bi@boost@@@?$function0@W4work_result@worker_thread@RBX@@V?$allocator@Vfunction_base@boost@@@std@@@boost@@AAEXV?$bind_t@W4work_result@worker_thread@RBX@@V?$mf0@W4work_result@worker_thread@RBX@@VContentProvider@3@@_mfi@boost@@V?$list1@V?$value@PAVContentProvider@RBX@@@_bi@boost@@@_bi@6@@_bi@1@@Z@51
0x102f5cf8,global,?foo@?1??classDescriptor@?$Described@VRunService@RBX@@$1?sRunService@2@3QBDBV?$FactoryProduct@VRunService@RBX@@VInstance@2@$1?sRunService@2@3QBDB@2@@Reflection@RBX@@SAAAVClassDescriptor@34@XZ@4V534@A
0x102f5d80,global,??_B?1??classDescriptor@?$Described@VRunService@RBX@@$1?sRunService@2@3QBDBV?$FactoryProduct@VRunService@RBX@@VInstance@2@$1?sRunService@2@3QBDB@2@@Reflection@RBX@@SAAAVClassDescriptor@23@XZ@51
0x102f5d84,global,?stored_vtable@?1???$assign_to@V?$bind_t@XV?$mf1@XVRunService@RBX@@V?$shared_ptr@VDataModel@RBX@@@boost@@@_mfi@boost@@V?$list2@V?$value@V?$shared_ptr@VRunService@RBX@@@boost@@@_bi@boost@@V?$value@V?$shared_ptr@VDataModel@RBX@@@boost@@@23@@_bi@3@@_bi@boost@@@?$function0@XV?$allocator@Vfunction_base@boost@@@std@@@boost@@AAEXV?$bind_t@XV?$mf1@XVRunService@RBX@@V?$shared_ptr@VDataModel@RBX@@@boost@@@_mfi@boost@@V?$list2@V?$value@V?$shared_ptr@VRunService@RBX@@@boost@@@_bi@boost@@V?$value@V?$shared_ptr@VDataModel@RBX@@@boost@@@23@@_bi@3@@_bi@2@@Z@4U?$basic_vtable0@XV?$allocator@Vfunction_base@boost@@@std@@@function@detail@2@A
0x102f5d8c,global,??_B?1???$assign_to@V?$bind_t@XV?$mf1@XVRunService@RBX@@V?$shared_ptr@VDataModel@RBX@@@boost@@@_mfi@boost@@V?$list2@V?$value@V?$shared_ptr@VRunService@RBX@@@boost@@@_bi@boost@@V?$value@V?$shared_ptr@VDataModel@RBX@@@boost@@@23@@_bi@3@@_bi@boost@@@?$function0@XV?$allocator@Vfunction_base@boost@@@std@@@boost@@AAEXV?$bind_t@XV?$mf1@XVRunService@RBX@@V?$shared_ptr@VDataModel@RBX@@@boost@@@_mfi@boost@@V?$list2@V?$value@V?$shared_ptr@VRunService@RBX@@@boost@@@_bi@boost@@V?$value@V?$shared_ptr@VDataModel@RBX@@@boost@@@23@@_bi@3@@_bi@1@@Z@51
0x102f5d90,global,?stored_vtable@?1???$assign_to@VGenericSlotAdapter@?$SignalDescImpl@$01$$A6AXMM@Z@Reflection@RBX@@@?$function2@XMMV?$allocator@X@std@@@boost@@AAEXVGenericSlotAdapter@?$SignalDescImpl@$01$$A6AXMM@Z@Reflection@RBX@@@Z@4U?$basic_vtable2@XMMV?$allocator@X@std@@@function@detail@2@A
0x102f5d98,global,??_B?1???$assign_to@VGenericSlotAdapter@?$SignalDescImpl@$01$$A6AXMM@Z@Reflection@RBX@@@?$function2@XMMV?$allocator@X@std@@@boost@@AAEXVGenericSlotAdapter@?$SignalDescImpl@$01$$A6AXMM@Z@Reflection@RBX@@@Z@51
0x102f5d9c,global,?stored_vtable@?1???$assign_to@VGenericSlotAdapter@?$SignalDescImpl@$00$$A6AXM@Z@Reflection@RBX@@@?$function1@XMV?$allocator@X@std@@@boost@@AAEXVGenericSlotAdapter@?$SignalDescImpl@$00$$A6AXM@Z@Reflection@RBX@@@Z@4U?$basic_vtable1@XMV?$allocator@X@std@@@function@detail@2@A
0x102f5da4,global,??_B?1???$assign_to@VGenericSlotAdapter@?$SignalDescImpl@$00$$A6AXM@Z@Reflection@RBX@@@?$function1@XMV?$allocator@X@std@@@boost@@AAEXVGenericSlotAdapter@?$SignalDescImpl@$00$$A6AXM@Z@Reflection@RBX@@@Z@51
0x102f5e38,global,?event_Stepped@RunService@RBX@@2V?$SignalDesc@VRunService@RBX@@$$A6AXMM@Z@Reflection@2@A
0x102f5ec8,global,?foo@?1??classDescriptor@?$Described@VServiceProvider@RBX@@$1?sServiceProvider@2@3QBDBV?$NonFactoryProduct@VInstance@RBX@@$1?sServiceProvider@2@3QBDB@2@@Reflection@RBX@@SAAAVClassDescriptor@34@XZ@4V534@A
0x102f5f50,global,??_B?1??classDescriptor@?$Described@VServiceProvider@RBX@@$1?sServiceProvider@2@3QBDBV?$NonFactoryProduct@VInstance@RBX@@$1?sServiceProvider@2@3QBDB@2@@Reflection@RBX@@SAAAVClassDescriptor@23@XZ@51
0x102f5f60,global,?func_GetService@ServiceProvider@RBX@@0V?$BoundFuncDesc@VServiceProvider@RBX@@$$A6A?AV?$shared_ptr@VInstance@RBX@@@boost@@V?$basic_string@DU?$char_traits@D@std@@V?$allocator@D@2@@std@@@Z$00@Reflection@2@A
0x102f5f98,global,?func_service@ServiceProvider@RBX@@0V?$BoundFuncDesc@VServiceProvider@RBX@@$$A6A?AV?$shared_ptr@VInstance@RBX@@@boost@@V?$basic_string@DU?$char_traits@D@std@@V?$allocator@D@2@@std@@@Z$00@Reflection@2@A
0x102f5fd1,global,?showModelCoord@ModelInstance@RBX@@2_NA
0x102f6114,global,?n@?1???$doDeclare@$1?sPart@RBX@@3PADA@Name@RBX@@CAABV12@XZ@4ABV12@B
0x102f6118,global,??_B?1???$doDeclare@$1?sPart@RBX@@3PADA@Name@RBX@@CAABV01@XZ@51
0x102f611c,global,?n@?1???$doDeclare@$1?sHumanoid@RBX@@3PADA@Name@RBX@@CAABV12@XZ@4ABV12@B
0x102f6120,global,??_B?1???$doDeclare@$1?sHumanoid@RBX@@3PADA@Name@RBX@@CAABV01@XZ@51
0x102f6144,global,?type@?1???$singleton@PAVPartInstance@RBX@@@RefType@Reflection@RBX@@SAABVType@23@XZ@4V123@A
0x102f6154,global,??_B?1???$singleton@PAVPartInstance@RBX@@@RefType@Reflection@RBX@@SAABVType@12@XZ@51
0x102f6158,global,?flag@?1???$declare@$1?sPart@RBX@@3PADA@Name@RBX@@SAABV12@XZ@4JA
0x102f615c,global,?flag@?1???$declare@$1?sHumanoid@RBX@@3PADA@Name@RBX@@SAABV12@XZ@4JA
0x102f6160,global,?foo@?1??classDescriptor@?$Described@VPVInstance@RBX@@$1?sPVInstance@2@3QBDBVInstance@2@@Reflection@RBX@@SAAAVClassDescriptor@34@XZ@4V534@A
0x102f61e8,global,??_B?1??classDescriptor@?$Described@VPVInstance@RBX@@$1?sPVInstance@2@3QBDBVInstance@2@@Reflection@RBX@@SAAAVClassDescriptor@23@XZ@51
0x102f61f0,global,?foo@?1??classDescriptor@?$Described@VModelInstance@RBX@@$1?sModel@2@3PADAV?$FactoryProduct@VModelInstance@RBX@@VPVInstance@2@$1?sModel@2@3PADA@2@@Reflection@RBX@@SAAAVClassDescriptor@34@XZ@4V534@A
0x102f6278,global,??_B?1??classDescriptor@?$Described@VModelInstance@RBX@@$1?sModel@2@3PADAV?$FactoryProduct@VModelInstance@RBX@@VPVInstance@2@$1?sModel@2@3PADA@2@@Reflection@RBX@@SAAAVClassDescriptor@23@XZ@51
0x102f6280,global,?foo@?1??classDescriptor@?$Described@VSelection@RBX@@$1?sSelection@2@3QBDBV?$FactoryProduct@VSelection@RBX@@VInstance@2@$1?sSelection@2@3QBDB@2@@Reflection@RBX@@SAAAVClassDescriptor@34@XZ@4V534@A
0x102f6308,global,??_B?1??classDescriptor@?$Described@VSelection@RBX@@$1?sSelection@2@3QBDBV?$FactoryProduct@VSelection@RBX@@VInstance@2@$1?sSelection@2@3QBDB@2@@Reflection@RBX@@SAAAVClassDescriptor@23@XZ@51
0x102f6382,global,?vvvvv@@3_NA
0x102f6388,global,?propScriptsDisabled@ScriptContext@RBX@@2V?$BoundProp@_N$00@Reflection@2@A
0x102f63a4,global,?n@?1???$doDeclare@$1?sStatsItem@Stats@RBX@@3PADA@Name@RBX@@CAABV12@XZ@4ABV12@B
0x102f63a8,global,??_B?1???$doDeclare@$1?sStatsItem@Stats@RBX@@3PADA@Name@RBX@@CAABV01@XZ@51
0x102f63ac,global,?n@?1???$doDeclare@$1?sStats@Stats@RBX@@3PADA@Name@RBX@@CAABV12@XZ@4ABV12@B
0x102f63b0,global,??_B?1???$doDeclare@$1?sStats@Stats@RBX@@3PADA@Name@RBX@@CAABV01@XZ@51
0x102f63b4,global,?n@?1???$doDeclare@$1?sDebugSettings@RBX@@3QBDB@Name@RBX@@CAABV12@XZ@4ABV12@B
0x102f63b8,global,??_B?1???$doDeclare@$1?sDebugSettings@RBX@@3QBDB@Name@RBX@@CAABV01@XZ@51
0x102f63bc,global,?c@?1??count@?$Association@VInstance@RBX@@@RBX@@CAAAIXZ@4IA
0x102f63c0,global,?index@?1???$doGetClassIndex@VStatsService@Stats@RBX@@@ServiceProvider@RBX@@CAIXZ@4IA
0x102f63c4,global,??_B?1???$doGetClassIndex@VStatsService@Stats@RBX@@@ServiceProvider@RBX@@CAIXZ@51
0x102f63c8,global,?i@?1???$index@V?$shared_ptr@VNode@ThreadRef@Lua@RBX@@@boost@@@?$Association@VInstance@RBX@@@RBX@@ABEIXZ@4IB
0x102f63cc,global,??_B?1???$index@V?$shared_ptr@VNode@ThreadRef@Lua@RBX@@@boost@@@?$Association@VInstance@RBX@@@RBX@@ABEIXZ@51
0x102f63d0,global,?flag@?1???$declare@$1?sStatsItem@Stats@RBX@@3PADA@Name@RBX@@SAABV12@XZ@4JA
0x102f63d4,global,?flag@?1???$declare@$1?sStats@Stats@RBX@@3PADA@Name@RBX@@SAABV12@XZ@4JA
0x102f63d8,global,?flag@?1???$declare@$1?sDebugSettings@RBX@@3QBDB@Name@RBX@@SAABV12@XZ@4JA
0x102f63dc,global,?flag@?1???$getClassIndex@VStatsService@Stats@RBX@@@ServiceProvider@RBX@@CAIXZ@4JA
0x102f63e0,global,?sing@?$GlobalSettingsItem@VDebugSettings@RBX@@$1?sDebugSettings@2@3QBDB@RBX@@0PAV12@A
0x102f63e4,global,?stored_vtable@?1???$assign_to@P6AXPAVContext@Security@RBX@@@Z@?$function1@XPAVContext@Security@RBX@@V?$allocator@Vfunction_base@boost@@@std@@@boost@@AAEXP6AXPAVContext@Security@RBX@@@Z@Z@4U?$basic_vtable1@XPAVContext@Security@RBX@@V?$allocator@Vfunction_base@boost@@@std@@@function@detail@2@A
0x102f63ec,global,??_B?1???$assign_to@P6AXPAVContext@Security@RBX@@@Z@?$function1@XPAVContext@Security@RBX@@V?$allocator@Vfunction_base@boost@@@std@@@boost@@AAEXP6AXPAVContext@Security@RBX@@@Z@Z@51
0x102f63f0,global,?stored_vtable@?1???$assign_to@V?$bind_t@IP6AIABV?$vector@VValue@Reflection@RBX@@V?$allocator@VValue@Reflection@RBX@@@std@@@std@@PAUlua_State@@@ZV?$list2@V?$reference_wrapper@$$CBV?$vector@VValue@Reflection@RBX@@V?$allocator@VValue@Reflection@RBX@@@std@@@std@@@boost@@V?$arg@$00@2@@_bi@boost@@@_bi@boost@@@?$function1@IPAUlua_State@@V?$allocator@Vfunction_base@boost@@@std@@@boost@@AAEXV?$bind_t@IP6AIABV?$vector@VValue@Reflection@RBX@@V?$allocator@VValue@Reflection@RBX@@@std@@@std@@PAUlua_State@@@ZV?$list2@V?$reference_wrapper@$$CBV?$vector@VValue@Reflection@RBX@@V?$allocator@VValue@Reflection@RBX@@@std@@@std@@@boost@@V?$arg@$00@2@@_bi@boost@@@_bi@2@@Z@4U?$basic_vtable1@IPAUlua_State@@V?$allocator@Vfunction_base@boost@@@std@@@function@detail@2@A
0x102f63f8,global,??_B?1???$assign_to@V?$bind_t@IP6AIABV?$vector@VValue@Reflection@RBX@@V?$allocator@VValue@Reflection@RBX@@@std@@@std@@PAUlua_State@@@ZV?$list2@V?$reference_wrapper@$$CBV?$vector@VValue@Reflection@RBX@@V?$allocator@VValue@Reflection@RBX@@@std@@@std@@@boost@@V?$arg@$00@2@@_bi@boost@@@_bi@boost@@@?$function1@IPAUlua_State@@V?$allocator@Vfunction_base@boost@@@std@@@boost@@AAEXV?$bind_t@IP6AIABV?$vector@VValue@Reflection@RBX@@V?$allocator@VValue@Reflection@RBX@@@std@@@std@@PAUlua_State@@@ZV?$list2@V?$reference_wrapper@$$CBV?$vector@VValue@Reflection@RBX@@V?$allocator@VValue@Reflection@RBX@@@std@@@std@@@boost@@V?$arg@$00@2@@_bi@boost@@@_bi@1@@Z@51
0x102f63fc,global,?stored_vtable@?1???$assign_to@V?$bind_t@XP6AXAAV?$auto_ptr@V?$vector@VValue@Reflection@RBX@@V?$allocator@VValue@Reflection@RBX@@@std@@@std@@@std@@PAUlua_State@@I@ZV?$list3@V?$reference_wrapper@V?$auto_ptr@V?$vector@VValue@Reflection@RBX@@V?$allocator@VValue@Reflection@RBX@@@std@@@std@@@std@@@boost@@V?$arg@$00@2@V?$arg@$01@2@@_bi@boost@@@_bi@boost@@@?$function2@XPAUlua_State@@IV?$allocator@Vfunction_base@boost@@@std@@@boost@@AAEXV?$bind_t@XP6AXAAV?$auto_ptr@V?$vector@VValue@Reflection@RBX@@V?$allocator@VValue@Reflection@RBX@@@std@@@std@@@std@@PAUlua_State@@I@ZV?$list3@V?$reference_wrapper@V?$auto_ptr@V?$vector@VValue@Reflection@RBX@@V?$allocator@VValue@Reflection@RBX@@@std@@@std@@@std@@@boost@@V?$arg@$00@2@V?$arg@$01@2@@_bi@boost@@@_bi@2@@Z@4U?$basic_vtable2@XPAUlua_State@@IV?$allocator@Vfunction_base@boost@@@std@@@function@detail@2@A
0x102f6404,global,??_B?1???$assign_to@V?$bind_t@XP6AXAAV?$auto_ptr@V?$vector@VValue@Reflection@RBX@@V?$allocator@VValue@Reflection@RBX@@@std@@@std@@@std@@PAUlua_State@@I@ZV?$list3@V?$reference_wrapper@V?$auto_ptr@V?$vector@VValue@Reflection@RBX@@V?$allocator@VValue@Reflection@RBX@@@std@@@std@@@std@@@boost@@V?$arg@$00@2@V?$arg@$01@2@@_bi@boost@@@_bi@boost@@@?$function2@XPAUlua_State@@IV?$allocator@Vfunction_base@boost@@@std@@@boost@@AAEXV?$bind_t@XP6AXAAV?$auto_ptr@V?$vector@VValue@Reflection@RBX@@V?$allocator@VValue@Reflection@RBX@@@std@@@std@@@std@@PAUlua_State@@I@ZV?$list3@V?$reference_wrapper@V?$auto_ptr@V?$vector@VValue@Reflection@RBX@@V?$allocator@VValue@Reflection@RBX@@@std@@@std@@@std@@@boost@@V?$arg@$00@2@V?$arg@$01@2@@_bi@boost@@@_bi@1@@Z@51
0x102f6414,global,?stored_vtable@?1???$assign_to@V?$bind_t@IV?$cmf0@IVScriptContext@RBX@@@_mfi@boost@@V?$list1@V?$value@PAVScriptContext@RBX@@@_bi@boost@@@_bi@3@@_bi@boost@@@?$function0@HV?$allocator@Vfunction_base@boost@@@std@@@boost@@AAEXV?$bind_t@IV?$cmf0@IVScriptContext@RBX@@@_mfi@boost@@V?$list1@V?$value@PAVScriptContext@RBX@@@_bi@boost@@@_bi@3@@_bi@2@@Z@4U?$basic_vtable0@HV?$allocator@Vfunction_base@boost@@@std@@@function@detail@2@A
0x102f641c,global,??_B?1???$assign_to@V?$bind_t@IV?$cmf0@IVScriptContext@RBX@@@_mfi@boost@@V?$list1@V?$value@PAVScriptContext@RBX@@@_bi@boost@@@_bi@3@@_bi@boost@@@?$function0@HV?$allocator@Vfunction_base@boost@@@std@@@boost@@AAEXV?$bind_t@IV?$cmf0@IVScriptContext@RBX@@@_mfi@boost@@V?$list1@V?$value@PAVScriptContext@RBX@@@_bi@boost@@@_bi@3@@_bi@1@@Z@51
0x102f6420,global,?foo@?1??classDescriptor@?$Described@VStatsService@Stats@RBX@@$1?sStats@23@3PADAV?$NonFactoryProduct@VInstance@RBX@@$1?sStats@Stats@2@3PADA@3@@Reflection@RBX@@SAAAVClassDescriptor@34@XZ@4V534@A
0x102f64a8,global,??_B?1??classDescriptor@?$Described@VStatsService@Stats@RBX@@$1?sStats@23@3PADAV?$NonFactoryProduct@VInstance@RBX@@$1?sStats@Stats@2@3PADA@3@@Reflection@RBX@@SAAAVClassDescriptor@23@XZ@51
0x102f64ac,global,?isNullClassName@?8???$find@VStatsService@Stats@RBX@@@ServiceProvider@RBX@@QBEPAVStatsService@Stats@2@XZ@4_NB
0x102f64b0,global,??_B?8???$find@VStatsService@Stats@RBX@@@ServiceProvider@RBX@@QBEPAVStatsService@Stats@1@XZ@58
0x102f64b8,global,?foo@?1??classDescriptor@?$Described@VScriptContext@RBX@@$1?sScriptContext@2@3PADAV?$FactoryProduct@VScriptContext@RBX@@VInstance@2@$1?sScriptContext@2@3PADA@2@@Reflection@RBX@@SAAAVClassDescriptor@34@XZ@4V534@A
0x102f6540,global,??_B?1??classDescriptor@?$Described@VScriptContext@RBX@@$1?sScriptContext@2@3PADAV?$FactoryProduct@VScriptContext@RBX@@VInstance@2@$1?sScriptContext@2@3PADA@2@@Reflection@RBX@@SAAAVClassDescriptor@23@XZ@51
0x102f6548,global,?foo@?1??classDescriptor@?$Described@VItem@Stats@RBX@@$1?sStatsItem@23@3PADAV?$NonFactoryProduct@VInstance@RBX@@$1?sStatsItem@Stats@2@3PADA@3@@Reflection@RBX@@SAAAVClassDescriptor@34@XZ@4V534@A
0x102f65d0,global,??_B?1??classDescriptor@?$Described@VItem@Stats@RBX@@$1?sStatsItem@23@3PADAV?$NonFactoryProduct@VInstance@RBX@@$1?sStatsItem@Stats@2@3PADA@3@@Reflection@RBX@@SAAAVClassDescriptor@23@XZ@51
0x102f65d4,global,?stored_vtable@?1???$assign_to@U?$tss_adapter@VContext@Security@RBX@@@detail@boost@@@?$function1@XPAXV?$allocator@Vfunction_base@boost@@@std@@@boost@@AAEXU?$tss_adapter@VContext@Security@RBX@@@detail@2@@Z@4U?$basic_vtable1@XPAXV?$allocator@Vfunction_base@boost@@@std@@@function@42@A
0x102f65dc,global,??_B?1???$assign_to@U?$tss_adapter@VContext@Security@RBX@@@detail@boost@@@?$function1@XPAXV?$allocator@Vfunction_base@boost@@@std@@@boost@@AAEXU?$tss_adapter@VContext@Security@RBX@@@detail@1@@Z@51
0x102f65e0,global,?value@?1??ptr@Context@Security@RBX@@CAAAV?$thread_specific_ptr@VContext@Security@RBX@@@boost@@XZ@4V56@A
0x102f65e4,global,??_B?1??ptr@Context@Security@RBX@@CAAAV?$thread_specific_ptr@VContext@Security@RBX@@@boost@@XZ@51
0x102f65f0,global,?prop_SourceCodeId@Script@RBX@@2V?$PropDescriptor@VScript@RBX@@VContentId@2@@Reflection@2@B
0x102f660c,global,?prop_Disabled@Script@RBX@@2V?$BoundProp@_N$00@Reflection@2@A
0x102f6628,global,?prop_EmbeddedSourceCode@Script@RBX@@2V?$PropDescriptor@VScript@RBX@@V?$basic_string@DU?$char_traits@D@std@@V?$allocator@D@2@@std@@@Reflection@2@B
0x102f664c,global,?n@?1???$doDeclare@$1?sTeam@RBX@@3QBDB@Name@RBX@@CAABV12@XZ@4ABV12@B
0x102f6650,global,??_B?1???$doDeclare@$1?sTeam@RBX@@3QBDB@Name@RBX@@CAABV01@XZ@51
0x102f6654,global,?n@?1???$doDeclare@$1?sPlayer@Network@RBX@@3PADA@Name@RBX@@CAABV12@XZ@4ABV12@B
0x102f6658,global,??_B?1???$doDeclare@$1?sPlayer@Network@RBX@@3PADA@Name@RBX@@CAABV01@XZ@51
0x102f665c,global,?flag@?1???$declare@$1?sTeam@RBX@@3QBDB@Name@RBX@@SAABV12@XZ@4JA
0x102f6660,global,?flag@?1???$declare@$1?sPlayer@Network@RBX@@3PADA@Name@RBX@@SAABV12@XZ@4JA
0x102f6668,global,?foo@?1??classDescriptor@?$Described@VScript@RBX@@$1?sScript@2@3PADAV?$FactoryProduct@VScript@RBX@@VInstance@2@$1?sScript@2@3PADA@2@@Reflection@RBX@@SAAAVClassDescriptor@34@XZ@4V534@A
0x102f66f0,global,??_B?1??classDescriptor@?$Described@VScript@RBX@@$1?sScript@2@3PADAV?$FactoryProduct@VScript@RBX@@VInstance@2@$1?sScript@2@3PADA@2@@Reflection@RBX@@SAAAVClassDescriptor@23@XZ@51
0x102f66f8,global,?foo@?1??classDescriptor@?$Described@VLocalScript@RBX@@$1?sLocalScript@2@3PADAV?$FactoryProduct@VLocalScript@RBX@@VScript@2@$1?sLocalScript@2@3PADA@2@@Reflection@RBX@@SAAAVClassDescriptor@34@XZ@4V534@A
0x102f6780,global,??_B?1??classDescriptor@?$Described@VLocalScript@RBX@@$1?sLocalScript@2@3PADAV?$FactoryProduct@VLocalScript@RBX@@VScript@2@$1?sLocalScript@2@3PADA@2@@Reflection@RBX@@SAAAVClassDescriptor@23@XZ@51
0x102f6789,global,?showWorldCoord@Workspace@RBX@@2_NA
0x102f678a,global,?showHashGrid@Workspace@RBX@@2_NA
0x102f68e8,global,?n@?1???$doDeclare@$1?sControllerService@RBX@@3PADA@Name@RBX@@CAABV12@XZ@4ABV12@B
0x102f68ec,global,??_B?1???$doDeclare@$1?sControllerService@RBX@@3PADA@Name@RBX@@CAABV01@XZ@51
0x102f68f0,global,?n@?1???$doDeclare@$1?sCamera@RBX@@3PADA@Name@RBX@@CAABV12@XZ@4ABV12@B
0x102f68f4,global,??_B?1???$doDeclare@$1?sCamera@RBX@@3PADA@Name@RBX@@CAABV01@XZ@51
0x102f68f8,global,?n@?1???$doDeclare@$1?sHopperBin@RBX@@3QBDB@Name@RBX@@CAABV12@XZ@4ABV12@B
0x102f68fc,global,??_B?1???$doDeclare@$1?sHopperBin@RBX@@3QBDB@Name@RBX@@CAABV01@XZ@51
0x102f6900,global,?n@?1???$doDeclare@$1?sStarterPackService@RBX@@3QBDB@Name@RBX@@CAABV12@XZ@4ABV12@B
0x102f6904,global,??_B?1???$doDeclare@$1?sStarterPackService@RBX@@3QBDB@Name@RBX@@CAABV01@XZ@51
0x102f6908,global,?n@?1???$doDeclare@$1?sLegacyHopperService@RBX@@3QBDB@Name@RBX@@CAABV12@XZ@4ABV12@B
0x102f690c,global,??_B?1???$doDeclare@$1?sLegacyHopperService@RBX@@3QBDB@Name@RBX@@CAABV01@XZ@51
0x102f6910,global,?n@?1???$doDeclare@$1?sTool@RBX@@3QBDB@Name@RBX@@CAABV12@XZ@4ABV12@B
0x102f6914,global,??_B?1???$doDeclare@$1?sTool@RBX@@3QBDB@Name@RBX@@CAABV01@XZ@51
0x102f6918,global,?n@?1???$doDeclare@$1?sFlag@RBX@@3QBDB@Name@RBX@@CAABV12@XZ@4ABV12@B
0x102f691c,global,??_B?1???$doDeclare@$1?sFlag@RBX@@3QBDB@Name@RBX@@CAABV01@XZ@51
0x102f6920,global,?n@?1???$doDeclare@$1?sArrowTool@RBX@@3PADA@Name@RBX@@CAABV12@XZ@4ABV12@B
0x102f6924,global,??_B?1???$doDeclare@$1?sArrowTool@RBX@@3PADA@Name@RBX@@CAABV01@XZ@51
0x102f6928,global,?index@?1???$doGetClassIndex@VControllerService@RBX@@@ServiceProvider@RBX@@CAIXZ@4IA
0x102f692c,global,??_B?1???$doGetClassIndex@VControllerService@RBX@@@ServiceProvider@RBX@@CAIXZ@51
0x102f6930,global,?index@?1???$doGetClassIndex@VStarterPackService@RBX@@@ServiceProvider@RBX@@CAIXZ@4IA
0x102f6934,global,??_B?1???$doGetClassIndex@VStarterPackService@RBX@@@ServiceProvider@RBX@@CAIXZ@51
0x102f6938,global,?index@?1???$doGetClassIndex@VSelection@RBX@@@ServiceProvider@RBX@@CAIXZ@4IA
0x102f693c,global,??_B?1???$doGetClassIndex@VSelection@RBX@@@ServiceProvider@RBX@@CAIXZ@51
0x102f6940,global,?minSize@?3??resize@?$Array@PAVIRenderable@RBX@@@G3D@@QAEXH_N@Z@4HB
0x102f6944,global,??_B?3??resize@?$Array@PAVIRenderable@RBX@@@G3D@@QAEXH_N@Z@53
0x102f6948,global,?minSize@?3??resize@?$Array@PAVPrimitive@RBX@@@G3D@@QAEXH_N@Z@4HB
0x102f694c,global,??_B?3??resize@?$Array@PAVPrimitive@RBX@@@G3D@@QAEXH_N@Z@53
0x102f6950,global,?type@?1???$singleton@PAVCamera@RBX@@@RefType@Reflection@RBX@@SAABVType@23@XZ@4V123@A
0x102f6960,global,??_B?1???$singleton@PAVCamera@RBX@@@RefType@Reflection@RBX@@SAABVType@12@XZ@51
0x102f6964,global,?minSize@?3??resize@?$Array@V?$shared_ptr@VPartInstance@RBX@@@boost@@@G3D@@QAEXH_N@Z@4HB
0x102f6968,global,??_B?3??resize@?$Array@V?$shared_ptr@VPartInstance@RBX@@@boost@@@G3D@@QAEXH_N@Z@53
0x102f696c,global,?flag@?1???$declare@$1?sControllerService@RBX@@3PADA@Name@RBX@@SAABV12@XZ@4JA
0x102f6970,global,?flag@?1???$declare@$1?sCamera@RBX@@3PADA@Name@RBX@@SAABV12@XZ@4JA
0x102f6974,global,?flag@?1???$declare@$1?sHopperBin@RBX@@3QBDB@Name@RBX@@SAABV12@XZ@4JA
0x102f6978,global,?flag@?1???$declare@$1?sStarterPackService@RBX@@3QBDB@Name@RBX@@SAABV12@XZ@4JA
0x102f697c,global,?flag@?1???$declare@$1?sLegacyHopperService@RBX@@3QBDB@Name@RBX@@SAABV12@XZ@4JA
0x102f6980,global,?flag@?1???$declare@$1?sTool@RBX@@3QBDB@Name@RBX@@SAABV12@XZ@4JA
0x102f6984,global,?flag@?1???$declare@$1?sFlag@RBX@@3QBDB@Name@RBX@@SAABV12@XZ@4JA
0x102f6988,global,?flag@?1???$declare@$1?sArrowTool@RBX@@3PADA@Name@RBX@@SAABV12@XZ@4JA
0x102f698c,global,?flag@?1???$getClassIndex@VControllerService@RBX@@@ServiceProvider@RBX@@CAIXZ@4JA
0x102f6990,global,?flag@?1???$getClassIndex@VStarterPackService@RBX@@@ServiceProvider@RBX@@CAIXZ@4JA
0x102f6994,global,?flag@?1???$getClassIndex@VSelection@RBX@@@ServiceProvider@RBX@@CAIXZ@4JA
0x102f6998,global,?stored_vtable@?1???$assign_to@V?$bind_t@NP6ANPAVCodeProfiler@Profiling@RBX@@@ZV?$list1@V?$value@PAVCodeProfiler@Profiling@RBX@@@_bi@boost@@@_bi@boost@@@_bi@boost@@@?$function0@NV?$allocator@Vfunction_base@boost@@@std@@@boost@@AAEXV?$bind_t@NP6ANPAVCodeProfiler@Profiling@RBX@@@ZV?$list1@V?$value@PAVCodeProfiler@Profiling@RBX@@@_bi@boost@@@_bi@boost@@@_bi@2@@Z@4U?$basic_vtable0@NV?$allocator@Vfunction_base@boost@@@std@@@function@detail@2@A
0x102f69a0,global,??_B?1???$assign_to@V?$bind_t@NP6ANPAVCodeProfiler@Profiling@RBX@@@ZV?$list1@V?$value@PAVCodeProfiler@Profiling@RBX@@@_bi@boost@@@_bi@boost@@@_bi@boost@@@?$function0@NV?$allocator@Vfunction_base@boost@@@std@@@boost@@AAEXV?$bind_t@NP6ANPAVCodeProfiler@Profiling@RBX@@@ZV?$list1@V?$value@PAVCodeProfiler@Profiling@RBX@@@_bi@boost@@@_bi@boost@@@_bi@1@@Z@51
0x102f69a4,global,?isNullClassName@?8???$find@VStarterPackService@RBX@@@ServiceProvider@RBX@@QBEPAVStarterPackService@2@XZ@4_NB
0x102f69a8,global,??_B?8???$find@VStarterPackService@RBX@@@ServiceProvider@RBX@@QBEPAVStarterPackService@1@XZ@58
0x102f69ac,global,?isNullClassName@?8???$find@VSelection@RBX@@@ServiceProvider@RBX@@QBEPAVSelection@2@XZ@4_NB
0x102f69b0,global,??_B?8???$find@VSelection@RBX@@@ServiceProvider@RBX@@QBEPAVSelection@1@XZ@58
0x102f69b4,global,?isNullClassName@?8???$find@VControllerService@RBX@@@ServiceProvider@RBX@@QBEPAVControllerService@2@XZ@4_NB
0x102f69b8,global,??_B?8???$find@VControllerService@RBX@@@ServiceProvider@RBX@@QBEPAVControllerService@1@XZ@58
0x102f69bc,global,?stored_vtable@?1???$assign_to@V?$bind_t@HV?$cmf0@HVWorld@RBX@@@_mfi@boost@@V?$list1@V?$value@PBVWorld@RBX@@@_bi@boost@@@_bi@3@@_bi@boost@@@?$function0@HV?$allocator@Vfunction_base@boost@@@std@@@boost@@AAEXV?$bind_t@HV?$cmf0@HVWorld@RBX@@@_mfi@boost@@V?$list1@V?$value@PBVWorld@RBX@@@_bi@boost@@@_bi@3@@_bi@2@@Z@4U?$basic_vtable0@HV?$allocator@Vfunction_base@boost@@@std@@@function@detail@2@A
0x102f69c4,global,??_B?1???$assign_to@V?$bind_t@HV?$cmf0@HVWorld@RBX@@@_mfi@boost@@V?$list1@V?$value@PBVWorld@RBX@@@_bi@boost@@@_bi@3@@_bi@boost@@@?$function0@HV?$allocator@Vfunction_base@boost@@@std@@@boost@@AAEXV?$bind_t@HV?$cmf0@HVWorld@RBX@@@_mfi@boost@@V?$list1@V?$value@PBVWorld@RBX@@@_bi@boost@@@_bi@3@@_bi@1@@Z@51
0x102f69c8,global,?stored_vtable@?1???$assign_to@V?$bind_t@HV?$cmf1@HVWorld@RBX@@W4MetricType@IWorldStage@2@@_mfi@boost@@V?$list2@V?$value@PBVWorld@RBX@@@_bi@boost@@V?$value@W4MetricType@IWorldStage@RBX@@@23@@_bi@3@@_bi@boost@@@?$function0@HV?$allocator@Vfunction_base@boost@@@std@@@boost@@AAEXV?$bind_t@HV?$cmf1@HVWorld@RBX@@W4MetricType@IWorldStage@2@@_mfi@boost@@V?$list2@V?$value@PBVWorld@RBX@@@_bi@boost@@V?$value@W4MetricType@IWorldStage@RBX@@@23@@_bi@3@@_bi@2@@Z@4U?$basic_vtable0@HV?$allocator@Vfunction_base@boost@@@std@@@function@detail@2@A
0x102f69d0,global,??_B?1???$assign_to@V?$bind_t@HV?$cmf1@HVWorld@RBX@@W4MetricType@IWorldStage@2@@_mfi@boost@@V?$list2@V?$value@PBVWorld@RBX@@@_bi@boost@@V?$value@W4MetricType@IWorldStage@RBX@@@23@@_bi@3@@_bi@boost@@@?$function0@HV?$allocator@Vfunction_base@boost@@@std@@@boost@@AAEXV?$bind_t@HV?$cmf1@HVWorld@RBX@@W4MetricType@IWorldStage@2@@_mfi@boost@@V?$list2@V?$value@PBVWorld@RBX@@@_bi@boost@@V?$value@W4MetricType@IWorldStage@RBX@@@23@@_bi@3@@_bi@1@@Z@51
0x102f69d8,global,?foo@?1??classDescriptor@?$Described@VRootInstance@RBX@@$1?sRootInstance@2@3PADAVModelInstance@2@@Reflection@RBX@@SAAAVClassDescriptor@34@XZ@4V534@A
0x102f6a60,global,??_B?1??classDescriptor@?$Described@VRootInstance@RBX@@$1?sRootInstance@2@3PADAVModelInstance@2@@Reflection@RBX@@SAAAVClassDescriptor@23@XZ@51
0x102f6a68,global,?foo@?1??classDescriptor@?$Described@VWorkspace@RBX@@$1?sWorkspace@2@3PADAV?$NonFactoryProduct@VRootInstance@RBX@@$1?sWorkspace@2@3PADA@2@@Reflection@RBX@@SAAAVClassDescriptor@34@XZ@4V534@A
0x102f6af0,global,??_B?1??classDescriptor@?$Described@VWorkspace@RBX@@$1?sWorkspace@2@3PADAV?$NonFactoryProduct@VRootInstance@RBX@@$1?sWorkspace@2@3PADA@2@@Reflection@RBX@@SAAAVClassDescriptor@23@XZ@51
0x102f6af4,global,?validatingDebug@Debugable@RBX@@2_NA
0x102f6b0c,global,?n@?1???$doDeclare@$1?sServiceProvider@RBX@@3QBDB@Name@RBX@@CAABV12@XZ@4ABV12@B
0x102f6b10,global,??_B?1???$doDeclare@$1?sServiceProvider@RBX@@3QBDB@Name@RBX@@CAABV01@XZ@51
0x102f6b14,global,?n@?1???$doDeclare@$0A@@Name@RBX@@CAABV12@XZ@4ABV12@B
0x102f6b18,global,??_B?1???$doDeclare@$0A@@Name@RBX@@CAABV01@XZ@51
0x102f6b1c,global,?n@?1???$doDeclare@$1?sLocalBackpackItem@RBX@@3QBDB@Name@RBX@@CAABV12@XZ@4ABV12@B
0x102f6b20,global,??_B?1???$doDeclare@$1?sLocalBackpackItem@RBX@@3QBDB@Name@RBX@@CAABV01@XZ@51
0x102f6b24,global,?n@?1???$doDeclare@$1?sLocalBackpack@RBX@@3QBDB@Name@RBX@@CAABV12@XZ@4ABV12@B
0x102f6b28,global,??_B?1???$doDeclare@$1?sLocalBackpack@RBX@@3QBDB@Name@RBX@@CAABV01@XZ@51
0x102f6b2c,global,?n@?1???$doDeclare@$1?sSnap@RBX@@3QBDB@Name@RBX@@CAABV12@XZ@4ABV12@B
0x102f6b30,global,??_B?1???$doDeclare@$1?sSnap@RBX@@3QBDB@Name@RBX@@CAABV01@XZ@51
0x102f6b34,global,?n@?1???$doDeclare@$1?sWeld@RBX@@3QBDB@Name@RBX@@CAABV12@XZ@4ABV12@B
0x102f6b38,global,??_B?1???$doDeclare@$1?sWeld@RBX@@3QBDB@Name@RBX@@CAABV01@XZ@51
0x102f6b3c,global,?n@?1???$doDeclare@$1?sGlue@RBX@@3QBDB@Name@RBX@@CAABV12@XZ@4ABV12@B
0x102f6b40,global,??_B?1???$doDeclare@$1?sGlue@RBX@@3QBDB@Name@RBX@@CAABV01@XZ@51
0x102f6b44,global,?n@?1???$doDeclare@$1?sRotate@RBX@@3QBDB@Name@RBX@@CAABV12@XZ@4ABV12@B
0x102f6b48,global,??_B?1???$doDeclare@$1?sRotate@RBX@@3QBDB@Name@RBX@@CAABV01@XZ@51
0x102f6b4c,global,?n@?1???$doDeclare@$1?sRotateP@RBX@@3QBDB@Name@RBX@@CAABV12@XZ@4ABV12@B
0x102f6b50,global,??_B?1???$doDeclare@$1?sRotateP@RBX@@3QBDB@Name@RBX@@CAABV01@XZ@51
0x102f6b54,global,?n@?1???$doDeclare@$1?sRotateV@RBX@@3QBDB@Name@RBX@@CAABV12@XZ@4ABV12@B
0x102f6b58,global,??_B?1???$doDeclare@$1?sRotateV@RBX@@3QBDB@Name@RBX@@CAABV01@XZ@51
0x102f6b5c,global,?n@?1???$doDeclare@$1?sMotor@RBX@@3QBDB@Name@RBX@@CAABV12@XZ@4ABV12@B
0x102f6b60,global,??_B?1???$doDeclare@$1?sMotor@RBX@@3QBDB@Name@RBX@@CAABV01@XZ@51
0x102f6b64,global,?n@?1???$doDeclare@$1?sBackpack@RBX@@3QBDB@Name@RBX@@CAABV12@XZ@4ABV12@B
0x102f6b68,global,??_B?1???$doDeclare@$1?sBackpack@RBX@@3QBDB@Name@RBX@@CAABV01@XZ@51
0x102f6b6c,global,?n@?1???$doDeclare@$1?sTeams@RBX@@3QBDB@Name@RBX@@CAABV12@XZ@4ABV12@B
0x102f6b70,global,??_B?1???$doDeclare@$1?sTeams@RBX@@3QBDB@Name@RBX@@CAABV01@XZ@51
0x102f6b74,global,?n@?1???$doDeclare@$1?sAccoutrement@RBX@@3QBDB@Name@RBX@@CAABV12@XZ@4ABV12@B
0x102f6b78,global,??_B?1???$doDeclare@$1?sAccoutrement@RBX@@3QBDB@Name@RBX@@CAABV01@XZ@51
0x102f6b7c,global,?n@?1???$doDeclare@$1?sHat@RBX@@3QBDB@Name@RBX@@CAABV12@XZ@4ABV12@B
0x102f6b80,global,??_B?1???$doDeclare@$1?sHat@RBX@@3QBDB@Name@RBX@@CAABV01@XZ@51
0x102f6b84,global,?n@?1???$doDeclare@$1?sPlayers@Network@RBX@@3PADA@Name@RBX@@CAABV12@XZ@4ABV12@B
0x102f6b88,global,??_B?1???$doDeclare@$1?sPlayers@Network@RBX@@3PADA@Name@RBX@@CAABV01@XZ@51
0x102f6b8c,global,?index@?1???$doGetClassIndex@VLocalBackpack@RBX@@@ServiceProvider@RBX@@CAIXZ@4IA
0x102f6b90,global,??_B?1???$doGetClassIndex@VLocalBackpack@RBX@@@ServiceProvider@RBX@@CAIXZ@51
0x102f6b94,global,?index@?1???$doGetClassIndex@VSoundService@Soundscape@RBX@@@ServiceProvider@RBX@@CAIXZ@4IA
0x102f6b98,global,??_B?1???$doGetClassIndex@VSoundService@Soundscape@RBX@@@ServiceProvider@RBX@@CAIXZ@51
0x102f6b9c,global,?index@?1???$doGetClassIndex@VJointsService@RBX@@@ServiceProvider@RBX@@CAIXZ@4IA
0x102f6ba0,global,??_B?1???$doGetClassIndex@VJointsService@RBX@@@ServiceProvider@RBX@@CAIXZ@51
0x102f6ba4,global,?index@?1???$doGetClassIndex@VPlayers@Network@RBX@@@ServiceProvider@RBX@@CAIXZ@4IA
0x102f6ba8,global,??_B?1???$doGetClassIndex@VPlayers@Network@RBX@@@ServiceProvider@RBX@@CAIXZ@51
0x102f6bac,global,?index@?1???$doGetClassIndex@VTeams@RBX@@@ServiceProvider@RBX@@CAIXZ@4IA
0x102f6bb0,global,??_B?1???$doGetClassIndex@VTeams@RBX@@@ServiceProvider@RBX@@CAIXZ@51
0x102f6bb4,global,?flag@?1???$declare@$1?sServiceProvider@RBX@@3QBDB@Name@RBX@@SAABV12@XZ@4JA
0x102f6bb8,global,?flag@?1???$declare@$0A@@Name@RBX@@SAABV12@XZ@4JA
0x102f6bbc,global,?flag@?1???$declare@$1?sLocalBackpackItem@RBX@@3QBDB@Name@RBX@@SAABV12@XZ@4JA
0x102f6bc0,global,?flag@?1???$declare@$1?sLocalBackpack@RBX@@3QBDB@Name@RBX@@SAABV12@XZ@4JA
0x102f6bc4,global,?flag@?1???$declare@$1?sSnap@RBX@@3QBDB@Name@RBX@@SAABV12@XZ@4JA
0x102f6bc8,global,?flag@?1???$declare@$1?sWeld@RBX@@3QBDB@Name@RBX@@SAABV12@XZ@4JA
0x102f6bcc,global,?flag@?1???$declare@$1?sGlue@RBX@@3QBDB@Name@RBX@@SAABV12@XZ@4JA
0x102f6bd0,global,?flag@?1???$declare@$1?sRotate@RBX@@3QBDB@Name@RBX@@SAABV12@XZ@4JA
0x102f6bd4,global,?flag@?1???$declare@$1?sRotateP@RBX@@3QBDB@Name@RBX@@SAABV12@XZ@4JA
0x102f6bd8,global,?flag@?1???$declare@$1?sRotateV@RBX@@3QBDB@Name@RBX@@SAABV12@XZ@4JA
0x102f6bdc,global,?flag@?1???$declare@$1?sMotor@RBX@@3QBDB@Name@RBX@@SAABV12@XZ@4JA
0x102f6be0,global,?flag@?1???$declare@$1?sBackpack@RBX@@3QBDB@Name@RBX@@SAABV12@XZ@4JA
0x102f6be4,global,?flag@?1???$declare@$1?sTeams@RBX@@3QBDB@Name@RBX@@SAABV12@XZ@4JA
0x102f6be8,global,?flag@?1???$declare@$1?sAccoutrement@RBX@@3QBDB@Name@RBX@@SAABV12@XZ@4JA
0x102f6bec,global,?flag@?1???$declare@$1?sHat@RBX@@3QBDB@Name@RBX@@SAABV12@XZ@4JA
0x102f6bf0,global,?flag@?1???$declare@$1?sPlayers@Network@RBX@@3PADA@Name@RBX@@SAABV12@XZ@4JA
0x102f6bf4,global,?flag@?1???$getClassIndex@VLocalBackpack@RBX@@@ServiceProvider@RBX@@CAIXZ@4JA
0x102f6bf8,global,?flag@?1???$getClassIndex@VSoundService@Soundscape@RBX@@@ServiceProvider@RBX@@CAIXZ@4JA
0x102f6bfc,global,?flag@?1???$getClassIndex@VJointsService@RBX@@@ServiceProvider@RBX@@CAIXZ@4JA
0x102f6c00,global,?flag@?1???$getClassIndex@VPlayers@Network@RBX@@@ServiceProvider@RBX@@CAIXZ@4JA
0x102f6c04,global,?flag@?1???$getClassIndex@VTeams@RBX@@@ServiceProvider@RBX@@CAIXZ@4JA
0x102f6c08,global,?isNullClassName@?8???$find@VLocalBackpack@RBX@@@ServiceProvider@RBX@@QBEPAVLocalBackpack@2@XZ@4_NB
0x102f6c0c,global,??_B?8???$find@VLocalBackpack@RBX@@@ServiceProvider@RBX@@QBEPAVLocalBackpack@1@XZ@58
0x102f6c10,global,?isNullClassName@?8???$find@VSoundService@Soundscape@RBX@@@ServiceProvider@RBX@@QBEPAVSoundService@Soundscape@2@XZ@4_NB
0x102f6c14,global,??_B?8???$find@VSoundService@Soundscape@RBX@@@ServiceProvider@RBX@@QBEPAVSoundService@Soundscape@1@XZ@58
0x102f6c18,global,?isNullClassName@?8???$find@VJointsService@RBX@@@ServiceProvider@RBX@@QBEPAVJointsService@2@XZ@4_NB
0x102f6c1c,global,??_B?8???$find@VJointsService@RBX@@@ServiceProvider@RBX@@QBEPAVJointsService@1@XZ@58
0x102f6c20,global,?isNullClassName@?8???$find@VTeams@RBX@@@ServiceProvider@RBX@@QBEPAVTeams@2@XZ@4_NB
0x102f6c24,global,??_B?8???$find@VTeams@RBX@@@ServiceProvider@RBX@@QBEPAVTeams@1@XZ@58
0x102f6c28,global,?isNullClassName@?8???$find@VPlayers@Network@RBX@@@ServiceProvider@RBX@@QBEPAVPlayers@Network@2@XZ@4_NB
0x102f6c2c,global,??_B?8???$find@VPlayers@Network@RBX@@@ServiceProvider@RBX@@QBEPAVPlayers@Network@1@XZ@58
0x102f6c30,global,?foo@?1??classDescriptor@?$Described@VDataModel@RBX@@$1?sDataModel@2@3QBDBV?$NonFactoryProduct@VServiceProvider@RBX@@$1?sDataModel@2@3QBDB@2@@Reflection@RBX@@SAAAVClassDescriptor@34@XZ@4V534@A
0x102f6cb8,global,??_B?1??classDescriptor@?$Described@VDataModel@RBX@@$1?sDataModel@2@3QBDBV?$NonFactoryProduct@VServiceProvider@RBX@@$1?sDataModel@2@3QBDB@2@@Reflection@RBX@@SAAAVClassDescriptor@23@XZ@51
0x102f6cd4,global,?n@?1???$doDeclare@$1?sDataModel@RBX@@3QBDB@Name@RBX@@CAABV12@XZ@4ABV12@B
0x102f6cd8,global,??_B?1???$doDeclare@$1?sDataModel@RBX@@3QBDB@Name@RBX@@CAABV01@XZ@51
0x102f6cdc,global,?flag@?1???$declare@$1?sDataModel@RBX@@3QBDB@Name@RBX@@SAABV12@XZ@4JA
0x102f6ce0,global,?stored_vtable@?1???$assign_to@VGenericSlotAdapter@?$SignalDescImpl@$0A@$$A6AXXZ@Reflection@RBX@@@?$function0@XV?$allocator@X@std@@@boost@@AAEXVGenericSlotAdapter@?$SignalDescImpl@$0A@$$A6AXXZ@Reflection@RBX@@@Z@4U?$basic_vtable0@XV?$allocator@X@std@@@function@detail@2@A
0x102f6ce8,global,??_B?1???$assign_to@VGenericSlotAdapter@?$SignalDescImpl@$0A@$$A6AXXZ@Reflection@RBX@@@?$function0@XV?$allocator@X@std@@@boost@@AAEXVGenericSlotAdapter@?$SignalDescImpl@$0A@$$A6AXXZ@Reflection@RBX@@@Z@51
0x102f6f89,global,?soundDisabled@SoundService@Soundscape@RBX@@2_NA
0x102f6fdc,global,?sound_desc_playOnRemove@SoundChannel@Soundscape@RBX@@2V?$BoundProp@_N$00@Reflection@3@A
0x102f7080,global,?prop_rolloffscale@SoundService@Soundscape@RBX@@2V?$BoundProp@M$00@Reflection@3@A
0x102f709c,global,?prop_distancefactor@SoundService@Soundscape@RBX@@2V?$BoundProp@M$00@Reflection@3@A
0x102f7108,global,?prop_dopplerscale@SoundService@Soundscape@RBX@@2V?$BoundProp@M$00@Reflection@3@A
0x102f7124,global,?prop_AmbientReverb@SoundService@Soundscape@RBX@@2V?$EnumPropDescriptor@VSoundService@Soundscape@RBX@@W4ReverbType@23@@Reflection@3@A
0x102f7160,global,?n@?1???$doDeclare@$1?sGameSettings@RBX@@3QBDB@Name@RBX@@CAABV12@XZ@4ABV12@B
0x102f7164,global,??_B?1???$doDeclare@$1?sGameSettings@RBX@@3QBDB@Name@RBX@@CAABV01@XZ@51
0x102f7168,global,?n@?1???$doDeclare@$1?sStockSound@@3PADA@Name@RBX@@CAABV12@XZ@4ABV12@B
0x102f716c,global,??_B?1???$doDeclare@$1?sStockSound@@3PADA@Name@RBX@@CAABV01@XZ@51
0x102f7170,global,?flag@?1???$declare@$1?sGameSettings@RBX@@3QBDB@Name@RBX@@SAABV12@XZ@4JA
0x102f7174,global,?flag@?1???$declare@$1?sStockSound@@3PADA@Name@RBX@@SAABV12@XZ@4JA
0x102f7178,global,?sing@?$GlobalSettingsItem@VGameSettings@RBX@@$1?sGameSettings@2@3QBDB@RBX@@0PAV12@A
0x102f7188,global,?foo@?1??classDescriptor@?$Described@VSoundService@Soundscape@RBX@@$1?sSoundService@23@3PADAV?$FactoryProduct@VSoundService@Soundscape@RBX@@VInstance@3@$1?sSoundService@23@3PADA@3@@Reflection@RBX@@SAAAVClassDescriptor@34@XZ@4V534@A
0x102f7210,global,??_B?1??classDescriptor@?$Described@VSoundService@Soundscape@RBX@@$1?sSoundService@23@3PADAV?$FactoryProduct@VSoundService@Soundscape@RBX@@VInstance@3@$1?sSoundService@23@3PADA@3@@Reflection@RBX@@SAAAVClassDescriptor@23@XZ@51
0x102f7218,global,?foo@?1??classDescriptor@?$Described@VSoundChannel@Soundscape@RBX@@$1?sSoundChannel@23@3PADAV?$FactoryProduct@VSoundChannel@Soundscape@RBX@@VInstance@3@$1?sSoundChannel@23@3PADA@3@@Reflection@RBX@@SAAAVClassDescriptor@34@XZ@4V534@A
0x102f72a0,global,??_B?1??classDescriptor@?$Described@VSoundChannel@Soundscape@RBX@@$1?sSoundChannel@23@3PADAV?$FactoryProduct@VSoundChannel@Soundscape@RBX@@VInstance@3@$1?sSoundChannel@23@3PADA@3@@Reflection@RBX@@SAAAVClassDescriptor@23@XZ@51
0x102f72a8,global,?foo@?1??classDescriptor@?$Described@VStockSound@@$1?sStockSound@@3PADAV?$FactoryProduct@VStockSound@@VSoundChannel@Soundscape@RBX@@$1?sStockSound@@3PADA@RBX@@@Reflection@RBX@@SAAAVClassDescriptor@34@XZ@4V534@A
0x102f7330,global,??_B?1??classDescriptor@?$Described@VStockSound@@$1?sStockSound@@3PADAV?$FactoryProduct@VStockSound@@VSoundChannel@Soundscape@RBX@@$1?sStockSound@@3PADA@RBX@@@Reflection@RBX@@SAAAVClassDescriptor@23@XZ@51
0x102f7338,global,?s@?1??singleton@?$EnumDesc@W4ReverbType@Soundscape@RBX@@@Reflection@RBX@@SAABV234@XZ@4V234@A
0x102f73d0,global,??_B?1??singleton@?$EnumDesc@W4ReverbType@Soundscape@RBX@@@Reflection@RBX@@SAABV123@XZ@51
0x102f73d8,global,?s@?1??singleton@?$EnumDesc@W4SoundType@RBX@@@Reflection@RBX@@SAABV234@XZ@4V234@A
0x102f7470,global,??_B?1??singleton@?$EnumDesc@W4SoundType@RBX@@@Reflection@RBX@@SAABV123@XZ@51
0x102f7474,global,?markTlsIndex@Mark@Profiling@RBX@@2KA
0x102f7478,global,?n@?1???$doDeclare@$1?sShirtGraphic@RBX@@3QBDB@Name@RBX@@CAABV12@XZ@4ABV12@B
0x102f747c,global,??_B?1???$doDeclare@$1?sShirtGraphic@RBX@@3QBDB@Name@RBX@@CAABV01@XZ@51
0x102f7480,global,?n@?1???$doDeclare@$1?sShirt@RBX@@3QBDB@Name@RBX@@CAABV12@XZ@4ABV12@B
0x102f7484,global,??_B?1???$doDeclare@$1?sShirt@RBX@@3QBDB@Name@RBX@@CAABV01@XZ@51
0x102f7488,global,?n@?1???$doDeclare@$1?sBodyColors@RBX@@3QBDB@Name@RBX@@CAABV12@XZ@4ABV12@B
0x102f748c,global,??_B?1???$doDeclare@$1?sBodyColors@RBX@@3QBDB@Name@RBX@@CAABV01@XZ@51
0x102f7490,global,?n@?1???$doDeclare@$1?sSkin@RBX@@3QBDB@Name@RBX@@CAABV12@XZ@4ABV12@B
0x102f7494,global,??_B?1???$doDeclare@$1?sSkin@RBX@@3QBDB@Name@RBX@@CAABV01@XZ@51
0x102f7498,global,?n@?1???$doDeclare@$1?sExplosion@RBX@@3PADA@Name@RBX@@CAABV12@XZ@4ABV12@B
0x102f749c,global,??_B?1???$doDeclare@$1?sExplosion@RBX@@3PADA@Name@RBX@@CAABV01@XZ@51
0x102f74a0,global,?n@?1???$doDeclare@$1?sMotorFeature@RBX@@3QBDB@Name@RBX@@CAABV12@XZ@4ABV12@B
0x102f74a4,global,??_B?1???$doDeclare@$1?sMotorFeature@RBX@@3QBDB@Name@RBX@@CAABV01@XZ@51
0x102f74a8,global,?n@?1???$doDeclare@$1?sHole@RBX@@3QBDB@Name@RBX@@CAABV12@XZ@4ABV12@B
0x102f74ac,global,??_B?1???$doDeclare@$1?sHole@RBX@@3QBDB@Name@RBX@@CAABV01@XZ@51
0x102f74b0,global,?n@?1???$doDeclare@$1?sVelocityMotor@RBX@@3QBDB@Name@RBX@@CAABV12@XZ@4ABV12@B
0x102f74b4,global,??_B?1???$doDeclare@$1?sVelocityMotor@RBX@@3QBDB@Name@RBX@@CAABV01@XZ@51
0x102f74b8,global,?n@?1???$doDeclare@$1?sFlagStand@RBX@@3PADA@Name@RBX@@CAABV12@XZ@4ABV12@B
0x102f74bc,global,??_B?1???$doDeclare@$1?sFlagStand@RBX@@3PADA@Name@RBX@@CAABV01@XZ@51
0x102f74c0,global,?n@?1???$doDeclare@$1?sFlagStandService@RBX@@3QBDB@Name@RBX@@CAABV12@XZ@4ABV12@B
0x102f74c4,global,??_B?1???$doDeclare@$1?sFlagStandService@RBX@@3QBDB@Name@RBX@@CAABV01@XZ@51
0x102f74c8,global,?n@?1???$doDeclare@$1?sForceField@RBX@@3PADA@Name@RBX@@CAABV12@XZ@4ABV12@B
0x102f74cc,global,??_B?1???$doDeclare@$1?sForceField@RBX@@3PADA@Name@RBX@@CAABV01@XZ@51
0x102f74d0,global,?n@?1???$doDeclare@$1?sGeometryService@RBX@@3PADA@Name@RBX@@CAABV12@XZ@4ABV12@B
0x102f74d4,global,??_B?1???$doDeclare@$1?sGeometryService@RBX@@3PADA@Name@RBX@@CAABV01@XZ@51
0x102f74d8,global,?n@?1???$doDeclare@$1?sBodyGyro@RBX@@3PADA@Name@RBX@@CAABV12@XZ@4ABV12@B
0x102f74dc,global,??_B?1???$doDeclare@$1?sBodyGyro@RBX@@3PADA@Name@RBX@@CAABV01@XZ@51
0x102f74e0,global,?n@?1???$doDeclare@$1?sBodyForce@RBX@@3PADA@Name@RBX@@CAABV12@XZ@4ABV12@B
0x102f74e4,global,??_B?1???$doDeclare@$1?sBodyForce@RBX@@3PADA@Name@RBX@@CAABV01@XZ@51
0x102f74e8,global,?n@?1???$doDeclare@$1?sBodyThrust@RBX@@3PADA@Name@RBX@@CAABV12@XZ@4ABV12@B
0x102f74ec,global,??_B?1???$doDeclare@$1?sBodyThrust@RBX@@3PADA@Name@RBX@@CAABV01@XZ@51
0x102f74f0,global,?n@?1???$doDeclare@$1?sBodyPosition@RBX@@3PADA@Name@RBX@@CAABV12@XZ@4ABV12@B
0x102f74f4,global,??_B?1???$doDeclare@$1?sBodyPosition@RBX@@3PADA@Name@RBX@@CAABV01@XZ@51
0x102f74f8,global,?n@?1???$doDeclare@$1?sBodyVelocity@RBX@@3PADA@Name@RBX@@CAABV12@XZ@4ABV12@B
0x102f74fc,global,??_B?1???$doDeclare@$1?sBodyVelocity@RBX@@3PADA@Name@RBX@@CAABV01@XZ@51
0x102f7500,global,?n@?1???$doDeclare@$1?sRocket@RBX@@3PADA@Name@RBX@@CAABV12@XZ@4ABV12@B
0x102f7504,global,??_B?1???$doDeclare@$1?sRocket@RBX@@3PADA@Name@RBX@@CAABV01@XZ@51
0x102f7508,global,?n@?1???$doDeclare@$1?sMessage@RBX@@3PADA@Name@RBX@@CAABV12@XZ@4ABV12@B
0x102f750c,global,??_B?1???$doDeclare@$1?sMessage@RBX@@3PADA@Name@RBX@@CAABV01@XZ@51
0x102f7510,global,?n@?1???$doDeclare@$1?sHint@RBX@@3PADA@Name@RBX@@CAABV12@XZ@4ABV12@B
0x102f7514,global,??_B?1???$doDeclare@$1?sHint@RBX@@3PADA@Name@RBX@@CAABV01@XZ@51
0x102f7518,global,?n@?1???$doDeclare@$1?sObjectValue@RBX@@3PADA@Name@RBX@@CAABV12@XZ@4ABV12@B
0x102f751c,global,??_B?1???$doDeclare@$1?sObjectValue@RBX@@3PADA@Name@RBX@@CAABV01@XZ@51
0x102f7520,global,?n@?1???$doDeclare@$1?sVisit@RBX@@3PADA@Name@RBX@@CAABV12@XZ@4ABV12@B
0x102f7524,global,??_B?1???$doDeclare@$1?sVisit@RBX@@3PADA@Name@RBX@@CAABV01@XZ@51
0x102f7528,global,?n@?1???$doDeclare@$1?sDebrisService@RBX@@3PADA@Name@RBX@@CAABV12@XZ@4ABV12@B
0x102f752c,global,??_B?1???$doDeclare@$1?sDebrisService@RBX@@3PADA@Name@RBX@@CAABV01@XZ@51
0x102f7530,global,?n@?1???$doDeclare@$1?sTimerService@RBX@@3PADA@Name@RBX@@CAABV12@XZ@4ABV12@B
0x102f7534,global,??_B?1???$doDeclare@$1?sTimerService@RBX@@3PADA@Name@RBX@@CAABV01@XZ@51
0x102f7538,global,?n@?1???$doDeclare@$1?sSeat@RBX@@3PADA@Name@RBX@@CAABV12@XZ@4ABV12@B
0x102f753c,global,??_B?1???$doDeclare@$1?sSeat@RBX@@3PADA@Name@RBX@@CAABV01@XZ@51
0x102f7540,global,?n@?1???$doDeclare@$1?sSpawnLocation@RBX@@3PADA@Name@RBX@@CAABV12@XZ@4ABV12@B
0x102f7544,global,??_B?1???$doDeclare@$1?sSpawnLocation@RBX@@3PADA@Name@RBX@@CAABV01@XZ@51
0x102f7548,global,?n@?1???$doDeclare@$1?sSpawnerService@RBX@@3QBDB@Name@RBX@@CAABV12@XZ@4ABV12@B
0x102f754c,global,??_B?1???$doDeclare@$1?sSpawnerService@RBX@@3QBDB@Name@RBX@@CAABV01@XZ@51
0x102f7550,global,?flag@?1???$declare@$1?sShirtGraphic@RBX@@3QBDB@Name@RBX@@SAABV12@XZ@4JA
0x102f7554,global,?flag@?1???$declare@$1?sShirt@RBX@@3QBDB@Name@RBX@@SAABV12@XZ@4JA
0x102f7558,global,?flag@?1???$declare@$1?sBodyColors@RBX@@3QBDB@Name@RBX@@SAABV12@XZ@4JA
0x102f755c,global,?flag@?1???$declare@$1?sSkin@RBX@@3QBDB@Name@RBX@@SAABV12@XZ@4JA
0x102f7560,global,?flag@?1???$declare@$1?sExplosion@RBX@@3PADA@Name@RBX@@SAABV12@XZ@4JA
0x102f7564,global,?flag@?1???$declare@$1?sMotorFeature@RBX@@3QBDB@Name@RBX@@SAABV12@XZ@4JA
0x102f7568,global,?flag@?1???$declare@$1?sHole@RBX@@3QBDB@Name@RBX@@SAABV12@XZ@4JA
0x102f756c,global,?flag@?1???$declare@$1?sVelocityMotor@RBX@@3QBDB@Name@RBX@@SAABV12@XZ@4JA
0x102f7570,global,?flag@?1???$declare@$1?sFlagStand@RBX@@3PADA@Name@RBX@@SAABV12@XZ@4JA
0x102f7574,global,?flag@?1???$declare@$1?sFlagStandService@RBX@@3QBDB@Name@RBX@@SAABV12@XZ@4JA
0x102f7578,global,?flag@?1???$declare@$1?sForceField@RBX@@3PADA@Name@RBX@@SAABV12@XZ@4JA
0x102f757c,global,?flag@?1???$declare@$1?sGeometryService@RBX@@3PADA@Name@RBX@@SAABV12@XZ@4JA
0x102f7580,global,?flag@?1???$declare@$1?sBodyGyro@RBX@@3PADA@Name@RBX@@SAABV12@XZ@4JA
0x102f7584,global,?flag@?1???$declare@$1?sBodyForce@RBX@@3PADA@Name@RBX@@SAABV12@XZ@4JA
0x102f7588,global,?flag@?1???$declare@$1?sBodyThrust@RBX@@3PADA@Name@RBX@@SAABV12@XZ@4JA
0x102f758c,global,?flag@?1???$declare@$1?sBodyPosition@RBX@@3PADA@Name@RBX@@SAABV12@XZ@4JA
0x102f7590,global,?flag@?1???$declare@$1?sBodyVelocity@RBX@@3PADA@Name@RBX@@SAABV12@XZ@4JA
0x102f7594,global,?flag@?1???$declare@$1?sRocket@RBX@@3PADA@Name@RBX@@SAABV12@XZ@4JA
0x102f7598,global,?flag@?1???$declare@$1?sMessage@RBX@@3PADA@Name@RBX@@SAABV12@XZ@4JA
0x102f759c,global,?flag@?1???$declare@$1?sHint@RBX@@3PADA@Name@RBX@@SAABV12@XZ@4JA
0x102f75a0,global,?flag@?1???$declare@$1?sObjectValue@RBX@@3PADA@Name@RBX@@SAABV12@XZ@4JA
0x102f75a4,global,?flag@?1???$declare@$1?sVisit@RBX@@3PADA@Name@RBX@@SAABV12@XZ@4JA
0x102f75a8,global,?flag@?1???$declare@$1?sDebrisService@RBX@@3PADA@Name@RBX@@SAABV12@XZ@4JA
0x102f75ac,global,?flag@?1???$declare@$1?sTimerService@RBX@@3PADA@Name@RBX@@SAABV12@XZ@4JA
0x102f75b0,global,?flag@?1???$declare@$1?sSeat@RBX@@3PADA@Name@RBX@@SAABV12@XZ@4JA
0x102f75b4,global,?flag@?1???$declare@$1?sSpawnLocation@RBX@@3PADA@Name@RBX@@SAABV12@XZ@4JA
0x102f75b8,global,?flag@?1???$declare@$1?sSpawnerService@RBX@@3QBDB@Name@RBX@@SAABV12@XZ@4JA
0x102f75c0,global,?foo@?1??classDescriptor@?$Described@VAccoutrement@RBX@@$1?sAccoutrement@2@3QBDBV?$FactoryProduct@VAccoutrement@RBX@@VInstance@2@$1?sAccoutrement@2@3QBDB@2@@Reflection@RBX@@SAAAVClassDescriptor@34@XZ@4V534@A
0x102f7648,global,??_B?1??classDescriptor@?$Described@VAccoutrement@RBX@@$1?sAccoutrement@2@3QBDBV?$FactoryProduct@VAccoutrement@RBX@@VInstance@2@$1?sAccoutrement@2@3QBDB@2@@Reflection@RBX@@SAAAVClassDescriptor@23@XZ@51
0x102f7650,global,?foo@?1??classDescriptor@?$Described@VHat@RBX@@$1?sHat@2@3QBDBV?$FactoryProduct@VHat@RBX@@VAccoutrement@2@$1?sHat@2@3QBDB@2@@Reflection@RBX@@SAAAVClassDescriptor@34@XZ@4V534@A
0x102f76d8,global,??_B?1??classDescriptor@?$Described@VHat@RBX@@$1?sHat@2@3QBDBV?$FactoryProduct@VHat@RBX@@VAccoutrement@2@$1?sHat@2@3QBDB@2@@Reflection@RBX@@SAAAVClassDescriptor@23@XZ@51
0x102f76e0,global,?foo@?1??classDescriptor@?$Described@VStarterPackService@RBX@@$1?sStarterPackService@2@3QBDBV?$FactoryProduct@VStarterPackService@RBX@@VHopper@2@$1?sStarterPackService@2@3QBDB@2@@Reflection@RBX@@SAAAVClassDescriptor@34@XZ@4V534@A
0x102f7768,global,??_B?1??classDescriptor@?$Described@VStarterPackService@RBX@@$1?sStarterPackService@2@3QBDBV?$FactoryProduct@VStarterPackService@RBX@@VHopper@2@$1?sStarterPackService@2@3QBDB@2@@Reflection@RBX@@SAAAVClassDescriptor@23@XZ@51
0x102f7770,global,?foo@?1??classDescriptor@?$Described@VLegacyHopperService@RBX@@$1?sLegacyHopperService@2@3QBDBV?$FactoryProduct@VLegacyHopperService@RBX@@VHopper@2@$1?sLegacyHopperService@2@3QBDB@2@@Reflection@RBX@@SAAAVClassDescriptor@34@XZ@4V534@A
0x102f77f8,global,??_B?1??classDescriptor@?$Described@VLegacyHopperService@RBX@@$1?sLegacyHopperService@2@3QBDBV?$FactoryProduct@VLegacyHopperService@RBX@@VHopper@2@$1?sLegacyHopperService@2@3QBDB@2@@Reflection@RBX@@SAAAVClassDescriptor@23@XZ@51
0x102f7800,global,?foo@?1??classDescriptor@?$Described@VBackpack@RBX@@$1?sBackpack@2@3QBDBV?$FactoryProduct@VBackpack@RBX@@VHopper@2@$1?sBackpack@2@3QBDB@2@@Reflection@RBX@@SAAAVClassDescriptor@34@XZ@4V534@A
0x102f7888,global,??_B?1??classDescriptor@?$Described@VBackpack@RBX@@$1?sBackpack@2@3QBDBV?$FactoryProduct@VBackpack@RBX@@VHopper@2@$1?sBackpack@2@3QBDB@2@@Reflection@RBX@@SAAAVClassDescriptor@23@XZ@51
0x102f7890,global,?foo@?1??classDescriptor@?$Described@VShirtGraphic@RBX@@$1?sShirtGraphic@2@3QBDBV?$FactoryProduct@VShirtGraphic@RBX@@VCharacterAppearance@2@$1?sShirtGraphic@2@3QBDB@2@@Reflection@RBX@@SAAAVClassDescriptor@34@XZ@4V534@A
0x102f7918,global,??_B?1??classDescriptor@?$Described@VShirtGraphic@RBX@@$1?sShirtGraphic@2@3QBDBV?$FactoryProduct@VShirtGraphic@RBX@@VCharacterAppearance@2@$1?sShirtGraphic@2@3QBDB@2@@Reflection@RBX@@SAAAVClassDescriptor@23@XZ@51
0x102f7920,global,?foo@?1??classDescriptor@?$Described@VBodyColors@RBX@@$1?sBodyColors@2@3QBDBV?$FactoryProduct@VBodyColors@RBX@@VCharacterAppearance@2@$1?sBodyColors@2@3QBDB@2@@Reflection@RBX@@SAAAVClassDescriptor@34@XZ@4V534@A
0x102f79a8,global,??_B?1??classDescriptor@?$Described@VBodyColors@RBX@@$1?sBodyColors@2@3QBDBV?$FactoryProduct@VBodyColors@RBX@@VCharacterAppearance@2@$1?sBodyColors@2@3QBDB@2@@Reflection@RBX@@SAAAVClassDescriptor@23@XZ@51
0x102f79b0,global,?foo@?1??classDescriptor@?$Described@VExplosion@RBX@@$1?sExplosion@2@3PADAV?$FactoryProduct@VExplosion@RBX@@VInstance@2@$1?sExplosion@2@3PADA@2@@Reflection@RBX@@SAAAVClassDescriptor@34@XZ@4V534@A
0x102f7a38,global,??_B?1??classDescriptor@?$Described@VExplosion@RBX@@$1?sExplosion@2@3PADAV?$FactoryProduct@VExplosion@RBX@@VInstance@2@$1?sExplosion@2@3PADA@2@@Reflection@RBX@@SAAAVClassDescriptor@23@XZ@51
0x102f7a40,global,?foo@?1??classDescriptor@?$Described@VFlagStandService@RBX@@$1?sFlagStandService@2@3QBDBV?$FactoryProduct@VFlagStandService@RBX@@VInstance@2@$1?sFlagStandService@2@3QBDB@2@@Reflection@RBX@@SAAAVClassDescriptor@34@XZ@4V534@A
0x102f7ac8,global,??_B?1??classDescriptor@?$Described@VFlagStandService@RBX@@$1?sFlagStandService@2@3QBDBV?$FactoryProduct@VFlagStandService@RBX@@VInstance@2@$1?sFlagStandService@2@3QBDB@2@@Reflection@RBX@@SAAAVClassDescriptor@23@XZ@51
0x102f7ad0,global,?foo@?1??classDescriptor@?$Described@VForceField@RBX@@$1?sForceField@2@3PADAV?$FactoryProduct@VForceField@RBX@@VInstance@2@$1?sForceField@2@3PADA@2@@Reflection@RBX@@SAAAVClassDescriptor@34@XZ@4V534@A
0x102f7b58,global,??_B?1??classDescriptor@?$Described@VForceField@RBX@@$1?sForceField@2@3PADAV?$FactoryProduct@VForceField@RBX@@VInstance@2@$1?sForceField@2@3PADA@2@@Reflection@RBX@@SAAAVClassDescriptor@23@XZ@51
0x102f7b60,global,?foo@?1??classDescriptor@?$Described@VGameSettings@RBX@@$1?sGameSettings@2@3QBDBV?$FactoryProduct@VGameSettings@RBX@@VItem@GlobalSettings@2@$1?sGameSettings@2@3QBDB@2@@Reflection@RBX@@SAAAVClassDescriptor@34@XZ@4V534@A
0x102f7be8,global,??_B?1??classDescriptor@?$Described@VGameSettings@RBX@@$1?sGameSettings@2@3QBDBV?$FactoryProduct@VGameSettings@RBX@@VItem@GlobalSettings@2@$1?sGameSettings@2@3QBDB@2@@Reflection@RBX@@SAAAVClassDescriptor@23@XZ@51
0x102f7bf0,global,?foo@?1??classDescriptor@?$Described@VGeometryService@RBX@@$1?sGeometryService@2@3PADAV?$FactoryProduct@VGeometryService@RBX@@VInstance@2@$1?sGeometryService@2@3PADA@2@@Reflection@RBX@@SAAAVClassDescriptor@34@XZ@4V534@A
0x102f7c78,global,??_B?1??classDescriptor@?$Described@VGeometryService@RBX@@$1?sGeometryService@2@3PADAV?$FactoryProduct@VGeometryService@RBX@@VInstance@2@$1?sGeometryService@2@3PADA@2@@Reflection@RBX@@SAAAVClassDescriptor@23@XZ@51
0x102f7c80,global,?foo@?1??classDescriptor@?$Described@VLocalBackpackItem@RBX@@$1?sLocalBackpackItem@2@3QBDBV?$FactoryProduct@VLocalBackpackItem@RBX@@VWidget@2@$1?sLocalBackpackItem@2@3QBDB@2@@Reflection@RBX@@SAAAVClassDescriptor@34@XZ@4V534@A
0x102f7d08,global,??_B?1??classDescriptor@?$Described@VLocalBackpackItem@RBX@@$1?sLocalBackpackItem@2@3QBDBV?$FactoryProduct@VLocalBackpackItem@RBX@@VWidget@2@$1?sLocalBackpackItem@2@3QBDB@2@@Reflection@RBX@@SAAAVClassDescriptor@23@XZ@51
0x102f7d10,global,?foo@?1??classDescriptor@?$Described@VLocalBackpack@RBX@@$1?sLocalBackpack@2@3QBDBV?$FactoryProduct@VLocalBackpack@RBX@@VRelativePanel@2@$1?sLocalBackpack@2@3QBDB@2@@Reflection@RBX@@SAAAVClassDescriptor@34@XZ@4V534@A
0x102f7d98,global,??_B?1??classDescriptor@?$Described@VLocalBackpack@RBX@@$1?sLocalBackpack@2@3QBDBV?$FactoryProduct@VLocalBackpack@RBX@@VRelativePanel@2@$1?sLocalBackpack@2@3QBDB@2@@Reflection@RBX@@SAAAVClassDescriptor@23@XZ@51
0x102f7da0,global,?foo@?1??classDescriptor@?$Described@VMessage@RBX@@$1?sMessage@2@3PADAV?$FactoryProduct@VMessage@RBX@@VInstance@2@$1?sMessage@2@3PADA@2@@Reflection@RBX@@SAAAVClassDescriptor@34@XZ@4V534@A
0x102f7e28,global,??_B?1??classDescriptor@?$Described@VMessage@RBX@@$1?sMessage@2@3PADAV?$FactoryProduct@VMessage@RBX@@VInstance@2@$1?sMessage@2@3PADA@2@@Reflection@RBX@@SAAAVClassDescriptor@23@XZ@51
0x102f7e30,global,?foo@?1??classDescriptor@?$Described@VHint@RBX@@$1?sHint@2@3PADAV?$FactoryProduct@VHint@RBX@@VMessage@2@$1?sHint@2@3PADA@2@@Reflection@RBX@@SAAAVClassDescriptor@34@XZ@4V534@A
0x102f7eb8,global,??_B?1??classDescriptor@?$Described@VHint@RBX@@$1?sHint@2@3PADAV?$FactoryProduct@VHint@RBX@@VMessage@2@$1?sHint@2@3PADA@2@@Reflection@RBX@@SAAAVClassDescriptor@23@XZ@51
0x102f7ec0,global,?foo@?1??classDescriptor@?$Described@VVisit@RBX@@$1?sVisit@2@3PADAV?$FactoryProduct@VVisit@RBX@@VInstance@2@$1?sVisit@2@3PADA@2@@Reflection@RBX@@SAAAVClassDescriptor@34@XZ@4V534@A
0x102f7f48,global,??_B?1??classDescriptor@?$Described@VVisit@RBX@@$1?sVisit@2@3PADAV?$FactoryProduct@VVisit@RBX@@VInstance@2@$1?sVisit@2@3PADA@2@@Reflection@RBX@@SAAAVClassDescriptor@23@XZ@51
0x102f7f50,global,?foo@?1??classDescriptor@?$Described@VControllerService@RBX@@$1?sControllerService@2@3PADAV?$FactoryProduct@VControllerService@RBX@@VInstance@2@$1?sControllerService@2@3PADA@2@@Reflection@RBX@@SAAAVClassDescriptor@34@XZ@4V534@A
0x102f7fd8,global,??_B?1??classDescriptor@?$Described@VControllerService@RBX@@$1?sControllerService@2@3PADAV?$FactoryProduct@VControllerService@RBX@@VInstance@2@$1?sControllerService@2@3PADA@2@@Reflection@RBX@@SAAAVClassDescriptor@23@XZ@51
0x102f7fe0,global,?foo@?1??classDescriptor@?$Described@VDebrisService@RBX@@$1?sDebrisService@2@3PADAV?$FactoryProduct@VDebrisService@RBX@@VInstance@2@$1?sDebrisService@2@3PADA@2@@Reflection@RBX@@SAAAVClassDescriptor@34@XZ@4V534@A
0x102f8068,global,??_B?1??classDescriptor@?$Described@VDebrisService@RBX@@$1?sDebrisService@2@3PADAV?$FactoryProduct@VDebrisService@RBX@@VInstance@2@$1?sDebrisService@2@3PADA@2@@Reflection@RBX@@SAAAVClassDescriptor@23@XZ@51
0x102f8070,global,?foo@?1??classDescriptor@?$Described@VTimerService@RBX@@$1?sTimerService@2@3PADAV?$FactoryProduct@VTimerService@RBX@@VInstance@2@$1?sTimerService@2@3PADA@2@@Reflection@RBX@@SAAAVClassDescriptor@34@XZ@4V534@A
0x102f80f8,global,??_B?1??classDescriptor@?$Described@VTimerService@RBX@@$1?sTimerService@2@3PADAV?$FactoryProduct@VTimerService@RBX@@VInstance@2@$1?sTimerService@2@3PADA@2@@Reflection@RBX@@SAAAVClassDescriptor@23@XZ@51
0x102f8100,global,?foo@?1??classDescriptor@?$Described@VSpawnerService@RBX@@$1?sSpawnerService@2@3QBDBV?$FactoryProduct@VSpawnerService@RBX@@VInstance@2@$1?sSpawnerService@2@3QBDB@2@@Reflection@RBX@@SAAAVClassDescriptor@34@XZ@4V534@A
0x102f8188,global,??_B?1??classDescriptor@?$Described@VSpawnerService@RBX@@$1?sSpawnerService@2@3QBDBV?$FactoryProduct@VSpawnerService@RBX@@VInstance@2@$1?sSpawnerService@2@3QBDB@2@@Reflection@RBX@@SAAAVClassDescriptor@23@XZ@51
0x102f8190,global,?foo@?1??classDescriptor@?$Described@VHumanoid@RBX@@$1?sHumanoid@2@3PADAV?$FactoryProduct@VHumanoid@RBX@@VInstance@2@$1?sHumanoid@2@3PADA@2@@Reflection@RBX@@SAAAVClassDescriptor@34@XZ@4V534@A
0x102f8218,global,??_B?1??classDescriptor@?$Described@VHumanoid@RBX@@$1?sHumanoid@2@3PADAV?$FactoryProduct@VHumanoid@RBX@@VInstance@2@$1?sHumanoid@2@3PADA@2@@Reflection@RBX@@SAAAVClassDescriptor@23@XZ@51
0x102f8220,global,?foo@?1??classDescriptor@?$Described@VFeature@RBX@@$1?sFeature@2@3QBDBV?$NonFactoryProduct@VInstance@RBX@@$1?sFeature@2@3QBDB@2@@Reflection@RBX@@SAAAVClassDescriptor@34@XZ@4V534@A
0x102f82a8,global,??_B?1??classDescriptor@?$Described@VFeature@RBX@@$1?sFeature@2@3QBDBV?$NonFactoryProduct@VInstance@RBX@@$1?sFeature@2@3QBDB@2@@Reflection@RBX@@SAAAVClassDescriptor@23@XZ@51
0x102f82b0,global,?foo@?1??classDescriptor@?$Described@VBackpackItem@RBX@@$1?sBackpackItem@2@3QBDBV?$NonFactoryProduct@VWidget@RBX@@$1?sBackpackItem@2@3QBDB@2@@Reflection@RBX@@SAAAVClassDescriptor@34@XZ@4V534@A
0x102f8338,global,??_B?1??classDescriptor@?$Described@VBackpackItem@RBX@@$1?sBackpackItem@2@3QBDBV?$NonFactoryProduct@VWidget@RBX@@$1?sBackpackItem@2@3QBDB@2@@Reflection@RBX@@SAAAVClassDescriptor@23@XZ@51
0x102f8340,global,?foo@?1??classDescriptor@?$Described@VJointInstance@RBX@@$1?sJointInstance@2@3QBDBV?$NonFactoryProduct@VInstance@RBX@@$1?sJointInstance@2@3QBDB@2@@Reflection@RBX@@SAAAVClassDescriptor@34@XZ@4V534@A
0x102f83c8,global,??_B?1??classDescriptor@?$Described@VJointInstance@RBX@@$1?sJointInstance@2@3QBDBV?$NonFactoryProduct@VInstance@RBX@@$1?sJointInstance@2@3QBDB@2@@Reflection@RBX@@SAAAVClassDescriptor@23@XZ@51
0x102f83d0,global,?foo@?1??classDescriptor@?$Described@VObjectValue@RBX@@$1?sObjectValue@2@3PADAV?$FactoryProduct@VObjectValue@RBX@@VInstance@2@$1?sObjectValue@2@3PADA@2@@Reflection@RBX@@SAAAVClassDescriptor@34@XZ@4V534@A
0x102f8458,global,??_B?1??classDescriptor@?$Described@VObjectValue@RBX@@$1?sObjectValue@2@3PADAV?$FactoryProduct@VObjectValue@RBX@@VInstance@2@$1?sObjectValue@2@3PADA@2@@Reflection@RBX@@SAAAVClassDescriptor@23@XZ@51
0x102f8460,global,?foo@?1??classDescriptor@?$Described@VGlobalSettings@RBX@@$1?sGlobalSettings@2@3QBDBV?$NonFactoryProduct@VServiceProvider@RBX@@$1?sGlobalSettings@2@3QBDB@2@@Reflection@RBX@@SAAAVClassDescriptor@34@XZ@4V534@A
0x102f84e8,global,??_B?1??classDescriptor@?$Described@VGlobalSettings@RBX@@$1?sGlobalSettings@2@3QBDBV?$NonFactoryProduct@VServiceProvider@RBX@@$1?sGlobalSettings@2@3QBDB@2@@Reflection@RBX@@SAAAVClassDescriptor@23@XZ@51
0x102f84f0,global,?foo@?1??classDescriptor@?$Described@VMotorFeature@RBX@@$1?sMotorFeature@2@3QBDBV?$FactoryProduct@VMotorFeature@RBX@@VFeature@2@$1?sMotorFeature@2@3QBDB@2@@Reflection@RBX@@SAAAVClassDescriptor@34@XZ@4V534@A
0x102f8578,global,??_B?1??classDescriptor@?$Described@VMotorFeature@RBX@@$1?sMotorFeature@2@3QBDBV?$FactoryProduct@VMotorFeature@RBX@@VFeature@2@$1?sMotorFeature@2@3QBDB@2@@Reflection@RBX@@SAAAVClassDescriptor@23@XZ@51
0x102f8580,global,?foo@?1??classDescriptor@?$Described@VHole@RBX@@$1?sHole@2@3QBDBV?$FactoryProduct@VHole@RBX@@VFeature@2@$1?sHole@2@3QBDB@2@@Reflection@RBX@@SAAAVClassDescriptor@34@XZ@4V534@A
0x102f8608,global,??_B?1??classDescriptor@?$Described@VHole@RBX@@$1?sHole@2@3QBDBV?$FactoryProduct@VHole@RBX@@VFeature@2@$1?sHole@2@3QBDB@2@@Reflection@RBX@@SAAAVClassDescriptor@23@XZ@51
0x102f8610,global,?foo@?1??classDescriptor@?$Described@VAutoJoint@RBX@@$1?sAutoJoint@2@3QBDBV?$NonFactoryProduct@VJointInstance@RBX@@$1?sAutoJoint@2@3QBDB@2@@Reflection@RBX@@SAAAVClassDescriptor@34@XZ@4V534@A
0x102f8698,global,??_B?1??classDescriptor@?$Described@VAutoJoint@RBX@@$1?sAutoJoint@2@3QBDBV?$NonFactoryProduct@VJointInstance@RBX@@$1?sAutoJoint@2@3QBDB@2@@Reflection@RBX@@SAAAVClassDescriptor@23@XZ@51
0x102f86a0,global,?foo@?1??classDescriptor@?$Described@VTool@RBX@@$1?sTool@2@3QBDBV?$FactoryProduct@VTool@RBX@@VBackpackItem@2@$1?sTool@2@3QBDB@2@@Reflection@RBX@@SAAAVClassDescriptor@34@XZ@4V534@A
0x102f8728,global,??_B?1??classDescriptor@?$Described@VTool@RBX@@$1?sTool@2@3QBDBV?$FactoryProduct@VTool@RBX@@VBackpackItem@2@$1?sTool@2@3QBDB@2@@Reflection@RBX@@SAAAVClassDescriptor@23@XZ@51
0x102f8730,global,?foo@?1??classDescriptor@?$Described@VPartInstance@RBX@@$1?sPart@2@3PADAV?$FactoryProduct@VPartInstance@RBX@@VPVInstance@2@$1?sPart@2@3PADA@2@@Reflection@RBX@@SAAAVClassDescriptor@34@XZ@4V534@A
0x102f87b8,global,??_B?1??classDescriptor@?$Described@VPartInstance@RBX@@$1?sPart@2@3PADAV?$FactoryProduct@VPartInstance@RBX@@VPVInstance@2@$1?sPart@2@3PADA@2@@Reflection@RBX@@SAAAVClassDescriptor@23@XZ@51
0x102f87c0,global,?foo@?1??classDescriptor@?$Described@VSnap@RBX@@$1?sSnap@2@3QBDBV?$FactoryProduct@VSnap@RBX@@VAutoJoint@2@$1?sSnap@2@3QBDB@2@@Reflection@RBX@@SAAAVClassDescriptor@34@XZ@4V534@A
0x102f8848,global,??_B?1??classDescriptor@?$Described@VSnap@RBX@@$1?sSnap@2@3QBDBV?$FactoryProduct@VSnap@RBX@@VAutoJoint@2@$1?sSnap@2@3QBDB@2@@Reflection@RBX@@SAAAVClassDescriptor@23@XZ@51
0x102f8850,global,?foo@?1??classDescriptor@?$Described@VWeld@RBX@@$1?sWeld@2@3QBDBV?$FactoryProduct@VWeld@RBX@@VAutoJoint@2@$1?sWeld@2@3QBDB@2@@Reflection@RBX@@SAAAVClassDescriptor@34@XZ@4V534@A
0x102f88d8,global,??_B?1??classDescriptor@?$Described@VWeld@RBX@@$1?sWeld@2@3QBDBV?$FactoryProduct@VWeld@RBX@@VAutoJoint@2@$1?sWeld@2@3QBDB@2@@Reflection@RBX@@SAAAVClassDescriptor@23@XZ@51
0x102f88e0,global,?foo@?1??classDescriptor@?$Described@VGlue@RBX@@$1?sGlue@2@3QBDBV?$FactoryProduct@VGlue@RBX@@VAutoJoint@2@$1?sGlue@2@3QBDB@2@@Reflection@RBX@@SAAAVClassDescriptor@34@XZ@4V534@A
0x102f8968,global,??_B?1??classDescriptor@?$Described@VGlue@RBX@@$1?sGlue@2@3QBDBV?$FactoryProduct@VGlue@RBX@@VAutoJoint@2@$1?sGlue@2@3QBDB@2@@Reflection@RBX@@SAAAVClassDescriptor@23@XZ@51
0x102f8970,global,?foo@?1??classDescriptor@?$Described@VRotate@RBX@@$1?sRotate@2@3QBDBV?$FactoryProduct@VRotate@RBX@@VAutoJoint@2@$1?sRotate@2@3QBDB@2@@Reflection@RBX@@SAAAVClassDescriptor@34@XZ@4V534@A
0x102f89f8,global,??_B?1??classDescriptor@?$Described@VRotate@RBX@@$1?sRotate@2@3QBDBV?$FactoryProduct@VRotate@RBX@@VAutoJoint@2@$1?sRotate@2@3QBDB@2@@Reflection@RBX@@SAAAVClassDescriptor@23@XZ@51
0x102f8a00,global,?foo@?1??classDescriptor@?$Described@VRotateP@RBX@@$1?sRotateP@2@3QBDBV?$FactoryProduct@VRotateP@RBX@@VAutoJoint@2@$1?sRotateP@2@3QBDB@2@@Reflection@RBX@@SAAAVClassDescriptor@34@XZ@4V534@A
0x102f8a88,global,??_B?1??classDescriptor@?$Described@VRotateP@RBX@@$1?sRotateP@2@3QBDBV?$FactoryProduct@VRotateP@RBX@@VAutoJoint@2@$1?sRotateP@2@3QBDB@2@@Reflection@RBX@@SAAAVClassDescriptor@23@XZ@51
0x102f8a90,global,?foo@?1??classDescriptor@?$Described@VRotateV@RBX@@$1?sRotateV@2@3QBDBV?$FactoryProduct@VRotateV@RBX@@VAutoJoint@2@$1?sRotateV@2@3QBDB@2@@Reflection@RBX@@SAAAVClassDescriptor@34@XZ@4V534@A
0x102f8b18,global,??_B?1??classDescriptor@?$Described@VRotateV@RBX@@$1?sRotateV@2@3QBDBV?$FactoryProduct@VRotateV@RBX@@VAutoJoint@2@$1?sRotateV@2@3QBDB@2@@Reflection@RBX@@SAAAVClassDescriptor@23@XZ@51
0x102f8b20,global,?foo@?1??classDescriptor@?$Described@VMotor@RBX@@$1?sMotor@2@3QBDBV?$FactoryProduct@VMotor@RBX@@VAutoJoint@2@$1?sMotor@2@3QBDB@2@@Reflection@RBX@@SAAAVClassDescriptor@34@XZ@4V534@A
0x102f8ba8,global,??_B?1??classDescriptor@?$Described@VMotor@RBX@@$1?sMotor@2@3QBDBV?$FactoryProduct@VMotor@RBX@@VAutoJoint@2@$1?sMotor@2@3QBDB@2@@Reflection@RBX@@SAAAVClassDescriptor@23@XZ@51
0x102f8bb0,global,?foo@?1??classDescriptor@?$Described@VFlag@RBX@@$1?sFlag@2@3QBDBV?$FactoryProduct@VFlag@RBX@@VTool@2@$1?sFlag@2@3QBDB@2@@Reflection@RBX@@SAAAVClassDescriptor@34@XZ@4V534@A
0x102f8c38,global,??_B?1??classDescriptor@?$Described@VFlag@RBX@@$1?sFlag@2@3QBDBV?$FactoryProduct@VFlag@RBX@@VTool@2@$1?sFlag@2@3QBDB@2@@Reflection@RBX@@SAAAVClassDescriptor@23@XZ@51
0x102f8c40,global,?foo@?1??classDescriptor@?$Described@VFlagStand@RBX@@$1?sFlagStand@2@3PADAV?$FactoryProduct@VFlagStand@RBX@@VPartInstance@2@$1?sFlagStand@2@3PADA@2@@Reflection@RBX@@SAAAVClassDescriptor@34@XZ@4V534@A
0x102f8cc8,global,??_B?1??classDescriptor@?$Described@VFlagStand@RBX@@$1?sFlagStand@2@3PADAV?$FactoryProduct@VFlagStand@RBX@@VPartInstance@2@$1?sFlagStand@2@3PADA@2@@Reflection@RBX@@SAAAVClassDescriptor@23@XZ@51
0x102f8cd0,global,?foo@?1??classDescriptor@?$Described@VSeat@RBX@@$1?sSeat@2@3PADAV?$FactoryProduct@VSeat@RBX@@VPartInstance@2@$1?sSeat@2@3PADA@2@@Reflection@RBX@@SAAAVClassDescriptor@34@XZ@4V534@A
0x102f8d58,global,??_B?1??classDescriptor@?$Described@VSeat@RBX@@$1?sSeat@2@3PADAV?$FactoryProduct@VSeat@RBX@@VPartInstance@2@$1?sSeat@2@3PADA@2@@Reflection@RBX@@SAAAVClassDescriptor@23@XZ@51
0x102f8d7c,global,?tag_xmlnsxsi@@3ABVName@RBX@@B
0x102f8d80,global,?name_root@@3ABVName@RBX@@B
0x102f8d84,global,?tag_R02@@3ABVName@RBX@@B
0x102f8d88,global,?tag_R22@@3ABVName@RBX@@B
0x102f8d8c,global,?tag_Properties@@3ABVName@RBX@@B
0x102f8d90,global,?name_referent@@3ABVName@RBX@@B
0x102f8d94,global,?name_Ref@@3ABVName@RBX@@B
0x102f8d98,global,?tag_Z@@3ABVName@RBX@@B
0x102f8d9c,global,?value_IDREF_null@@3ABVName@RBX@@B
0x102f8da0,global,?tag_R21@@3ABVName@RBX@@B
0x102f8da4,global,?tag_R20@@3ABVName@RBX@@B
0x102f8da8,global,?tag_R10@@3ABVName@RBX@@B
0x102f8dac,global,?name_DeleteItem@@3ABVName@RBX@@B
0x102f8db0,global,?name_xsitype@@3ABVName@RBX@@B
0x102f8db4,global,?tag_xsinoNamespaceSchemaLocation@@3ABVName@RBX@@B
0x102f8db8,global,?tag_X@@3ABVName@RBX@@B
0x102f8dbc,global,?name_name@@3ABVName@RBX@@B
0x102f8dc0,global,?tag_G@@3ABVName@RBX@@B
0x102f8dc4,global,?tag_B@@3ABVName@RBX@@B
0x102f8dc8,global,?tag_Feature@@3ABVName@RBX@@B
0x102f8dcc,global,?tag_R12@@3ABVName@RBX@@B
0x102f8dd0,global,?name_token@@3ABVName@RBX@@B
0x102f8dd4,global,?tag_R00@@3ABVName@RBX@@B
0x102f8dd8,global,?tag_R11@@3ABVName@RBX@@B
0x102f8ddc,global,?tag_External@@3ABVName@RBX@@B
0x102f8de0,global,?tag_Item@@3ABVName@RBX@@B
0x102f8de4,global,?tag_version@@3ABVName@RBX@@B
0x102f8de8,global,?tag_Refs@@3ABVName@RBX@@B
0x102f8dec,global,?tag_R01@@3ABVName@RBX@@B
0x102f8df0,global,?tag_R@@3ABVName@RBX@@B
0x102f8df4,global,?name_xsinil@@3ABVName@RBX@@B
0x102f8df8,global,?tag_roblox@@3ABVName@RBX@@B
0x102f8dfc,global,?tag_class@@3ABVName@RBX@@B
0x102f8e00,global,?tag_mimeType@@3ABVName@RBX@@B
0x102f8e04,global,?tag_Y@@3ABVName@RBX@@B
0x102f8e08,global,?value_IDREF_nil@@3ABVName@RBX@@B
0x102f8e0c,global,?tag_null@@3ABVName@RBX@@B
0x102f8e10,global,?tag_hash@@3ABVName@RBX@@B
0x102f8e98,global,?foo@?1??classDescriptor@?$Described@VSky@RBX@@$1?sSky@2@3PADAV?$FactoryProduct@VSky@RBX@@VInstance@2@$1?sSky@2@3PADA@2@@Reflection@RBX@@SAAAVClassDescriptor@34@XZ@4V534@A
0x102f8f20,global,??_B?1??classDescriptor@?$Described@VSky@RBX@@$1?sSky@2@3PADAV?$FactoryProduct@VSky@RBX@@VInstance@2@$1?sSky@2@3PADA@2@@Reflection@RBX@@SAAAVClassDescriptor@23@XZ@51
0x102f8f28,global,?prop_CelestialBodiesShown@Sky@RBX@@2V?$BoundProp@_N$00@Reflection@2@A
0x102f8f44,global,?prop_SkyLf@Sky@RBX@@2V?$BoundProp@VTextureId@RBX@@$00@Reflection@2@A
0x102f8f60,global,?prop_SkyBk@Sky@RBX@@2V?$BoundProp@VTextureId@RBX@@$00@Reflection@2@A
0x102f8f7c,global,?prop_StarCount@Sky@RBX@@2V?$BoundProp@H$00@Reflection@2@A
0x102f8f98,global,?prop_SkyDn@Sky@RBX@@2V?$BoundProp@VTextureId@RBX@@$00@Reflection@2@A
0x102f8fb4,global,?prop_SkyUp@Sky@RBX@@2V?$BoundProp@VTextureId@RBX@@$00@Reflection@2@A
0x102f8fd0,global,?prop_SkyRt@Sky@RBX@@2V?$BoundProp@VTextureId@RBX@@$00@Reflection@2@A
0x102f8fec,global,?prop_SkyFt@Sky@RBX@@2V?$BoundProp@VTextureId@RBX@@$00@Reflection@2@A
0x102f9010,global,?n@?1??getStaticNullController@NullController@RBX@@SAPAV23@XZ@4V23@A
0x102f901c,global,??_B?1??getStaticNullController@NullController@RBX@@SAPAV12@XZ@51
0x102f9020,global,?s@?1??singleton@?$EnumDesc@W4ControllerType@Controller@RBX@@@Reflection@RBX@@SAABV234@XZ@4V234@A
0x102f90b8,global,??_B?1??singleton@?$EnumDesc@W4ControllerType@Controller@RBX@@@Reflection@RBX@@SAABV123@XZ@51
0x102f90c0,global,?prop_ControllerType@PVInstance@RBX@@2V?$EnumPropDescriptor@VPVInstance@RBX@@W4ControllerType@Controller@2@@Reflection@2@B
0x102f9119,global,?highlightSleepParts@PartInstance@RBX@@2_NA
0x102f911a,global,?highlightAwakeParts@PartInstance@RBX@@2_NA
0x102f911b,global,?showAnchoredParts@PartInstance@RBX@@2_NA
0x102f911c,global,?showPartCoord@PartInstance@RBX@@2_NA
0x102f911d,global,?showUnalignedParts@PartInstance@RBX@@2_NA
0x102f911e,global,?showSpanningTree@PartInstance@RBX@@2_NA
0x102f9174,global,?prop_Anchored@PartInstance@RBX@@2V?$PropDescriptor@VPartInstance@RBX@@_N@Reflection@2@B
0x102f9190,global,?prop_CanCollide@PartInstance@RBX@@2V?$PropDescriptor@VPartInstance@RBX@@_N@Reflection@2@B
0x102f91ac,global,?prop_Reflectance@PartInstance@RBX@@2V?$PropDescriptor@VPartInstance@RBX@@M@Reflection@2@B
0x102f91ec,global,?prop_Locked@PartInstance@RBX@@2V?$PropDescriptor@VPartInstance@RBX@@_N@Reflection@2@B
0x102f9240,global,?prop_shapeXml@PartInstance@RBX@@2V?$EnumPropDescriptor@VPartInstance@RBX@@W4PartType@Part@2@@Reflection@2@B
0x102f9280,global,?prop_Color@PartInstance@RBX@@2V?$PropDescriptor@VPartInstance@RBX@@VColor3@G3D@@@Reflection@2@B
0x102f929c,global,?prop_Transparency@PartInstance@RBX@@2V?$PropDescriptor@VPartInstance@RBX@@M@Reflection@2@B
0x102f92bc,global,?prop_Size@PartInstance@RBX@@2V?$PropDescriptor@VPartInstance@RBX@@VVector3@G3D@@@Reflection@2@B
0x102f92d8,global,?event_Touched@PartInstance@RBX@@2V?$SignalDesc@VPartInstance@RBX@@$$A6AXV?$shared_ptr@VInstance@RBX@@@boost@@@Z@Reflection@2@A
0x102f92fc,global,?prop_CFrame@PartInstance@RBX@@2V?$PropDescriptor@VPartInstance@RBX@@VCoordinateFrame@G3D@@@Reflection@2@B
0x102f938c,global,?prop_RenderImportance@PartInstance@RBX@@2V?$PropDescriptor@VPartInstance@RBX@@M@Reflection@2@B
0x102f93e0,global,?prop_BrickColor@PartInstance@RBX@@2V?$PropDescriptor@VPartInstance@RBX@@VBrickColor@2@@Reflection@2@B
0x102f9454,global,?v@?1??dragSnap@Dragger@RBX@@SAABVVector3@G3D@@XZ@4V45@A
0x102f9460,global,??_B?1??dragSnap@Dragger@RBX@@SAABVVector3@G3D@@XZ@51
0x102f9488,global,?s@?1??singleton@?$EnumDesc@W4FormFactor@PartInstance@RBX@@@Reflection@RBX@@SAABV234@XZ@4V234@A
0x102f9520,global,??_B?1??singleton@?$EnumDesc@W4FormFactor@PartInstance@RBX@@@Reflection@RBX@@SAABV123@XZ@51
0x102f9528,global,?s@?1??singleton@?$EnumDesc@W4PartType@Part@RBX@@@Reflection@RBX@@SAABV234@XZ@4V234@A
0x102f95c0,global,??_B?1??singleton@?$EnumDesc@W4PartType@Part@RBX@@@Reflection@RBX@@SAABV123@XZ@51
0x102f95c4,global,?i@?1??inf@Math@RBX@@SAABMXZ@4MB
0x102f95c8,global,??_B?1??inf@Math@RBX@@SAABMXZ@51
0x102f95cc,global,?c@?1??lightGreen@Color@RBX@@SAABVColor3@G3D@@XZ@4V23@A
0x102f95d8,global,??_B?1??lightGreen@Color@RBX@@SAABVColor3@G3D@@XZ@51
0x102f95dc,global,?index@?1???$doGetClassIndex@V?$FilteredSelection@VPartInstance@RBX@@@RBX@@@ServiceProvider@RBX@@CAIXZ@4IA
0x102f95e0,global,??_B?1???$doGetClassIndex@V?$FilteredSelection@VPartInstance@RBX@@@RBX@@@ServiceProvider@RBX@@CAIXZ@51
0x102f95f4,global,?flag@?1???$getClassIndex@V?$FilteredSelection@VPartInstance@RBX@@@RBX@@@ServiceProvider@RBX@@CAIXZ@4JA
0x102f95f8,global,?isNullClassName@?8???$find@V?$FilteredSelection@VPartInstance@RBX@@@RBX@@@ServiceProvider@RBX@@QBEPAV?$FilteredSelection@VPartInstance@RBX@@@2@XZ@4_NB
0x102f95fc,global,??_B?8???$find@V?$FilteredSelection@VPartInstance@RBX@@@RBX@@@ServiceProvider@RBX@@QBEPAV?$FilteredSelection@VPartInstance@RBX@@@1@XZ@58
0x102f967c,global,?event_FallingDown@Humanoid@RBX@@2V?$SignalDesc@VHumanoid@RBX@@$$A6AX_N@Z@Reflection@2@A
0x102f96c0,global,?event_Died@Humanoid@RBX@@2V?$SignalDesc@VHumanoid@RBX@@$$A6AXXZ@Reflection@2@A
0x102f97a4,global,?event_FreeFalling@Humanoid@RBX@@2V?$SignalDesc@VHumanoid@RBX@@$$A6AX_N@Z@Reflection@2@A
0x102f981c,global,?event_Running@Humanoid@RBX@@2V?$SignalDesc@VHumanoid@RBX@@$$A6AXM@Z@Reflection@2@A
0x102f9860,global,?event_Seated@Humanoid@RBX@@2V?$SignalDesc@VHumanoid@RBX@@$$A6AX_N@Z@Reflection@2@A
0x102f9884,global,?event_Climbing@Humanoid@RBX@@2V?$SignalDesc@VHumanoid@RBX@@$$A6AXM@Z@Reflection@2@A
0x102f98c8,global,?event_Jumping@Humanoid@RBX@@2V?$SignalDesc@VHumanoid@RBX@@$$A6AX_N@Z@Reflection@2@A
0x102f98ec,global,?event_GettingUp@Humanoid@RBX@@2V?$SignalDesc@VHumanoid@RBX@@$$A6AX_N@Z@Reflection@2@A
0x102f9958,global,?ignoreBool@Primitive@RBX@@0_NA
0x102f9959,global,?disableSleep@Primitive@RBX@@2_NA
0x102f995c,global,?s@?1??empty@SurfaceData@RBX@@SAABV23@XZ@4V23@A
0x102f9968,global,??_B?1??empty@SurfaceData@RBX@@SAABV12@XZ@51
0x102f996c,global,?g@?1??nullGeometry@Geometry@RBX@@SAPAV23@XZ@4V23@A
0x102f997c,global,??_B?1??nullGeometry@Geometry@RBX@@SAPAV12@XZ@51
0x102f9980,global,?n@?1???$doDeclare@$1?sDecal@RBX@@3PADA@Name@RBX@@CAABV12@XZ@4ABV12@B
0x102f9984,global,??_B?1???$doDeclare@$1?sDecal@RBX@@3PADA@Name@RBX@@CAABV01@XZ@51
0x102f9988,global,?n@?1???$doDeclare@$1?sTexture@RBX@@3PADA@Name@RBX@@CAABV12@XZ@4ABV12@B
0x102f998c,global,??_B?1???$doDeclare@$1?sTexture@RBX@@3PADA@Name@RBX@@CAABV01@XZ@51
0x102f9990,global,?flag@?1???$declare@$1?sDecal@RBX@@3PADA@Name@RBX@@SAABV12@XZ@4JA
0x102f9994,global,?flag@?1???$declare@$1?sTexture@RBX@@3PADA@Name@RBX@@SAABV12@XZ@4JA
0x102f99b0,global,?syncSingleton@ThreadRef@Lua@RBX@@0V?$shared_ptr@Vmutex@boost@@@boost@@A
0x102f9a20,global,?s@?1??singleton@?$EnumDesc@W4ErrorReporting@DebugSettings@RBX@@@Reflection@RBX@@SAABV234@XZ@4V234@A
0x102f9ab8,global,??_B?1??singleton@?$EnumDesc@W4ErrorReporting@DebugSettings@RBX@@@Reflection@RBX@@SAABV123@XZ@51
0x102f9ac0,global,?s@?1??singleton@?$EnumDesc@W4AssertAction@Debugable@RBX@@@Reflection@RBX@@SAABV234@XZ@4V234@A
0x102f9b58,global,??_B?1??singleton@?$EnumDesc@W4AssertAction@Debugable@RBX@@@Reflection@RBX@@SAABV123@XZ@51
0x102f9b60,global,?foo@?1??classDescriptor@?$Described@VDebugSettings@RBX@@$1?sDebugSettings@2@3QBDBV?$FactoryProduct@VDebugSettings@RBX@@VItem@GlobalSettings@2@$1?sDebugSettings@2@3QBDB@2@@Reflection@RBX@@SAAAVClassDescriptor@34@XZ@4V534@A
0x102f9be8,global,??_B?1??classDescriptor@?$Described@VDebugSettings@RBX@@$1?sDebugSettings@2@3QBDBV?$FactoryProduct@VDebugSettings@RBX@@VItem@GlobalSettings@2@$1?sDebugSettings@2@3QBDB@2@@Reflection@RBX@@SAAAVClassDescriptor@23@XZ@51
0x102f9c0c,global,?prop_SoundWarnings@@3V?$BoundProp@_N$00@Reflection@RBX@@A
0x102f9c7c,global,?prop_stackTracingEnabled@DebugSettings@RBX@@2V?$BoundProp@_N$00@Reflection@2@A
0x102f9cec,global,?prop_ioEnabled@DebugSettings@RBX@@2V?$BoundProp@_N$00@Reflection@2@A
0x102f9e60,global,?n@?1???$doDeclare@$1?sGlobalSettings@RBX@@3QBDB@Name@RBX@@CAABV12@XZ@4ABV12@B
0x102f9e64,global,??_B?1???$doDeclare@$1?sGlobalSettings@RBX@@3QBDB@Name@RBX@@CAABV01@XZ@51
0x102f9e68,global,?flag@?1???$declare@$1?sGlobalSettings@RBX@@3QBDB@Name@RBX@@SAABV12@XZ@4JA
0x102f9e7c,global,?mutex@GlobalSettings@RBX@@2Vrecursive_mutex@boost@@A
0x102f9e88,global,?obj@?1??instance@?$singleton_default@Upool_type@?$singleton_pool@VLuaAllocator@@$0CA@Udefault_user_allocator_new_delete@boost@@Vwin32_mutex@pool@details@3@$0CA@@boost@@@pool@details@boost@@SAAAUpool_type@?$singleton_pool@VLuaAllocator@@$0CA@Udefault_user_allocator_new_delete@boost@@Vwin32_mutex@pool@details@3@$0CA@@5@XZ@4U675@A
0x102f9eb4,global,??_B?1??instance@?$singleton_default@Upool_type@?$singleton_pool@VLuaAllocator@@$0CA@Udefault_user_allocator_new_delete@boost@@Vwin32_mutex@pool@details@3@$0CA@@boost@@@pool@details@boost@@SAAAUpool_type@?$singleton_pool@VLuaAllocator@@$0CA@Udefault_user_allocator_new_delete@boost@@Vwin32_mutex@pool@details@3@$0CA@@4@XZ@51
0x102f9eb8,global,?obj@?1??instance@?$singleton_default@Upool_type@?$singleton_pool@VLuaAllocator@@$0BA@Udefault_user_allocator_new_delete@boost@@Vwin32_mutex@pool@details@3@$0CA@@boost@@@pool@details@boost@@SAAAUpool_type@?$singleton_pool@VLuaAllocator@@$0BA@Udefault_user_allocator_new_delete@boost@@Vwin32_mutex@pool@details@3@$0CA@@5@XZ@4U675@A
0x102f9ee4,global,??_B?1??instance@?$singleton_default@Upool_type@?$singleton_pool@VLuaAllocator@@$0BA@Udefault_user_allocator_new_delete@boost@@Vwin32_mutex@pool@details@3@$0CA@@boost@@@pool@details@boost@@SAAAUpool_type@?$singleton_pool@VLuaAllocator@@$0BA@Udefault_user_allocator_new_delete@boost@@Vwin32_mutex@pool@details@3@$0CA@@4@XZ@51
0x102f9ee8,global,?create_object@?$singleton_default@Upool_type@?$singleton_pool@VLuaAllocator@@$0CA@Udefault_user_allocator_new_delete@boost@@Vwin32_mutex@pool@details@3@$0CA@@boost@@@pool@details@boost@@0Uobject_creator@1234@A
0x102f9ee9,global,?create_object@?$singleton_default@Upool_type@?$singleton_pool@VLuaAllocator@@$0BA@Udefault_user_allocator_new_delete@boost@@Vwin32_mutex@pool@details@3@$0CA@@boost@@@pool@details@boost@@0Uobject_creator@1234@A
0x102f9ef0,global,?foo@?1??classDescriptor@?$Described@VTeam@RBX@@$1?sTeam@2@3QBDBV?$FactoryProduct@VTeam@RBX@@VInstance@2@$1?sTeam@2@3QBDB@2@@Reflection@RBX@@SAAAVClassDescriptor@34@XZ@4V534@A
0x102f9f78,global,??_B?1??classDescriptor@?$Described@VTeam@RBX@@$1?sTeam@2@3QBDBV?$FactoryProduct@VTeam@RBX@@VInstance@2@$1?sTeam@2@3QBDB@2@@Reflection@RBX@@SAAAVClassDescriptor@23@XZ@51
0x102f9fb8,global,?prop_AutoColorCharacters@Team@RBX@@2V?$BoundProp@_N$00@Reflection@2@A
0x102f9ff4,global,?ignoreVector3@MouseCommand@RBX@@0VVector3@G3D@@A
0x102fa000,global,?n@?1???$doDeclare@$1?sBoxSelectCommand@RBX@@3PADA@Name@RBX@@CAABV12@XZ@4ABV12@B
0x102fa004,global,??_B?1???$doDeclare@$1?sBoxSelectCommand@RBX@@3PADA@Name@RBX@@CAABV01@XZ@51
0x102fa008,global,?index@?1???$doGetClassIndex@V?$FilteredSelection@VInstance@RBX@@@RBX@@@ServiceProvider@RBX@@CAIXZ@4IA
0x102fa00c,global,??_B?1???$doGetClassIndex@V?$FilteredSelection@VInstance@RBX@@@RBX@@@ServiceProvider@RBX@@CAIXZ@51
0x102fa010,global,?flag@?1???$declare@$1?sBoxSelectCommand@RBX@@3PADA@Name@RBX@@SAABV12@XZ@4JA
0x102fa014,global,?flag@?1???$getClassIndex@V?$FilteredSelection@VInstance@RBX@@@RBX@@@ServiceProvider@RBX@@CAIXZ@4JA
0x102fa018,global,?isNullClassName@?8???$find@V?$FilteredSelection@VInstance@RBX@@@RBX@@@ServiceProvider@RBX@@QBEPAV?$FilteredSelection@VInstance@RBX@@@2@XZ@4_NB
0x102fa01c,global,??_B?8???$find@V?$FilteredSelection@VInstance@RBX@@@RBX@@@ServiceProvider@RBX@@QBEPAV?$FilteredSelection@VInstance@RBX@@@1@XZ@58
0x102fa030,global,?minSize@?3??resize@?$Array@PBVPrimitive@RBX@@@G3D@@QAEXH_N@Z@4HB
0x102fa034,global,??_B?3??resize@?$Array@PBVPrimitive@RBX@@@G3D@@QAEXH_N@Z@53
0x102fa038,global,?s@?1??singleton@?$EnumDesc@W4CameraType@Camera@RBX@@@Reflection@RBX@@SAABV234@XZ@4V234@A
0x102fa0d0,global,??_B?1??singleton@?$EnumDesc@W4CameraType@Camera@RBX@@@Reflection@RBX@@SAABV123@XZ@51
0x102fa0d8,global,?foo@?1??classDescriptor@?$Described@VCamera@RBX@@$1?sCamera@2@3PADAV?$FactoryProduct@VCamera@RBX@@VInstance@2@$1?sCamera@2@3PADA@2@@Reflection@RBX@@SAAAVClassDescriptor@34@XZ@4V534@A
0x102fa160,global,??_B?1??classDescriptor@?$Described@VCamera@RBX@@$1?sCamera@2@3PADAV?$FactoryProduct@VCamera@RBX@@VInstance@2@$1?sCamera@2@3PADA@2@@Reflection@RBX@@SAAAVClassDescriptor@23@XZ@51
0x102fa1e0,global,?n@?1???$doDeclare@$1?sNewNullTool@RBX@@3PADA@Name@RBX@@CAABV12@XZ@4ABV12@B
0x102fa1e4,global,??_B?1???$doDeclare@$1?sNewNullTool@RBX@@3PADA@Name@RBX@@CAABV01@XZ@51
0x102fa1e8,global,?flag@?1???$declare@$1?sNewNullTool@RBX@@3PADA@Name@RBX@@SAABV12@XZ@4JA
0x102fa1ec,global,?n@?1???$doDeclare@$1?sBackpackItem@RBX@@3QBDB@Name@RBX@@CAABV12@XZ@4ABV12@B
0x102fa1f0,global,??_B?1???$doDeclare@$1?sBackpackItem@RBX@@3QBDB@Name@RBX@@CAABV01@XZ@51
0x102fa1f4,global,?flag@?1???$declare@$1?sBackpackItem@RBX@@3QBDB@Name@RBX@@SAABV12@XZ@4JA
0x102fa1f8,global,?s@?1??singleton@?$EnumDesc@W4BinType@HopperBin@RBX@@@Reflection@RBX@@SAABV234@XZ@4V234@A
0x102fa290,global,??_B?1??singleton@?$EnumDesc@W4BinType@HopperBin@RBX@@@Reflection@RBX@@SAABV123@XZ@51
0x102fa298,global,?foo@?1??classDescriptor@?$Described@VHopperBin@RBX@@$1?sHopperBin@2@3QBDBV?$FactoryProduct@VHopperBin@RBX@@VBackpackItem@2@$1?sHopperBin@2@3QBDB@2@@Reflection@RBX@@SAAAVClassDescriptor@34@XZ@4V534@A
0x102fa320,global,??_B?1??classDescriptor@?$Described@VHopperBin@RBX@@$1?sHopperBin@2@3QBDBV?$FactoryProduct@VHopperBin@RBX@@VBackpackItem@2@$1?sHopperBin@2@3QBDB@2@@Reflection@RBX@@SAAAVClassDescriptor@23@XZ@51
0x102fa3e4,global,?n@?1???$doDeclare@$1?sToolMouseCommand@RBX@@3PADA@Name@RBX@@CAABV12@XZ@4ABV12@B
0x102fa3e8,global,??_B?1???$doDeclare@$1?sToolMouseCommand@RBX@@3PADA@Name@RBX@@CAABV01@XZ@51
0x102fa3ec,global,?n@?1???$doDeclare@$1?sMouse@RBX@@3QBDB@Name@RBX@@CAABV12@XZ@4ABV12@B
0x102fa3f0,global,??_B?1???$doDeclare@$1?sMouse@RBX@@3QBDB@Name@RBX@@CAABV01@XZ@51
0x102fa3f4,global,?flag@?1???$declare@$1?sToolMouseCommand@RBX@@3PADA@Name@RBX@@SAABV12@XZ@4JA
0x102fa3f8,global,?flag@?1???$declare@$1?sMouse@RBX@@3QBDB@Name@RBX@@SAABV12@XZ@4JA
0x102fa3fc,global,?stored_vtable@?1???$assign_to@V?$bind_t@XV?$mf1@XVTool@RBX@@V?$shared_ptr@VInstance@RBX@@@boost@@@_mfi@boost@@V?$list2@V?$value@PAVTool@RBX@@@_bi@boost@@V?$arg@$00@3@@_bi@3@@_bi@boost@@@?$function1@XV?$shared_ptr@VInstance@RBX@@@boost@@V?$allocator@X@std@@@boost@@AAEXV?$bind_t@XV?$mf1@XVTool@RBX@@V?$shared_ptr@VInstance@RBX@@@boost@@@_mfi@boost@@V?$list2@V?$value@PAVTool@RBX@@@_bi@boost@@V?$arg@$00@3@@_bi@3@@_bi@2@@Z@4U?$basic_vtable1@XV?$shared_ptr@VInstance@RBX@@@boost@@V?$allocator@X@std@@@function@detail@2@A
0x102fa404,global,??_B?1???$assign_to@V?$bind_t@XV?$mf1@XVTool@RBX@@V?$shared_ptr@VInstance@RBX@@@boost@@@_mfi@boost@@V?$list2@V?$value@PAVTool@RBX@@@_bi@boost@@V?$arg@$00@3@@_bi@3@@_bi@boost@@@?$function1@XV?$shared_ptr@VInstance@RBX@@@boost@@V?$allocator@X@std@@@boost@@AAEXV?$bind_t@XV?$mf1@XVTool@RBX@@V?$shared_ptr@VInstance@RBX@@@boost@@@_mfi@boost@@V?$list2@V?$value@PAVTool@RBX@@@_bi@boost@@V?$arg@$00@3@@_bi@3@@_bi@1@@Z@51
0x102fa408,global,?foo@?1??classDescriptor@?$Described@VMouse@RBX@@$1?sMouse@2@3QBDBV?$NonFactoryProduct@VInstance@RBX@@$1?sMouse@2@3QBDB@2@@Reflection@RBX@@SAAAVClassDescriptor@34@XZ@4V534@A
0x102fa490,global,??_B?1??classDescriptor@?$Described@VMouse@RBX@@$1?sMouse@2@3QBDBV?$NonFactoryProduct@VInstance@RBX@@$1?sMouse@2@3QBDB@2@@Reflection@RBX@@SAAAVClassDescriptor@23@XZ@51
0x102fa5ec,global,?prop_Enabled@Tool@RBX@@2V?$BoundProp@_N$00@Reflection@2@A
0x102fa608,global,?index@?1???$doGetClassIndex@VTimerService@RBX@@@ServiceProvider@RBX@@CAIXZ@4IA
0x102fa60c,global,??_B?1???$doGetClassIndex@VTimerService@RBX@@@ServiceProvider@RBX@@CAIXZ@51
0x102fa610,global,?index@?1???$doGetClassIndex@VFlagStandService@RBX@@@ServiceProvider@RBX@@CAIXZ@4IA
0x102fa614,global,??_B?1???$doGetClassIndex@VFlagStandService@RBX@@@ServiceProvider@RBX@@CAIXZ@51
0x102fa618,global,?flag@?1???$getClassIndex@VTimerService@RBX@@@ServiceProvider@RBX@@CAIXZ@4JA
0x102fa61c,global,?flag@?1???$getClassIndex@VFlagStandService@RBX@@@ServiceProvider@RBX@@CAIXZ@4JA
0x102fa620,global,?stored_vtable@?1???$assign_to@V?$bind_t@XV?$mf1@XVFlag@RBX@@V?$shared_ptr@VInstance@RBX@@@boost@@@_mfi@boost@@V?$list2@V?$value@PAVFlag@RBX@@@_bi@boost@@V?$arg@$00@3@@_bi@3@@_bi@boost@@@?$function1@XV?$shared_ptr@VInstance@RBX@@@boost@@V?$allocator@X@std@@@boost@@AAEXV?$bind_t@XV?$mf1@XVFlag@RBX@@V?$shared_ptr@VInstance@RBX@@@boost@@@_mfi@boost@@V?$list2@V?$value@PAVFlag@RBX@@@_bi@boost@@V?$arg@$00@3@@_bi@3@@_bi@2@@Z@4U?$basic_vtable1@XV?$shared_ptr@VInstance@RBX@@@boost@@V?$allocator@X@std@@@function@detail@2@A
0x102fa628,global,??_B?1???$assign_to@V?$bind_t@XV?$mf1@XVFlag@RBX@@V?$shared_ptr@VInstance@RBX@@@boost@@@_mfi@boost@@V?$list2@V?$value@PAVFlag@RBX@@@_bi@boost@@V?$arg@$00@3@@_bi@3@@_bi@boost@@@?$function1@XV?$shared_ptr@VInstance@RBX@@@boost@@V?$allocator@X@std@@@boost@@AAEXV?$bind_t@XV?$mf1@XVFlag@RBX@@V?$shared_ptr@VInstance@RBX@@@boost@@@_mfi@boost@@V?$list2@V?$value@PAVFlag@RBX@@@_bi@boost@@V?$arg@$00@3@@_bi@3@@_bi@1@@Z@51
0x102fa62c,global,?isNullClassName@?8???$find@VTimerService@RBX@@@ServiceProvider@RBX@@QBEPAVTimerService@2@XZ@4_NB
0x102fa630,global,??_B?8???$find@VTimerService@RBX@@@ServiceProvider@RBX@@QBEPAVTimerService@1@XZ@58
0x102fa634,global,?isNullClassName@?8???$find@VFlagStandService@RBX@@@ServiceProvider@RBX@@QBEPAVFlagStandService@2@XZ@4_NB
0x102fa638,global,??_B?8???$find@VFlagStandService@RBX@@@ServiceProvider@RBX@@QBEPAVFlagStandService@1@XZ@58
0x102fa63c,global,?stored_vtable@?1???$assign_to@V?$bind_t@XV?$mf0@XVFlag@RBX@@@_mfi@boost@@V?$list1@V?$value@V?$shared_ptr@VFlag@RBX@@@boost@@@_bi@boost@@@_bi@3@@_bi@boost@@@?$function0@XV?$allocator@Vfunction_base@boost@@@std@@@boost@@AAEXV?$bind_t@XV?$mf0@XVFlag@RBX@@@_mfi@boost@@V?$list1@V?$value@V?$shared_ptr@VFlag@RBX@@@boost@@@_bi@boost@@@_bi@3@@_bi@2@@Z@4U?$basic_vtable0@XV?$allocator@Vfunction_base@boost@@@std@@@function@detail@2@A
0x102fa644,global,??_B?1???$assign_to@V?$bind_t@XV?$mf0@XVFlag@RBX@@@_mfi@boost@@V?$list1@V?$value@V?$shared_ptr@VFlag@RBX@@@boost@@@_bi@boost@@@_bi@3@@_bi@boost@@@?$function0@XV?$allocator@Vfunction_base@boost@@@std@@@boost@@AAEXV?$bind_t@XV?$mf0@XVFlag@RBX@@@_mfi@boost@@V?$list1@V?$value@V?$shared_ptr@VFlag@RBX@@@boost@@@_bi@boost@@@_bi@3@@_bi@1@@Z@51
0x102fa668,global,?disableEnvironmentalThrottle@World@RBX@@2_NA
0x102fa6a4,global,?canvasSize@GuiRoot@RBX@@0VVector2@G3D@@A
0x102fa6ac,global,?oldCameraWorld@GuiRoot@RBX@@0VCoordinateFrame@G3D@@A
0x102fa6e0,global,?oldProjectionMatrix@GuiRoot@RBX@@0VMatrix4@G3D@@A
0x102fa720,global,?contactPairMatches@Contact@RBX@@1HA
0x102fa724,global,?contactPairMisses@Contact@RBX@@1HA
0x102fa728,global,?numKernels@Kernel@RBX@@0HA
0x102fa72c,global,?minSize@?3??resize@?$Array@PAVConnector@RBX@@@G3D@@QAEXH_N@Z@4HB
0x102fa730,global,??_B?3??resize@?$Array@PAVConnector@RBX@@@G3D@@QAEXH_N@Z@53
0x102fa734,global,?minSize@?3??resize@?$Array@PAVBody@RBX@@@G3D@@QAEXH_N@Z@4HB
0x102fa738,global,??_B?3??resize@?$Array@PAVBody@RBX@@@G3D@@QAEXH_N@Z@53
0x102fa73c,global,?minSize@?3??resize@?$Array@PAVPoint@RBX@@@G3D@@QAEXH_N@Z@4HB
0x102fa740,global,??_B?3??resize@?$Array@PAVPoint@RBX@@@G3D@@QAEXH_N@Z@53
0x102fa744,global,?n@?1???$doDeclare@$1?sJointInstance@RBX@@3QBDB@Name@RBX@@CAABV12@XZ@4ABV12@B
0x102fa748,global,??_B?1???$doDeclare@$1?sJointInstance@RBX@@3QBDB@Name@RBX@@CAABV01@XZ@51
0x102fa74c,global,?flag@?1???$declare@$1?sJointInstance@RBX@@3QBDB@Name@RBX@@SAABV12@XZ@4JA
0x102fa750,global,?n@?1???$doDeclare@$1?sAutoJoint@RBX@@3QBDB@Name@RBX@@CAABV12@XZ@4ABV12@B
0x102fa754,global,??_B?1???$doDeclare@$1?sAutoJoint@RBX@@3QBDB@Name@RBX@@CAABV01@XZ@51
0x102fa758,global,?flag@?1???$declare@$1?sAutoJoint@RBX@@3QBDB@Name@RBX@@SAABV12@XZ@4JA
0x102fa830,global,?foo@?1??classDescriptor@?$Described@VTeams@RBX@@$1?sTeams@2@3QBDBV?$FactoryProduct@VTeams@RBX@@VInstance@2@$1?sTeams@2@3QBDB@2@@Reflection@RBX@@SAAAVClassDescriptor@34@XZ@4V534@A
0x102fa8b8,global,??_B?1??classDescriptor@?$Described@VTeams@RBX@@$1?sTeams@2@3QBDBV?$FactoryProduct@VTeams@RBX@@VInstance@2@$1?sTeams@2@3QBDB@2@@Reflection@RBX@@SAAAVClassDescriptor@23@XZ@51
0x102fa929,global,?writeUnlocked@Accoutrement@RBX@@2_NA
0x102fa9d4,global,?stored_vtable@?1???$assign_to@V?$bind_t@XV?$mf1@XVAccoutrement@RBX@@V?$shared_ptr@VInstance@RBX@@@boost@@@_mfi@boost@@V?$list2@V?$value@PAVAccoutrement@RBX@@@_bi@boost@@V?$arg@$00@3@@_bi@3@@_bi@boost@@@?$function1@XV?$shared_ptr@VInstance@RBX@@@boost@@V?$allocator@X@std@@@boost@@AAEXV?$bind_t@XV?$mf1@XVAccoutrement@RBX@@V?$shared_ptr@VInstance@RBX@@@boost@@@_mfi@boost@@V?$list2@V?$value@PAVAccoutrement@RBX@@@_bi@boost@@V?$arg@$00@3@@_bi@3@@_bi@2@@Z@4U?$basic_vtable1@XV?$shared_ptr@VInstance@RBX@@@boost@@V?$allocator@X@std@@@function@detail@2@A
0x102fa9dc,global,??_B?1???$assign_to@V?$bind_t@XV?$mf1@XVAccoutrement@RBX@@V?$shared_ptr@VInstance@RBX@@@boost@@@_mfi@boost@@V?$list2@V?$value@PAVAccoutrement@RBX@@@_bi@boost@@V?$arg@$00@3@@_bi@3@@_bi@boost@@@?$function1@XV?$shared_ptr@VInstance@RBX@@@boost@@V?$allocator@X@std@@@boost@@AAEXV?$bind_t@XV?$mf1@XVAccoutrement@RBX@@V?$shared_ptr@VInstance@RBX@@@boost@@@_mfi@boost@@V?$list2@V?$value@PAVAccoutrement@RBX@@@_bi@boost@@V?$arg@$00@3@@_bi@3@@_bi@1@@Z@51
0x102fa9e4,global,?prop_AnimateCharacter@RBX@@3V?$BoundProp@_N$00@Reflection@1@A
0x102faa00,global,?prop_SoftwareSound@RBX@@3V?$BoundProp@_N$00@Reflection@1@A
0x102faa1c,global,?prop_SoundEnabled@RBX@@3V?$BoundProp@_N$00@Reflection@1@A
0x102faa38,global,?prop_ChatScrollLength@RBX@@3V?$BoundProp@H$00@Reflection@1@A
0x102faa54,global,?prop_ChatHistory@RBX@@3V?$BoundProp@H$00@Reflection@1@A
0x102fab88,global,?foo@?1??classDescriptor@?$Described@VShirt@RBX@@$1?sShirt@2@3QBDBV?$FactoryProduct@VShirt@RBX@@VShirtGraphic@2@$1?sShirt@2@3QBDB@2@@Reflection@RBX@@SAAAVClassDescriptor@34@XZ@4V534@A
0x102fac10,global,??_B?1??classDescriptor@?$Described@VShirt@RBX@@$1?sShirt@2@3QBDBV?$FactoryProduct@VShirt@RBX@@VShirtGraphic@2@$1?sShirt@2@3QBDB@2@@Reflection@RBX@@SAAAVClassDescriptor@23@XZ@51
0x102fac18,global,?foo@?1??classDescriptor@?$Described@VSkin@RBX@@$1?sSkin@2@3QBDBV?$FactoryProduct@VSkin@RBX@@VCharacterAppearance@2@$1?sSkin@2@3QBDB@2@@Reflection@RBX@@SAAAVClassDescriptor@34@XZ@4V534@A
0x102faca0,global,??_B?1??classDescriptor@?$Described@VSkin@RBX@@$1?sSkin@2@3QBDBV?$FactoryProduct@VSkin@RBX@@VCharacterAppearance@2@$1?sSkin@2@3QBDB@2@@Reflection@RBX@@SAAAVClassDescriptor@23@XZ@51
0x102faca8,global,?prop_HeadColor@BodyColors@RBX@@2V?$BoundProp@VBrickColor@RBX@@$00@Reflection@2@A
0x102facc4,global,?prop_RightLegColor@BodyColors@RBX@@2V?$BoundProp@VBrickColor@RBX@@$00@Reflection@2@A
0x102face0,global,?prop_Graphic@ShirtGraphic@RBX@@2V?$BoundProp@VTextureId@RBX@@$00@Reflection@2@A
0x102facfc,global,?prop_leftSleeveColor@Shirt@RBX@@2V?$BoundProp@VBrickColor@RBX@@$00@Reflection@2@A
0x102fad18,global,?prop_rightSleeveColor@Shirt@RBX@@2V?$BoundProp@VBrickColor@RBX@@$00@Reflection@2@A
0x102fad34,global,?prop_torsoColor@Shirt@RBX@@2V?$BoundProp@VBrickColor@RBX@@$00@Reflection@2@A
0x102fad50,global,?prop_LeftArmColor@BodyColors@RBX@@2V?$BoundProp@VBrickColor@RBX@@$00@Reflection@2@A
0x102fad6c,global,?prop_LeftLegColor@BodyColors@RBX@@2V?$BoundProp@VBrickColor@RBX@@$00@Reflection@2@A
0x102fad88,global,?prop_TorsoColor@BodyColors@RBX@@2V?$BoundProp@VBrickColor@RBX@@$00@Reflection@2@A
0x102fada4,global,?prop_skinColor@Skin@RBX@@2V?$BoundProp@VBrickColor@RBX@@$00@Reflection@2@A
0x102fadc0,global,?prop_RightArmColor@BodyColors@RBX@@2V?$BoundProp@VBrickColor@RBX@@$00@Reflection@2@A
0x102faddc,global,?stored_vtable@?1???$assign_to@VGenericSlotAdapter@?$SignalDescImpl@$01$$A6AXV?$shared_ptr@VInstance@RBX@@@boost@@M@Z@Reflection@RBX@@@?$function2@XV?$shared_ptr@VInstance@RBX@@@boost@@MV?$allocator@X@std@@@boost@@AAEXVGenericSlotAdapter@?$SignalDescImpl@$01$$A6AXV?$shared_ptr@VInstance@RBX@@@boost@@M@Z@Reflection@RBX@@@Z@4U?$basic_vtable2@XV?$shared_ptr@VInstance@RBX@@@boost@@MV?$allocator@X@std@@@function@detail@2@A
0x102fade4,global,??_B?1???$assign_to@VGenericSlotAdapter@?$SignalDescImpl@$01$$A6AXV?$shared_ptr@VInstance@RBX@@@boost@@M@Z@Reflection@RBX@@@?$function2@XV?$shared_ptr@VInstance@RBX@@@boost@@MV?$allocator@X@std@@@boost@@AAEXVGenericSlotAdapter@?$SignalDescImpl@$01$$A6AXV?$shared_ptr@VInstance@RBX@@@boost@@M@Z@Reflection@RBX@@@Z@51
0x102fae08,global,?propPosition@Explosion@RBX@@2V?$BoundProp@VVector3@G3D@@$00@Reflection@2@A
0x102fae24,global,?propBlastPressure@Explosion@RBX@@2V?$BoundProp@M$00@Reflection@2@A
0x102fae40,global,?signal_Hit@RBX@@3V?$SignalDesc@VExplosion@RBX@@$$A6AXV?$shared_ptr@VInstance@RBX@@@boost@@M@Z@Reflection@1@A
0x102fae64,global,?n@?1???$doDeclare@$1?sFeature@RBX@@3QBDB@Name@RBX@@CAABV12@XZ@4ABV12@B
0x102fae68,global,??_B?1???$doDeclare@$1?sFeature@RBX@@3QBDB@Name@RBX@@CAABV01@XZ@51
0x102fae6c,global,?type@?1???$singleton@PAVHole@RBX@@@RefType@Reflection@RBX@@SAABVType@23@XZ@4V123@A
0x102fae7c,global,??_B?1???$singleton@PAVHole@RBX@@@RefType@Reflection@RBX@@SAABVType@12@XZ@51
0x102fae80,global,?flag@?1???$declare@$1?sFeature@RBX@@3QBDB@Name@RBX@@SAABV12@XZ@4JA
0x102fae84,global,?stored_vtable@?1???$assign_to@V?$bind_t@XV?$mf0@XVVelocityMotor@RBX@@@_mfi@boost@@V?$list1@V?$value@PAVVelocityMotor@RBX@@@_bi@boost@@@_bi@3@@_bi@boost@@@?$function1@XV?$shared_ptr@VInstance@RBX@@@boost@@V?$allocator@X@std@@@boost@@AAEXV?$bind_t@XV?$mf0@XVVelocityMotor@RBX@@@_mfi@boost@@V?$list1@V?$value@PAVVelocityMotor@RBX@@@_bi@boost@@@_bi@3@@_bi@2@@Z@4U?$basic_vtable1@XV?$shared_ptr@VInstance@RBX@@@boost@@V?$allocator@X@std@@@function@detail@2@A
0x102fae8c,global,??_B?1???$assign_to@V?$bind_t@XV?$mf0@XVVelocityMotor@RBX@@@_mfi@boost@@V?$list1@V?$value@PAVVelocityMotor@RBX@@@_bi@boost@@@_bi@3@@_bi@boost@@@?$function1@XV?$shared_ptr@VInstance@RBX@@@boost@@V?$allocator@X@std@@@boost@@AAEXV?$bind_t@XV?$mf0@XVVelocityMotor@RBX@@@_mfi@boost@@V?$list1@V?$value@PAVVelocityMotor@RBX@@@_bi@boost@@@_bi@3@@_bi@1@@Z@51
0x102fae90,global,?s@?1??singleton@?$EnumDesc@W4TopBottom@Feature@RBX@@@Reflection@RBX@@SAABV234@XZ@4V234@A
0x102faf28,global,??_B?1??singleton@?$EnumDesc@W4TopBottom@Feature@RBX@@@Reflection@RBX@@SAABV123@XZ@51
0x102faf30,global,?s@?1??singleton@?$EnumDesc@W4LeftRight@Feature@RBX@@@Reflection@RBX@@SAABV234@XZ@4V234@A
0x102fafc8,global,??_B?1??singleton@?$EnumDesc@W4LeftRight@Feature@RBX@@@Reflection@RBX@@SAABV123@XZ@51
0x102fafd0,global,?s@?1??singleton@?$EnumDesc@W4InOut@Feature@RBX@@@Reflection@RBX@@SAABV234@XZ@4V234@A
0x102fb068,global,??_B?1??singleton@?$EnumDesc@W4InOut@Feature@RBX@@@Reflection@RBX@@SAABV123@XZ@51
0x102fb070,global,?foo@?1??classDescriptor@?$Described@VVelocityMotor@RBX@@$1?sVelocityMotor@2@3QBDBV?$FactoryProduct@VVelocityMotor@RBX@@VJointInstance@2@$1?sVelocityMotor@2@3QBDB@2@@Reflection@RBX@@SAAAVClassDescriptor@34@XZ@4V534@A
0x102fb0f8,global,??_B?1??classDescriptor@?$Described@VVelocityMotor@RBX@@$1?sVelocityMotor@2@3QBDBV?$FactoryProduct@VVelocityMotor@RBX@@VJointInstance@2@$1?sVelocityMotor@2@3QBDB@2@@Reflection@RBX@@SAAAVClassDescriptor@23@XZ@51
0x102fb100,global,?s@?1??singleton@?$EnumDesc@W4NormalId@RBX@@@Reflection@RBX@@SAABV234@XZ@4V234@A
0x102fb198,global,??_B?1??singleton@?$EnumDesc@W4NormalId@RBX@@@Reflection@RBX@@SAABV123@XZ@51
0x102fb294,global,?stored_vtable@?1???$assign_to@V?$bind_t@XV?$mf1@XVFlagStand@RBX@@V?$shared_ptr@VInstance@RBX@@@boost@@@_mfi@boost@@V?$list2@V?$value@PAVFlagStand@RBX@@@_bi@boost@@V?$arg@$00@3@@_bi@3@@_bi@boost@@@?$function1@XV?$shared_ptr@VInstance@RBX@@@boost@@V?$allocator@X@std@@@boost@@AAEXV?$bind_t@XV?$mf1@XVFlagStand@RBX@@V?$shared_ptr@VInstance@RBX@@@boost@@@_mfi@boost@@V?$list2@V?$value@PAVFlagStand@RBX@@@_bi@boost@@V?$arg@$00@3@@_bi@3@@_bi@2@@Z@4U?$basic_vtable1@XV?$shared_ptr@VInstance@RBX@@@boost@@V?$allocator@X@std@@@function@detail@2@A
0x102fb29c,global,??_B?1???$assign_to@V?$bind_t@XV?$mf1@XVFlagStand@RBX@@V?$shared_ptr@VInstance@RBX@@@boost@@@_mfi@boost@@V?$list2@V?$value@PAVFlagStand@RBX@@@_bi@boost@@V?$arg@$00@3@@_bi@3@@_bi@boost@@@?$function1@XV?$shared_ptr@VInstance@RBX@@@boost@@V?$allocator@X@std@@@boost@@AAEXV?$bind_t@XV?$mf1@XVFlagStand@RBX@@V?$shared_ptr@VInstance@RBX@@@boost@@@_mfi@boost@@V?$list2@V?$value@PAVFlagStand@RBX@@@_bi@boost@@V?$arg@$00@3@@_bi@3@@_bi@1@@Z@51
0x102fb2e8,global,?foo@?1??classDescriptor@?$Described@VBodyPosition@RBX@@$1?sBodyPosition@2@3PADAV?$FactoryProduct@VBodyPosition@RBX@@VBodyMover@2@$1?sBodyPosition@2@3PADA@2@@Reflection@RBX@@SAAAVClassDescriptor@34@XZ@4V534@A
0x102fb370,global,??_B?1??classDescriptor@?$Described@VBodyPosition@RBX@@$1?sBodyPosition@2@3PADAV?$FactoryProduct@VBodyPosition@RBX@@VBodyMover@2@$1?sBodyPosition@2@3PADA@2@@Reflection@RBX@@SAAAVClassDescriptor@23@XZ@51
0x102fb378,global,?foo@?1??classDescriptor@?$Described@VBodyVelocity@RBX@@$1?sBodyVelocity@2@3PADAV?$FactoryProduct@VBodyVelocity@RBX@@VBodyMover@2@$1?sBodyVelocity@2@3PADA@2@@Reflection@RBX@@SAAAVClassDescriptor@34@XZ@4V534@A
0x102fb400,global,??_B?1??classDescriptor@?$Described@VBodyVelocity@RBX@@$1?sBodyVelocity@2@3PADAV?$FactoryProduct@VBodyVelocity@RBX@@VBodyMover@2@$1?sBodyVelocity@2@3PADA@2@@Reflection@RBX@@SAAAVClassDescriptor@23@XZ@51
0x102fb408,global,?foo@?1??classDescriptor@?$Described@VBodyGyro@RBX@@$1?sBodyGyro@2@3PADAV?$FactoryProduct@VBodyGyro@RBX@@VBodyMover@2@$1?sBodyGyro@2@3PADA@2@@Reflection@RBX@@SAAAVClassDescriptor@34@XZ@4V534@A
0x102fb490,global,??_B?1??classDescriptor@?$Described@VBodyGyro@RBX@@$1?sBodyGyro@2@3PADAV?$FactoryProduct@VBodyGyro@RBX@@VBodyMover@2@$1?sBodyGyro@2@3PADA@2@@Reflection@RBX@@SAAAVClassDescriptor@23@XZ@51
0x102fb498,global,?foo@?1??classDescriptor@?$Described@VBodyForce@RBX@@$1?sBodyForce@2@3PADAV?$FactoryProduct@VBodyForce@RBX@@VBodyMover@2@$1?sBodyForce@2@3PADA@2@@Reflection@RBX@@SAAAVClassDescriptor@34@XZ@4V534@A
0x102fb520,global,??_B?1??classDescriptor@?$Described@VBodyForce@RBX@@$1?sBodyForce@2@3PADAV?$FactoryProduct@VBodyForce@RBX@@VBodyMover@2@$1?sBodyForce@2@3PADA@2@@Reflection@RBX@@SAAAVClassDescriptor@23@XZ@51
0x102fb528,global,?foo@?1??classDescriptor@?$Described@VBodyThrust@RBX@@$1?sBodyThrust@2@3PADAV?$FactoryProduct@VBodyThrust@RBX@@VBodyMover@2@$1?sBodyThrust@2@3PADA@2@@Reflection@RBX@@SAAAVClassDescriptor@34@XZ@4V534@A
0x102fb5b0,global,??_B?1??classDescriptor@?$Described@VBodyThrust@RBX@@$1?sBodyThrust@2@3PADAV?$FactoryProduct@VBodyThrust@RBX@@VBodyMover@2@$1?sBodyThrust@2@3PADA@2@@Reflection@RBX@@SAAAVClassDescriptor@23@XZ@51
0x102fb5b8,global,?foo@?1??classDescriptor@?$Described@VRocket@RBX@@$1?sRocket@2@3PADAV?$FactoryProduct@VRocket@RBX@@VBodyMover@2@$1?sRocket@2@3PADA@2@@Reflection@RBX@@SAAAVClassDescriptor@34@XZ@4V534@A
0x102fb640,global,??_B?1??classDescriptor@?$Described@VRocket@RBX@@$1?sRocket@2@3PADAV?$FactoryProduct@VRocket@RBX@@VBodyMover@2@$1?sRocket@2@3PADA@2@@Reflection@RBX@@SAAAVClassDescriptor@23@XZ@51
0x102fb650,global,?func_getLastForceOld@@3V?$BoundFuncDesc@VBodyPosition@RBX@@$$A6A?AVVector3@G3D@@XZ$0A@@Reflection@RBX@@A
0x102fb680,global,?prop_kP@BodyGyro@RBX@@2V?$BoundProp@M$00@Reflection@2@A
0x102fb69c,global,?prop_CartoonFactor@Rocket@RBX@@2V?$BoundProp@M$00@Reflection@2@A
0x102fb6b8,global,?prop_kP@BodyPosition@RBX@@2V?$BoundProp@M$00@Reflection@2@A
0x102fb6d4,global,?prop_position@BodyPosition@RBX@@2V?$BoundProp@VVector3@G3D@@$00@Reflection@2@A
0x102fb6f0,global,?prop_Force@BodyForce@RBX@@2V?$BoundProp@VVector3@G3D@@$00@Reflection@2@A
0x102fb70c,global,?prop_MaxThrust@Rocket@RBX@@2V?$BoundProp@M$00@Reflection@2@A
0x102fb728,global,?prop_targetRadius@Rocket@RBX@@2V?$BoundProp@M$00@Reflection@2@A
0x102fb744,global,?prop_targetOffset@Rocket@RBX@@2V?$BoundProp@VVector3@G3D@@$00@Reflection@2@A
0x102fb760,global,?prop_kD@BodyPosition@RBX@@2V?$BoundProp@M$00@Reflection@2@A
0x102fb77c,global,?prop_TurnD@Rocket@RBX@@2V?$BoundProp@M$00@Reflection@2@A
0x102fb798,global,?prop_maxTorque@BodyGyro@RBX@@2V?$BoundProp@VVector3@G3D@@$00@Reflection@2@A
0x102fb7b4,global,?prop_kP@BodyVelocity@RBX@@2V?$BoundProp@M$00@Reflection@2@A
0x102fb7d0,global,?prop_kD@BodyGyro@RBX@@2V?$BoundProp@M$00@Reflection@2@A
0x102fb7ec,global,?event_ReachedTarget@Rocket@RBX@@2V?$SignalDesc@VRocket@RBX@@$$A6AXXZ@Reflection@2@A
0x102fb810,global,?prop_MaxTorque@Rocket@RBX@@2V?$BoundProp@VVector3@G3D@@$00@Reflection@2@A
0x102fb830,global,?func_Fire@Rocket@RBX@@2V?$BoundFuncDesc@VRocket@RBX@@$$A6AXXZ$0A@@Reflection@2@A
0x102fb860,global,?prop_location@BodyThrust@RBX@@2V?$BoundProp@VVector3@G3D@@$00@Reflection@2@A
0x102fb87c,global,?prop_MaxSpeed@Rocket@RBX@@2V?$BoundProp@M$00@Reflection@2@A
0x102fb898,global,?func_getLastForceV@@3V?$BoundFuncDesc@VBodyVelocity@RBX@@$$A6A?AVVector3@G3D@@XZ$0A@@Reflection@RBX@@A
0x102fb8c8,global,?prop_ThrustD@Rocket@RBX@@2V?$BoundProp@M$00@Reflection@2@A
0x102fb8e4,global,?prop_ThrustP@Rocket@RBX@@2V?$BoundProp@M$00@Reflection@2@A
0x102fb900,global,?prop_velocity@BodyVelocity@RBX@@2V?$BoundProp@VVector3@G3D@@$00@Reflection@2@A
0x102fb91c,global,?prop_force@BodyThrust@RBX@@2V?$BoundProp@VVector3@G3D@@$00@Reflection@2@A
0x102fb938,global,?prop_maxForce@BodyVelocity@RBX@@2V?$BoundProp@VVector3@G3D@@$00@Reflection@2@A
0x102fb958,global,?func_getLastForceVOld@@3V?$BoundFuncDesc@VBodyVelocity@RBX@@$$A6A?AVVector3@G3D@@XZ$0A@@Reflection@RBX@@A
0x102fb988,global,?func_getLastForce@@3V?$BoundFuncDesc@VBodyPosition@RBX@@$$A6A?AVVector3@G3D@@XZ$0A@@Reflection@RBX@@A
0x102fb9b8,global,?prop_TurnP@Rocket@RBX@@2V?$BoundProp@M$00@Reflection@2@A
0x102fb9d8,global,?func_Abort@Rocket@RBX@@2V?$BoundFuncDesc@VRocket@RBX@@$$A6AXXZ$0A@@Reflection@2@A
0x102fba08,global,?prop_cframe@BodyGyro@RBX@@2V?$BoundProp@VCoordinateFrame@G3D@@$00@Reflection@2@A
0x102fba24,global,?prop_maxForce@BodyPosition@RBX@@2V?$BoundProp@VVector3@G3D@@$00@Reflection@2@A
0x102fba40,global,?prop_Target@Rocket@RBX@@2V?$RefPropDescriptor@VRocket@RBX@@VPartInstance@2@@Reflection@2@A
0x102fba80,global,?n@?1???$doDeclare@$1?sIntValue@RBX@@3PADA@Name@RBX@@CAABV12@XZ@4ABV12@B
0x102fba84,global,??_B?1???$doDeclare@$1?sIntValue@RBX@@3PADA@Name@RBX@@CAABV01@XZ@51
0x102fba88,global,?n@?1???$doDeclare@$1?sBoolValue@RBX@@3PADA@Name@RBX@@CAABV12@XZ@4ABV12@B
0x102fba8c,global,??_B?1???$doDeclare@$1?sBoolValue@RBX@@3PADA@Name@RBX@@CAABV01@XZ@51
0x102fba90,global,?n@?1???$doDeclare@$1?sDoubleValue@RBX@@3PADA@Name@RBX@@CAABV12@XZ@4ABV12@B
0x102fba94,global,??_B?1???$doDeclare@$1?sDoubleValue@RBX@@3PADA@Name@RBX@@CAABV01@XZ@51
0x102fba98,global,?n@?1???$doDeclare@$1?sStringValue@RBX@@3PADA@Name@RBX@@CAABV12@XZ@4ABV12@B
0x102fba9c,global,??_B?1???$doDeclare@$1?sStringValue@RBX@@3PADA@Name@RBX@@CAABV01@XZ@51
0x102fbaa0,global,?n@?1???$doDeclare@$1?sVector3Value@RBX@@3PADA@Name@RBX@@CAABV12@XZ@4ABV12@B
0x102fbaa4,global,??_B?1???$doDeclare@$1?sVector3Value@RBX@@3PADA@Name@RBX@@CAABV01@XZ@51
0x102fbaa8,global,?n@?1???$doDeclare@$1?sCFrameValue@RBX@@3PADA@Name@RBX@@CAABV12@XZ@4ABV12@B
0x102fbaac,global,??_B?1???$doDeclare@$1?sCFrameValue@RBX@@3PADA@Name@RBX@@CAABV01@XZ@51
0x102fbab0,global,?n@?1???$doDeclare@$1?sColor3Value@RBX@@3PADA@Name@RBX@@CAABV12@XZ@4ABV12@B
0x102fbab4,global,??_B?1???$doDeclare@$1?sColor3Value@RBX@@3PADA@Name@RBX@@CAABV01@XZ@51
0x102fbab8,global,?n@?1???$doDeclare@$1?sBrickColorValue@RBX@@3PADA@Name@RBX@@CAABV12@XZ@4ABV12@B
0x102fbabc,global,??_B?1???$doDeclare@$1?sBrickColorValue@RBX@@3PADA@Name@RBX@@CAABV01@XZ@51
0x102fbac0,global,?flag@?1???$declare@$1?sIntValue@RBX@@3PADA@Name@RBX@@SAABV12@XZ@4JA
0x102fbac4,global,?flag@?1???$declare@$1?sBoolValue@RBX@@3PADA@Name@RBX@@SAABV12@XZ@4JA
0x102fbac8,global,?flag@?1???$declare@$1?sDoubleValue@RBX@@3PADA@Name@RBX@@SAABV12@XZ@4JA
0x102fbacc,global,?flag@?1???$declare@$1?sStringValue@RBX@@3PADA@Name@RBX@@SAABV12@XZ@4JA
0x102fbad0,global,?flag@?1???$declare@$1?sVector3Value@RBX@@3PADA@Name@RBX@@SAABV12@XZ@4JA
0x102fbad4,global,?flag@?1???$declare@$1?sCFrameValue@RBX@@3PADA@Name@RBX@@SAABV12@XZ@4JA
0x102fbad8,global,?flag@?1???$declare@$1?sColor3Value@RBX@@3PADA@Name@RBX@@SAABV12@XZ@4JA
0x102fbadc,global,?flag@?1???$declare@$1?sBrickColorValue@RBX@@3PADA@Name@RBX@@SAABV12@XZ@4JA
0x102fbae0,global,?foo@?1??classDescriptor@?$Described@V?$Value@H$1?sIntValue@RBX@@3PADA@RBX@@$1?sIntValue@2@3PADAV?$FactoryProduct@V?$Value@H$1?sIntValue@RBX@@3PADA@RBX@@VInstance@2@$1?sIntValue@2@3PADA@2@@Reflection@RBX@@SAAAVClassDescriptor@34@XZ@4V534@A
0x102fbb68,global,??_B?1??classDescriptor@?$Described@V?$Value@H$1?sIntValue@RBX@@3PADA@RBX@@$1?sIntValue@2@3PADAV?$FactoryProduct@V?$Value@H$1?sIntValue@RBX@@3PADA@RBX@@VInstance@2@$1?sIntValue@2@3PADA@2@@Reflection@RBX@@SAAAVClassDescriptor@23@XZ@51
0x102fbb70,global,?foo@?1??classDescriptor@?$Described@V?$Value@_N$1?sBoolValue@RBX@@3PADA@RBX@@$1?sBoolValue@2@3PADAV?$FactoryProduct@V?$Value@_N$1?sBoolValue@RBX@@3PADA@RBX@@VInstance@2@$1?sBoolValue@2@3PADA@2@@Reflection@RBX@@SAAAVClassDescriptor@34@XZ@4V534@A
0x102fbbf8,global,??_B?1??classDescriptor@?$Described@V?$Value@_N$1?sBoolValue@RBX@@3PADA@RBX@@$1?sBoolValue@2@3PADAV?$FactoryProduct@V?$Value@_N$1?sBoolValue@RBX@@3PADA@RBX@@VInstance@2@$1?sBoolValue@2@3PADA@2@@Reflection@RBX@@SAAAVClassDescriptor@23@XZ@51
0x102fbc00,global,?foo@?1??classDescriptor@?$Described@V?$Value@N$1?sDoubleValue@RBX@@3PADA@RBX@@$1?sDoubleValue@2@3PADAV?$FactoryProduct@V?$Value@N$1?sDoubleValue@RBX@@3PADA@RBX@@VInstance@2@$1?sDoubleValue@2@3PADA@2@@Reflection@RBX@@SAAAVClassDescriptor@34@XZ@4V534@A
0x102fbc88,global,??_B?1??classDescriptor@?$Described@V?$Value@N$1?sDoubleValue@RBX@@3PADA@RBX@@$1?sDoubleValue@2@3PADAV?$FactoryProduct@V?$Value@N$1?sDoubleValue@RBX@@3PADA@RBX@@VInstance@2@$1?sDoubleValue@2@3PADA@2@@Reflection@RBX@@SAAAVClassDescriptor@23@XZ@51
0x102fbed0,global,?foo@?1??classDescriptor@?$Described@V?$Value@VBrickColor@RBX@@$1?sBrickColorValue@2@3PADA@RBX@@$1?sBrickColorValue@2@3PADAV?$FactoryProduct@V?$Value@VBrickColor@RBX@@$1?sBrickColorValue@2@3PADA@RBX@@VInstance@2@$1?sBrickColorValue@2@3PADA@2@@Reflection@RBX@@SAAAVClassDescriptor@34@XZ@4V534@A
0x102fbf58,global,??_B?1??classDescriptor@?$Described@V?$Value@VBrickColor@RBX@@$1?sBrickColorValue@2@3PADA@RBX@@$1?sBrickColorValue@2@3PADAV?$FactoryProduct@V?$Value@VBrickColor@RBX@@$1?sBrickColorValue@2@3PADA@RBX@@VInstance@2@$1?sBrickColorValue@2@3PADA@2@@Reflection@RBX@@SAAAVClassDescriptor@23@XZ@51
0x102fbf5c,global,?stored_vtable@?1???$assign_to@VGenericSlotAdapter@?$SignalDescImpl@$00$$A6AXH@Z@Reflection@RBX@@@?$function1@XHV?$allocator@X@std@@@boost@@AAEXVGenericSlotAdapter@?$SignalDescImpl@$00$$A6AXH@Z@Reflection@RBX@@@Z@4U?$basic_vtable1@XHV?$allocator@X@std@@@function@detail@2@A
0x102fbf64,global,??_B?1???$assign_to@VGenericSlotAdapter@?$SignalDescImpl@$00$$A6AXH@Z@Reflection@RBX@@@?$function1@XHV?$allocator@X@std@@@boost@@AAEXVGenericSlotAdapter@?$SignalDescImpl@$00$$A6AXH@Z@Reflection@RBX@@@Z@51
0x102fbf68,global,?stored_vtable@?1???$assign_to@VGenericSlotAdapter@?$SignalDescImpl@$00$$A6AXN@Z@Reflection@RBX@@@?$function1@XNV?$allocator@X@std@@@boost@@AAEXVGenericSlotAdapter@?$SignalDescImpl@$00$$A6AXN@Z@Reflection@RBX@@@Z@4U?$basic_vtable1@XNV?$allocator@X@std@@@function@detail@2@A
0x102fbf70,global,??_B?1???$assign_to@VGenericSlotAdapter@?$SignalDescImpl@$00$$A6AXN@Z@Reflection@RBX@@@?$function1@XNV?$allocator@X@std@@@boost@@AAEXVGenericSlotAdapter@?$SignalDescImpl@$00$$A6AXN@Z@Reflection@RBX@@@Z@51
0x102fbfa4,global,?stored_vtable@?1???$assign_to@VGenericSlotAdapter@?$SignalDescImpl@$00$$A6AXVBrickColor@RBX@@@Z@Reflection@RBX@@@?$function1@XVBrickColor@RBX@@V?$allocator@X@std@@@boost@@AAEXVGenericSlotAdapter@?$SignalDescImpl@$00$$A6AXVBrickColor@RBX@@@Z@Reflection@RBX@@@Z@4U?$basic_vtable1@XVBrickColor@RBX@@V?$allocator@X@std@@@function@detail@2@A
0x102fbfac,global,??_B?1???$assign_to@VGenericSlotAdapter@?$SignalDescImpl@$00$$A6AXVBrickColor@RBX@@@Z@Reflection@RBX@@@?$function1@XVBrickColor@RBX@@V?$allocator@X@std@@@boost@@AAEXVGenericSlotAdapter@?$SignalDescImpl@$00$$A6AXVBrickColor@RBX@@@Z@Reflection@RBX@@@Z@51
0x102fbfe8,global,?desc_Value@?$Value@VBrickColor@RBX@@$1?sBrickColorValue@2@3PADA@RBX@@2V?$BoundProp@VBrickColor@RBX@@$00@Reflection@2@A
0x102fc004,global,?desc_ValueChanged@?$Value@_N$1?sBoolValue@RBX@@3PADA@RBX@@2V?$SignalDesc@V?$Value@_N$1?sBoolValue@RBX@@3PADA@RBX@@$$A6AX_N@Z@Reflection@2@A
0x102fc08c,global,?desc_Value@?$Value@_N$1?sBoolValue@RBX@@3PADA@RBX@@2V?$BoundProp@_N$00@Reflection@2@A
0x102fc0a8,global,?desc_ValueChanged@?$Value@VBrickColor@RBX@@$1?sBrickColorValue@2@3PADA@RBX@@2V?$SignalDesc@V?$Value@VBrickColor@RBX@@$1?sBrickColorValue@2@3PADA@RBX@@$$A6AXVBrickColor@2@@Z@Reflection@2@A
0x102fc0dc,global,?desc_ValueChanged@ObjectValue@RBX@@2V?$SignalDesc@VObjectValue@RBX@@$$A6AXV?$shared_ptr@VInstance@RBX@@@boost@@@Z@Reflection@2@A
0x102fc100,global,?desc_Value@ObjectValue@RBX@@2V?$RefPropDescriptor@VObjectValue@RBX@@VInstance@2@@Reflection@2@A
0x102fc120,global,?desc_Value@?$Value@H$1?sIntValue@RBX@@3PADA@RBX@@2V?$BoundProp@H$00@Reflection@2@A
0x102fc188,global,?defaultValue@?$Value@VBrickColor@RBX@@$1?sBrickColorValue@2@3PADA@RBX@@0VBrickColor@2@B
0x102fc18c,global,?desc_Value@?$Value@N$1?sDoubleValue@RBX@@3PADA@RBX@@2V?$BoundProp@N$00@Reflection@2@A
0x102fc1e8,global,?desc_ValueChanged@?$Value@H$1?sIntValue@RBX@@3PADA@RBX@@2V?$SignalDesc@V?$Value@H$1?sIntValue@RBX@@3PADA@RBX@@$$A6AXH@Z@Reflection@2@A
0x102fc20c,global,?desc_ValueChanged@?$Value@N$1?sDoubleValue@RBX@@3PADA@RBX@@2V?$SignalDesc@V?$Value@N$1?sDoubleValue@RBX@@3PADA@RBX@@$$A6AXN@Z@Reflection@2@A
0x102fc254,global,?stored_vtable@?1???$assign_to@V?$bind_t@W4work_result@worker_thread@RBX@@P6A?AW4123@V?$basic_string@DU?$char_traits@D@std@@V?$allocator@D@2@@std@@H@ZV?$list2@V?$value@V?$basic_string@DU?$char_traits@D@std@@V?$allocator@D@2@@std@@@_bi@boost@@V?$value@H@23@@_bi@boost@@@_bi@boost@@@?$function0@W4work_result@worker_thread@RBX@@V?$allocator@Vfunction_base@boost@@@std@@@boost@@AAEXV?$bind_t@W4work_result@worker_thread@RBX@@P6A?AW4123@V?$basic_string@DU?$char_traits@D@std@@V?$allocator@D@2@@std@@H@ZV?$list2@V?$value@V?$basic_string@DU?$char_traits@D@std@@V?$allocator@D@2@@std@@@_bi@boost@@V?$value@H@23@@_bi@boost@@@_bi@2@@Z@4U?$basic_vtable0@W4work_result@worker_thread@RBX@@V?$allocator@Vfunction_base@boost@@@std@@@function@detail@2@A
0x102fc25c,global,??_B?1???$assign_to@V?$bind_t@W4work_result@worker_thread@RBX@@P6A?AW4123@V?$basic_string@DU?$char_traits@D@std@@V?$allocator@D@2@@std@@H@ZV?$list2@V?$value@V?$basic_string@DU?$char_traits@D@std@@V?$allocator@D@2@@std@@@_bi@boost@@V?$value@H@23@@_bi@boost@@@_bi@boost@@@?$function0@W4work_result@worker_thread@RBX@@V?$allocator@Vfunction_base@boost@@@std@@@boost@@AAEXV?$bind_t@W4work_result@worker_thread@RBX@@P6A?AW4123@V?$basic_string@DU?$char_traits@D@std@@V?$allocator@D@2@@std@@H@ZV?$list2@V?$value@V?$basic_string@DU?$char_traits@D@std@@V?$allocator@D@2@@std@@@_bi@boost@@V?$value@H@23@@_bi@boost@@@_bi@1@@Z@51
0x102fc310,global,?stored_vtable@?1???$assign_to@V?$bind_t@XP6AXV?$weak_ptr@VInstance@RBX@@@boost@@@ZV?$list1@V?$value@V?$shared_ptr@VInstance@RBX@@@boost@@@_bi@boost@@@_bi@2@@_bi@boost@@@?$function0@XV?$allocator@Vfunction_base@boost@@@std@@@boost@@AAEXV?$bind_t@XP6AXV?$weak_ptr@VInstance@RBX@@@boost@@@ZV?$list1@V?$value@V?$shared_ptr@VInstance@RBX@@@boost@@@_bi@boost@@@_bi@2@@_bi@2@@Z@4U?$basic_vtable0@XV?$allocator@Vfunction_base@boost@@@std@@@function@detail@2@A
0x102fc318,global,??_B?1???$assign_to@V?$bind_t@XP6AXV?$weak_ptr@VInstance@RBX@@@boost@@@ZV?$list1@V?$value@V?$shared_ptr@VInstance@RBX@@@boost@@@_bi@boost@@@_bi@2@@_bi@boost@@@?$function0@XV?$allocator@Vfunction_base@boost@@@std@@@boost@@AAEXV?$bind_t@XP6AXV?$weak_ptr@VInstance@RBX@@@boost@@@ZV?$list1@V?$value@V?$shared_ptr@VInstance@RBX@@@boost@@@_bi@boost@@@_bi@2@@_bi@1@@Z@51
0x102fc380,global,?stored_vtable@?1???$assign_to@V?$bind_t@XV?$mf1@XVSeat@RBX@@_N@_mfi@boost@@V?$list2@V?$value@PAVSeat@RBX@@@_bi@boost@@V?$arg@$00@3@@_bi@3@@_bi@boost@@@?$function1@X_NV?$allocator@X@std@@@boost@@AAEXV?$bind_t@XV?$mf1@XVSeat@RBX@@_N@_mfi@boost@@V?$list2@V?$value@PAVSeat@RBX@@@_bi@boost@@V?$arg@$00@3@@_bi@3@@_bi@2@@Z@4U?$basic_vtable1@X_NV?$allocator@X@std@@@function@detail@2@A
0x102fc388,global,??_B?1???$assign_to@V?$bind_t@XV?$mf1@XVSeat@RBX@@_N@_mfi@boost@@V?$list2@V?$value@PAVSeat@RBX@@@_bi@boost@@V?$arg@$00@3@@_bi@3@@_bi@boost@@@?$function1@X_NV?$allocator@X@std@@@boost@@AAEXV?$bind_t@XV?$mf1@XVSeat@RBX@@_N@_mfi@boost@@V?$list2@V?$value@PAVSeat@RBX@@@_bi@boost@@V?$arg@$00@3@@_bi@3@@_bi@1@@Z@51
0x102fc38c,global,?stored_vtable@?1???$assign_to@V?$bind_t@XV?$mf1@XVSeat@RBX@@V?$shared_ptr@VInstance@RBX@@@boost@@@_mfi@boost@@V?$list2@V?$value@PAVSeat@RBX@@@_bi@boost@@V?$arg@$00@3@@_bi@3@@_bi@boost@@@?$function1@XV?$shared_ptr@VInstance@RBX@@@boost@@V?$allocator@X@std@@@boost@@AAEXV?$bind_t@XV?$mf1@XVSeat@RBX@@V?$shared_ptr@VInstance@RBX@@@boost@@@_mfi@boost@@V?$list2@V?$value@PAVSeat@RBX@@@_bi@boost@@V?$arg@$00@3@@_bi@3@@_bi@2@@Z@4U?$basic_vtable1@XV?$shared_ptr@VInstance@RBX@@@boost@@V?$allocator@X@std@@@function@detail@2@A
0x102fc394,global,??_B?1???$assign_to@V?$bind_t@XV?$mf1@XVSeat@RBX@@V?$shared_ptr@VInstance@RBX@@@boost@@@_mfi@boost@@V?$list2@V?$value@PAVSeat@RBX@@@_bi@boost@@V?$arg@$00@3@@_bi@3@@_bi@boost@@@?$function1@XV?$shared_ptr@VInstance@RBX@@@boost@@V?$allocator@X@std@@@boost@@AAEXV?$bind_t@XV?$mf1@XVSeat@RBX@@V?$shared_ptr@VInstance@RBX@@@boost@@@_mfi@boost@@V?$list2@V?$value@PAVSeat@RBX@@@_bi@boost@@V?$arg@$00@3@@_bi@3@@_bi@1@@Z@51
0x102fc39c,global,?index@?1???$doGetClassIndex@VSpawnerService@RBX@@@ServiceProvider@RBX@@CAIXZ@4IA
0x102fc3a0,global,??_B?1???$doGetClassIndex@VSpawnerService@RBX@@@ServiceProvider@RBX@@CAIXZ@51
0x102fc3a4,global,?index@?1???$doGetClassIndex@VDebrisService@RBX@@@ServiceProvider@RBX@@CAIXZ@4IA
0x102fc3a8,global,??_B?1???$doGetClassIndex@VDebrisService@RBX@@@ServiceProvider@RBX@@CAIXZ@51
0x102fc3ac,global,?flag@?1???$getClassIndex@VSpawnerService@RBX@@@ServiceProvider@RBX@@CAIXZ@4JA
0x102fc3b0,global,?flag@?1???$getClassIndex@VDebrisService@RBX@@@ServiceProvider@RBX@@CAIXZ@4JA
0x102fc3b4,global,?stored_vtable@?1???$assign_to@V?$bind_t@XV?$mf1@XVSpawnLocation@RBX@@V?$shared_ptr@VInstance@RBX@@@boost@@@_mfi@boost@@V?$list2@V?$value@PAVSpawnLocation@RBX@@@_bi@boost@@V?$arg@$00@3@@_bi@3@@_bi@boost@@@?$function1@XV?$shared_ptr@VInstance@RBX@@@boost@@V?$allocator@X@std@@@boost@@AAEXV?$bind_t@XV?$mf1@XVSpawnLocation@RBX@@V?$shared_ptr@VInstance@RBX@@@boost@@@_mfi@boost@@V?$list2@V?$value@PAVSpawnLocation@RBX@@@_bi@boost@@V?$arg@$00@3@@_bi@3@@_bi@2@@Z@4U?$basic_vtable1@XV?$shared_ptr@VInstance@RBX@@@boost@@V?$allocator@X@std@@@function@detail@2@A
0x102fc3bc,global,??_B?1???$assign_to@V?$bind_t@XV?$mf1@XVSpawnLocation@RBX@@V?$shared_ptr@VInstance@RBX@@@boost@@@_mfi@boost@@V?$list2@V?$value@PAVSpawnLocation@RBX@@@_bi@boost@@V?$arg@$00@3@@_bi@3@@_bi@boost@@@?$function1@XV?$shared_ptr@VInstance@RBX@@@boost@@V?$allocator@X@std@@@boost@@AAEXV?$bind_t@XV?$mf1@XVSpawnLocation@RBX@@V?$shared_ptr@VInstance@RBX@@@boost@@@_mfi@boost@@V?$list2@V?$value@PAVSpawnLocation@RBX@@@_bi@boost@@V?$arg@$00@3@@_bi@3@@_bi@1@@Z@51
0x102fc3c0,global,?isNullClassName@?8???$find@VDebrisService@RBX@@@ServiceProvider@RBX@@QBEPAVDebrisService@2@XZ@4_NB
0x102fc3c4,global,??_B?8???$find@VDebrisService@RBX@@@ServiceProvider@RBX@@QBEPAVDebrisService@1@XZ@58
0x102fc3c8,global,?isNullClassName@?8???$find@VSpawnerService@RBX@@@ServiceProvider@RBX@@QBEPAVSpawnerService@2@XZ@4_NB
0x102fc3cc,global,??_B?8???$find@VSpawnerService@RBX@@@ServiceProvider@RBX@@QBEPAVSpawnerService@1@XZ@58
0x102fc3d0,global,?foo@?1??classDescriptor@?$Described@VSpawnLocation@RBX@@$1?sSpawnLocation@2@3PADAV?$FactoryProduct@VSpawnLocation@RBX@@VPartInstance@2@$1?sSpawnLocation@2@3PADA@2@@Reflection@RBX@@SAAAVClassDescriptor@34@XZ@4V534@A
0x102fc458,global,??_B?1??classDescriptor@?$Described@VSpawnLocation@RBX@@$1?sSpawnLocation@2@3PADAV?$FactoryProduct@VSpawnLocation@RBX@@VPartInstance@2@$1?sSpawnLocation@2@3PADA@2@@Reflection@RBX@@SAAAVClassDescriptor@23@XZ@51
0x102fc460,global,?prop_AllowTeamChangeOnTouch@SpawnLocation@RBX@@2V?$BoundProp@_N$00@Reflection@2@A
0x102fc47c,global,?prop_Neutral@SpawnLocation@RBX@@2V?$BoundProp@_N$00@Reflection@2@A
0x102fc498,global,?prop_SpawnForcefieldDuration@SpawnLocation@RBX@@2V?$BoundProp@H$00@Reflection@2@A
0x102fc4d0,global,?foo@?1??classDescriptor@?$Described@VFaceInstance@RBX@@$1?sFaceInstance@2@3QBDBVInstance@2@@Reflection@RBX@@SAAAVClassDescriptor@34@XZ@4V534@A
0x102fc558,global,??_B?1??classDescriptor@?$Described@VFaceInstance@RBX@@$1?sFaceInstance@2@3QBDBVInstance@2@@Reflection@RBX@@SAAAVClassDescriptor@23@XZ@51
0x102fc560,global,?foo@?1??classDescriptor@?$Described@VDecal@RBX@@$1?sDecal@2@3PADAV?$FactoryProduct@VDecal@RBX@@VFaceInstance@2@$1?sDecal@2@3PADA@2@@Reflection@RBX@@SAAAVClassDescriptor@34@XZ@4V534@A
0x102fc5e8,global,??_B?1??classDescriptor@?$Described@VDecal@RBX@@$1?sDecal@2@3PADAV?$FactoryProduct@VDecal@RBX@@VFaceInstance@2@$1?sDecal@2@3PADA@2@@Reflection@RBX@@SAAAVClassDescriptor@23@XZ@51
0x102fc5f0,global,?foo@?1??classDescriptor@?$Described@VTexture@RBX@@$1?sTexture@2@3PADAV?$FactoryProduct@VTexture@RBX@@VDecal@2@$1?sTexture@2@3PADA@2@@Reflection@RBX@@SAAAVClassDescriptor@34@XZ@4V534@A
0x102fc678,global,??_B?1??classDescriptor@?$Described@VTexture@RBX@@$1?sTexture@2@3PADAV?$FactoryProduct@VTexture@RBX@@VDecal@2@$1?sTexture@2@3PADA@2@@Reflection@RBX@@SAAAVClassDescriptor@23@XZ@51
0x102fc680,global,?prop_Specular@Decal@RBX@@2V?$PropDescriptor@VDecal@RBX@@M@Reflection@2@B
0x102fc69c,global,?prop_Texture@Decal@RBX@@2V?$PropDescriptor@VDecal@RBX@@VTextureId@2@@Reflection@2@B
0x102fc6b8,global,?prop_Shiny@Decal@RBX@@2V?$PropDescriptor@VDecal@RBX@@M@Reflection@2@B
0x102fc6d4,global,?prop_StudsPerTileV@Texture@RBX@@2V?$PropDescriptor@VTexture@RBX@@M@Reflection@2@B
0x102fc6f0,global,?prop_StudsPerTileU@Texture@RBX@@2V?$PropDescriptor@VTexture@RBX@@M@Reflection@2@B
0x102fc720,global,?s@?1??singleton@?$EnumDesc@W4SurfaceType@RBX@@@Reflection@RBX@@SAABV234@XZ@4V234@A
0x102fc7b8,global,??_B?1??singleton@?$EnumDesc@W4SurfaceType@RBX@@@Reflection@RBX@@SAABV123@XZ@51
0x102fc7c0,global,?s@?1??singleton@?$EnumDesc@W4InputType@Controller@RBX@@@Reflection@RBX@@SAABV234@XZ@4V234@A
0x102fc858,global,??_B?1??singleton@?$EnumDesc@W4InputType@Controller@RBX@@@Reflection@RBX@@SAABV123@XZ@51
0x102fcbc0,global,?temp@?1??end@EdgeIterator@RBX@@SAAAV23@XZ@4V23@A
0x102fcbc8,global,??_B?1??end@EdgeIterator@RBX@@SAAAV12@XZ@51
0x102fcd0c,global,?g@?1??getKmsGravity@Constants@RBX@@SAABVVector3@G3D@@XZ@4V45@A
0x102fcd18,global,??_B?1??getKmsGravity@Constants@RBX@@SAABVVector3@G3D@@XZ@51
0x102fcdf4,global,?index@?1???$doGetClassIndex@VGeometryService@RBX@@@ServiceProvider@RBX@@CAIXZ@4IA
0x102fcdf8,global,??_B?1???$doGetClassIndex@VGeometryService@RBX@@@ServiceProvider@RBX@@CAIXZ@51
0x102fcdfc,global,?v@?1??zero@Velocity@RBX@@SAABV23@XZ@4V23@A
0x102fce14,global,??_B?1??zero@Velocity@RBX@@SAABV12@XZ@51
0x102fce18,global,?n@?1???$doDeclare@$1?sRunning@RBX@@3QBDB@Name@RBX@@CAABV12@XZ@4ABV12@B
0x102fce1c,global,??_B?1???$doDeclare@$1?sRunning@RBX@@3QBDB@Name@RBX@@CAABV01@XZ@51
0x102fce20,global,?flag@?1???$declare@$1?sRunning@RBX@@3QBDB@Name@RBX@@SAABV12@XZ@4JA
0x102fce24,global,?flag@?1???$getClassIndex@VGeometryService@RBX@@@ServiceProvider@RBX@@CAIXZ@4JA
0x102fce28,global,?isNullClassName@?8???$find@VGeometryService@RBX@@@ServiceProvider@RBX@@QBEPAVGeometryService@2@XZ@4_NB
0x102fce2c,global,??_B?8???$find@VGeometryService@RBX@@@ServiceProvider@RBX@@QBEPAVGeometryService@1@XZ@58
0x102fce30,global,?n@?1???$doDeclare@$1?sFallingDown@RBX@@3QBDB@Name@RBX@@CAABV12@XZ@4ABV12@B
0x102fce34,global,??_B?1???$doDeclare@$1?sFallingDown@RBX@@3QBDB@Name@RBX@@CAABV01@XZ@51
0x102fce38,global,?flag@?1???$declare@$1?sFallingDown@RBX@@3QBDB@Name@RBX@@SAABV12@XZ@4JA
0x102fce3c,global,?ignoreBool@ContactManager@RBX@@0_NA
0x102fce40,global,?minSize@?3??resize@?$Array@PAVContact@RBX@@@G3D@@QAEXH_N@Z@4HB
0x102fce44,global,??_B?3??resize@?$Array@PAVContact@RBX@@@G3D@@QAEXH_N@Z@53
0x102fce48,global,?blockTemplates@BlockTemplate@RBX@@0VBlockTemplates@12@A
0x102fd15c,global,?prop_Face@FaceInstance@RBX@@2V?$EnumPropDescriptor@VFaceInstance@RBX@@W4NormalId@2@@Reflection@2@B
0x102fd17c,global,?n@?1???$doDeclare@$1?sSeated@RBX@@3QBDB@Name@RBX@@CAABV12@XZ@4ABV12@B
0x102fd180,global,??_B?1???$doDeclare@$1?sSeated@RBX@@3QBDB@Name@RBX@@CAABV01@XZ@51
0x102fd184,global,?flag@?1???$declare@$1?sSeated@RBX@@3QBDB@Name@RBX@@SAABV12@XZ@4JA
0x102fd188,global,?n@?1???$doDeclare@$1?sJumping@RBX@@3QBDB@Name@RBX@@CAABV12@XZ@4ABV12@B
0x102fd18c,global,??_B?1???$doDeclare@$1?sJumping@RBX@@3QBDB@Name@RBX@@CAABV01@XZ@51
0x102fd190,global,?flag@?1???$declare@$1?sJumping@RBX@@3QBDB@Name@RBX@@SAABV12@XZ@4JA
0x102fd194,global,?n@?1???$doDeclare@$1?sGettingUp@RBX@@3QBDB@Name@RBX@@CAABV12@XZ@4ABV12@B
0x102fd198,global,??_B?1???$doDeclare@$1?sGettingUp@RBX@@3QBDB@Name@RBX@@CAABV01@XZ@51
0x102fd19c,global,?flag@?1???$declare@$1?sGettingUp@RBX@@3QBDB@Name@RBX@@SAABV12@XZ@4JA
0x102fd1a0,global,?n@?1???$doDeclare@$1?sGroupDragTool@RBX@@3PADA@Name@RBX@@CAABV12@XZ@4ABV12@B
0x102fd1a4,global,??_B?1???$doDeclare@$1?sGroupDragTool@RBX@@3PADA@Name@RBX@@CAABV01@XZ@51
0x102fd1a8,global,?flag@?1???$declare@$1?sGroupDragTool@RBX@@3PADA@Name@RBX@@SAABV12@XZ@4JA
0x102fd1ac,global,?n@?1???$doDeclare@$1?sPartDragTool@RBX@@3PADA@Name@RBX@@CAABV12@XZ@4ABV12@B
0x102fd1b0,global,??_B?1???$doDeclare@$1?sPartDragTool@RBX@@3PADA@Name@RBX@@CAABV01@XZ@51
0x102fd1b4,global,?flag@?1???$declare@$1?sPartDragTool@RBX@@3PADA@Name@RBX@@SAABV12@XZ@4JA
0x102fd1c4,global,?n@?1???$doDeclare@$1?sSpecialShape@RBX@@3PADA@Name@RBX@@CAABV12@XZ@4ABV12@B
0x102fd1c8,global,??_B?1???$doDeclare@$1?sSpecialShape@RBX@@3PADA@Name@RBX@@CAABV01@XZ@51
0x102fd1cc,global,?flag@?1???$declare@$1?sSpecialShape@RBX@@3PADA@Name@RBX@@SAABV12@XZ@4JA
0x102fd1d0,global,?n@?1???$doDeclare@$1?sFlying@RBX@@3QBDB@Name@RBX@@CAABV12@XZ@4ABV12@B
0x102fd1d4,global,??_B?1???$doDeclare@$1?sFlying@RBX@@3QBDB@Name@RBX@@CAABV01@XZ@51
0x102fd1d8,global,?flag@?1???$declare@$1?sFlying@RBX@@3QBDB@Name@RBX@@SAABV12@XZ@4JA
0x102fd1dc,global,?n@?1???$doDeclare@$1?sFreefall@RBX@@3QBDB@Name@RBX@@CAABV12@XZ@4ABV12@B
0x102fd1e0,global,??_B?1???$doDeclare@$1?sFreefall@RBX@@3QBDB@Name@RBX@@CAABV01@XZ@51
0x102fd1e4,global,?flag@?1???$declare@$1?sFreefall@RBX@@3QBDB@Name@RBX@@SAABV12@XZ@4JA
0x102fd1e8,global,?minSize@?3??resize@?$Array@W4NormalId@RBX@@@G3D@@QAEXH_N@Z@4HB
0x102fd1ec,global,??_B?3??resize@?$Array@W4NormalId@RBX@@@G3D@@QAEXH_N@Z@53
0x102fd1f0,global,?s@?1??singleton@?$EnumDesc@W4MeshType@SpecialShape@RBX@@@Reflection@RBX@@SAABV234@XZ@4V234@A
0x102fd288,global,??_B?1??singleton@?$EnumDesc@W4MeshType@SpecialShape@RBX@@@Reflection@RBX@@SAABV123@XZ@51
0x102fd290,global,?foo@?1??classDescriptor@?$Described@VSpecialShape@RBX@@$1?sSpecialShape@2@3PADAV?$FactoryProduct@VSpecialShape@RBX@@VInstance@2@$1?sSpecialShape@2@3PADA@2@@Reflection@RBX@@SAAAVClassDescriptor@34@XZ@4V534@A
0x102fd318,global,??_B?1??classDescriptor@?$Described@VSpecialShape@RBX@@$1?sSpecialShape@2@3PADAV?$FactoryProduct@VSpecialShape@RBX@@VInstance@2@$1?sSpecialShape@2@3PADA@2@@Reflection@RBX@@SAAAVClassDescriptor@23@XZ@51
0x102fe3a0,global,?randomColors@AggregateChunk@Render@RBX@@2_NA
0x102fe3a1,global,?varDirty@Mesh@Render@RBX@@0_NA
0x102fe3a8,global,?texCoordArray@Mesh@Render@RBX@@0V?$Array@VVector2@G3D@@@G3D@@A
0x102fe3b4,global,?tangentArray@Mesh@Render@RBX@@0V?$Array@VVector3@G3D@@@G3D@@A
0x102fe3c0,global,?vertexVAR@Mesh@Render@RBX@@0VVAR@G3D@@A
0x102fe3e0,global,?normalVAR@Mesh@Render@RBX@@0VVAR@G3D@@A
0x102fe400,global,?visibleGeometry@Mesh@Render@RBX@@0VGeometry@MeshAlg@G3D@@A
0x102fe418,global,?vertexRefCounts@Mesh@Render@RBX@@0V?$Array@H@G3D@@A
0x102fe424,global,?freeList@Mesh@Render@RBX@@0V?$Array@H@G3D@@A
0x102fe430,global,?texCoordVAR@Mesh@Render@RBX@@0VVAR@G3D@@A
0x102fe450,global,?tangentVAR@Mesh@Render@RBX@@0VVAR@G3D@@A
0x102fe488,global,?minSize@?3??resize@?$Array@V?$ReferenceCountedPointer@VLevel@Mesh@Render@RBX@@@G3D@@@G3D@@QAEXH_N@Z@4HB
0x102fe48c,global,??_B?3??resize@?$Array@V?$ReferenceCountedPointer@VLevel@Mesh@Render@RBX@@@G3D@@@G3D@@QAEXH_N@Z@53
0x102fe4e0,global,?glLoaded@SpecData@Render@RBX@@2_NA
0x102fe4e4,global,?stored_vtable@?1???$assign_to@V?$bind_t@XV?$mf1@XVView@1RBX@@_N@_mfi@boost@@V?$list2@V?$value@PAVView@1RBX@@@_bi@boost@@V?$arg@$00@3@@_bi@3@@_bi@boost@@@?$function1@X_NV?$allocator@X@std@@@boost@@AAEXV?$bind_t@XV?$mf1@XVView@1RBX@@_N@_mfi@boost@@V?$list2@V?$value@PAVView@1RBX@@@_bi@boost@@V?$arg@$00@3@@_bi@3@@_bi@2@@Z@4U?$basic_vtable1@X_NV?$allocator@X@std@@@function@detail@2@A
0x102fe4ec,global,??_B?1???$assign_to@V?$bind_t@XV?$mf1@XVView@1RBX@@_N@_mfi@boost@@V?$list2@V?$value@PAVView@1RBX@@@_bi@boost@@V?$arg@$00@3@@_bi@3@@_bi@boost@@@?$function1@X_NV?$allocator@X@std@@@boost@@AAEXV?$bind_t@XV?$mf1@XVView@1RBX@@_N@_mfi@boost@@V?$list2@V?$value@PAVView@1RBX@@@_bi@boost@@V?$arg@$00@3@@_bi@3@@_bi@1@@Z@51
0x102fe4f0,global,?stored_vtable@?1???$assign_to@V?$bind_t@XV?$mf1@XVView@1RBX@@V?$shared_ptr@VInstance@RBX@@@boost@@@_mfi@boost@@V?$list2@V?$value@PAVView@1RBX@@@_bi@boost@@V?$arg@$00@3@@_bi@3@@_bi@boost@@@?$function1@XV?$shared_ptr@VInstance@RBX@@@boost@@V?$allocator@X@std@@@boost@@AAEXV?$bind_t@XV?$mf1@XVView@1RBX@@V?$shared_ptr@VInstance@RBX@@@boost@@@_mfi@boost@@V?$list2@V?$value@PAVView@1RBX@@@_bi@boost@@V?$arg@$00@3@@_bi@3@@_bi@2@@Z@4U?$basic_vtable1@XV?$shared_ptr@VInstance@RBX@@@boost@@V?$allocator@X@std@@@function@detail@2@A
0x102fe4f8,global,??_B?1???$assign_to@V?$bind_t@XV?$mf1@XVView@1RBX@@V?$shared_ptr@VInstance@RBX@@@boost@@@_mfi@boost@@V?$list2@V?$value@PAVView@1RBX@@@_bi@boost@@V?$arg@$00@3@@_bi@3@@_bi@boost@@@?$function1@XV?$shared_ptr@VInstance@RBX@@@boost@@V?$allocator@X@std@@@boost@@AAEXV?$bind_t@XV?$mf1@XVView@1RBX@@V?$shared_ptr@VInstance@RBX@@@boost@@@_mfi@boost@@V?$list2@V?$value@PAVView@1RBX@@@_bi@boost@@V?$arg@$00@3@@_bi@3@@_bi@1@@Z@51
0x102fe4fc,global,?decalCache@?$MeshFactory@VSphereMesh@View@RBX@@$00@View@RBX@@0V?$map@VDecalKey@?$MeshFactory@VSphereMesh@View@RBX@@$00@View@RBX@@V?$ReferenceCountedPointer@VMesh@Render@RBX@@@G3D@@U?$less@VDecalKey@?$MeshFactory@VSphereMesh@View@RBX@@$00@View@RBX@@@std@@V?$allocator@U?$pair@$$CBVDecalKey@?$MeshFactory@VSphereMesh@View@RBX@@$00@View@RBX@@V?$ReferenceCountedPointer@VMesh@Render@RBX@@@G3D@@@std@@@8@@std@@A
0x102fe508,global,?decalCache@?$MeshFactory@VCylinderAlongXMesh@View@RBX@@$00@View@RBX@@0V?$map@VDecalKey@?$MeshFactory@VCylinderAlongXMesh@View@RBX@@$00@View@RBX@@V?$ReferenceCountedPointer@VMesh@Render@RBX@@@G3D@@U?$less@VDecalKey@?$MeshFactory@VCylinderAlongXMesh@View@RBX@@$00@View@RBX@@@std@@V?$allocator@U?$pair@$$CBVDecalKey@?$MeshFactory@VCylinderAlongXMesh@View@RBX@@$00@View@RBX@@V?$ReferenceCountedPointer@VMesh@Render@RBX@@@G3D@@@std@@@8@@std@@A
0x102fe514,global,?decalCache@?$MeshFactory@VPBBMesh@View@RBX@@$03@View@RBX@@0V?$map@VDecalKey@?$MeshFactory@VPBBMesh@View@RBX@@$03@View@RBX@@V?$ReferenceCountedPointer@VMesh@Render@RBX@@@G3D@@U?$less@VDecalKey@?$MeshFactory@VPBBMesh@View@RBX@@$03@View@RBX@@@std@@V?$allocator@U?$pair@$$CBVDecalKey@?$MeshFactory@VPBBMesh@View@RBX@@$03@View@RBX@@V?$ReferenceCountedPointer@VMesh@Render@RBX@@@G3D@@@std@@@8@@std@@A
0x102fe520,global,?stored_vtable@?1???$assign_to@V?$bind_t@XV?$mf1@XVPartChunk@View@RBX@@V?$shared_ptr@VInstance@RBX@@@boost@@@_mfi@boost@@V?$list2@V?$value@PAVPartChunk@View@RBX@@@_bi@boost@@V?$arg@$00@3@@_bi@3@@_bi@boost@@@?$function1@XV?$shared_ptr@VInstance@RBX@@@boost@@V?$allocator@X@std@@@boost@@AAEXV?$bind_t@XV?$mf1@XVPartChunk@View@RBX@@V?$shared_ptr@VInstance@RBX@@@boost@@@_mfi@boost@@V?$list2@V?$value@PAVPartChunk@View@RBX@@@_bi@boost@@V?$arg@$00@3@@_bi@3@@_bi@2@@Z@4U?$basic_vtable1@XV?$shared_ptr@VInstance@RBX@@@boost@@V?$allocator@X@std@@@function@detail@2@A
0x102fe528,global,??_B?1???$assign_to@V?$bind_t@XV?$mf1@XVPartChunk@View@RBX@@V?$shared_ptr@VInstance@RBX@@@boost@@@_mfi@boost@@V?$list2@V?$value@PAVPartChunk@View@RBX@@@_bi@boost@@V?$arg@$00@3@@_bi@3@@_bi@boost@@@?$function1@XV?$shared_ptr@VInstance@RBX@@@boost@@V?$allocator@X@std@@@boost@@AAEXV?$bind_t@XV?$mf1@XVPartChunk@View@RBX@@V?$shared_ptr@VInstance@RBX@@@boost@@@_mfi@boost@@V?$list2@V?$value@PAVPartChunk@View@RBX@@@_bi@boost@@V?$arg@$00@3@@_bi@3@@_bi@1@@Z@51
0x102fe52c,global,?stored_vtable@?1???$assign_to@V?$bind_t@XV?$mf1@XVPartChunk@View@RBX@@PBVPropertyDescriptor@Reflection@3@@_mfi@boost@@V?$list2@V?$value@PAVPartChunk@View@RBX@@@_bi@boost@@V?$arg@$00@3@@_bi@3@@_bi@boost@@@?$function1@XPBVPropertyDescriptor@Reflection@RBX@@V?$allocator@X@std@@@boost@@AAEXV?$bind_t@XV?$mf1@XVPartChunk@View@RBX@@PBVPropertyDescriptor@Reflection@3@@_mfi@boost@@V?$list2@V?$value@PAVPartChunk@View@RBX@@@_bi@boost@@V?$arg@$00@3@@_bi@3@@_bi@2@@Z@4U?$basic_vtable1@XPBVPropertyDescriptor@Reflection@RBX@@V?$allocator@X@std@@@function@detail@2@A
0x102fe534,global,??_B?1???$assign_to@V?$bind_t@XV?$mf1@XVPartChunk@View@RBX@@PBVPropertyDescriptor@Reflection@3@@_mfi@boost@@V?$list2@V?$value@PAVPartChunk@View@RBX@@@_bi@boost@@V?$arg@$00@3@@_bi@3@@_bi@boost@@@?$function1@XPBVPropertyDescriptor@Reflection@RBX@@V?$allocator@X@std@@@boost@@AAEXV?$bind_t@XV?$mf1@XVPartChunk@View@RBX@@PBVPropertyDescriptor@Reflection@3@@_mfi@boost@@V?$list2@V?$value@PAVPartChunk@View@RBX@@@_bi@boost@@V?$arg@$00@3@@_bi@3@@_bi@1@@Z@51
0x102fe538,global,?stored_vtable@?1???$assign_to@V?$bind_t@XV?$mf0@XVPartChunk@View@RBX@@@_mfi@boost@@V?$list1@V?$value@PAVPartChunk@View@RBX@@@_bi@boost@@@_bi@3@@_bi@boost@@@?$function1@XPBVPropertyDescriptor@Reflection@RBX@@V?$allocator@X@std@@@boost@@AAEXV?$bind_t@XV?$mf0@XVPartChunk@View@RBX@@@_mfi@boost@@V?$list1@V?$value@PAVPartChunk@View@RBX@@@_bi@boost@@@_bi@3@@_bi@2@@Z@4U?$basic_vtable1@XPBVPropertyDescriptor@Reflection@RBX@@V?$allocator@X@std@@@function@detail@2@A
0x102fe540,global,??_B?1???$assign_to@V?$bind_t@XV?$mf0@XVPartChunk@View@RBX@@@_mfi@boost@@V?$list1@V?$value@PAVPartChunk@View@RBX@@@_bi@boost@@@_bi@3@@_bi@boost@@@?$function1@XPBVPropertyDescriptor@Reflection@RBX@@V?$allocator@X@std@@@boost@@AAEXV?$bind_t@XV?$mf0@XVPartChunk@View@RBX@@@_mfi@boost@@V?$list1@V?$value@PAVPartChunk@View@RBX@@@_bi@boost@@@_bi@3@@_bi@1@@Z@51
0x102fe544,global,?stored_vtable@?1???$assign_to@V?$bind_t@XV?$mf1@XVDecal@View@RBX@@V?$shared_ptr@VInstance@RBX@@@boost@@@_mfi@boost@@V?$list2@V?$value@PAVDecal@View@RBX@@@_bi@boost@@V?$arg@$00@3@@_bi@3@@_bi@boost@@@?$function1@XV?$shared_ptr@VInstance@RBX@@@boost@@V?$allocator@X@std@@@boost@@AAEXV?$bind_t@XV?$mf1@XVDecal@View@RBX@@V?$shared_ptr@VInstance@RBX@@@boost@@@_mfi@boost@@V?$list2@V?$value@PAVDecal@View@RBX@@@_bi@boost@@V?$arg@$00@3@@_bi@3@@_bi@2@@Z@4U?$basic_vtable1@XV?$shared_ptr@VInstance@RBX@@@boost@@V?$allocator@X@std@@@function@detail@2@A
0x102fe54c,global,??_B?1???$assign_to@V?$bind_t@XV?$mf1@XVDecal@View@RBX@@V?$shared_ptr@VInstance@RBX@@@boost@@@_mfi@boost@@V?$list2@V?$value@PAVDecal@View@RBX@@@_bi@boost@@V?$arg@$00@3@@_bi@3@@_bi@boost@@@?$function1@XV?$shared_ptr@VInstance@RBX@@@boost@@V?$allocator@X@std@@@boost@@AAEXV?$bind_t@XV?$mf1@XVDecal@View@RBX@@V?$shared_ptr@VInstance@RBX@@@boost@@@_mfi@boost@@V?$list2@V?$value@PAVDecal@View@RBX@@@_bi@boost@@V?$arg@$00@3@@_bi@3@@_bi@1@@Z@51
0x102fe550,global,?stored_vtable@?1???$assign_to@V?$bind_t@XV?$mf1@XVDecal@View@RBX@@PBVPropertyDescriptor@Reflection@3@@_mfi@boost@@V?$list2@V?$value@PAVDecal@View@RBX@@@_bi@boost@@V?$arg@$00@3@@_bi@3@@_bi@boost@@@?$function1@XPBVPropertyDescriptor@Reflection@RBX@@V?$allocator@X@std@@@boost@@AAEXV?$bind_t@XV?$mf1@XVDecal@View@RBX@@PBVPropertyDescriptor@Reflection@3@@_mfi@boost@@V?$list2@V?$value@PAVDecal@View@RBX@@@_bi@boost@@V?$arg@$00@3@@_bi@3@@_bi@2@@Z@4U?$basic_vtable1@XPBVPropertyDescriptor@Reflection@RBX@@V?$allocator@X@std@@@function@detail@2@A
0x102fe558,global,??_B?1???$assign_to@V?$bind_t@XV?$mf1@XVDecal@View@RBX@@PBVPropertyDescriptor@Reflection@3@@_mfi@boost@@V?$list2@V?$value@PAVDecal@View@RBX@@@_bi@boost@@V?$arg@$00@3@@_bi@3@@_bi@boost@@@?$function1@XPBVPropertyDescriptor@Reflection@RBX@@V?$allocator@X@std@@@boost@@AAEXV?$bind_t@XV?$mf1@XVDecal@View@RBX@@PBVPropertyDescriptor@Reflection@3@@_mfi@boost@@V?$list2@V?$value@PAVDecal@View@RBX@@@_bi@boost@@V?$arg@$00@3@@_bi@3@@_bi@1@@Z@51
0x102fe55c,global,?stored_vtable@?1???$assign_to@V?$bind_t@XV?$mf1@XVTexture@View@RBX@@V?$shared_ptr@VInstance@RBX@@@boost@@@_mfi@boost@@V?$list2@V?$value@PAVTexture@View@RBX@@@_bi@boost@@V?$arg@$00@3@@_bi@3@@_bi@boost@@@?$function1@XV?$shared_ptr@VInstance@RBX@@@boost@@V?$allocator@X@std@@@boost@@AAEXV?$bind_t@XV?$mf1@XVTexture@View@RBX@@V?$shared_ptr@VInstance@RBX@@@boost@@@_mfi@boost@@V?$list2@V?$value@PAVTexture@View@RBX@@@_bi@boost@@V?$arg@$00@3@@_bi@3@@_bi@2@@Z@4U?$basic_vtable1@XV?$shared_ptr@VInstance@RBX@@@boost@@V?$allocator@X@std@@@function@detail@2@A
0x102fe564,global,??_B?1???$assign_to@V?$bind_t@XV?$mf1@XVTexture@View@RBX@@V?$shared_ptr@VInstance@RBX@@@boost@@@_mfi@boost@@V?$list2@V?$value@PAVTexture@View@RBX@@@_bi@boost@@V?$arg@$00@3@@_bi@3@@_bi@boost@@@?$function1@XV?$shared_ptr@VInstance@RBX@@@boost@@V?$allocator@X@std@@@boost@@AAEXV?$bind_t@XV?$mf1@XVTexture@View@RBX@@V?$shared_ptr@VInstance@RBX@@@boost@@@_mfi@boost@@V?$list2@V?$value@PAVTexture@View@RBX@@@_bi@boost@@V?$arg@$00@3@@_bi@3@@_bi@1@@Z@51
0x102fe568,global,?stored_vtable@?1???$assign_to@V?$bind_t@XV?$mf1@XVTexture@View@RBX@@PBVPropertyDescriptor@Reflection@3@@_mfi@boost@@V?$list2@V?$value@PAVTexture@View@RBX@@@_bi@boost@@V?$arg@$00@3@@_bi@3@@_bi@boost@@@?$function1@XPBVPropertyDescriptor@Reflection@RBX@@V?$allocator@X@std@@@boost@@AAEXV?$bind_t@XV?$mf1@XVTexture@View@RBX@@PBVPropertyDescriptor@Reflection@3@@_mfi@boost@@V?$list2@V?$value@PAVTexture@View@RBX@@@_bi@boost@@V?$arg@$00@3@@_bi@3@@_bi@2@@Z@4U?$basic_vtable1@XPBVPropertyDescriptor@Reflection@RBX@@V?$allocator@X@std@@@function@detail@2@A
0x102fe570,global,??_B?1???$assign_to@V?$bind_t@XV?$mf1@XVTexture@View@RBX@@PBVPropertyDescriptor@Reflection@3@@_mfi@boost@@V?$list2@V?$value@PAVTexture@View@RBX@@@_bi@boost@@V?$arg@$00@3@@_bi@3@@_bi@boost@@@?$function1@XPBVPropertyDescriptor@Reflection@RBX@@V?$allocator@X@std@@@boost@@AAEXV?$bind_t@XV?$mf1@XVTexture@View@RBX@@PBVPropertyDescriptor@Reflection@3@@_mfi@boost@@V?$list2@V?$value@PAVTexture@View@RBX@@@_bi@boost@@V?$arg@$00@3@@_bi@3@@_bi@1@@Z@51
0x102fe574,global,?textureCache@?$MeshFactory@VCylinderAlongXMesh@View@RBX@@$00@View@RBX@@0V?$map@VTextureKey@?$MeshFactory@VCylinderAlongXMesh@View@RBX@@$00@View@RBX@@V?$ReferenceCountedPointer@VMesh@Render@RBX@@@G3D@@U?$less@VTextureKey@?$MeshFactory@VCylinderAlongXMesh@View@RBX@@$00@View@RBX@@@std@@V?$allocator@U?$pair@$$CBVTextureKey@?$MeshFactory@VCylinderAlongXMesh@View@RBX@@$00@View@RBX@@V?$ReferenceCountedPointer@VMesh@Render@RBX@@@G3D@@@std@@@8@@std@@A
0x102fe580,global,?textureCache@?$MeshFactory@VTorsoMesh@View@RBX@@$00@View@RBX@@0V?$map@VTextureKey@?$MeshFactory@VTorsoMesh@View@RBX@@$00@View@RBX@@V?$ReferenceCountedPointer@VMesh@Render@RBX@@@G3D@@U?$less@VTextureKey@?$MeshFactory@VTorsoMesh@View@RBX@@$00@View@RBX@@@std@@V?$allocator@U?$pair@$$CBVTextureKey@?$MeshFactory@VTorsoMesh@View@RBX@@$00@View@RBX@@V?$ReferenceCountedPointer@VMesh@Render@RBX@@@G3D@@@std@@@8@@std@@A
0x102fe58c,global,?decalCache@?$MeshFactory@VWedgeMesh@View@RBX@@$00@View@RBX@@0V?$map@VDecalKey@?$MeshFactory@VWedgeMesh@View@RBX@@$00@View@RBX@@V?$ReferenceCountedPointer@VMesh@Render@RBX@@@G3D@@U?$less@VDecalKey@?$MeshFactory@VWedgeMesh@View@RBX@@$00@View@RBX@@@std@@V?$allocator@U?$pair@$$CBVDecalKey@?$MeshFactory@VWedgeMesh@View@RBX@@$00@View@RBX@@V?$ReferenceCountedPointer@VMesh@Render@RBX@@@G3D@@@std@@@8@@std@@A
0x102fe598,global,?textureCache@?$MeshFactory@VHeadMesh@View@RBX@@$00@View@RBX@@0V?$map@VTextureKey@?$MeshFactory@VHeadMesh@View@RBX@@$00@View@RBX@@V?$ReferenceCountedPointer@VMesh@Render@RBX@@@G3D@@U?$less@VTextureKey@?$MeshFactory@VHeadMesh@View@RBX@@$00@View@RBX@@@std@@V?$allocator@U?$pair@$$CBVTextureKey@?$MeshFactory@VHeadMesh@View@RBX@@$00@View@RBX@@V?$ReferenceCountedPointer@VMesh@Render@RBX@@@G3D@@@std@@@8@@std@@A
0x102fe5a4,global,?decalCache@?$MeshFactory@VHeadMesh@View@RBX@@$00@View@RBX@@0V?$map@VDecalKey@?$MeshFactory@VHeadMesh@View@RBX@@$00@View@RBX@@V?$ReferenceCountedPointer@VMesh@Render@RBX@@@G3D@@U?$less@VDecalKey@?$MeshFactory@VHeadMesh@View@RBX@@$00@View@RBX@@@std@@V?$allocator@U?$pair@$$CBVDecalKey@?$MeshFactory@VHeadMesh@View@RBX@@$00@View@RBX@@V?$ReferenceCountedPointer@VMesh@Render@RBX@@@G3D@@@std@@@8@@std@@A
0x102fe5b0,global,?textureCache@?$MeshFactory@VWedgeMesh@View@RBX@@$00@View@RBX@@0V?$map@VTextureKey@?$MeshFactory@VWedgeMesh@View@RBX@@$00@View@RBX@@V?$ReferenceCountedPointer@VMesh@Render@RBX@@@G3D@@U?$less@VTextureKey@?$MeshFactory@VWedgeMesh@View@RBX@@$00@View@RBX@@@std@@V?$allocator@U?$pair@$$CBVTextureKey@?$MeshFactory@VWedgeMesh@View@RBX@@$00@View@RBX@@V?$ReferenceCountedPointer@VMesh@Render@RBX@@@G3D@@@std@@@8@@std@@A
0x102fe5bc,global,?textureCache@?$MeshFactory@VSphereMesh@View@RBX@@$00@View@RBX@@0V?$map@VTextureKey@?$MeshFactory@VSphereMesh@View@RBX@@$00@View@RBX@@V?$ReferenceCountedPointer@VMesh@Render@RBX@@@G3D@@U?$less@VTextureKey@?$MeshFactory@VSphereMesh@View@RBX@@$00@View@RBX@@@std@@V?$allocator@U?$pair@$$CBVTextureKey@?$MeshFactory@VSphereMesh@View@RBX@@$00@View@RBX@@V?$ReferenceCountedPointer@VMesh@Render@RBX@@@G3D@@@std@@@8@@std@@A
0x102fe5c8,global,?textureCache@?$MeshFactory@VPBBMesh@View@RBX@@$03@View@RBX@@0V?$map@VTextureKey@?$MeshFactory@VPBBMesh@View@RBX@@$03@View@RBX@@V?$ReferenceCountedPointer@VMesh@Render@RBX@@@G3D@@U?$less@VTextureKey@?$MeshFactory@VPBBMesh@View@RBX@@$03@View@RBX@@@std@@V?$allocator@U?$pair@$$CBVTextureKey@?$MeshFactory@VPBBMesh@View@RBX@@$03@View@RBX@@V?$ReferenceCountedPointer@VMesh@Render@RBX@@@G3D@@@std@@@8@@std@@A
0x102fe5d4,global,?decalCache@?$MeshFactory@VTorsoMesh@View@RBX@@$00@View@RBX@@0V?$map@VDecalKey@?$MeshFactory@VTorsoMesh@View@RBX@@$00@View@RBX@@V?$ReferenceCountedPointer@VMesh@Render@RBX@@@G3D@@U?$less@VDecalKey@?$MeshFactory@VTorsoMesh@View@RBX@@$00@View@RBX@@@std@@V?$allocator@U?$pair@$$CBVDecalKey@?$MeshFactory@VTorsoMesh@View@RBX@@$00@View@RBX@@V?$ReferenceCountedPointer@VMesh@Render@RBX@@@G3D@@@std@@@8@@std@@A
0x102fe5f0,global,?singleton@CrashReporter@@2PAV1@A
0x102fe5f4,global,?n@?1???$doDeclare@$1?sClient@Network@RBX@@3PADA@Name@RBX@@CAABV12@XZ@4ABV12@B
0x102fe5f8,global,??_B?1???$doDeclare@$1?sClient@Network@RBX@@3PADA@Name@RBX@@CAABV01@XZ@51
0x102fe5fc,global,?n@?1???$doDeclare@$1?sServer@Network@RBX@@3PADA@Name@RBX@@CAABV12@XZ@4ABV12@B
0x102fe600,global,??_B?1???$doDeclare@$1?sServer@Network@RBX@@3PADA@Name@RBX@@CAABV01@XZ@51
0x102fe604,global,?n@?1???$doDeclare@$1?sNetworkSettings@RBX@@3QBDB@Name@RBX@@CAABV12@XZ@4ABV12@B
0x102fe608,global,??_B?1???$doDeclare@$1?sNetworkSettings@RBX@@3QBDB@Name@RBX@@CAABV01@XZ@51
0x102fe60c,global,?flag@?1???$declare@$1?sClient@Network@RBX@@3PADA@Name@RBX@@SAABV12@XZ@4JA
0x102fe610,global,?flag@?1???$declare@$1?sServer@Network@RBX@@3PADA@Name@RBX@@SAABV12@XZ@4JA
0x102fe614,global,?flag@?1???$declare@$1?sNetworkSettings@RBX@@3QBDB@Name@RBX@@SAABV12@XZ@4JA
0x102fe618,global,?sing@?$GlobalSettingsItem@VNetworkSettings@RBX@@$1?sNetworkSettings@2@3QBDB@RBX@@0PAV12@A
0x102fe620,global,?foo@?1??classDescriptor@?$Described@VPeer@Network@RBX@@$1?sPeer@23@3QBDBVInstance@3@@Reflection@RBX@@SAAAVClassDescriptor@34@XZ@4V534@A
0x102fe6a8,global,??_B?1??classDescriptor@?$Described@VPeer@Network@RBX@@$1?sPeer@23@3QBDBVInstance@3@@Reflection@RBX@@SAAAVClassDescriptor@23@XZ@51
0x102fe6b0,global,?foo@?1??classDescriptor@?$Described@VClient@Network@RBX@@$1?sClient@23@3PADAV?$FactoryProduct@VClient@Network@RBX@@VPeer@23@$1?sClient@23@3PADA@3@@Reflection@RBX@@SAAAVClassDescriptor@34@XZ@4V534@A
0x102fe738,global,??_B?1??classDescriptor@?$Described@VClient@Network@RBX@@$1?sClient@23@3PADAV?$FactoryProduct@VClient@Network@RBX@@VPeer@23@$1?sClient@23@3PADA@3@@Reflection@RBX@@SAAAVClassDescriptor@23@XZ@51
0x102fe740,global,?foo@?1??classDescriptor@?$Described@VPlayer@Network@RBX@@$1?sPlayer@23@3PADAV?$FactoryProduct@VPlayer@Network@RBX@@VInstance@3@$1?sPlayer@23@3PADA@3@@Reflection@RBX@@SAAAVClassDescriptor@34@XZ@4V534@A
0x102fe7c8,global,??_B?1??classDescriptor@?$Described@VPlayer@Network@RBX@@$1?sPlayer@23@3PADAV?$FactoryProduct@VPlayer@Network@RBX@@VInstance@3@$1?sPlayer@23@3PADA@3@@Reflection@RBX@@SAAAVClassDescriptor@23@XZ@51
0x102fe7d0,global,?foo@?1??classDescriptor@?$Described@VServer@Network@RBX@@$1?sServer@23@3PADAV?$FactoryProduct@VServer@Network@RBX@@VPeer@23@$1?sServer@23@3PADA@3@@Reflection@RBX@@SAAAVClassDescriptor@34@XZ@4V534@A
0x102fe858,global,??_B?1??classDescriptor@?$Described@VServer@Network@RBX@@$1?sServer@23@3PADAV?$FactoryProduct@VServer@Network@RBX@@VPeer@23@$1?sServer@23@3PADA@3@@Reflection@RBX@@SAAAVClassDescriptor@23@XZ@51
0x102fe860,global,?foo@?1??classDescriptor@?$Described@VPlayers@Network@RBX@@$1?sPlayers@23@3PADAV?$NonFactoryProduct@VInstance@RBX@@$1?sPlayers@Network@2@3PADA@3@@Reflection@RBX@@SAAAVClassDescriptor@34@XZ@4V534@A
0x102fe8e8,global,??_B?1??classDescriptor@?$Described@VPlayers@Network@RBX@@$1?sPlayers@23@3PADAV?$NonFactoryProduct@VInstance@RBX@@$1?sPlayers@Network@2@3PADA@3@@Reflection@RBX@@SAAAVClassDescriptor@23@XZ@51
0x102fe8f0,global,?foo@?1??classDescriptor@?$Described@VNetworkSettings@RBX@@$1?sNetworkSettings@2@3QBDBV?$FactoryProduct@VNetworkSettings@RBX@@VItem@GlobalSettings@2@$1?sNetworkSettings@2@3QBDB@2@@Reflection@RBX@@SAAAVClassDescriptor@34@XZ@4V534@A
0x102fe978,global,??_B?1??classDescriptor@?$Described@VNetworkSettings@RBX@@$1?sNetworkSettings@2@3QBDBV?$FactoryProduct@VNetworkSettings@RBX@@VItem@GlobalSettings@2@$1?sNetworkSettings@2@3QBDB@2@@Reflection@RBX@@SAAAVClassDescriptor@23@XZ@51
0x102fe980,global,?version@API@Network@RBX@@2V?$basic_string@DU?$char_traits@D@std@@V?$allocator@D@2@@std@@A
0x102fe99c,global,?type@?1???$singleton@PAVModelInstance@RBX@@@RefType@Reflection@RBX@@SAABVType@23@XZ@4V123@A
0x102fe9ac,global,??_B?1???$singleton@PAVModelInstance@RBX@@@RefType@Reflection@RBX@@SAABVType@12@XZ@51
0x102fe9b0,global,?stored_vtable@?1???$assign_to@V?$bind_t@XV?$mf0@XVPlayer@Network@RBX@@@_mfi@boost@@V?$list1@V?$value@V?$shared_ptr@VPlayer@Network@RBX@@@boost@@@_bi@boost@@@_bi@3@@_bi@boost@@@?$function0@XV?$allocator@Vfunction_base@boost@@@std@@@boost@@AAEXV?$bind_t@XV?$mf0@XVPlayer@Network@RBX@@@_mfi@boost@@V?$list1@V?$value@V?$shared_ptr@VPlayer@Network@RBX@@@boost@@@_bi@boost@@@_bi@3@@_bi@2@@Z@4U?$basic_vtable0@XV?$allocator@Vfunction_base@boost@@@std@@@function@detail@2@A
0x102fe9b8,global,??_B?1???$assign_to@V?$bind_t@XV?$mf0@XVPlayer@Network@RBX@@@_mfi@boost@@V?$list1@V?$value@V?$shared_ptr@VPlayer@Network@RBX@@@boost@@@_bi@boost@@@_bi@3@@_bi@boost@@@?$function0@XV?$allocator@Vfunction_base@boost@@@std@@@boost@@AAEXV?$bind_t@XV?$mf0@XVPlayer@Network@RBX@@@_mfi@boost@@V?$list1@V?$value@V?$shared_ptr@VPlayer@Network@RBX@@@boost@@@_bi@boost@@@_bi@3@@_bi@1@@Z@51
0x102fea2c,global,?event_Chatted@Player@Network@RBX@@2V?$SignalDesc@VPlayer@Network@RBX@@$$A6AXV?$basic_string@DU?$char_traits@D@std@@V?$allocator@D@2@@std@@V?$shared_ptr@VInstance@RBX@@@boost@@@Z@Reflection@3@A
0x102fea50,global,?prop_SuperSafeChat@Player@Network@RBX@@2V?$BoundProp@_N$00@Reflection@3@A
0x102fea6c,global,?prop_userId@Player@Network@RBX@@2V?$BoundProp@H$00@Reflection@3@A
0x102feb98,global,?prop_Under13@Player@Network@RBX@@2V?$BoundProp@_N$00@Reflection@3@A
0x102febb4,global,?type@?1???$singleton@PAVPlayer@Network@RBX@@@RefType@Reflection@RBX@@SAABVType@23@XZ@4V123@A
0x102febc4,global,??_B?1???$singleton@PAVPlayer@Network@RBX@@@RefType@Reflection@RBX@@SAABVType@12@XZ@51
0x102febc8,global,?stored_vtable@?1???$assign_to@V?$bind_t@W4work_result@worker_thread@RBX@@P6A?AW4123@V?$shared_ptr@Udata@AbuseReporter@Network@RBX@@@boost@@V?$basic_string@DU?$char_traits@D@std@@V?$allocator@D@2@@std@@@ZV?$list2@V?$value@V?$shared_ptr@Udata@AbuseReporter@Network@RBX@@@boost@@@_bi@boost@@V?$value@V?$basic_string@DU?$char_traits@D@std@@V?$allocator@D@2@@std@@@23@@_bi@5@@_bi@boost@@@?$function0@W4work_result@worker_thread@RBX@@V?$allocator@Vfunction_base@boost@@@std@@@boost@@AAEXV?$bind_t@W4work_result@worker_thread@RBX@@P6A?AW4123@V?$shared_ptr@Udata@AbuseReporter@Network@RBX@@@boost@@V?$basic_string@DU?$char_traits@D@std@@V?$allocator@D@2@@std@@@ZV?$list2@V?$value@V?$shared_ptr@Udata@AbuseReporter@Network@RBX@@@boost@@@_bi@boost@@V?$value@V?$basic_string@DU?$char_traits@D@std@@V?$allocator@D@2@@std@@@23@@_bi@5@@_bi@2@@Z@4U?$basic_vtable0@W4work_result@worker_thread@RBX@@V?$allocator@Vfunction_base@boost@@@std@@@function@detail@2@A
0x102febd0,global,??_B?1???$assign_to@V?$bind_t@W4work_result@worker_thread@RBX@@P6A?AW4123@V?$shared_ptr@Udata@AbuseReporter@Network@RBX@@@boost@@V?$basic_string@DU?$char_traits@D@std@@V?$allocator@D@2@@std@@@ZV?$list2@V?$value@V?$shared_ptr@Udata@AbuseReporter@Network@RBX@@@boost@@@_bi@boost@@V?$value@V?$basic_string@DU?$char_traits@D@std@@V?$allocator@D@2@@std@@@23@@_bi@5@@_bi@boost@@@?$function0@W4work_result@worker_thread@RBX@@V?$allocator@Vfunction_base@boost@@@std@@@boost@@AAEXV?$bind_t@W4work_result@worker_thread@RBX@@P6A?AW4123@V?$shared_ptr@Udata@AbuseReporter@Network@RBX@@@boost@@V?$basic_string@DU?$char_traits@D@std@@V?$allocator@D@2@@std@@@ZV?$list2@V?$value@V?$shared_ptr@Udata@AbuseReporter@Network@RBX@@@boost@@@_bi@boost@@V?$value@V?$basic_string@DU?$char_traits@D@std@@V?$allocator@D@2@@std@@@23@@_bi@5@@_bi@1@@Z@51
0x102fec98,global,?propLocalPlayer@Players@Network@RBX@@2V?$RefPropDescriptor@VPlayers@Network@RBX@@VPlayer@23@@Reflection@3@A
0x102fee78,global,?index@?1???$doGetClassIndex@VClient@Network@RBX@@@ServiceProvider@RBX@@CAIXZ@4IA
0x102fee7c,global,??_B?1???$doGetClassIndex@VClient@Network@RBX@@@ServiceProvider@RBX@@CAIXZ@51
0x102fee80,global,?flag@?1???$getClassIndex@VClient@Network@RBX@@@ServiceProvider@RBX@@CAIXZ@4JA
0x102fee84,global,?isNullClassName@?8???$find@VClient@Network@RBX@@@ServiceProvider@RBX@@QBEPAVClient@Network@2@XZ@4_NB
0x102fee88,global,??_B?8???$find@VClient@Network@RBX@@@ServiceProvider@RBX@@QBEPAVClient@Network@1@XZ@58
0x102fee9c,global,?event_ConnectionFailed@Client@Network@RBX@@2V?$SignalDesc@VClient@Network@RBX@@$$A6AXV?$basic_string@DU?$char_traits@D@std@@V?$allocator@D@2@@std@@H@Z@Reflection@3@A
0x102fef10,global,?event_ConnectionAccepted@Client@Network@RBX@@2V?$SignalDesc@VClient@Network@RBX@@$$A6AXV?$basic_string@DU?$char_traits@D@std@@V?$allocator@D@2@@std@@V?$shared_ptr@VInstance@RBX@@@boost@@@Z@Reflection@3@A
0x102fef34,global,?event_ConnectionRejected@Client@Network@RBX@@2V?$SignalDesc@VClient@Network@RBX@@$$A6AXV?$basic_string@DU?$char_traits@D@std@@V?$allocator@D@2@@std@@@Z@Reflection@3@A
0x102fef90,global,?index@?1???$doGetClassIndex@VServer@Network@RBX@@@ServiceProvider@RBX@@CAIXZ@4IA
0x102fef94,global,??_B?1???$doGetClassIndex@VServer@Network@RBX@@@ServiceProvider@RBX@@CAIXZ@51
0x102fef98,global,?flag@?1???$getClassIndex@VServer@Network@RBX@@@ServiceProvider@RBX@@CAIXZ@4JA
0x102fef9c,global,?isNullClassName@?8???$find@VServer@Network@RBX@@@ServiceProvider@RBX@@QBEPAVServer@Network@2@XZ@4_NB
0x102fefa0,global,??_B?8???$find@VServer@Network@RBX@@@ServiceProvider@RBX@@QBEPAVServer@Network@1@XZ@58
0x102fefac,global,?event_IncommingConnection@Server@Network@RBX@@2V?$SignalDesc@VServer@Network@RBX@@$$A6AXV?$basic_string@DU?$char_traits@D@std@@V?$allocator@D@2@@std@@V?$shared_ptr@VInstance@RBX@@@boost@@@Z@Reflection@3@A
0x102ff07c,global,?prop_MaxSendBPS@RBX@@3V?$BoundProp@H$00@Reflection@1@A
0x102ff098,global,?prop_MaxDataModelSendBuffer@RBX@@3V?$BoundProp@H$00@Reflection@1@A
0x102ff0b4,global,?prop_PrintPacketBuffer@RBX@@3V?$BoundProp@_N$00@Reflection@1@A
0x102ff0d0,global,?prop_DataPacketSize@RBX@@3V?$BoundProp@M$00@Reflection@1@A
0x102ff0ec,global,?prop_PrintProperties@RBX@@3V?$BoundProp@_N$00@Reflection@1@A
0x102ff108,global,?prop_SendRate@RBX@@3V?$BoundProp@M$00@Reflection@1@A
0x102ff124,global,?prop_LogPackets@RBX@@3V?$BoundProp@_N$00@Reflection@1@A
0x102ff140,global,?prop_ExtraPingVariance@RBX@@3V?$BoundProp@H$00@Reflection@1@A
0x102ff15c,global,?prop_PrintInstances@RBX@@3V?$BoundProp@_N$00@Reflection@1@A
0x102ff178,global,?prop_MinExtraPing@RBX@@3V?$BoundProp@H$00@Reflection@1@A
0x102ff194,global,?prop_PrintPhysicsErrors@RBX@@3V?$BoundProp@_N$00@Reflection@1@A
0x102ff1b0,global,?i@?1???$index@UTimeStamp@@@?$Association@VInstance@RBX@@@RBX@@ABEIXZ@4IB
0x102ff1b4,global,??_B?1???$index@UTimeStamp@@@?$Association@VInstance@RBX@@@RBX@@ABEIXZ@51
0x102ff1b8,global,?i@?1???$index@VClientPhysics@Network@RBX@@@?$Association@VInstance@RBX@@@RBX@@ABEIXZ@4IB
0x102ff1bc,global,??_B?1???$index@VClientPhysics@Network@RBX@@@?$Association@VInstance@RBX@@@RBX@@ABEIXZ@51
0x102ff1c0,global,?stored_vtable@?1???$assign_to@V?$bind_t@XV?$mf1@XVReplicator@Network@RBX@@V?$shared_ptr@VInstance@RBX@@@boost@@@_mfi@boost@@V?$list2@V?$value@PAVReplicator@Network@RBX@@@_bi@boost@@V?$arg@$00@3@@_bi@3@@_bi@boost@@@?$function1@XV?$shared_ptr@VInstance@RBX@@@boost@@V?$allocator@X@std@@@boost@@AAEXV?$bind_t@XV?$mf1@XVReplicator@Network@RBX@@V?$shared_ptr@VInstance@RBX@@@boost@@@_mfi@boost@@V?$list2@V?$value@PAVReplicator@Network@RBX@@@_bi@boost@@V?$arg@$00@3@@_bi@3@@_bi@2@@Z@4U?$basic_vtable1@XV?$shared_ptr@VInstance@RBX@@@boost@@V?$allocator@X@std@@@function@detail@2@A
0x102ff1c8,global,??_B?1???$assign_to@V?$bind_t@XV?$mf1@XVReplicator@Network@RBX@@V?$shared_ptr@VInstance@RBX@@@boost@@@_mfi@boost@@V?$list2@V?$value@PAVReplicator@Network@RBX@@@_bi@boost@@V?$arg@$00@3@@_bi@3@@_bi@boost@@@?$function1@XV?$shared_ptr@VInstance@RBX@@@boost@@V?$allocator@X@std@@@boost@@AAEXV?$bind_t@XV?$mf1@XVReplicator@Network@RBX@@V?$shared_ptr@VInstance@RBX@@@boost@@@_mfi@boost@@V?$list2@V?$value@PAVReplicator@Network@RBX@@@_bi@boost@@V?$arg@$00@3@@_bi@3@@_bi@1@@Z@51
0x102ff1d0,global,?foo@?1??classDescriptor@?$Described@VMarker@Network@RBX@@$1?sMarker@23@3QBDBV?$NonFactoryProduct@VDescribedBase@Reflection@RBX@@$1?sMarker@Network@3@3QBDB@3@@Reflection@RBX@@SAAAVClassDescriptor@34@XZ@4V534@A
0x102ff258,global,??_B?1??classDescriptor@?$Described@VMarker@Network@RBX@@$1?sMarker@23@3QBDBV?$NonFactoryProduct@VDescribedBase@Reflection@RBX@@$1?sMarker@Network@3@3QBDB@3@@Reflection@RBX@@SAAAVClassDescriptor@23@XZ@51
0x102ff260,global,?foo@?1??classDescriptor@?$Described@VReplicator@Network@RBX@@$1?sReplicator@23@3QBDBV?$NonFactoryProduct@VIdSerializer@Network@RBX@@$1?sReplicator@23@3QBDB@3@@Reflection@RBX@@SAAAVClassDescriptor@34@XZ@4V534@A
0x102ff2e8,global,??_B?1??classDescriptor@?$Described@VReplicator@Network@RBX@@$1?sReplicator@23@3QBDBV?$NonFactoryProduct@VIdSerializer@Network@RBX@@$1?sReplicator@23@3QBDB@3@@Reflection@RBX@@SAAAVClassDescriptor@23@XZ@51
0x102ff2ec,global,?stored_vtable@?1???$assign_to@V?$bind_t@XV?$mf2@XVReplicator@Network@RBX@@V?$shared_ptr@VInstance@RBX@@@boost@@PBVPropertyDescriptor@Reflection@3@@_mfi@boost@@V?$list3@V?$value@PAVReplicator@Network@RBX@@@_bi@boost@@V?$value@V?$shared_ptr@VInstance@RBX@@@boost@@@23@V?$arg@$00@3@@_bi@3@@_bi@boost@@@?$function1@XPBVPropertyDescriptor@Reflection@RBX@@V?$allocator@X@std@@@boost@@AAEXV?$bind_t@XV?$mf2@XVReplicator@Network@RBX@@V?$shared_ptr@VInstance@RBX@@@boost@@PBVPropertyDescriptor@Reflection@3@@_mfi@boost@@V?$list3@V?$value@PAVReplicator@Network@RBX@@@_bi@boost@@V?$value@V?$shared_ptr@VInstance@RBX@@@boost@@@23@V?$arg@$00@3@@_bi@3@@_bi@2@@Z@4U?$basic_vtable1@XPBVPropertyDescriptor@Reflection@RBX@@V?$allocator@X@std@@@function@detail@2@A
0x102ff2f4,global,??_B?1???$assign_to@V?$bind_t@XV?$mf2@XVReplicator@Network@RBX@@V?$shared_ptr@VInstance@RBX@@@boost@@PBVPropertyDescriptor@Reflection@3@@_mfi@boost@@V?$list3@V?$value@PAVReplicator@Network@RBX@@@_bi@boost@@V?$value@V?$shared_ptr@VInstance@RBX@@@boost@@@23@V?$arg@$00@3@@_bi@3@@_bi@boost@@@?$function1@XPBVPropertyDescriptor@Reflection@RBX@@V?$allocator@X@std@@@boost@@AAEXV?$bind_t@XV?$mf2@XVReplicator@Network@RBX@@V?$shared_ptr@VInstance@RBX@@@boost@@PBVPropertyDescriptor@Reflection@3@@_mfi@boost@@V?$list3@V?$value@PAVReplicator@Network@RBX@@@_bi@boost@@V?$value@V?$shared_ptr@VInstance@RBX@@@boost@@@23@V?$arg@$00@3@@_bi@3@@_bi@1@@Z@51
0x102ff340,global,?event_Returned@Marker@Network@RBX@@2V?$SignalDesc@VMarker@Network@RBX@@$$A6AXXZ@Reflection@3@A
0x102ff3f8,global,?event_Disconnection@Replicator@Network@RBX@@2V?$SignalDesc@VReplicator@Network@RBX@@$$A6AXV?$basic_string@DU?$char_traits@D@std@@V?$allocator@D@2@@std@@_N@Z@Reflection@3@A
0x102ff41c,global,?n@?1???$doDeclare@$1?sReplicator@Network@RBX@@3QBDB@Name@RBX@@CAABV12@XZ@4ABV12@B
0x102ff420,global,??_B?1???$doDeclare@$1?sReplicator@Network@RBX@@3QBDB@Name@RBX@@CAABV01@XZ@51
0x102ff424,global,?flag@?1???$declare@$1?sReplicator@Network@RBX@@3QBDB@Name@RBX@@SAABV12@XZ@4JA
0x102ff428,global,?peerToPeerMode@NetworkID@@2_NA
0x102ff448,global,?mThread@@3PAXA
0x102ff44c,global,?mProcMask@@3KA
0x102ff458,global,?mSysMask@@3KA
0x102ff460,global,?queryCount@@3HA
0x102ff6e0,global,?instance@StringCompressor@@0PAV1@A
0x102ff6e4,global,?referenceCount@StringCompressor@@0HA
0x102ff6e8,global,?winsockInfo@SocketLayer@@0UWSAData@@A
0x102ff878,global,?socketLayerStarted@SocketLayer@@0_NA
0x102ff879,global,?I@SocketLayer@@0V1@A
0x10300248,global,?instance@StringTable@@1PAV1@A
0x1030024c,global,?referenceCount@StringTable@@1HA
0x10300250,global,?ROUNDS@@3HA
0x10300734,global,?glMultiTexCoord1fARB@@3P6GXIM@ZA
0x10300738,global,?glMultiTexCoord1dARB@@3P6GXIN@ZA
0x1030073c,global,?glMultiTexCoord2fARB@@3P6GXIMM@ZA
0x10300740,global,?glMultiTexCoord2fvARB@@3P6GXIPBM@ZA
0x10300744,global,?glMultiTexCoord2dvARB@@3P6GXIPBN@ZA
0x10300748,global,?glMultiTexCoord3fvARB@@3P6GXIPBM@ZA
0x1030074c,global,?glMultiTexCoord3dvARB@@3P6GXIPBN@ZA
0x10300750,global,?glMultiTexCoord4fvARB@@3P6GXIPBM@ZA
0x10300754,global,?glMultiTexCoord4dvARB@@3P6GXIPBN@ZA
0x10300758,global,?glActiveTextureARB@@3P6GXI@ZA
0x1030075c,global,?glClientActiveTextureARB@@3P6GXI@ZA
0x10300760,global,?glBlendEquationEXT@@3P6GXI@ZA
0x10300764,global,?glTexImage3DEXT@@3P6GXIHIHHHHIIPBX@ZA
0x10300768,global,?wglSwapIntervalEXT@@3P6GHH@ZA
0x1030076c,global,?wglChoosePixelFormatARB@@3P6GHPAUHDC__@@PBHPBMIPAHPAI@ZA
0x10300770,global,?wglAllocateMemoryNV@@3P6GPAXHMMM@ZA
0x10300774,global,?wglFreeMemoryNV@@3P6GXPAX@ZA
0x10300778,global,?glVertexArrayRangeNV@@3P6GXHPBX@ZA
0x1030077c,global,?glFlushVertexArrayRangeNV@@3P6GXXZA
0x10300780,global,?glCompressedTexImage2DARB@@3P6GXIHIHHHHPBX@ZA
0x10300784,global,?glGetCompressedTexImageARB@@3P6GXIHPAX@ZA
0x10300788,global,?glGenFencesNV@@3P6GXHPAI@ZA
0x1030078c,global,?glDeleteFencesNV@@3P6GXHPBI@ZA
0x10300790,global,?glSetFenceNV@@3P6GXII@ZA
0x10300794,global,?glFinishFenceNV@@3P6GXI@ZA
0x10300798,global,?glGenProgramsARB@@3P6GXHPAI@ZA
0x1030079c,global,?glBindProgramARB@@3P6GXII@ZA
0x103007a0,global,?glDeleteProgramsARB@@3P6GXHPBI@ZA
0x103007a4,global,?glProgramStringARB@@3P6GXIIHPBX@ZA
0x103007a8,global,?glProgramEnvParameter4fARB@@3P6GXIIMMMM@ZA
0x103007ac,global,?glProgramLocalParameter4fARB@@3P6GXIIMMMM@ZA
0x103007b0,global,?glProgramLocalParameter4fvARB@@3P6GXIIPBM@ZA
0x103007b4,global,?glProgramEnvParameter4dvARB@@3P6GXIIPBN@ZA
0x103007b8,global,?glProgramLocalParameter4dvARB@@3P6GXIIPBN@ZA
0x103007bc,global,?glGenProgramsNV@@3P6GXHPAI@ZA
0x103007c0,global,?glDeleteProgramsNV@@3P6GXHPBI@ZA
0x103007c4,global,?glBindProgramNV@@3P6GXII@ZA
0x103007c8,global,?glLoadProgramNV@@3P6GXIIHPBE@ZA
0x103007cc,global,?glTrackMatrixNV@@3P6GXIIII@ZA
0x103007d0,global,?glProgramParameter4fvNV@@3P6GXIIPBM@ZA
0x103007d4,global,?glGetProgramParameterfvNV@@3P6GXIIIPAM@ZA
0x103007d8,global,?glGetProgramParameterdvNV@@3P6GXIIIPAN@ZA
0x103007dc,global,?glVertexAttribPointerARB@@3P6GXIHIEHPBX@ZA
0x103007e0,global,?glEnableVertexAttribArrayARB@@3P6GXI@ZA
0x103007e4,global,?glDisableVertexAttribArrayARB@@3P6GXI@ZA
0x103007e8,global,?glPointParameterfARB@@3P6GXIM@ZA
0x103007ec,global,?glPointParameterfvARB@@3P6GXIPAM@ZA
0x103007f0,global,?glMultiDrawArraysEXT@@3P6GXIPAH0H@ZA
0x103007f4,global,?glMultiDrawElementsEXT@@3P6GXIPBHIPAPBXH@ZA
0x103007f8,global,?glCombinerParameterfvNV@@3P6GXIPBM@ZA
0x103007fc,global,?glCombinerParameterfNV@@3P6GXIM@ZA
0x10300800,global,?glCombinerParameterivNV@@3P6GXIPBH@ZA
0x10300804,global,?glCombinerParameteriNV@@3P6GXIH@ZA
0x10300808,global,?glCombinerInputNV@@3P6GXIIIIII@ZA
0x1030080c,global,?glCombinerOutputNV@@3P6GXIIIIIIIEEE@ZA
0x10300810,global,?glFinalCombinerInputNV@@3P6GXIIII@ZA
0x10300814,global,?glGetCombinerInputParameterfvNV@@3P6GXIIIIPAM@ZA
0x10300818,global,?glGetCombinerInputParameterivNV@@3P6GXIIIIPAH@ZA
0x1030081c,global,?glGetCombinerOutputParameterfvNV@@3P6GXIIIPAM@ZA
0x10300820,global,?glGetCombinerOutputParameterivNV@@3P6GXIIIPAH@ZA
0x10300824,global,?glGetFinalCombinerInputParameterfvNV@@3P6GXIIPAM@ZA
0x10300828,global,?glGetFinalCombinerInputParameterivNV@@3P6GXIIPAH@ZA
0x1030082c,global,?glCombinerStageParameterfvNV@@3P6GXIIPBM@ZA
0x10300830,global,?glGetCombinerStageParameterfvNV@@3P6GXIIPAM@ZA
0x10300834,global,?glActiveStencilFaceEXT@@3P6GXI@ZA
0x10300838,global,?glBindBufferARB@@3P6GXII@ZA
0x1030083c,global,?glDeleteBuffersARB@@3P6GXHPBI@ZA
0x10300840,global,?glGenBuffersARB@@3P6GXHPAI@ZA
0x10300844,global,?glIsBufferARB@@3P6GEI@ZA
0x10300848,global,?glBufferDataARB@@3P6GXIHPBXI@ZA
0x1030084c,global,?glBufferSubDataARB@@3P6GXIHHPBX@ZA
0x10300850,global,?glGetBufferSubDataARB@@3P6GXIHHPAX@ZA
0x10300854,global,?glMapBufferARB@@3P6GPAXII@ZA
0x10300858,global,?glUnmapBufferARB@@3P6GEI@ZA
0x1030085c,global,?glGetBufferParameterivARB@@3P6GXIIPAH@ZA
0x10300860,global,?glGetBufferPointervARB@@3P6GXIIPAPAX@ZA
0x10300864,global,?glDrawRangeElements@@3P6GXIIIHIPBX@ZA
0x10300868,global,?glDeleteObjectARB@@3P6GXK@ZA
0x1030086c,global,?glGetHandleARB@@3P6GKI@ZA
0x10300870,global,?glDetachObjectARB@@3P6GXKK@ZA
0x10300874,global,?glCreateShaderObjectARB@@3P6GKI@ZA
0x10300878,global,?glShaderSourceARB@@3P6GXKHPAPBDPBH@ZA
0x1030087c,global,?glCompileShaderARB@@3P6GXK@ZA
0x10300880,global,?glCreateProgramObjectARB@@3P6GKXZA
0x10300884,global,?glAttachObjectARB@@3P6GXKK@ZA
0x10300888,global,?glLinkProgramARB@@3P6GXK@ZA
0x1030088c,global,?glUseProgramObjectARB@@3P6GXK@ZA
0x10300890,global,?glValidateProgramARB@@3P6GXK@ZA
0x10300894,global,?glUniform1fvARB@@3P6GXHHPBM@ZA
0x10300898,global,?glUniform2fvARB@@3P6GXHHPBM@ZA
0x1030089c,global,?glUniform3fvARB@@3P6GXHHPBM@ZA
0x103008a0,global,?glUniform4fvARB@@3P6GXHHPBM@ZA
0x103008a4,global,?glUniform1iARB@@3P6GXHH@ZA
0x103008a8,global,?glUniform2iARB@@3P6GXHHH@ZA
0x103008ac,global,?glUniform3iARB@@3P6GXHHHH@ZA
0x103008b0,global,?glUniform4iARB@@3P6GXHHHHH@ZA
0x103008b4,global,?glUniformMatrix2fvARB@@3P6GXHHEPBM@ZA
0x103008b8,global,?glUniformMatrix3fvARB@@3P6GXHHEPBM@ZA
0x103008bc,global,?glUniformMatrix4fvARB@@3P6GXHHEPBM@ZA
0x103008c0,global,?glGetInfoLogARB@@3P6GXKHPAHPAD@ZA
0x103008c4,global,?glGetUniformLocationARB@@3P6GHKPBD@ZA
0x103008c8,global,?glGetAttribLocationARB@@3P6GHKPAD@ZA
0x103008cc,global,?glGetObjectParameterivARB@@3P6GXKIPAH@ZA
0x103008d0,global,?glGetActiveUniformARB@@3P6GXKIHPAH0PAIPAD@ZA
0x103008d4,global,?glGenFragmentShadersATI@@3P6GII@ZA
0x103008d8,global,?glDeleteFragmentShaderATI@@3P6GXI@ZA
0x103008dc,global,?glBindFragmentShaderATI@@3P6GXI@ZA
0x103008e0,global,?glBeginFragmentShaderATI@@3P6GXXZA
0x103008e4,global,?glEndFragmentShaderATI@@3P6GXXZA
0x103008e8,global,?glPassTexCoordATI@@3P6GXIII@ZA
0x103008ec,global,?glSampleMapATI@@3P6GXIII@ZA
0x103008f0,global,?glSetFragmentShaderConstantATI@@3P6GXIPBM@ZA
0x103008f4,global,?glColorFragmentOp1ATI@@3P6GXIIIIIII@ZA
0x103008f8,global,?glColorFragmentOp2ATI@@3P6GXIIIIIIIIII@ZA
0x103008fc,global,?glColorFragmentOp3ATI@@3P6GXIIIIIIIIIIIII@ZA
0x10300900,global,?glAlphaFragmentOp1ATI@@3P6GXIIIIII@ZA
0x10300904,global,?glAlphaFragmentOp2ATI@@3P6GXIIIIIIIII@ZA
0x10300908,global,?glAlphaFragmentOp3ATI@@3P6GXIIIIIIIIIIII@ZA
0x1030090c,global,?wglEnableGenlockI3D@@3P6AHPAUHDC__@@@ZA
0x10300910,global,?wglCreatePbufferEXT@@3P6GPAUHPBUFFEREXT__@@PAUHDC__@@HHHPBH@ZA
0x10300914,global,?wglDestroyPbufferEXT@@3P6GHPAUHPBUFFEREXT__@@@ZA
0x10300918,global,?glIsRenderBufferEXT@@3P6GEI@ZA
0x1030091c,global,?glBindRenderbufferEXT@@3P6GXII@ZA
0x10300920,global,?glDeleteRenderbuffersEXT@@3P6GXHPBI@ZA
0x10300924,global,?glGenRenderbuffersEXT@@3P6GXHPAI@ZA
0x10300928,global,?glRenderbufferStorageEXT@@3P6GXIIHH@ZA
0x1030092c,global,?glGetRenderbufferParameterivEXT@@3P6GXIIPAH@ZA
0x10300930,global,?glIsFramebufferEXT@@3P6GEI@ZA
0x10300934,global,?glBindFramebufferEXT@@3P6GXII@ZA
0x10300938,global,?glDeleteFramebuffersEXT@@3P6GXHPBI@ZA
0x1030093c,global,?glGenFramebuffersEXT@@3P6GXHPAI@ZA
0x10300940,global,?glCheckFramebufferStatusEXT@@3P6GII@ZA
0x10300944,global,?glFramebufferTexture1DEXT@@3P6GXIIIIH@ZA
0x10300948,global,?glFramebufferTexture2DEXT@@3P6GXIIIIH@ZA
0x1030094c,global,?glFramebufferTexture3DEXT@@3P6GXIIIIHH@ZA
0x10300950,global,?glFramebufferRenderbufferEXT@@3P6GXIIII@ZA
0x10300954,global,?glGetFramebufferAttachmentParameterivEXT@@3P6GXIIIPAH@ZA
0x10300958,global,?glGenerateMipmapEXT@@3P6GXI@ZA
0x1030095c,global,?glDrawBuffersARB@@3P6GXHPBI@ZA
0x10300960,global,?glBeginQueryARB@@3P6GXII@ZA
0x10300964,global,?glDeleteQueriesARB@@3P6GXHPBI@ZA
0x10300968,global,?glEndQueryARB@@3P6GXI@ZA
0x1030096c,global,?glGenQueriesARB@@3P6GXHPAI@ZA
0x10300970,global,?glGetQueryivARB@@3P6GXIIPAH@ZA
0x10300974,global,?glGetQueryObjectivARB@@3P6GXIIPAH@ZA
0x10300978,global,?glGetQueryObjectuivARB@@3P6GXIIPAI@ZA
0x1030097c,global,?glIsQueryARB@@3P6GEI@ZA
0x10300980,global,?glStencilFuncSeparateATI@@3P6GXIIHI@ZA
0x10300984,global,?glStencilOpSeparateATI@@3P6GXIIII@ZA
0x10300f80,global,?g_TryEnterCriticalSection@?A0x7c14e877@@3P6GHPAU_RTL_CRITICAL_SECTION@@@ZA
0x10300f84,global,?once_init_TryEnterCriticalSection@?A0x7c14e877@@3JA
0x10300f88,global,?tss_data_once@?A0x06c9e004@@3JA
0x10300f8c,global,?tss_data_mutex@?A0x06c9e004@@3PAVmutex@boost@@A
0x10300f90,global,?tss_data_cleanup_handlers@?A0x06c9e004@@3PAV?$vector@PAV?$function1@XPAXV?$allocator@Vfunction_base@boost@@@std@@@boost@@V?$allocator@PAV?$function1@XPAXV?$allocator@Vfunction_base@boost@@@std@@@boost@@@std@@@std@@A
0x10300f94,global,?tss_data_use@?A0x06c9e004@@3HA
0x10300f98,global,?g_TryEnterCriticalSection@?A0xf75eb0a2@@3P6GHPAU_RTL_CRITICAL_SECTION@@@ZA
0x10300f9c,global,?once_init_TryEnterCriticalSection@?A0xf75eb0a2@@3JA
0x10300fa0,global,?threadmon_mutex@?A0x85883f4a@@3U_RTL_CRITICAL_SECTION@@A
0x10300fb8,global,?once_init_threadmon_mutex@?A0x85883f4a@@3JA
0x10300fbc,global,?attached_thread_count@?A0x85883f4a@@3KA
0x10300fc4,global,?__type_info_root_node@@3U__type_info_node@@A
0x10301310,global,?minSize@?3??resize@?$Array@PAVRenderSurface@Render@RBX@@@G3D@@QAEXH_N@Z@4HB
0x10301314,global,??_B?3??resize@?$Array@PAVRenderSurface@Render@RBX@@@G3D@@QAEXH_N@Z@53
0x10301318,global,?minSize@?3??resize@?$Array@VRenderSurface@Render@RBX@@@G3D@@QAEXH_N@Z@4HB
0x1030131c,global,??_B?3??resize@?$Array@VRenderSurface@Render@RBX@@@G3D@@QAEXH_N@Z@53
0x10301320,global,?minSize@?3??resize@?$Array@V?$ReferenceCountedPointer@VChunk@Render@RBX@@@G3D@@@G3D@@QAEXH_N@Z@4HB
0x10301324,global,??_B?3??resize@?$Array@V?$ReferenceCountedPointer@VChunk@Render@RBX@@@G3D@@@G3D@@QAEXH_N@Z@53
0x10301338,global,?identity@AggregateChunk@Render@RBX@@2VCoordinateFrame@G3D@@B
0x10301368,global,?minSize@?3??resize@?$Array@VLevel@Material@Render@RBX@@@G3D@@QAEXH_N@Z@4HB
0x1030136c,global,??_B?3??resize@?$Array@VLevel@Material@Render@RBX@@@G3D@@QAEXH_N@Z@53
0x10301370,global,?chunkCount@RenderStats@@2HA
0x10301374,global,?aggregatedChunkCount@RenderStats@@2HA
0x10301378,global,?aggregateChunkCount@RenderStats@@2HA
0x103013bc,global,?silent@RobloxCrashReporter@@2_NA
0x103013c4,global,?mainLogManager@LogManager@@1PAVMainLogManager@@A
0x103013c8,global,?once_init@log_detail@@3JA
0x103013cc,global,?flagInitRoblox@@3JA
0x10301494,global,?_AtlModule@@3VCDllMainOverride@@A
0x103014c0,global,?theExtension@@3VCRbxIsapiExtension@@A
0x103017e8,global,?jobs@CWebService@Roblox@@0V?$map@V?$basic_string@DU?$char_traits@D@std@@V?$allocator@D@2@@std@@UJob@CWebService@Roblox@@U?$less@V?$basic_string@DU?$char_traits@D@std@@V?$allocator@D@2@@std@@@2@V?$allocator@U?$pair@$$CBV?$basic_string@DU?$char_traits@D@std@@V?$allocator@D@2@@std@@UJob@CWebService@Roblox@@@std@@@2@@std@@A
0x103017f4,global,?sync@CWebService@Roblox@@0Vmutex@boost@@A
0x1030181c,global,??_B?1??singleton@ContentProvider@RBX@@SAAAV12@XZ@51
0x10301820,global,?sing@?1??singleton@ContentProvider@RBX@@SAAAV23@XZ@4V23@A
0x10301874,global,??_B?1??rootDescriptor@ClassDescriptor@Reflection@RBX@@SAAAV123@XZ@51
0x10301878,global,?root@?1??rootDescriptor@ClassDescriptor@Reflection@RBX@@SAAAV234@XZ@4V234@A
0x10301900,global,??_B?1??classDescriptor@?$Described@VThumbnailGenerator@@$1?sThumbnailGenerator@@3QBDBV?$FactoryProduct@VThumbnailGenerator@@VInstance@RBX@@$1?sThumbnailGenerator@@3QBDB@RBX@@@Reflection@RBX@@SAAAVClassDescriptor@23@XZ@51
0x10301908,global,?foo@?1??classDescriptor@?$Described@VThumbnailGenerator@@$1?sThumbnailGenerator@@3QBDBV?$FactoryProduct@VThumbnailGenerator@@VInstance@RBX@@$1?sThumbnailGenerator@@3QBDB@RBX@@@Reflection@RBX@@SAAAVClassDescriptor@34@XZ@4V534@A
0x10301990,global,??_B?1??classDescriptor@?$Described@VInstance@RBX@@$1?sInstance@2@3QBDBVDescribedBase@Reflection@2@@Reflection@RBX@@SAAAVClassDescriptor@23@XZ@51
0x10301998,global,?foo@?1??classDescriptor@?$Described@VInstance@RBX@@$1?sInstance@2@3QBDBVDescribedBase@Reflection@2@@Reflection@RBX@@SAAAVClassDescriptor@34@XZ@4V534@A
0x10301a28,global,??_B?1??getCreators@?$AbstractFactoryProduct@VInstance@RBX@@@RBX@@KAAAV?$map@PBVName@RBX@@PBVICreator@2@U?$less@PBVName@RBX@@@std@@V?$allocator@U?$pair@QBVName@RBX@@PBVICreator@2@@std@@@5@@std@@XZ@51
0x10301a2c,global,?creators@?1??getCreators@?$AbstractFactoryProduct@VInstance@RBX@@@RBX@@KAAAV?$map@PBVName@RBX@@PBVICreator@2@U?$less@PBVName@RBX@@@std@@V?$allocator@U?$pair@QBVName@RBX@@PBVICreator@2@@std@@@5@@std@@XZ@4V45@A
0x10301a38,global,??_B?1???$doDeclare@$1?sModel@RBX@@3PADA@Name@RBX@@CAABV01@XZ@51
0x10301a3c,global,?n@?1???$doDeclare@$1?sModel@RBX@@3PADA@Name@RBX@@CAABV12@XZ@4ABV12@B
0x10301a40,global,??_B?1???$doDeclare@$1?sSelection@RBX@@3QBDB@Name@RBX@@CAABV01@XZ@51
0x10301a44,global,?n@?1???$doDeclare@$1?sSelection@RBX@@3QBDB@Name@RBX@@CAABV12@XZ@4ABV12@B
0x10301a48,global,??_B?1???$doDeclare@$1?sRunService@RBX@@3QBDB@Name@RBX@@CAABV01@XZ@51
0x10301a4c,global,?n@?1???$doDeclare@$1?sRunService@RBX@@3QBDB@Name@RBX@@CAABV12@XZ@4ABV12@B
0x10301a50,global,??_B?1???$doDeclare@$1?sScriptContext@RBX@@3PADA@Name@RBX@@CAABV01@XZ@51
0x10301a54,global,?n@?1???$doDeclare@$1?sScriptContext@RBX@@3PADA@Name@RBX@@CAABV12@XZ@4ABV12@B
0x10301a58,global,??_B?1???$doDeclare@$1?sScript@RBX@@3PADA@Name@RBX@@CAABV01@XZ@51
0x10301a5c,global,?n@?1???$doDeclare@$1?sScript@RBX@@3PADA@Name@RBX@@CAABV12@XZ@4ABV12@B
0x10301a60,global,??_B?1???$doDeclare@$1?sLocalScript@RBX@@3PADA@Name@RBX@@CAABV01@XZ@51
0x10301a64,global,?n@?1???$doDeclare@$1?sLocalScript@RBX@@3PADA@Name@RBX@@CAABV12@XZ@4ABV12@B
0x10301a68,global,??_B?1???$doDeclare@$1?sWorkspace@RBX@@3PADA@Name@RBX@@CAABV01@XZ@51
0x10301a6c,global,?n@?1???$doDeclare@$1?sWorkspace@RBX@@3PADA@Name@RBX@@CAABV12@XZ@4ABV12@B
0x10301a70,global,??_B?1???$doDeclare@$1?sThumbnailGenerator@@3QBDB@Name@RBX@@CAABV01@XZ@51
0x10301a74,global,?n@?1???$doDeclare@$1?sThumbnailGenerator@@3QBDB@Name@RBX@@CAABV12@XZ@4ABV12@B
0x10301a7c,global,?initFlag@?$StaticMutex@VOSContext@@@@0JA
0x10301a80,global,?flag@?1???$declare@$1?sThumbnailGenerator@@3QBDB@Name@RBX@@SAABV12@XZ@4JA
0x10301a84,global,?flag@?1???$declare@$1?sLighting@RBX@@3PADA@Name@RBX@@SAABV12@XZ@4JA
0x10301a88,global,?flag@?1???$declare@$1?sRunService@RBX@@3QBDB@Name@RBX@@SAABV12@XZ@4JA
0x10301a8c,global,?flag@?1???$declare@$1?sModel@RBX@@3PADA@Name@RBX@@SAABV12@XZ@4JA
0x10301a90,global,?flag@?1???$declare@$1?sSelection@RBX@@3QBDB@Name@RBX@@SAABV12@XZ@4JA
0x10301a94,global,?flag@?1???$declare@$1?sScriptContext@RBX@@3PADA@Name@RBX@@SAABV12@XZ@4JA
0x10301a98,global,?flag@?1???$declare@$1?sScript@RBX@@3PADA@Name@RBX@@SAABV12@XZ@4JA
0x10301a9c,global,?flag@?1???$declare@$1?sLocalScript@RBX@@3PADA@Name@RBX@@SAABV12@XZ@4JA
0x10301aa0,global,?flag@?1???$declare@$1?sWorkspace@RBX@@3PADA@Name@RBX@@SAABV12@XZ@4JA
0x10301aa4,global,?flag@?1???$getClassIndex@VLighting@RBX@@@ServiceProvider@RBX@@CAIXZ@4JA
0x10301aa8,global,?flag@?1???$getClassIndex@VWorkspace@RBX@@@ServiceProvider@RBX@@CAIXZ@4JA
0x10301aac,global,?flag@?1???$declare@$1?sSoundService@Soundscape@RBX@@3PADA@Name@RBX@@SAABV12@XZ@4JA
0x10301ab0,global,?flag@?1???$declare@$1?sSoundChannel@Soundscape@RBX@@3PADA@Name@RBX@@SAABV12@XZ@4JA
0x10301ab4,global,?flag@?1???$getClassIndex@VScriptContext@RBX@@@ServiceProvider@RBX@@CAIXZ@4JA
0x10301abc,global,?index@?1???$doGetClassIndex@VScriptContext@RBX@@@ServiceProvider@RBX@@CAIXZ@4IA
0x10301ac0,global,??_B?1???$doGetClassIndex@VScriptContext@RBX@@@ServiceProvider@RBX@@CAIXZ@51
0x10301ac4,global,?n@?1???$doDeclare@$1?sSoundChannel@Soundscape@RBX@@3PADA@Name@RBX@@CAABV12@XZ@4ABV12@B
0x10301ac8,global,??_B?1???$doDeclare@$1?sSoundChannel@Soundscape@RBX@@3PADA@Name@RBX@@CAABV01@XZ@51
0x10301acc,global,?n@?1???$doDeclare@$1?sSoundService@Soundscape@RBX@@3PADA@Name@RBX@@CAABV12@XZ@4ABV12@B
0x10301ad0,global,??_B?1???$doDeclare@$1?sSoundService@Soundscape@RBX@@3PADA@Name@RBX@@CAABV01@XZ@51
0x10301ad4,global,?_shadowsEnabled@?1??getShadowsEnabled@ViewBase@RBX@@SAAA_NXZ@4_NA
0x10301ad8,global,?index@?1???$doGetClassIndex@VWorkspace@RBX@@@ServiceProvider@RBX@@CAIXZ@4IA
0x10301adc,global,??_B?1???$doGetClassIndex@VWorkspace@RBX@@@ServiceProvider@RBX@@CAIXZ@51
0x10301ae0,global,?index@?1???$doGetClassIndex@VLighting@RBX@@@ServiceProvider@RBX@@CAIXZ@4IA
0x10301ae4,global,??_B?1???$doGetClassIndex@VLighting@RBX@@@ServiceProvider@RBX@@CAIXZ@51
0x10301ae8,global,?n@?1???$doDeclare@$1?sLighting@RBX@@3PADA@Name@RBX@@CAABV12@XZ@4ABV12@B
0x10301aec,global,??_B?1???$doDeclare@$1?sLighting@RBX@@3PADA@Name@RBX@@CAABV01@XZ@51
0x10301af0,global,?m@?$StaticMutex@VOSContext@@@@0PAVmutex@boost@@A
0x10301af4,global,?_m@?1??init@?$StaticMutex@VOSContext@@@@CAXXZ@4Vmutex@boost@@A
0x10301afc,global,??_B?1??init@?$StaticMutex@VOSContext@@@@CAXXZ@51
0x10301b00,global,?stored_vtable@?1???$assign_to@P6AXPAVThreadLogManager@@@Z@?$function1@XPAVThreadLogManager@@V?$allocator@Vfunction_base@boost@@@std@@@boost@@AAEXP6AXPAVThreadLogManager@@@Z@Z@4U?$basic_vtable1@XPAVThreadLogManager@@V?$allocator@Vfunction_base@boost@@@std@@@function@detail@2@A
0x10301b10,global,??_B?1???$assign_to@P6AXPAVThreadLogManager@@@Z@?$function1@XPAVThreadLogManager@@V?$allocator@Vfunction_base@boost@@@std@@@boost@@AAEXP6AXPAVThreadLogManager@@@Z@Z@51
0x10301b34,global,?shared@?6??0OSContext@@CAPAUosmesa_context@@_N@Z@4V1@A
0x10301b68,global,?shared@?4??0OSContext@@CAPAUosmesa_context@@_N@Z@4V1@A
0x10301b9c,global,??_B?4??shared@OSContext@@CAPAUosmesa_context@@_N@Z@54
0x10301ba0,global,?stored_vtable@?1???$assign_to@U?$tss_adapter@VThreadLogManager@@@detail@boost@@@?$function1@XPAXV?$allocator@Vfunction_base@boost@@@std@@@boost@@AAEXU?$tss_adapter@VThreadLogManager@@@detail@2@@Z@4U?$basic_vtable1@XPAXV?$allocator@Vfunction_base@boost@@@std@@@function@42@A
0x10301ba8,global,??_B?1???$assign_to@U?$tss_adapter@VThreadLogManager@@@detail@boost@@@?$function1@XPAXV?$allocator@Vfunction_base@boost@@@std@@@boost@@AAEXU?$tss_adapter@VThreadLogManager@@@detail@1@@Z@51
0x10301bb0,global,?isNullClassName@?8???$find@VWorkspace@RBX@@@ServiceProvider@RBX@@QBEPAVWorkspace@2@XZ@4_NB
0x10301bb4,global,??_B?8???$find@VWorkspace@RBX@@@ServiceProvider@RBX@@QBEPAVWorkspace@1@XZ@58
0x10301bbc,global,?stored_vtable@?1???$assign_to@V?$bind_t@W4work_result@worker_thread@RBX@@P6A?AW4123@V?$shared_ptr@Udata@ErrorUploader@@@boost@@@ZV?$list1@V?$value@V?$shared_ptr@Udata@ErrorUploader@@@boost@@@_bi@boost@@@_bi@5@@_bi@boost@@@?$function0@W4work_result@worker_thread@RBX@@V?$allocator@Vfunction_base@boost@@@std@@@boost@@AAEXV?$bind_t@W4work_result@worker_thread@RBX@@P6A?AW4123@V?$shared_ptr@Udata@ErrorUploader@@@boost@@@ZV?$list1@V?$value@V?$shared_ptr@Udata@ErrorUploader@@@boost@@@_bi@boost@@@_bi@5@@_bi@2@@Z@4U?$basic_vtable0@W4work_result@worker_thread@RBX@@V?$allocator@Vfunction_base@boost@@@std@@@function@detail@2@A
0x10301bc4,global,?isNullClassName@?8???$find@VScriptContext@RBX@@@ServiceProvider@RBX@@QBEPAVScriptContext@2@XZ@4_NB
0x10301bc8,global,??_B?8???$find@VScriptContext@RBX@@@ServiceProvider@RBX@@QBEPAVScriptContext@1@XZ@58
0x10301bcc,global,??_B?1???$assign_to@V?$bind_t@W4work_result@worker_thread@RBX@@P6A?AW4123@V?$shared_ptr@Udata@ErrorUploader@@@boost@@@ZV?$list1@V?$value@V?$shared_ptr@Udata@ErrorUploader@@@boost@@@_bi@boost@@@_bi@5@@_bi@boost@@@?$function0@W4work_result@worker_thread@RBX@@V?$allocator@Vfunction_base@boost@@@std@@@boost@@AAEXV?$bind_t@W4work_result@worker_thread@RBX@@P6A?AW4123@V?$shared_ptr@Udata@ErrorUploader@@@boost@@@ZV?$list1@V?$value@V?$shared_ptr@Udata@ErrorUploader@@@boost@@@_bi@boost@@@_bi@5@@_bi@1@@Z@51
0x10301bd0,global,?isNullClassName@?8???$find@VLighting@RBX@@@ServiceProvider@RBX@@QBEPAVLighting@2@XZ@4_NB
0x10301bd4,global,??_B?8???$find@VLighting@RBX@@@ServiceProvider@RBX@@QBEPAVLighting@1@XZ@58
